label,Isolate,Axis1,Axis2,Axis3,Axis4,Segment
1_A/chicken/Beijing/BJ,A/chicken/Beijing/BJ7/2014,0.144737,0.014612,-0.011431,-0.125351,HA
2_A/chicken/CH/a556/20,A/chicken/CH/a556/2015,0.09616,0.003215,0.077354,0.02238,HA
3_A/chicken/Changhua/1,A/chicken/Changhua/15010120-1/2015,0.095408,0.002302,0.02467,-0.096186,HA
4_A/chicken/Changhua/1,A/chicken/Changhua/15010288/2015,0.093396,0.003813,0.026382,-0.103629,HA
5_A/chicken/Changhua/1,A/chicken/Changhua/15010324-2/2015,0.097157,0.007102,0.024185,-0.099264,HA
6_A/chicken/Changhua/1,A/chicken/Changhua/15010361-1/2015,0.097001,0.007927,0.023539,-0.098062,HA
7_A/chicken/Changhua/1,A/chicken/Changhua/15010362-2/2015,0.097001,0.007927,0.023539,-0.098062,HA
8_A/chicken/Changhua/1,A/chicken/Changhua/15010363-2/2015,0.095252,0.003127,0.024024,-0.094984,HA
9_A/chicken/Changhua/1,A/chicken/Changhua/15050013-1/2015,0.090591,-0.001705,0.030573,-0.109805,HA
10_A/chicken/Changhua/1,A/chicken/Changhua/15060027-2/2015,0.097438,-0.006922,0.027042,-0.120048,HA
11_A/chicken/Changhua/1,A/chicken/Changhua/15060037-1/2015,0.091503,-0.000729,0.030169,-0.108831,HA
12_A/chicken/Changhua/1,A/chicken/Changhua/15120008/2015,0.106784,-0.00785,0.024877,-0.095444,HA
13_A/chicken/Changhua/1,A/chicken/Changhua/16010060-2/2016,0.089735,-0.000562,0.047246,-0.120893,HA
14_A/chicken/Changhua/1,A/chicken/Changhua/17060006/2017,0.108249,0.014226,0.049503,-0.124676,HA
15_A/chicken/Changhua/1,A/chicken/Changhua/18040008-1/2018,0.116832,-0.006531,0.057567,-0.105705,HA
16_A/chicken/Chiayi/150,A/chicken/Chiayi/15010287-2/2015,0.093396,0.003813,0.026382,-0.103629,HA
17_A/chicken/Chiayi/150,A/chicken/Chiayi/15010409-2/2015,0.097001,0.007927,0.023539,-0.098062,HA
18_A/chicken/Chiayi/170,A/chicken/Chiayi/17040009-2/2017,0.112528,-0.008945,0.029748,-0.121803,HA
19_A/chicken/Chiayi/181,A/chicken/Chiayi/18120003-1/2018,0.126618,-0.012218,0.055068,-0.104402,HA
20_A/chicken/Chiping/03,A/chicken/Chiping/0321/2014,0.162668,0.003926,0.016911,-0.138099,HA
21_A/chicken/GY/a451/20,A/chicken/GY/a451/2015,0.089232,-0.009745,0.062509,-0.00223,HA
22_A/chicken/Hebei/3/20,A/chicken/Hebei/3/2013,0.176946,0.003335,0.046154,-0.141937,HA
23_A/chicken/Heilongjia,A/chicken/Heilongjiang/S7/2014,0.150651,-0.043631,0.0319,-0.112105,HA
24_A/chicken/Henan/Q7/2,A/chicken/Henan/Q7/2013,0.150462,-0.008099,0.024494,-0.112757,HA
25_A/chicken/Hsinchu/16,A/chicken/Hsinchu/16080004-2/2016,0.094194,0.019398,0.039975,-0.117462,HA
26_A/chicken/Jiangsu/10,A/chicken/Jiangsu/1001/2013,0.164258,-0.003856,0.027738,-0.112173,HA
27_A/chicken/Jiangsu/XZ,A/chicken/Jiangsu/XZ216/2014,0.169938,0.003816,0.045367,-0.127592,HA
28_A/chicken/Kaohsiung/,A/chicken/Kaohsiung/17040007/2017,0.095951,-0.007496,0.046244,-0.129708,HA
29_A/chicken/Kaohsiung/,A/chicken/Kaohsiung/17100002/2017,0.11274,-0.017675,0.056403,-0.10085,HA
30_A/chicken/Kaohsiung/,A/chicken/Kaohsiung/18080004-1/2018,0.091473,-0.019013,0.083483,-0.101425,HA
31_A/chicken/Kaohsiung/,A/chicken/Kaohsiung/18080004-2/2018,0.094826,-0.017583,0.08442,-0.103605,HA
32_A/chicken/New_Taipei,A/chicken/New_Taipei_City/17040002-2/2017,0.086288,-0.008976,0.038272,-0.116011,HA
33_A/chicken/New_Taipei,A/chicken/New_Taipei_City/18010021-3/2018,0.110666,-0.018732,0.050856,-0.112658,HA
34_A/chicken/PH/A2821/2,A/chicken/PH/A2821/2013,0.085814,0.013058,0.052612,-0.012985,HA
35_A/chicken/Pingtung/1,A/chicken/Pingtung/15050006-1/2015,0.093141,0.002702,0.023559,-0.095279,HA
36_A/chicken/Pingtung/1,A/chicken/Pingtung/16020009-3/2016,0.113269,-0.005984,0.021363,-0.096978,HA
37_A/chicken/Pingtung/1,A/chicken/Pingtung/18010017-1/2018,0.096716,-0.014585,0.059495,-0.114998,HA
38_A/chicken/Pingtung/1,A/chicken/Pingtung/18020015-1/2018,0.105604,-0.028417,0.053386,-0.11497,HA
39_A/chicken/PT/a158/20,A/chicken/PT/a158/2015,0.092265,-0.003227,0.06987,0.001017,HA
40_A/chicken/Qingdao/1/,A/chicken/Qingdao/1/2014,0.168525,-0.009364,0.034115,-0.14853,HA
41_A/chicken/SC/a688/20,A/chicken/SC/a688/2015,0.097019,0.005773,0.053927,0.011561,HA
42_A/chicken/Shandong/S,A/chicken/Shandong/S3/2014,0.163994,-0.010037,0.033525,-0.152175,HA
43_A/chicken/Shijiazhua,A/chicken/Shijiazhuang/1209/2013,0.147048,0.021706,0.015896,-0.136339,HA
44_A/chicken/Taichung/1,A/chicken/Taichung/15010399/2015,0.097001,0.007927,0.023539,-0.098062,HA
45_A/chicken/Taichung/1,A/chicken/Taichung/16040032-3/2016,0.107198,0.013424,0.026919,-0.102455,HA
46_A/chicken/Taichung/1,A/chicken/Taichung/16050044-2/2016,0.105297,0.009499,0.030967,-0.088216,HA
47_A/chicken/Tainan/160,A/chicken/Tainan/16040035-1/2016,0.106183,0.005075,0.034974,-0.100946,HA
48_A/chicken/Taipei_Cit,A/chicken/Taipei_City/18010007-3/2018,0.097454,0.001973,0.054575,-0.106364,HA
49_A/chicken/Taipei_Cit,A/chicken/Taipei_City/18010008-3/2018,0.110298,-0.016238,0.056614,-0.104142,HA
50_A/chicken/Taiwan/010,A/chicken/Taiwan/0101/2012,0.07732,-0.086836,0.002537,-0.015084,HA
51_A/chicken/Taiwan/050,A/chicken/Taiwan/0502/2012,0.086981,0.003477,0.079193,-0.009877,HA
52_A/chicken/Taiwan/683,A/chicken/Taiwan/683/2012,0.080593,0.001336,0.044577,-0.001904,HA
53_A/chicken/Taiwan/168,A/chicken/Taiwan/1682/2013,0.075867,-0.075865,0.035252,-0.006613,HA
54_A/chicken/Taiwan/169,A/chicken/Taiwan/1692/2013,0.074463,-0.075911,0.03349,-0.005352,HA
55_A/chicken/Taiwan/170,A/chicken/Taiwan/1704/2013,0.075867,-0.075865,0.035252,-0.006613,HA
56_A/chicken/Taiwan/171,A/chicken/Taiwan/1711/2013,0.077995,-0.075334,0.041055,-0.004373,HA
57_A/chicken/Taiwan/259,A/chicken/Taiwan/2593/2012,0.086437,-0.006799,0.050032,-0.009662,HA
58_A/chicken/Taiwan/294,A/chicken/Taiwan/2948/2013,0.086594,-0.007624,0.050678,-0.010864,HA
59_A/chicken/Taiwan/444,A/chicken/Taiwan/4443/2013,0.093397,-0.006429,0.050987,-0.002827,HA
60_A/chicken/Taiwan/735,A/chicken/Taiwan/7350/2013,0.089808,-0.008731,0.048837,-0.006447,HA
61_A/chicken/Taiwan/898,A/chicken/Taiwan/8988/2013,0.079192,-0.003106,0.050175,-0.003408,HA
62_A/chicken/Taiwan/899,A/chicken/Taiwan/8994/2013,0.088511,-0.017516,0.042782,-0.012526,HA
63_A/chicken/Taiwan/899,A/chicken/Taiwan/8996/2013,0.086039,-0.016154,0.042071,-0.015617,HA
64_A/chicken/Taiwan/A1/,A/chicken/Taiwan/A1/2019,0.089063,0.016863,0.067139,-0.004958,HA
65_A/chicken/Taiwan/A19,A/chicken/Taiwan/A1997/2012,0.084373,0.011754,0.076566,-0.01291,HA
66_A/chicken/Taiwan/D2/,A/chicken/Taiwan/D2/2019,0.089504,-0.023441,0.081474,-0.11301,HA
67_A/chicken/Taiwan/D9/,A/chicken/Taiwan/D9/2019,0.089504,-0.023441,0.081474,-0.11301,HA
68_A/chicken/Taiwan/u7/,A/chicken/Taiwan/u7/2016,0.099694,-0.012667,0.049931,-0.124219,HA
69_A/chicken/TC/a504/20,A/chicken/TC/a504/2015,0.099974,0.007099,0.068984,0.004929,HA
70_A/chicken/TY/a665/20,A/chicken/TY/a665/2015,0.090672,0.010243,0.068398,-0.000033,HA
71_A/chicken/YL/A3190/2,A/chicken/YL/A3190/2014,0.086661,-0.002131,0.037842,0.010943,HA
72_A/chicken/Yunlin/150,A/chicken/Yunlin/15020048-1/2015,0.098049,0.010254,0.023551,-0.100311,HA
73_A/chicken/Yunlin/150,A/chicken/Yunlin/15040002-2/2015,0.095889,0.0057,0.037995,-0.100439,HA
74_A/chicken/Yunlin/150,A/chicken/Yunlin/15040027/2015,0.090169,0.007382,0.030501,-0.103791,HA
75_A/chicken/Yunlin/150,A/chicken/Yunlin/15050037-2/2015,0.097912,0.005146,0.033069,-0.114203,HA
76_A/chicken/Yunlin/150,A/chicken/Yunlin/15050039-2/2015,0.090169,0.007382,0.030501,-0.103791,HA
77_A/chicken/Yunlin/150,A/chicken/Yunlin/15060014-1/2015,0.089517,0.0065,0.030072,-0.09791,HA
78_A/chicken/Yunlin/150,A/chicken/Yunlin/15080024/2015,0.092532,-0.005556,0.023369,-0.094061,HA
79_A/chicken/Yunlin/160,A/chicken/Yunlin/16010001-1/2016,0.094661,0.003489,0.037435,-0.111232,HA
80_A/chicken/Yunlin/160,A/chicken/Yunlin/16010008-1/2016,0.106693,0.003792,0.026988,-0.096832,HA
81_A/chicken/Yunlin/160,A/chicken/Yunlin/16050053/2016,0.107885,0.015227,0.026266,-0.102221,HA
82_A/chicken/Yunlin/170,A/chicken/Yunlin/17010014/2017,0.099256,-0.007179,0.049457,-0.124768,HA
83_A/chicken/Yunlin/170,A/chicken/Yunlin/17020094-1/2017,0.105937,-0.007909,0.040282,-0.120495,HA
84_A/chicken/Yunlin/170,A/chicken/Yunlin/17020095-2/2017,0.101682,-0.008866,0.037733,-0.113577,HA
85_A/chicken/Yunlin/170,A/chicken/Yunlin/17030001-1/2017,0.101397,-0.015474,0.046068,-0.127016,HA
86_A/chicken/Yunlin/170,A/chicken/Yunlin/17030007-1/2017,0.096479,-0.001438,0.047782,-0.11692,HA
87_A/chicken/Yunlin/170,A/chicken/Yunlin/17030010-1/2017,0.096352,-0.013831,0.049998,-0.122509,HA
88_A/chicken/Yunlin/170,A/chicken/Yunlin/17030014-1/2017,0.101494,-0.018447,0.045371,-0.126702,HA
89_A/chicken/Yunlin/170,A/chicken/Yunlin/17030020-2/2017,0.109714,-0.006411,0.042859,-0.125599,HA
90_A/chicken/Yunlin/170,A/chicken/Yunlin/17030021-1/2017,0.101338,-0.017622,0.044725,-0.125499,HA
91_A/chicken/Yunlin/170,A/chicken/Yunlin/17030032-2/2017,0.08281,-0.02209,0.050985,-0.137366,HA
92_A/chicken/Yunlin/170,A/chicken/Yunlin/17030065-2/2017,0.084409,-0.020177,0.038176,-0.136521,HA
93_A/chicken/Yunlin/170,A/chicken/Yunlin/17040003-1/2017,0.09841,-0.001916,0.052101,-0.118868,HA
94_A/chicken/Yunlin/170,A/chicken/Yunlin/17040004-2/2017,0.096934,-0.024824,0.051527,-0.129156,HA
95_A/chicken/Yunlin/170,A/chicken/Yunlin/17040011-1/2017,0.104732,-0.013775,0.048933,-0.12518,HA
96_A/chicken/Yunlin/170,A/chicken/Yunlin/17060019/2017,0.100524,0.006502,0.041009,-0.107277,HA
97_A/chicken/Yunlin/170,A/chicken/Yunlin/17070010/2017,0.110853,-0.038474,0.04662,-0.11606,HA
98_A/chicken/Yunlin/180,A/chicken/Yunlin/18010001-2/2018,0.113058,-0.006926,0.052437,-0.105601,HA
99_A/chicken/Yunlin/180,A/chicken/Yunlin/18010003-3/2018,0.104521,-0.012193,0.058727,-0.11065,HA
100_A/chicken/Yunlin/180,A/chicken/Yunlin/18010023-1/2018,0.105262,-0.008149,0.04668,-0.091321,HA
101_A/chicken/Yunlin/180,A/chicken/Yunlin/18020003-2/2018,0.099921,-0.006042,0.057142,-0.10151,HA
102_A/chicken/Yunlin/180,A/chicken/Yunlin/18020004-1/2018,0.100567,-0.00771,0.056991,-0.103192,HA
103_A/chicken/Yunlin/180,A/chicken/Yunlin/18020005-2/2018,0.102149,-0.005178,0.059731,-0.101584,HA
104_A/chicken/Yunlin/180,A/chicken/Yunlin/18020008-2/2018,0.101527,-0.009076,0.043665,-0.098339,HA
105_A/chicken/Yunlin/180,A/chicken/Yunlin/18030002-1/2018,0.101784,-0.012282,0.061568,-0.100443,HA
106_A/chicken/Yunlin/180,A/chicken/Yunlin/18050013-1/2018,0.102396,-0.018035,0.06217,-0.116209,HA
107_A/chicken/Yunlin/180,A/chicken/Yunlin/18060001-2/2018,0.103077,-0.016121,0.062229,-0.11818,HA
108_A/chicken/Yunlin/180,A/chicken/Yunlin/18080006-1/2018,0.101845,-0.001009,0.064752,-0.136135,HA
109_A/chicken/Zhejiang/1,A/chicken/Zhejiang/194/2016,0.148791,0.013328,0.023668,-0.072486,HA
110_A/chicken/Zhejiang/2,A/chicken/Zhejiang/209/2016,0.079862,-0.016695,0.041485,-0.081285,HA
111_A/chicken/Zhejiang/2,A/chicken/Zhejiang/217/2016,0.148791,0.013328,0.023668,-0.072486,HA
112_A/chicken/Zhejiang/2,A/chicken/Zhejiang/232/2016,0.091518,-0.008796,0.040361,-0.077499,HA
113_A/chicken/Zhejiang/7,A/chicken/Zhejiang/7450/2015,0.086218,-0.007345,0.023599,-0.066478,HA
114_A/chicken/Zhejiang/8,A/chicken/Zhejiang/81643/2015,0.086096,-0.008188,0.021424,-0.070201,HA
115_A/chicken/Zhejiang/5,A/chicken/Zhejiang/514135/2015,0.117614,0.008202,0.008101,-0.080692,HA
116_A/chicken/Zhejiang/7,A/chicken/Zhejiang/727079/2014,0.124809,0.015668,0.027152,-0.111088,HA
117_A/chicken/Zhejiang/7,A/chicken/Zhejiang/727159/2014,0.129369,0.019619,0.022487,-0.10385,HA
118_A/duck/Changhua/15A0,A/duck/Changhua/15A03431-1-20T/2015,0.097687,0.00973,0.022887,-0.097828,HA
119_A/duck/Changhua/15A0,A/duck/Changhua/15A03473-1-20T/2015,0.07916,0.006832,0.024066,-0.095822,HA
120_A/duck/China/YD1516/,A/duck/China/YD1516/2016,0.094946,-0.029107,0.036842,-0.080881,HA
121_A/duck/Eastern_China,A/duck/Eastern_China/L0230/2010,0.118105,-0.012083,-0.008482,-0.091207,HA
122_A/duck/Eastern_China,A/duck/Eastern_China/L0321/2010,0.118105,-0.012083,-0.008482,-0.091207,HA
123_A/duck/Eastern_China,A/duck/Eastern_China/S0131/2014,0.091407,-0.010177,0.012659,-0.08643,HA
124_A/duck/Eastern_China,A/duck/Eastern_China/S0808/2014,0.102173,0.028714,0.016892,-0.063993,HA
125_A/duck/Hebei/3/2011|,A/duck/Hebei/3/2011,0.131175,-0.019023,0.001545,-0.073398,HA
126_A/duck/Hsinchu/15020,A/duck/Hsinchu/15020216/2015,0.094505,0.007446,0.036222,-0.106626,HA
127_A/duck/Hubei/03.06__,A/duck/Hubei/03.06__WHWTZ0107-O/2015(Mixed),0.166018,-0.066373,0.054995,-0.092331,HA
128_A/duck/Hubei/SZY250/,A/duck/Hubei/SZY250/2016,0.107948,-0.007741,-0.003799,-0.051992,HA
129_A/duck/Hunan/S4101/2,A/duck/Hunan/S4101/2011,0.144571,0.021922,0.177659,-0.142016,HA
130_A/duck/Hunan/S4120/2,A/duck/Hunan/S4120/2011,0.143598,0.02167,0.178733,-0.136239,HA
131_A/duck/Jiangsu/m234/,A/duck/Jiangsu/m234/2012,0.107835,0.001403,-0.020862,-0.085173,HA
132_A/duck/Kaohsiung/150,A/duck/Kaohsiung/15010213/2015,0.093719,0.010567,0.032814,-0.096674,HA
133_A/duck/Nantou/15A343,A/duck/Nantou/15A3437/2015,0.07916,0.006832,0.024066,-0.095822,HA
134_A/duck/Nantou/17A024,A/duck/Nantou/17A0243/2017,0.104831,-0.011012,0.052873,-0.126775,HA
135_A/duck/Pingtung/17A0,A/duck/Pingtung/17A0160/2017,0.104389,-0.015374,0.044355,-0.125687,HA
136_A/duck/Pingtung/18A0,A/duck/Pingtung/18A00003-11-20T/2018,0.09245,-0.024819,0.058191,-0.121089,HA
137_A/duck/Pingtung/18A0,A/duck/Pingtung/18A00076-11-20T/2018,0.09549,-0.003946,0.032779,-0.134364,HA
138_A/duck/Pingtung/18X0,A/duck/Pingtung/18X00077/2018,0.088219,-0.011176,0.085479,-0.101843,HA
139_A/duck/Pingtung/1501,A/duck/Pingtung/15010444/2015,0.099536,0.005326,0.023501,-0.094108,HA
140_A/duck/Taichung/1501,A/duck/Taichung/15010400-1/2015,0.097001,0.007927,0.023539,-0.098062,HA
141_A/duck/Tainan/160100,A/duck/Tainan/16010024-1/2016,0.104779,-0.013039,0.01606,-0.097329,HA
142_A/duck/Taipei/05WB83,A/duck/Taipei/05WB830-1-5-E2/2005,0.184854,-0.033431,0.004182,-0.072522,HA
143_A/duck/Taiwan/01006/,A/duck/Taiwan/01006/2015,0.087749,0.005453,0.014974,-0.083193,HA
144_A/duck/Taiwan/11213/,A/duck/Taiwan/11213/2013,0.15031,0.021638,0.146887,-0.140458,HA
145_A/duck/Taiwan/11254/,A/duck/Taiwan/11254/2013,0.13669,0.020662,0.138422,-0.134486,HA
146_A/duck/Taiwan/a043/2,A/duck/Taiwan/a043/2015,0.085566,-0.000466,0.026287,-0.105324,HA
147_A/duck/Taiwan/DV1238,A/duck/Taiwan/DV1238/2009,0.193495,-0.071591,0.040153,-0.053251,HA
148_A/duck/Taiwan/DV1241,A/duck/Taiwan/DV1241/2009,0.182815,-0.083024,0.040805,-0.039985,HA
149_A/duck/Taiwan/DV1242,A/duck/Taiwan/DV1242/2009,0.197004,-0.071326,0.038818,-0.053016,HA
150_A/duck/Taoyuan/16010,A/duck/Taoyuan/16010023-1/2016,0.102397,-0.025672,0.010569,-0.097684,HA
151_A/duck/Yilan/17A0092,A/duck/Yilan/17A0092/2017,0.109652,-0.007303,0.042087,-0.121657,HA
152_A/duck/Yunlin/15A501,A/duck/Yunlin/15A5019/2015,0.105977,-0.007476,0.029554,-0.10486,HA
153_A/duck/Yunlin/17A008,A/duck/Yunlin/17A0086/2017,0.104495,0.00061,0.042588,-0.126156,HA
154_A/duck/Yunlin/17A068,A/duck/Yunlin/17A0686/2017,0.106179,-0.016369,0.048335,-0.101091,HA
155_A/duck/Yunlin/18X000,A/duck/Yunlin/18X00007-3/2018,0.090926,-0.007598,0.024741,-0.125807,HA
156_A/duck/Yunlin/150102,A/duck/Yunlin/15010244-1/2015,0.098249,0.007385,0.022981,-0.105746,HA
157_A/duck/Yunlin/150103,A/duck/Yunlin/15010310-4/2015,0.094383,0.010878,0.021818,-0.099249,HA
158_A/duck/Yunlin/150103,A/duck/Yunlin/15010318-2/2015,0.097157,0.007102,0.024185,-0.099264,HA
159_A/duck/Yunlin/150103,A/duck/Yunlin/15010369-1/2015,0.096086,0.009824,0.022329,-0.093987,HA
160_A/duck/Yunlin/150700,A/duck/Yunlin/15070002-2/2015,0.102776,0.003555,0.020219,-0.106064,HA
161_A/duck/Yunlin/171100,A/duck/Yunlin/17110001/2017,0.105308,-0.002542,0.063261,-0.121981,HA
162_A/duck/Yunlin/180600,A/duck/Yunlin/18060007-3/2018,0.109821,0.004211,0.056321,-0.125995,HA
163_A/duck/Zhejiang/7713,A/duck/Zhejiang/77138/2014,0.100872,-0.009233,-0.013086,-0.073333,HA
164_A/duck/Zhejiang/7270,A/duck/Zhejiang/727041/2014,0.127242,0.025932,0.026294,-0.109292,HA
165_A/duck/Zhejiang/1026,A/duck/Zhejiang/1026109/2015,0.090181,-0.006697,0.025594,-0.061715,HA
166_A/Environment/Shando,A/Environment/Shandong/WS15/2022,0.090905,-0.014596,0.024031,-0.105257,HA
167_A/Environment/Shando,A/Environment/Shandong/WS16/2022,0.091816,-0.005216,0.020337,-0.090266,HA
168_A/Environment/Shando,A/Environment/Shandong/WS19/2022,0.093329,-0.006917,0.019727,-0.091099,HA
169_A/goose/Changhua/150,A/goose/Changhua/15040008/2015,0.094612,0.004868,0.027336,-0.111498,HA
170_A/goose/Chiayi/15010,A/goose/Chiayi/15010008-3/2015,0.097157,0.007102,0.024185,-0.099264,HA
171_A/goose/Chiayi/15010,A/goose/Chiayi/15010016-1/2015,0.095711,0.020138,0.021009,-0.09839,HA
172_A/goose/Chiayi/16010,A/goose/Chiayi/16010017-2/2016,0.104935,-0.013864,0.016706,-0.098531,HA
173_A/goose/Chiayi/16040,A/goose/Chiayi/16040003-1/2016,0.097794,0.002509,0.025922,-0.111481,HA
174_A/goose/Chiayi/16040,A/goose/Chiayi/16040005/2016,0.10037,0.01078,0.026634,-0.099782,HA
175_A/goose/Chiayi/17020,A/goose/Chiayi/17020027-1/2017,0.095435,-0.017489,0.048839,-0.122758,HA
176_A/goose/Chiayi/17040,A/goose/Chiayi/17040014/2017,0.116745,0.016784,0.042514,-0.10811,HA
177_A/goose/Chiayi/18010,A/goose/Chiayi/18010006/2018,0.099095,0.000417,0.059345,-0.126871,HA
178_A/goose/Chiayi/18020,A/goose/Chiayi/18020014-2/2018,0.102338,0.014799,0.058094,-0.1233,HA
179_A/goose/China/1106/2,A/goose/China/1106/2016,0.085606,-0.028627,0.026826,-0.087047,HA
180_A/goose/Pingtung/150,A/goose/Pingtung/15010007-4/2015,0.102297,0.005802,0.034553,-0.09408,HA
181_A/goose/Pingtung/150,A/goose/Pingtung/15010037-1/2015,0.097157,0.007102,0.024185,-0.099264,HA
182_A/goose/Shandong/01.,A/goose/Shandong/01.01_JY-GS/2015(H5N2),0.08251,-0.018697,0.021462,-0.077499,HA
183_A/goose/Shandong/01.,A/goose/Shandong/01.07_JQ-GS/2015(H5N2),0.079802,-0.021766,0.025362,-0.071795,HA
184_A/goose/Shandong/04.,A/goose/Shandong/04.22_GT/2015(H5N2),0.083965,-0.015218,0.023668,-0.077189,HA
185_A/goose/Tainan/17030,A/goose/Tainan/17030022-1/2017,0.104012,-0.013402,0.048048,-0.132374,HA
186_A/goose/Tainan/17030,A/goose/Tainan/17030024-1/2017,0.120106,-0.025319,0.061688,-0.115747,HA
187_A/goose/Tainan/18010,A/goose/Tainan/18010022-1/2018,0.100103,0.012032,0.047824,-0.103263,HA
188_A/goose/Tainan/18050,A/goose/Tainan/18050014-1/2018,0.116986,-0.005438,0.054256,-0.108664,HA
189_A/goose/Taiwan/01022,A/goose/Taiwan/01022/2015,0.097001,0.007927,0.023539,-0.098062,HA
190_A/goose/Taiwan/01023,A/goose/Taiwan/01023/2015,0.095711,0.020138,0.021009,-0.09839,HA
191_A/goose/Taiwan/01031,A/goose/Taiwan/01031/2015,0.097157,0.007102,0.024185,-0.099264,HA
192_A/goose/Taiwan/01040,A/goose/Taiwan/01040/2015,0.093396,0.003813,0.026382,-0.103629,HA
193_A/goose/Taoyuan/1812,A/goose/Taoyuan/18120002-2/2018,0.121643,-0.007601,0.049898,-0.110265,HA
194_A/goose/Yunlin/15010,A/goose/Yunlin/15010005/2015,0.094319,0.003516,0.028665,-0.104769,HA
195_A/goose/Yunlin/15010,A/goose/Yunlin/15010009-1/2015,0.097157,0.007102,0.024185,-0.099264,HA
196_A/goose/Yunlin/15010,A/goose/Yunlin/15010010-2/2015,0.093396,0.003813,0.026382,-0.103629,HA
197_A/goose/Yunlin/15010,A/goose/Yunlin/15010011-1/2015,0.093396,0.003813,0.026382,-0.103629,HA
198_A/goose/Yunlin/16020,A/goose/Yunlin/16020008-4/2016,0.100526,0.012938,0.026207,-0.097321,HA
199_A/goose/Yunlin/16020,A/goose/Yunlin/16020011-1/2016,0.107528,-0.003096,0.022931,-0.105887,HA
200_A/goose/Yunlin/16040,A/goose/Yunlin/16040002-2/2016,0.102791,0.012054,0.019526,-0.09848,HA
201_A/goose/Yunlin/17100,A/goose/Yunlin/17100005/2017,0.102065,-0.021515,0.045483,-0.124568,HA
202_A/goose/Yunlin/18030,A/goose/Yunlin/18030020-2/2018,0.11852,-0.026611,0.076302,-0.127527,HA
203_A/goose/Yunlin/18030,A/goose/Yunlin/18030020-3/2018,0.119657,-0.02691,0.078642,-0.128737,HA
204_A/goose/Yunlin/18040,A/goose/Yunlin/18040002-3/2018,0.112373,-0.00664,0.049643,-0.109645,HA
205_A/goose/Yunlin/18040,A/goose/Yunlin/18040018-2/2018,0.117254,-0.005607,0.058629,-0.107905,HA
206_A/goose/Yunlin/18090,A/goose/Yunlin/18090002-3/2018,0.118761,-0.005164,0.06085,-0.110862,HA
207_A/goose/Yunlin/18090,A/goose/Yunlin/18090006-1/2018,0.081494,-0.01939,0.067147,-0.126417,HA
208_A/goose/Yunlin/18110,A/goose/Yunlin/18110002-3/2018,0.136244,-0.009863,0.067436,-0.099973,HA
209_A/goose/Zhejiang/771,A/goose/Zhejiang/77166/2014,0.102743,-0.054544,0.003614,-0.087042,HA
210_A/goose/Zhejiang/771,A/goose/Zhejiang/77167/2014,0.10371,-0.012181,-0.019088,-0.065595,HA
211_A/goose/Zhejiang/771,A/goose/Zhejiang/77168/2014,0.103264,-0.00814,-0.020704,-0.067654,HA
212_A/heron/Taiwan/17DB0,A/heron/Taiwan/17DB0001/2017,0.095382,-0.020451,0.054048,-0.119877,HA
213_A/parrot/Guangdong/2,A/parrot/Guangdong/258/2004,0.10762,-0.011095,0.043671,-0.035379,HA
214_A/Pigeon/Shandong/WS,A/Pigeon/Shandong/WS17/2022,0.097987,-0.007481,0.024353,-0.097688,HA
215_A/Taiwan/DV413/2006|,A/Taiwan/DV413/2006,0.149158,-0.001565,0.145555,-0.124819,HA
216_A/Taiwan/DV518/2006|,A/Taiwan/DV518/2006,0.148246,-0.000567,0.149416,-0.128529,HA
217_A/thrush/Taiwan/1512,A/thrush/Taiwan/15120021/2015,0.106849,0.002967,0.027634,-0.098034,HA
218_A/turkey/Changhua/16,A/turkey/Changhua/16010011-1/2016,0.107528,-0.003096,0.022931,-0.105887,HA
219_A/turkey/Chiayi/1801,A/turkey/Chiayi/18010013-3/2018,0.100615,0.014613,0.046542,-0.101833,HA
220_A/turkey/Yunlin/1506,A/turkey/Yunlin/15060049-1/2015,0.087153,0.008291,0.029301,-0.102136,HA
221_A/turkey/Yunlin/1802,A/turkey/Yunlin/18020020-2/2018,0.10027,0.015035,0.047804,-0.102975,HA
222_A/turkey/Yunlin/1811,A/turkey/Yunlin/18110001-3/2018,0.114277,-0.004918,0.052202,-0.109366,HA
223_A/turkey/Yunlin/1812,A/turkey/Yunlin/18120005-2/2018,0.151773,-0.035317,0.049352,-0.108488,HA
224_A/whooper_swan/Henan,A/whooper_swan/Henan/T578/2019,0.092719,-0.009807,0.020088,-0.055003,HA
225_A/whooper_swan/Henan,A/whooper_swan/Henan/T874/2018,0.092719,-0.009807,0.020088,-0.055003,HA
226_A/whooper_swan/Henan,A/whooper_swan/Henan/T880/2018,0.092719,-0.009807,0.020088,-0.055003,HA
227_A/whooper_swan/Henan,A/whooper_swan/Henan/T886/2018,0.092719,-0.009807,0.020088,-0.055003,HA
228_A/whooper_swan/Henan,A/whooper_swan/Henan/T888/2018,0.092719,-0.009807,0.020088,-0.055003,HA
229_A/whooper_swan/Henan,A/whooper_swan/Henan/Y120/2018,0.092719,-0.009807,0.020088,-0.055003,HA
230_A/whooper_swan/Shanx,A/whooper_swan/Shanxi/SX116/2020,0.126325,-0.036812,0.032991,-0.109835,HA
231_A/wildfowl/China/472,A/wildfowl/China/472/2014,0.156327,-0.013659,0.026582,-0.100615,HA
232_A/Taiwan/DV413/2006_,A/Taiwan/DV413/2006_H5N2,0.149158,-0.001565,0.145555,-0.124819,HA
233_A/Taiwan/DV518/2006_,A/Taiwan/DV518/2006_H5N2,0.148246,-0.000567,0.149416,-0.128529,HA
234_A/baikal_teal/Xiangh,A/baikal_teal/Xianghai/426/2011_H5N2,0.075595,-0.001026,0.000331,-0.06364,HA
235_A/canvasback/Xiangha,A/canvasback/Xianghai/428/2011_H5N2,0.075212,0.018323,0.006369,-0.08105,HA
236_A/chicken/Beijing/BJ,A/chicken/Beijing/BJ7/2014_H5N2,0.144737,0.014612,-0.011431,-0.125351,HA
237_A/chicken/CH/a556/20,A/chicken/CH/a556/2015_H5N2,0.09616,0.003215,0.077354,0.02238,HA
238_A/chicken/Changhua/1,A/chicken/Changhua/15010120-1/2015_H5N2,0.095408,0.002302,0.02467,-0.096186,HA
239_A/chicken/Changhua/1,A/chicken/Changhua/15010288/2015_H5N2,0.093396,0.003813,0.026382,-0.103629,HA
240_A/chicken/Changhua/1,A/chicken/Changhua/15010324-2/2015_H5N2,0.097157,0.007102,0.024185,-0.099264,HA
241_A/chicken/Changhua/1,A/chicken/Changhua/15010361-1/2015_H5N2,0.097001,0.007927,0.023539,-0.098062,HA
242_A/chicken/Changhua/1,A/chicken/Changhua/15010362-2/2015_H5N2,0.097001,0.007927,0.023539,-0.098062,HA
243_A/chicken/Changhua/1,A/chicken/Changhua/15010363-2/2015_H5N2,0.095252,0.003127,0.024024,-0.094984,HA
244_A/chicken/Changhua/1,A/chicken/Changhua/15050013-1/2015_H5N2,0.090591,-0.001705,0.030573,-0.109805,HA
245_A/chicken/Changhua/1,A/chicken/Changhua/15060027-2/2015_H5N2,0.097438,-0.006922,0.027042,-0.120048,HA
246_A/chicken/Changhua/1,A/chicken/Changhua/15060037-1/2015_H5N2,0.091503,-0.000729,0.030169,-0.108831,HA
247_A/chicken/Changhua/1,A/chicken/Changhua/15120008/2015_H5N2,0.106784,-0.00785,0.024877,-0.095444,HA
248_A/chicken/Changhua/1,A/chicken/Changhua/16010060-2/2016_H5N2,0.089735,-0.000562,0.047246,-0.120893,HA
249_A/chicken/Changhua/1,A/chicken/Changhua/17060006/2017_H5N2,0.108249,0.014226,0.049503,-0.124676,HA
250_A/chicken/Changhua/1,A/chicken/Changhua/18040008-1/2018_H5N2,0.116832,-0.006531,0.057567,-0.105705,HA
251_A/chicken/Chiayi/150,A/chicken/Chiayi/15010287-2/2015_H5N2,0.093396,0.003813,0.026382,-0.103629,HA
252_A/chicken/Chiayi/150,A/chicken/Chiayi/15010409-2/2015_H5N2,0.097001,0.007927,0.023539,-0.098062,HA
253_A/chicken/Chiayi/170,A/chicken/Chiayi/17040009-2/2017_H5N2,0.112528,-0.008945,0.029748,-0.121803,HA
254_A/chicken/Chiayi/181,A/chicken/Chiayi/18120003-1/2018_H5N2,0.126618,-0.012218,0.055068,-0.104402,HA
255_A/chicken/Chiping/03,A/chicken/Chiping/0321/2014_H5N2,0.162668,0.003926,0.016911,-0.138099,HA
256_A/chicken/Eastern_Ch,A/chicken/Eastern_China/HF9/2018_H5N2,0.184778,-0.054087,0.032498,-0.084386,HA
257_A/chicken/Eastern_Ch,A/chicken/Eastern_China/QY5/2018_H5N2,0.18108,-0.055972,0.029321,-0.086421,HA
258_A/chicken/GY/a451/20,A/chicken/GY/a451/2015_H5N2,0.089232,-0.009745,0.062509,-0.00223,HA
259_A/chicken/Hebei/1102,A/chicken/Hebei/1102-MA/2010_H5N2,0.129475,-0.014233,0.036313,-0.073714,HA
260_A/chicken/Hebei/1102,A/chicken/Hebei/1102/2010_H5N2,0.130211,-0.015881,0.035172,-0.076604,HA
261_A/chicken/Hebei/3/20,A/chicken/Hebei/3/2013_H5N2,0.176946,0.003335,0.046154,-0.141937,HA
262_A/chicken/Heilongjia,A/chicken/Heilongjiang/S7/2014_H5N2,0.150651,-0.043631,0.0319,-0.112105,HA
263_A/chicken/Henan/Q7/2,A/chicken/Henan/Q7/2013_H5N2,0.150462,-0.008099,0.024494,-0.112757,HA
264_A/chicken/Hsinchu/16,A/chicken/Hsinchu/16080004-2/2016_H5N2,0.094194,0.019398,0.039975,-0.117462,HA
265_A/chicken/Jiangsu/10,A/chicken/Jiangsu/1001/2013_H5N2,0.164258,-0.003856,0.027738,-0.112173,HA
266_A/chicken/Jiangsu/XZ,A/chicken/Jiangsu/XZ216/2014_H5N2,0.169938,0.003816,0.045367,-0.127592,HA
267_A/chicken/Kaohsiung/,A/chicken/Kaohsiung/17040007/2017_H5N2,0.095951,-0.007496,0.046244,-0.129708,HA
268_A/chicken/Kaohsiung/,A/chicken/Kaohsiung/17100002/2017_H5N2,0.11274,-0.017675,0.056403,-0.10085,HA
269_A/chicken/Kaohsiung/,A/chicken/Kaohsiung/18080004-1/2018_H5N2,0.091473,-0.019013,0.083483,-0.101425,HA
270_A/chicken/Kaohsiung/,A/chicken/Kaohsiung/18080004-2/2018_H5N2,0.094826,-0.017583,0.08442,-0.103605,HA
271_A/chicken/New_Taipei,A/chicken/New_Taipei_City/17040002-2/2017_H5N2,0.086288,-0.008976,0.038272,-0.116011,HA
272_A/chicken/New_Taipei,A/chicken/New_Taipei_City/18010021-3/2018_H5N2,0.110666,-0.018732,0.050856,-0.112658,HA
273_A/chicken/PH/A2821/2,A/chicken/PH/A2821/2013_H5N2,0.085814,0.013058,0.052612,-0.012985,HA
274_A/chicken/PT/a158/20,A/chicken/PT/a158/2015_H5N2,0.092265,-0.003227,0.06987,0.001017,HA
275_A/chicken/Pingtung/1,A/chicken/Pingtung/15050006-1/2015_H5N2,0.093141,0.002702,0.023559,-0.095279,HA
276_A/chicken/Pingtung/1,A/chicken/Pingtung/16020009-3/2016_H5N2,0.113269,-0.005984,0.021363,-0.096978,HA
277_A/chicken/Pingtung/1,A/chicken/Pingtung/18010017-1/2018_H5N2,0.096716,-0.014585,0.059495,-0.114998,HA
278_A/chicken/Pingtung/1,A/chicken/Pingtung/18020015-1/2018_H5N2,0.105604,-0.028417,0.053386,-0.11497,HA
279_A/chicken/Qingdao/1/,A/chicken/Qingdao/1/2014_H5N2,0.168525,-0.009364,0.034115,-0.14853,HA
280_A/chicken/SC/a688/20,A/chicken/SC/a688/2015_H5N2,0.097019,0.005773,0.053927,0.011561,HA
281_A/chicken/Shandong/S,A/chicken/Shandong/S3/2014_H5N2,0.163994,-0.010037,0.033525,-0.152175,HA
282_A/chicken/Shijiazhua,A/chicken/Shijiazhuang/1209/2013_H5N2,0.147048,0.021706,0.015896,-0.136339,HA
283_A/chicken/TC/a504/20,A/chicken/TC/a504/2015_H5N2,0.099974,0.007099,0.068984,0.004929,HA
284_A/chicken/TY/a665/20,A/chicken/TY/a665/2015_H5N2,0.090672,0.010243,0.068398,-0.000033,HA
285_A/chicken/Taichung/1,A/chicken/Taichung/15010399/2015_H5N2,0.097001,0.007927,0.023539,-0.098062,HA
286_A/chicken/Taichung/1,A/chicken/Taichung/16040032-3/2016_H5N2,0.107198,0.013424,0.026919,-0.102455,HA
287_A/chicken/Taichung/1,A/chicken/Taichung/16050044-2/2016_H5N2,0.105297,0.009499,0.030967,-0.088216,HA
288_A/chicken/Tainan/160,A/chicken/Tainan/16040035-1/2016_H5N2,0.106183,0.005075,0.034974,-0.100946,HA
289_A/chicken/Taipei_Cit,A/chicken/Taipei_City/18010007-3/2018_H5N2,0.097454,0.001973,0.054575,-0.106364,HA
290_A/chicken/Taipei_Cit,A/chicken/Taipei_City/18010008-3/2018_H5N2,0.110298,-0.016238,0.056614,-0.104142,HA
291_A/chicken/Taiwan/010,A/chicken/Taiwan/0101/2012_H5N2,0.07732,-0.086836,0.002537,-0.015084,HA
292_A/chicken/Taiwan/050,A/chicken/Taiwan/0502/2012_H5N2,0.086981,0.003477,0.079193,-0.009877,HA
293_A/chicken/Taiwan/168,A/chicken/Taiwan/1682/2013_H5N2,0.075867,-0.075865,0.035252,-0.006613,HA
294_A/chicken/Taiwan/169,A/chicken/Taiwan/1692/2013_H5N2,0.074463,-0.075911,0.03349,-0.005352,HA
295_A/chicken/Taiwan/170,A/chicken/Taiwan/1704/2013_H5N2,0.075867,-0.075865,0.035252,-0.006613,HA
296_A/chicken/Taiwan/171,A/chicken/Taiwan/1711/2013_H5N2,0.077995,-0.075334,0.041055,-0.004373,HA
297_A/chicken/Taiwan/259,A/chicken/Taiwan/2593/2012_H5N2,0.086437,-0.006799,0.050032,-0.009662,HA
298_A/chicken/Taiwan/294,A/chicken/Taiwan/2948/2013_H5N2,0.086594,-0.007624,0.050678,-0.010864,HA
299_A/chicken/Taiwan/444,A/chicken/Taiwan/4443/2013_H5N2,0.093397,-0.006429,0.050987,-0.002827,HA
300_A/chicken/Taiwan/683,A/chicken/Taiwan/683/2012_H5N2,0.080593,0.001336,0.044577,-0.001904,HA
301_A/chicken/Taiwan/735,A/chicken/Taiwan/7350/2013_H5N2,0.089808,-0.008731,0.048837,-0.006447,HA
302_A/chicken/Taiwan/898,A/chicken/Taiwan/8988/2013_H5N2,0.079192,-0.003106,0.050175,-0.003408,HA
303_A/chicken/Taiwan/899,A/chicken/Taiwan/8994/2013_H5N2,0.088511,-0.017516,0.042782,-0.012526,HA
304_A/chicken/Taiwan/899,A/chicken/Taiwan/8996/2013_H5N2,0.086039,-0.016154,0.042071,-0.015617,HA
305_A/chicken/Taiwan/A1/,A/chicken/Taiwan/A1/2019_H5N2,0.089063,0.016863,0.067139,-0.004958,HA
306_A/chicken/Taiwan/A19,A/chicken/Taiwan/A1997/2012_H5N2,0.084373,0.011754,0.076566,-0.01291,HA
307_A/chicken/Taiwan/D2/,A/chicken/Taiwan/D2/2019_H5N2,0.089504,-0.023441,0.081474,-0.11301,HA
308_A/chicken/Taiwan/D9/,A/chicken/Taiwan/D9/2019_H5N2,0.089504,-0.023441,0.081474,-0.11301,HA
309_A/chicken/Tibet/LZ01,A/chicken/Tibet/LZ01/2010_H5N2,0.165654,-0.001399,0.048842,-0.120053,HA
310_A/chicken/Wuhan/WHJF,A/chicken/Wuhan/WHJF/2014_H5N2,0.084674,-0.014339,0.004099,-0.059937,HA
311_A/chicken/YL/A3190/2,A/chicken/YL/A3190/2014_H5N2,0.086661,-0.002131,0.037842,0.010943,HA
312_A/chicken/Yunlin/150,A/chicken/Yunlin/15020048-1/2015_H5N2,0.098049,0.010254,0.023551,-0.100311,HA
313_A/chicken/Yunlin/150,A/chicken/Yunlin/15040002-2/2015_H5N2,0.095889,0.0057,0.037995,-0.100439,HA
314_A/chicken/Yunlin/150,A/chicken/Yunlin/15040027/2015_H5N2,0.090169,0.007382,0.030501,-0.103791,HA
315_A/chicken/Yunlin/150,A/chicken/Yunlin/15050037-2/2015_H5N2,0.097912,0.005146,0.033069,-0.114203,HA
316_A/chicken/Yunlin/150,A/chicken/Yunlin/15050039-2/2015_H5N2,0.090169,0.007382,0.030501,-0.103791,HA
317_A/chicken/Yunlin/150,A/chicken/Yunlin/15060014-1/2015_H5N2,0.089517,0.0065,0.030072,-0.09791,HA
318_A/chicken/Yunlin/150,A/chicken/Yunlin/15080024/2015_H5N2,0.092532,-0.005556,0.023369,-0.094061,HA
319_A/chicken/Yunlin/160,A/chicken/Yunlin/16010001-1/2016_H5N2,0.094661,0.003489,0.037435,-0.111232,HA
320_A/chicken/Yunlin/160,A/chicken/Yunlin/16010008-1/2016_H5N2,0.106693,0.003792,0.026988,-0.096832,HA
321_A/chicken/Yunlin/160,A/chicken/Yunlin/16050053/2016_H5N2,0.107885,0.015227,0.026266,-0.102221,HA
322_A/chicken/Yunlin/170,A/chicken/Yunlin/17010014/2017_H5N2,0.099256,-0.007179,0.049457,-0.124768,HA
323_A/chicken/Yunlin/170,A/chicken/Yunlin/17020094-1/2017_H5N2,0.105937,-0.007909,0.040282,-0.120495,HA
324_A/chicken/Yunlin/170,A/chicken/Yunlin/17020095-2/2017_H5N2,0.101682,-0.008866,0.037733,-0.113577,HA
325_A/chicken/Yunlin/170,A/chicken/Yunlin/17030001-1/2017_H5N2,0.101397,-0.015474,0.046068,-0.127016,HA
326_A/chicken/Yunlin/170,A/chicken/Yunlin/17030007-1/2017_H5N2,0.096479,-0.001438,0.047782,-0.11692,HA
327_A/chicken/Yunlin/170,A/chicken/Yunlin/17030010-1/2017_H5N2,0.096352,-0.013831,0.049998,-0.122509,HA
328_A/chicken/Yunlin/170,A/chicken/Yunlin/17030014-1/2017_H5N2,0.101494,-0.018447,0.045371,-0.126702,HA
329_A/chicken/Yunlin/170,A/chicken/Yunlin/17030020-2/2017_H5N2,0.109714,-0.006411,0.042859,-0.125599,HA
330_A/chicken/Yunlin/170,A/chicken/Yunlin/17030021-1/2017_H5N2,0.101338,-0.017622,0.044725,-0.125499,HA
331_A/chicken/Yunlin/170,A/chicken/Yunlin/17030032-2/2017_H5N2,0.08281,-0.02209,0.050985,-0.137366,HA
332_A/chicken/Yunlin/170,A/chicken/Yunlin/17030065-2/2017_H5N2,0.084409,-0.020177,0.038176,-0.136521,HA
333_A/chicken/Yunlin/170,A/chicken/Yunlin/17040003-1/2017_H5N2,0.09841,-0.001916,0.052101,-0.118868,HA
334_A/chicken/Yunlin/170,A/chicken/Yunlin/17040004-2/2017_H5N2,0.096934,-0.024824,0.051527,-0.129156,HA
335_A/chicken/Yunlin/170,A/chicken/Yunlin/17040011-1/2017_H5N2,0.104732,-0.013775,0.048933,-0.12518,HA
336_A/chicken/Yunlin/170,A/chicken/Yunlin/17060019/2017_H5N2,0.100524,0.006502,0.041009,-0.107277,HA
337_A/chicken/Yunlin/170,A/chicken/Yunlin/17070010/2017_H5N2,0.110853,-0.038474,0.04662,-0.11606,HA
338_A/chicken/Yunlin/180,A/chicken/Yunlin/18010001-2/2018_H5N2,0.113058,-0.006926,0.052437,-0.105601,HA
339_A/chicken/Yunlin/180,A/chicken/Yunlin/18010023-1/2018_H5N2,0.105262,-0.008149,0.04668,-0.091321,HA
340_A/chicken/Yunlin/180,A/chicken/Yunlin/18020003-2/2018_H5N2,0.099921,-0.006042,0.057142,-0.10151,HA
341_A/chicken/Yunlin/180,A/chicken/Yunlin/18020004-1/2018_H5N2,0.100567,-0.00771,0.056991,-0.103192,HA
342_A/chicken/Yunlin/180,A/chicken/Yunlin/18020005-2/2018_H5N2,0.102149,-0.005178,0.059731,-0.101584,HA
343_A/chicken/Yunlin/180,A/chicken/Yunlin/18020008-2/2018_H5N2,0.101527,-0.009076,0.043665,-0.098339,HA
344_A/chicken/Yunlin/180,A/chicken/Yunlin/18030002-1/2018_H5N2,0.101784,-0.012282,0.061568,-0.100443,HA
345_A/chicken/Yunlin/180,A/chicken/Yunlin/18050013-1/2018_H5N2,0.102396,-0.018035,0.06217,-0.116209,HA
346_A/chicken/Yunlin/180,A/chicken/Yunlin/18060001-2/2018_H5N2,0.103077,-0.016121,0.062229,-0.11818,HA
347_A/chicken/Yunlin/180,A/chicken/Yunlin/18080006-1/2018_H5N2,0.101845,-0.001009,0.064752,-0.136135,HA
348_A/chicken/Zhejiang/1,A/chicken/Zhejiang/194/2016_H5N2,0.148791,0.013328,0.023668,-0.072486,HA
349_A/chicken/Zhejiang/2,A/chicken/Zhejiang/209/2016_H5N2,0.079862,-0.016695,0.041485,-0.081285,HA
350_A/chicken/Zhejiang/2,A/chicken/Zhejiang/217/2016_H5N2,0.148791,0.013328,0.023668,-0.072486,HA
351_A/chicken/Zhejiang/2,A/chicken/Zhejiang/232/2016_H5N2,0.091518,-0.008796,0.040361,-0.077499,HA
352_A/chicken/Zhejiang/5,A/chicken/Zhejiang/514135/2015_H5N2,0.117614,0.008202,0.008101,-0.080692,HA
353_A/chicken/Zhejiang/7,A/chicken/Zhejiang/727079/2014_H5N2,0.124809,0.015668,0.027152,-0.111088,HA
354_A/chicken/Zhejiang/7,A/chicken/Zhejiang/727159/2014_H5N2,0.129369,0.019619,0.022487,-0.10385,HA
355_A/chicken/Zhejiang/7,A/chicken/Zhejiang/7450/2015_H5N2,0.086218,-0.007345,0.023599,-0.066478,HA
356_A/chicken/Zhejiang/8,A/chicken/Zhejiang/81643/2015_H5N2,0.086096,-0.008188,0.021424,-0.070201,HA
357_A/duck/Changhua/15A0,A/duck/Changhua/15A03431-1-20T/2015_H5N2,0.097687,0.00973,0.022887,-0.097828,HA
358_A/duck/Changhua/15A0,A/duck/Changhua/15A03473-1-20T/2015_H5N2,0.07916,0.006832,0.024066,-0.095822,HA
359_A/duck/China/YD1516/,A/duck/China/YD1516/2016_H5N2,0.094946,-0.029107,0.036842,-0.080881,HA
360_A/duck/Eastern_China,A/duck/Eastern_China/1111/2011_H5N2,0.107163,-0.008811,-0.021065,-0.085047,HA
361_A/duck/Eastern_China,A/duck/Eastern_China/L0230/2010_H5N2,0.118105,-0.012083,-0.008482,-0.091207,HA
362_A/duck/Eastern_China,A/duck/Eastern_China/L0321/2010_H5N2,0.118105,-0.012083,-0.008482,-0.091207,HA
363_A/duck/Eastern_China,A/duck/Eastern_China/S0131/2014_H5N2,0.091407,-0.010177,0.012659,-0.08643,HA
364_A/duck/Eastern_China,A/duck/Eastern_China/S0808/2014_H5N2,0.102173,0.028714,0.016892,-0.063993,HA
365_A/duck/Hebei/0908/20,A/duck/Hebei/0908/2009_H5N2,0.160361,0.020568,0.014775,-0.094519,HA
366_A/duck/Hong_Kong/342,A/duck/Hong_Kong/342/1978_H5N2,0.136434,-0.014645,0.086778,-0.040848,HA
367_A/duck/Hsinchu/15020,A/duck/Hsinchu/15020216/2015_H5N2,0.094505,0.007446,0.036222,-0.106626,HA
368_A/duck/Hubei/SZY250/,A/duck/Hubei/SZY250/2016_H5N2,0.107948,-0.007741,-0.003799,-0.051992,HA
369_A/duck/Hunan/S4101/2,A/duck/Hunan/S4101/2011_H5N2,0.144571,0.021922,0.177659,-0.142016,HA
370_A/duck/Hunan/S4120/2,A/duck/Hunan/S4120/2011_H5N2,0.143598,0.02167,0.178733,-0.136239,HA
371_A/duck/Jiangsu/m234/,A/duck/Jiangsu/m234/2012_H5N2,0.107835,0.001403,-0.020862,-0.085173,HA
372_A/duck/Kaohsiung/150,A/duck/Kaohsiung/15010213/2015_H5N2,0.093719,0.010567,0.032814,-0.096674,HA
373_A/duck/Nantou/15A343,A/duck/Nantou/15A3437/2015_H5N2,0.07916,0.006832,0.024066,-0.095822,HA
374_A/duck/Nantou/17A024,A/duck/Nantou/17A0243/2017_H5N2,0.104831,-0.011012,0.052873,-0.126775,HA
375_A/duck/Pingtung/1501,A/duck/Pingtung/15010444/2015_H5N2,0.099536,0.005326,0.023501,-0.094108,HA
376_A/duck/Pingtung/17A0,A/duck/Pingtung/17A0160/2017_H5N2,0.104389,-0.015374,0.044355,-0.125687,HA
377_A/duck/Pingtung/18A0,A/duck/Pingtung/18A00003-11-20T/2018_H5N2,0.09245,-0.024819,0.058191,-0.121089,HA
378_A/duck/Pingtung/18A0,A/duck/Pingtung/18A00076-11-20T/2018_H5N2,0.09549,-0.003946,0.032779,-0.134364,HA
379_A/duck/Pingtung/18X0,A/duck/Pingtung/18X00077/2018_H5N2,0.088219,-0.011176,0.085479,-0.101843,HA
380_A/duck/Taichung/1501,A/duck/Taichung/15010400-1/2015_H5N2,0.097001,0.007927,0.023539,-0.098062,HA
381_A/duck/Tainan/160100,A/duck/Tainan/16010020-1/2016_H5N2,0.104779,-0.013039,0.01606,-0.097329,HA
382_A/duck/Taipei/05WB83,A/duck/Taipei/05WB830-1-5-E2/2005_H5N2,0.184854,-0.033431,0.004182,-0.072522,HA
383_A/duck/Taiwan/01006/,A/duck/Taiwan/01006/2015_H5N2,0.087749,0.005453,0.014974,-0.083193,HA
384_A/duck/Taiwan/11213/,A/duck/Taiwan/11213/2013_H5N2,0.15031,0.021638,0.146887,-0.140458,HA
385_A/duck/Taiwan/11254/,A/duck/Taiwan/11254/2013_H5N2,0.13669,0.020662,0.138422,-0.134486,HA
386_A/duck/Taiwan/DV1238,A/duck/Taiwan/DV1238/2009_H5N2,0.193495,-0.071591,0.040153,-0.053251,HA
387_A/duck/Taiwan/DV1241,A/duck/Taiwan/DV1241/2009_H5N2,0.182815,-0.083024,0.040805,-0.039985,HA
388_A/duck/Taiwan/DV1242,A/duck/Taiwan/DV1242/2009_H5N2,0.197004,-0.071326,0.038818,-0.053016,HA
389_A/duck/Taoyuan/16010,A/duck/Taoyuan/16010023-1/2016_H5N2,0.102397,-0.025672,0.010569,-0.097684,HA
390_A/duck/Yilan/17A0092,A/duck/Yilan/17A0092/2017_H5N2,0.109652,-0.007303,0.042087,-0.121657,HA
391_A/duck/Yunlin/150102,A/duck/Yunlin/15010244-1/2015_H5N2,0.098249,0.007385,0.022981,-0.105746,HA
392_A/duck/Yunlin/150103,A/duck/Yunlin/15010310-4/2015_H5N2,0.094383,0.010878,0.021818,-0.099249,HA
393_A/duck/Yunlin/150103,A/duck/Yunlin/15010318-2/2015_H5N2,0.097157,0.007102,0.024185,-0.099264,HA
394_A/duck/Yunlin/150103,A/duck/Yunlin/15010369-1/2015_H5N2,0.096086,0.009824,0.022329,-0.093987,HA
395_A/duck/Yunlin/150700,A/duck/Yunlin/15070002-2/2015_H5N2,0.102776,0.003555,0.020219,-0.106064,HA
396_A/duck/Yunlin/15A501,A/duck/Yunlin/15A5019/2015_H5N2,0.105977,-0.007476,0.029554,-0.10486,HA
397_A/duck/Yunlin/171100,A/duck/Yunlin/17110001/2017_H5N2,0.105308,-0.002542,0.063261,-0.121981,HA
398_A/duck/Yunlin/17A008,A/duck/Yunlin/17A0086/2017_H5N2,0.104495,0.00061,0.042588,-0.126156,HA
399_A/duck/Yunlin/17A068,A/duck/Yunlin/17A0686/2017_H5N2,0.106179,-0.016369,0.048335,-0.101091,HA
400_A/duck/Yunlin/180600,A/duck/Yunlin/18060007-3/2018_H5N2,0.109821,0.004211,0.056321,-0.125995,HA
401_A/duck/Yunlin/18X000,A/duck/Yunlin/18X00007-3/2018_H5N2,0.090926,-0.007598,0.024741,-0.125807,HA
402_A/duck/Zhejiang/1026,A/duck/Zhejiang/1026109/2015_H5N2,0.090181,-0.006697,0.025594,-0.061715,HA
403_A/duck/Zhejiang/6DK1,A/duck/Zhejiang/6DK19/2013_H5N2,0.119902,-0.020874,-0.007295,-0.069207,HA
404_A/duck/Zhejiang/7270,A/duck/Zhejiang/727041/2014_H5N2,0.127242,0.025932,0.026294,-0.109292,HA
405_A/duck/Zhejiang/7713,A/duck/Zhejiang/77138/2014_H5N2,0.100872,-0.009233,-0.013086,-0.073333,HA
406_A/goose/Changhua/150,A/goose/Changhua/15040008/2015_H5N2,0.094612,0.004868,0.027336,-0.111498,HA
407_A/goose/Chiayi/15010,A/goose/Chiayi/15010008-3/2015_H5N2,0.097157,0.007102,0.024185,-0.099264,HA
408_A/goose/Chiayi/15010,A/goose/Chiayi/15010016-1/2015_H5N2,0.095711,0.020138,0.021009,-0.09839,HA
409_A/goose/Chiayi/16010,A/goose/Chiayi/16010017-2/2016_H5N2,0.104935,-0.013864,0.016706,-0.098531,HA
410_A/goose/Chiayi/16040,A/goose/Chiayi/16040003-1/2016_H5N2,0.097794,0.002509,0.025922,-0.111481,HA
411_A/goose/Chiayi/16040,A/goose/Chiayi/16040005/2016_H5N2,0.10037,0.01078,0.026634,-0.099782,HA
412_A/goose/Chiayi/17020,A/goose/Chiayi/17020027-1/2017_H5N2,0.095435,-0.017489,0.048839,-0.122758,HA
413_A/goose/Chiayi/17040,A/goose/Chiayi/17040014/2017_H5N2,0.116745,0.016784,0.042514,-0.10811,HA
414_A/goose/Chiayi/18010,A/goose/Chiayi/18010006/2018_H5N2,0.099095,0.000417,0.059345,-0.126871,HA
415_A/goose/Chiayi/18020,A/goose/Chiayi/18020014-1/2018_H5N2,0.102338,0.014799,0.058094,-0.1233,HA
416_A/goose/Chiayi/18020,A/goose/Chiayi/18020014-2/2018_H5N2,0.102338,0.014799,0.058094,-0.1233,HA
417_A/goose/China/1106/2,A/goose/China/1106/2016_H5N2,0.085606,-0.028627,0.026826,-0.087047,HA
418_A/goose/Eastern_Chin,A/goose/Eastern_China/1112/2011_H5N2,0.11292,-0.018264,-0.010433,-0.081468,HA
419_A/goose/Pingtung/150,A/goose/Pingtung/15010007-4/2015_H5N2,0.102297,0.005802,0.034553,-0.09408,HA
420_A/goose/Pingtung/150,A/goose/Pingtung/15010037-1/2015_H5N2,0.097157,0.007102,0.024185,-0.099264,HA
421_A/goose/Tainan/17030,A/goose/Tainan/17030022-1/2017_H5N2,0.104012,-0.013402,0.048048,-0.132374,HA
422_A/goose/Tainan/17030,A/goose/Tainan/17030024-1/2017_H5N2,0.120106,-0.025319,0.061688,-0.115747,HA
423_A/goose/Tainan/18010,A/goose/Tainan/18010022-1/2018_H5N2,0.100103,0.012032,0.047824,-0.103263,HA
424_A/goose/Tainan/18050,A/goose/Tainan/18050014-1/2018_H5N2,0.116986,-0.005438,0.054256,-0.108664,HA
425_A/goose/Taiwan/01022,A/goose/Taiwan/01022/2015_H5N2,0.097001,0.007927,0.023539,-0.098062,HA
426_A/goose/Taiwan/01023,A/goose/Taiwan/01023/2015_H5N2,0.095711,0.020138,0.021009,-0.09839,HA
427_A/goose/Taiwan/01031,A/goose/Taiwan/01031/2015_H5N2,0.097157,0.007102,0.024185,-0.099264,HA
428_A/goose/Taiwan/01040,A/goose/Taiwan/01040/2015_H5N2,0.093396,0.003813,0.026382,-0.103629,HA
429_A/goose/Taoyuan/1812,A/goose/Taoyuan/18120002-2/2018_H5N2,0.121643,-0.007601,0.049898,-0.110265,HA
430_A/goose/Yunlin/15010,A/goose/Yunlin/15010005/2015_H5N2,0.094319,0.003516,0.028665,-0.104769,HA
431_A/goose/Yunlin/15010,A/goose/Yunlin/15010009-1/2015_H5N2,0.097157,0.007102,0.024185,-0.099264,HA
432_A/goose/Yunlin/15010,A/goose/Yunlin/15010010-2/2015_H5N2,0.093396,0.003813,0.026382,-0.103629,HA
433_A/goose/Yunlin/15010,A/goose/Yunlin/15010011-1/2015_H5N2,0.093396,0.003813,0.026382,-0.103629,HA
434_A/goose/Yunlin/15010,A/goose/Yunlin/15010029-1/2015_H5N2,0.095912,0.001674,0.027829,-0.100585,HA
435_A/goose/Yunlin/16020,A/goose/Yunlin/16020008-4/2016_H5N2,0.100526,0.012938,0.026207,-0.097321,HA
436_A/goose/Yunlin/16020,A/goose/Yunlin/16020011-1/2016_H5N2,0.107528,-0.003096,0.022931,-0.105887,HA
437_A/goose/Yunlin/16040,A/goose/Yunlin/16040002-2/2016_H5N2,0.102791,0.012054,0.019526,-0.09848,HA
438_A/goose/Yunlin/17100,A/goose/Yunlin/17100005/2017_H5N2,0.102065,-0.021515,0.045483,-0.124568,HA
439_A/goose/Yunlin/18030,A/goose/Yunlin/18030020-2/2018_H5N2,0.11852,-0.026611,0.076302,-0.127527,HA
440_A/goose/Yunlin/18030,A/goose/Yunlin/18030020-3/2018_H5N2,0.119657,-0.02691,0.078642,-0.128737,HA
441_A/goose/Yunlin/18040,A/goose/Yunlin/18040002-3/2018_H5N2,0.112373,-0.00664,0.049643,-0.109645,HA
442_A/goose/Yunlin/18040,A/goose/Yunlin/18040018-2/2018_H5N2,0.117254,-0.005607,0.058629,-0.107905,HA
443_A/goose/Yunlin/18090,A/goose/Yunlin/18090002-3/2018_H5N2,0.118761,-0.005164,0.06085,-0.110862,HA
444_A/goose/Yunlin/18090,A/goose/Yunlin/18090006-1/2018_H5N2,0.081494,-0.01939,0.067147,-0.126417,HA
445_A/goose/Yunlin/18110,A/goose/Yunlin/18110002-3/2018_H5N2,0.136244,-0.009863,0.067436,-0.099973,HA
446_A/goose/Zhejiang/771,A/goose/Zhejiang/77166/2014_H5N2,0.102743,-0.054544,0.003614,-0.087042,HA
447_A/goose/Zhejiang/771,A/goose/Zhejiang/77167/2014_H5N2,0.10371,-0.012181,-0.019088,-0.065595,HA
448_A/goose/Zhejiang/771,A/goose/Zhejiang/77168/2014_H5N2,0.103264,-0.00814,-0.020704,-0.067654,HA
449_A/green-winged_teal/,A/green-winged_teal/Xianghai/430/2011_H5N2,0.091528,0.003159,-0.010595,-0.063674,HA
450_A/heron/Yilan/17DB00,A/heron/Yilan/17DB0001/2017_H5N2,0.095382,-0.020451,0.054048,-0.119877,HA
451_A/little_grebe/Xiang,A/little_grebe/Xianghai/429/2011_H5N2,0.079483,-0.01376,0.00192,-0.065074,HA
452_A/night_heron/Taiwan,A/night_heron/Taiwan/A289/2015_H5N2,0.097945,0.007583,0.031397,-0.105996,HA
453_A/parrot/Guangdong/2,A/parrot/Guangdong/258/2004_H5N2,0.10762,-0.011095,0.043671,-0.035379,HA
454_A/spot-billed_duck/X,A/spot-billed_duck/Xianghai/427/2011_H5N2,0.080926,0.003992,-0.002289,-0.060729,HA
455_A/thrush/Taipei_City,A/thrush/Taipei_City/15120021/2015_H5N2,0.106849,0.002967,0.027634,-0.098034,HA
456_A/thrush/Taiwan/A234,A/thrush/Taiwan/A234/2015_H5N2,0.093396,0.003813,0.026382,-0.103629,HA
457_A/turkey/Changhua/16,A/turkey/Changhua/16010011-1/2016_H5N2,0.107528,-0.003096,0.022931,-0.105887,HA
458_A/turkey/Chiayi/1801,A/turkey/Chiayi/18010013-3/2018_H5N2,0.100615,0.014613,0.046542,-0.101833,HA
459_A/turkey/Yunlin/1506,A/turkey/Yunlin/15060049-1/2015_H5N2,0.087153,0.008291,0.029301,-0.102136,HA
460_A/turkey/Yunlin/1802,A/turkey/Yunlin/18020020-2/2018_H5N2,0.10027,0.015035,0.047804,-0.102975,HA
461_A/turkey/Yunlin/1811,A/turkey/Yunlin/18110001-3/2018_H5N2,0.114277,-0.004918,0.052202,-0.109366,HA
462_A/turkey/Yunlin/1812,A/turkey/Yunlin/18120005-2/2018_H5N2,0.151773,-0.035317,0.049352,-0.108488,HA
463_A/chicken/Beijing/BJ,A/chicken/Beijing/BJ7/2014,-0.193531,-0.229451,-0.04057,-0.059208,MP1
464_A/chicken/CH/a556/20,A/chicken/CH/a556/2015,-0.163529,-0.299991,0.010422,0.012496,MP1
465_A/chicken/Changhua/1,A/chicken/Changhua/15010120-1/2015,-0.230947,-0.326319,-0.089386,0.04158,MP1
466_A/chicken/Changhua/1,A/chicken/Changhua/15010288/2015,-0.235857,-0.328879,-0.079848,0.038034,MP1
467_A/chicken/Changhua/1,A/chicken/Changhua/15010324-2/2015,-0.235857,-0.328879,-0.079848,0.038034,MP1
468_A/chicken/Changhua/1,A/chicken/Changhua/15010361-1/2015,-0.240957,-0.323659,-0.066362,0.045501,MP1
469_A/chicken/Changhua/1,A/chicken/Changhua/15010362-2/2015,-0.240957,-0.323659,-0.066362,0.045501,MP1
470_A/chicken/Changhua/1,A/chicken/Changhua/15010363-2/2015,-0.240957,-0.323659,-0.066362,0.045501,MP1
471_A/chicken/Changhua/1,A/chicken/Changhua/15050013-1/2015,-0.238072,-0.328672,-0.069768,0.051157,MP1
472_A/chicken/Changhua/1,A/chicken/Changhua/15060027-2/2015,-0.238072,-0.328672,-0.069768,0.051157,MP1
473_A/chicken/Changhua/1,A/chicken/Changhua/15060037-1/2015,-0.24192,-0.345937,-0.077128,0.041788,MP1
474_A/chicken/Changhua/1,A/chicken/Changhua/15120008/2015,-0.22955,-0.31998,-0.069894,0.032616,MP1
475_A/chicken/Changhua/1,A/chicken/Changhua/16010060-2/2016,-0.254992,-0.340536,-0.045304,0.043966,MP1
476_A/chicken/Changhua/1,A/chicken/Changhua/17060006/2017,-0.233926,-0.3263,-0.052716,0.028062,MP1
477_A/chicken/Changhua/1,A/chicken/Changhua/18040008-1/2018,-0.249446,-0.350552,-0.056433,0.036491,MP1
478_A/chicken/Chiayi/150,A/chicken/Chiayi/15010287-2/2015,-0.235857,-0.328879,-0.079848,0.038034,MP1
479_A/chicken/Chiayi/150,A/chicken/Chiayi/15010409-2/2015,-0.240957,-0.323659,-0.066362,0.045501,MP1
480_A/chicken/Chiayi/170,A/chicken/Chiayi/17040009-2/2017,-0.241722,-0.347274,-0.077509,0.043903,MP1
481_A/chicken/Chiayi/181,A/chicken/Chiayi/18120003-1/2018,-0.242627,-0.350017,-0.054872,0.037777,MP1
482_A/chicken/Chiping/03,A/chicken/Chiping/0321/2014,-0.18294,-0.22738,-0.035566,-0.050398,MP1
483_A/chicken/GY/a451/20,A/chicken/GY/a451/2015,-0.158047,-0.273894,-0.017083,0.001138,MP1
484_A/chicken/Hebei/3/20,A/chicken/Hebei/3/2013,-0.181727,-0.240397,-0.057961,-0.052084,MP1
485_A/chicken/Heilongjia,A/chicken/Heilongjiang/S7/2014,-0.262283,-0.30092,-0.096193,-0.072509,MP1
486_A/chicken/Henan/Q7/2,A/chicken/Henan/Q7/2013,-0.187206,-0.238702,-0.044255,-0.053813,MP1
487_A/chicken/Hsinchu/16,A/chicken/Hsinchu/16080004-2/2016,-0.252416,-0.353592,-0.063354,0.028179,MP1
488_A/chicken/Jiangsu/10,A/chicken/Jiangsu/1001/2013,-0.160322,-0.242684,-0.054241,-0.040743,MP1
489_A/chicken/Jiangsu/XZ,A/chicken/Jiangsu/XZ216/2014,-0.187374,-0.244814,-0.048079,-0.049497,MP1
490_A/chicken/Kaohsiung/,A/chicken/Kaohsiung/17040007/2017,-0.252941,-0.350823,-0.065522,0.032214,MP1
491_A/chicken/Kaohsiung/,A/chicken/Kaohsiung/17100002/2017,-0.247718,-0.350938,-0.068467,0.030706,MP1
492_A/chicken/Kaohsiung/,A/chicken/Kaohsiung/18080004-1/2018,-0.222226,-0.347154,-0.085629,0.04851,MP1
493_A/chicken/Kaohsiung/,A/chicken/Kaohsiung/18080004-2/2018,-0.222226,-0.347154,-0.085629,0.04851,MP1
494_A/chicken/New_Taipei,A/chicken/New_Taipei_City/17040002-2/2017,-0.252941,-0.350823,-0.065522,0.032214,MP1
495_A/chicken/New_Taipei,A/chicken/New_Taipei_City/18010021-3/2018,-0.260151,-0.343266,-0.047668,0.02822,MP1
496_A/chicken/PH/A2821/2,A/chicken/PH/A2821/2013,-0.153654,-0.291871,0.011332,0.003583,MP1
497_A/chicken/Pingtung/1,A/chicken/Pingtung/15050006-1/2015,-0.229845,-0.328671,-0.078702,0.039703,MP1
498_A/chicken/Pingtung/1,A/chicken/Pingtung/16020009-3/2016,-0.224966,-0.325491,-0.074953,0.03748,MP1
499_A/chicken/Pingtung/1,A/chicken/Pingtung/18010017-1/2018,-0.222226,-0.347154,-0.085629,0.04851,MP1
500_A/chicken/Pingtung/1,A/chicken/Pingtung/18020015-1/2018,-0.260151,-0.343266,-0.047668,0.02822,MP1
501_A/chicken/PT/a158/20,A/chicken/PT/a158/2015,-0.163302,-0.305343,0.006255,0.021167,MP1
502_A/chicken/Qingdao/1/,A/chicken/Qingdao/1/2014,-0.174836,-0.210761,-0.03297,-0.046951,MP1
503_A/chicken/SC/a688/20,A/chicken/SC/a688/2015,-0.16509,-0.30744,0.004144,0.011039,MP1
504_A/chicken/Shandong/S,A/chicken/Shandong/S3/2014,-0.175005,-0.216873,-0.036794,-0.042635,MP1
505_A/chicken/Shijiazhua,A/chicken/Shijiazhuang/1209/2013,-0.163163,-0.297659,-0.030726,-0.029318,MP1
506_A/chicken/Taichung/1,A/chicken/Taichung/15010399/2015,-0.239422,-0.31963,-0.06782,0.046024,MP1
507_A/chicken/Taichung/1,A/chicken/Taichung/16040032-3/2016,-0.235857,-0.328879,-0.079848,0.038034,MP1
508_A/chicken/Taichung/1,A/chicken/Taichung/16050044-2/2016,-0.211961,-0.325745,-0.101515,0.053043,MP1
509_A/chicken/Tainan/160,A/chicken/Tainan/16040035-1/2016,-0.218774,-0.327137,-0.07632,0.023699,MP1
510_A/chicken/Taipei_Cit,A/chicken/Taipei_City/18010007-3/2018,-0.249861,-0.355385,-0.06634,0.031201,MP1
511_A/chicken/Taipei_Cit,A/chicken/Taipei_City/18010008-3/2018,-0.244554,-0.352314,-0.072121,0.032712,MP1
512_A/chicken/Taiwan/010,A/chicken/Taiwan/0101/2012,-0.2114,-0.343012,0.035803,0.038991,MP1
513_A/chicken/Taiwan/050,A/chicken/Taiwan/0502/2012,-0.13586,-0.308177,0.024472,0.019394,MP1
514_A/chicken/Taiwan/683,A/chicken/Taiwan/683/2012,-0.170597,-0.317911,-0.008331,-0.006276,MP1
515_A/chicken/Taiwan/168,A/chicken/Taiwan/1682/2013,-0.235534,-0.34795,0.044134,0.009179,MP1
516_A/chicken/Taiwan/169,A/chicken/Taiwan/1692/2013,-0.235534,-0.34795,0.044134,0.009179,MP1
517_A/chicken/Taiwan/170,A/chicken/Taiwan/1704/2013,-0.235534,-0.34795,0.044134,0.009179,MP1
518_A/chicken/Taiwan/171,A/chicken/Taiwan/1711/2013,-0.235534,-0.34795,0.044134,0.009179,MP1
519_A/chicken/Taiwan/259,A/chicken/Taiwan/2593/2012,-0.153387,-0.293977,0.021908,0.015404,MP1
520_A/chicken/Taiwan/294,A/chicken/Taiwan/2948/2013,-0.159483,-0.291563,0.030613,0.010229,MP1
521_A/chicken/Taiwan/444,A/chicken/Taiwan/4443/2013,-0.157047,-0.291627,0.02188,0.01022,MP1
522_A/chicken/Taiwan/735,A/chicken/Taiwan/7350/2013,-0.153387,-0.293977,0.021908,0.015404,MP1
523_A/chicken/Taiwan/898,A/chicken/Taiwan/8988/2013,-0.142588,-0.298695,0.042935,0.020338,MP1
524_A/chicken/Taiwan/899,A/chicken/Taiwan/8994/2013,-0.142588,-0.298695,0.042935,0.020338,MP1
525_A/chicken/Taiwan/899,A/chicken/Taiwan/8996/2013,-0.142588,-0.298695,0.042935,0.020338,MP1
526_A/chicken/Taiwan/A1/,A/chicken/Taiwan/A1/2019,-0.182735,-0.308303,-0.041966,0.05107,MP1
527_A/chicken/Taiwan/A19,A/chicken/Taiwan/A1997/2012,-0.13586,-0.308177,0.024472,0.019394,MP1
528_A/chicken/Taiwan/D2/,A/chicken/Taiwan/D2/2019,-0.210318,-0.344484,-0.101051,0.04596,MP1
529_A/chicken/Taiwan/D9/,A/chicken/Taiwan/D9/2019,-0.210318,-0.344484,-0.101051,0.04596,MP1
530_A/chicken/Taiwan/u7/,A/chicken/Taiwan/u7/2016,-0.252416,-0.353592,-0.063354,0.028179,MP1
531_A/chicken/TC/a504/20,A/chicken/TC/a504/2015,-0.153385,-0.301886,-0.016793,0.033824,MP1
532_A/chicken/TY/a665/20,A/chicken/TY/a665/2015,-0.163302,-0.305343,0.006255,0.021167,MP1
533_A/chicken/YL/A3190/2,A/chicken/YL/A3190/2014,-0.125989,-0.200304,0.008018,0.049955,MP1
534_A/chicken/Yunlin/150,A/chicken/Yunlin/15020048-1/2015,-0.240957,-0.323659,-0.066362,0.045501,MP1
535_A/chicken/Yunlin/150,A/chicken/Yunlin/15040002-2/2015,-0.23604,-0.335501,-0.08399,0.042709,MP1
536_A/chicken/Yunlin/150,A/chicken/Yunlin/15040027/2015,-0.235857,-0.328879,-0.079848,0.038034,MP1
537_A/chicken/Yunlin/150,A/chicken/Yunlin/15050037-2/2015,-0.248885,-0.3282,-0.09582,0.030513,MP1
538_A/chicken/Yunlin/150,A/chicken/Yunlin/15050039-2/2015,-0.238803,-0.33075,-0.075483,0.040681,MP1
539_A/chicken/Yunlin/150,A/chicken/Yunlin/15060014-1/2015,-0.238803,-0.33075,-0.075483,0.040681,MP1
540_A/chicken/Yunlin/150,A/chicken/Yunlin/15080024/2015,-0.22955,-0.31998,-0.069894,0.032616,MP1
541_A/chicken/Yunlin/160,A/chicken/Yunlin/16010001-1/2016,-0.232221,-0.331543,-0.074202,0.051112,MP1
542_A/chicken/Yunlin/160,A/chicken/Yunlin/16010008-1/2016,-0.231592,-0.339389,-0.084243,0.046943,MP1
543_A/chicken/Yunlin/160,A/chicken/Yunlin/16050053/2016,-0.235857,-0.328879,-0.079848,0.038034,MP1
544_A/chicken/Yunlin/170,A/chicken/Yunlin/17010014/2017,-0.25355,-0.35124,-0.064855,0.033232,MP1
545_A/chicken/Yunlin/170,A/chicken/Yunlin/17020094-1/2017,-0.252416,-0.353592,-0.063354,0.028179,MP1
546_A/chicken/Yunlin/170,A/chicken/Yunlin/17020095-2/2017,-0.245946,-0.353759,-0.061974,0.034672,MP1
547_A/chicken/Yunlin/170,A/chicken/Yunlin/17030001-1/2017,-0.247193,-0.353708,-0.066298,0.026671,MP1
548_A/chicken/Yunlin/170,A/chicken/Yunlin/17030007-1/2017,-0.236016,-0.341528,-0.042979,0.030439,MP1
549_A/chicken/Yunlin/170,A/chicken/Yunlin/17030010-1/2017,-0.252941,-0.350823,-0.065522,0.032214,MP1
550_A/chicken/Yunlin/170,A/chicken/Yunlin/17030014-1/2017,-0.248727,-0.357737,-0.064839,0.026148,MP1
551_A/chicken/Yunlin/170,A/chicken/Yunlin/17030020-2/2017,-0.252416,-0.353592,-0.063354,0.028179,MP1
552_A/chicken/Yunlin/170,A/chicken/Yunlin/17030021-1/2017,-0.248727,-0.357737,-0.064839,0.026148,MP1
553_A/chicken/Yunlin/170,A/chicken/Yunlin/17030032-2/2017,-0.245946,-0.353759,-0.061974,0.034672,MP1
554_A/chicken/Yunlin/170,A/chicken/Yunlin/17030065-2/2017,-0.249288,-0.3451,-0.063576,0.020856,MP1
555_A/chicken/Yunlin/170,A/chicken/Yunlin/17040003-1/2017,-0.238465,-0.342231,-0.055241,0.034883,MP1
556_A/chicken/Yunlin/170,A/chicken/Yunlin/17040004-2/2017,-0.232712,-0.34855,-0.07175,0.031375,MP1
557_A/chicken/Yunlin/170,A/chicken/Yunlin/17040011-1/2017,-0.245816,-0.350942,-0.071972,0.016888,MP1
558_A/chicken/Yunlin/170,A/chicken/Yunlin/17060019/2017,-0.248727,-0.357737,-0.064839,0.026148,MP1
559_A/chicken/Yunlin/170,A/chicken/Yunlin/17070010/2017,-0.248727,-0.357737,-0.064839,0.026148,MP1
560_A/chicken/Yunlin/180,A/chicken/Yunlin/18010001-2/2018,-0.248727,-0.357737,-0.064839,0.026148,MP1
561_A/chicken/Yunlin/180,A/chicken/Yunlin/18010003-3/2018,-0.239476,-0.3576,-0.052633,0.0201,MP1
562_A/chicken/Yunlin/180,A/chicken/Yunlin/18010023-1/2018,-0.225356,-0.351833,-0.088675,0.045193,MP1
563_A/chicken/Yunlin/180,A/chicken/Yunlin/18020003-2/2018,-0.231681,-0.342583,-0.08499,0.039798,MP1
564_A/chicken/Yunlin/180,A/chicken/Yunlin/18020004-1/2018,-0.231681,-0.342583,-0.08499,0.039798,MP1
565_A/chicken/Yunlin/180,A/chicken/Yunlin/18020005-2/2018,-0.231681,-0.342583,-0.08499,0.039798,MP1
566_A/chicken/Yunlin/180,A/chicken/Yunlin/18020008-2/2018,-0.216104,-0.351696,-0.076468,0.039145,MP1
567_A/chicken/Yunlin/180,A/chicken/Yunlin/18030002-1/2018,-0.228134,-0.34071,-0.070526,0.029686,MP1
568_A/chicken/Yunlin/180,A/chicken/Yunlin/18050013-1/2018,-0.231681,-0.342583,-0.08499,0.039798,MP1
569_A/chicken/Yunlin/180,A/chicken/Yunlin/18060001-2/2018,-0.231681,-0.342583,-0.08499,0.039798,MP1
570_A/chicken/Yunlin/180,A/chicken/Yunlin/18080006-1/2018,-0.244656,-0.357295,-0.058363,0.03161,MP1
571_A/chicken/Zhejiang/1,A/chicken/Zhejiang/194/2016,-0.247437,-0.270152,-0.116193,-0.076836,MP1
572_A/chicken/Zhejiang/2,A/chicken/Zhejiang/209/2016,-0.190854,-0.362727,-0.077969,0.039582,MP1
573_A/chicken/Zhejiang/2,A/chicken/Zhejiang/217/2016,-0.247437,-0.270152,-0.116193,-0.076836,MP1
574_A/chicken/Zhejiang/2,A/chicken/Zhejiang/232/2016,-0.223441,-0.317612,-0.069651,0.034741,MP1
575_A/chicken/Zhejiang/7,A/chicken/Zhejiang/7450/2015,-0.233272,-0.25131,-0.085392,0.041981,MP1
576_A/chicken/Zhejiang/8,A/chicken/Zhejiang/81643/2015,-0.233272,-0.25131,-0.085392,0.041981,MP1
577_A/chicken/Zhejiang/5,A/chicken/Zhejiang/514135/2015,-0.271179,-0.307976,-0.105678,-0.051738,MP1
578_A/chicken/Zhejiang/7,A/chicken/Zhejiang/727079/2014,-0.263825,-0.203917,-0.092264,-0.080832,MP1
579_A/chicken/Zhejiang/7,A/chicken/Zhejiang/727159/2014,-0.263825,-0.203917,-0.092264,-0.080832,MP1
580_A/duck/Changhua/15A0,A/duck/Changhua/15A03431-1-20T/2015,-0.240957,-0.323659,-0.066362,0.045501,MP1
581_A/duck/Changhua/15A0,A/duck/Changhua/15A03473-1-20T/2015,-0.227634,-0.325372,-0.078771,0.038097,MP1
582_A/duck/China/YD1516/,A/duck/China/YD1516/2016,-0.209338,-0.307363,-0.069307,0.04123,MP1
583_A/duck/Eastern_China,A/duck/Eastern_China/L0230/2010,-0.252095,-0.332617,-0.074918,0.056574,MP1
584_A/duck/Eastern_China,A/duck/Eastern_China/L0321/2010,-0.226434,-0.317531,-0.092386,0.037932,MP1
585_A/duck/Eastern_China,A/duck/Eastern_China/S0131/2014,-0.234397,-0.321054,-0.069612,0.035804,MP1
586_A/duck/Eastern_China,A/duck/Eastern_China/S0808/2014,-0.22859,-0.305543,-0.062335,0.034175,MP1
587_A/duck/Hebei/3/2011|,A/duck/Hebei/3/2011,-0.231595,-0.3429,-0.120581,0.06633,MP1
588_A/duck/Hsinchu/15020,A/duck/Hsinchu/15020216/2015,-0.235857,-0.328879,-0.079848,0.038034,MP1
589_A/duck/Hubei/03.06__,A/duck/Hubei/03.06__WHWTZ0107-O/2015(Mixed),-0.21254,-0.134598,-0.105637,-0.013441,MP1
590_A/duck/Hubei/SZY250/,A/duck/Hubei/SZY250/2016,-0.216615,-0.310866,-0.092887,0.059923,MP1
591_A/duck/Hunan/S4101/2,A/duck/Hunan/S4101/2011,-0.116374,-0.277632,-0.09016,0.086532,MP1
592_A/duck/Hunan/S4120/2,A/duck/Hunan/S4120/2011,-0.123267,-0.286762,-0.096309,0.072625,MP1
593_A/duck/Jiangsu/m234/,A/duck/Jiangsu/m234/2012,-0.171429,-0.325181,-0.121097,0.069702,MP1
594_A/duck/Kaohsiung/150,A/duck/Kaohsiung/15010213/2015,-0.230631,-0.341054,-0.08761,0.027029,MP1
595_A/duck/Nantou/15A343,A/duck/Nantou/15A3437/2015,-0.227634,-0.325372,-0.078771,0.038097,MP1
596_A/duck/Nantou/17A024,A/duck/Nantou/17A0243/2017,-0.239438,-0.353661,-0.09046,0.045641,MP1
597_A/duck/Pingtung/17A0,A/duck/Pingtung/17A0160/2017,-0.255793,-0.345949,-0.055167,0.030878,MP1
598_A/duck/Pingtung/18A0,A/duck/Pingtung/18A00003-11-20T/2018,-0.238154,-0.348199,-0.062861,0.030492,MP1
599_A/duck/Pingtung/18A0,A/duck/Pingtung/18A00076-11-20T/2018,-0.235528,-0.337843,-0.059008,0.02712,MP1
600_A/duck/Pingtung/18X0,A/duck/Pingtung/18X00077/2018,-0.222226,-0.347154,-0.085629,0.04851,MP1
601_A/duck/Pingtung/1501,A/duck/Pingtung/15010444/2015,-0.235857,-0.328879,-0.079848,0.038034,MP1
602_A/duck/Taichung/1501,A/duck/Taichung/15010400-1/2015,-0.240957,-0.323659,-0.066362,0.045501,MP1
603_A/duck/Tainan/160100,A/duck/Tainan/16010024-1/2016,-0.22955,-0.31998,-0.069894,0.032616,MP1
604_A/duck/Taipei/05WB83,A/duck/Taipei/05WB830-1-5-E2/2005,-0.125908,-0.301112,-0.136405,0.057489,MP1
605_A/duck/Taiwan/01006/,A/duck/Taiwan/01006/2015,-0.235857,-0.328879,-0.079848,0.038034,MP1
606_A/duck/Taiwan/11213/,A/duck/Taiwan/11213/2013,-0.128711,-0.206946,-0.097319,-0.001798,MP1
607_A/duck/Taiwan/11254/,A/duck/Taiwan/11254/2013,-0.09699,-0.212659,-0.099137,-0.034479,MP1
608_A/duck/Taiwan/a043/2,A/duck/Taiwan/a043/2015,-0.229315,-0.325546,-0.074227,0.041634,MP1
609_A/duck/Taiwan/DV1238,A/duck/Taiwan/DV1238/2009,-0.166339,-0.302359,-0.07575,0.04569,MP1
610_A/duck/Taiwan/DV1241,A/duck/Taiwan/DV1241/2009,-0.166339,-0.302359,-0.07575,0.04569,MP1
611_A/duck/Taiwan/DV1242,A/duck/Taiwan/DV1242/2009,-0.166339,-0.302359,-0.07575,0.04569,MP1
612_A/duck/Taoyuan/16010,A/duck/Taoyuan/16010023-1/2016,-0.217132,-0.324069,-0.052908,0.036957,MP1
613_A/duck/Yilan/17A0092,A/duck/Yilan/17A0092/2017,-0.252618,-0.352527,-0.064188,0.029731,MP1
614_A/duck/Yunlin/15A501,A/duck/Yunlin/15A5019/2015,-0.235857,-0.328879,-0.079848,0.038034,MP1
615_A/duck/Yunlin/17A008,A/duck/Yunlin/17A0086/2017,-0.252416,-0.353592,-0.063354,0.028179,MP1
616_A/duck/Yunlin/17A068,A/duck/Yunlin/17A0686/2017,-0.247718,-0.350938,-0.068467,0.030706,MP1
617_A/duck/Yunlin/18X000,A/duck/Yunlin/18X00007-3/2018,-0.251395,-0.339558,-0.059856,0.014187,MP1
618_A/duck/Yunlin/150102,A/duck/Yunlin/15010244-1/2015,-0.240957,-0.323659,-0.066362,0.045501,MP1
619_A/duck/Yunlin/150103,A/duck/Yunlin/15010310-4/2015,-0.240957,-0.323659,-0.066362,0.045501,MP1
620_A/duck/Yunlin/150103,A/duck/Yunlin/15010318-2/2015,-0.235857,-0.328879,-0.079848,0.038034,MP1
621_A/duck/Yunlin/150103,A/duck/Yunlin/15010369-1/2015,-0.240957,-0.323659,-0.066362,0.045501,MP1
622_A/duck/Yunlin/150700,A/duck/Yunlin/15070002-2/2015,-0.235857,-0.328879,-0.079848,0.038034,MP1
623_A/duck/Yunlin/171100,A/duck/Yunlin/17110001/2017,-0.233831,-0.349839,-0.059117,0.031557,MP1
624_A/duck/Yunlin/180600,A/duck/Yunlin/18060007-3/2018,-0.244656,-0.357295,-0.058363,0.03161,MP1
625_A/duck/Zhejiang/7713,A/duck/Zhejiang/77138/2014,-0.267669,-0.317794,-0.085851,-0.074546,MP1
626_A/duck/Zhejiang/7270,A/duck/Zhejiang/727041/2014,-0.258352,-0.314237,-0.103146,-0.063397,MP1
627_A/duck/Zhejiang/1026,A/duck/Zhejiang/1026109/2015,-0.194709,-0.240322,-0.131221,0.055213,MP1
628_A/Environment/Shando,A/Environment/Shandong/WS15/2022,-0.138198,-0.28677,-0.115766,0.003286,MP1
629_A/Environment/Shando,A/Environment/Shandong/WS16/2022,-0.138198,-0.28677,-0.115766,0.003286,MP1
630_A/Environment/Shando,A/Environment/Shandong/WS19/2022,-0.138198,-0.28677,-0.115766,0.003286,MP1
631_A/goose/Changhua/150,A/goose/Changhua/15040008/2015,-0.240957,-0.323659,-0.066362,0.045501,MP1
632_A/goose/Chiayi/15010,A/goose/Chiayi/15010008-3/2015,-0.229532,-0.338129,-0.083533,0.043429,MP1
633_A/goose/Chiayi/15010,A/goose/Chiayi/15010016-1/2015,-0.235857,-0.328879,-0.079848,0.038034,MP1
634_A/goose/Chiayi/16010,A/goose/Chiayi/16010017-2/2016,-0.234176,-0.324552,-0.063334,0.036731,MP1
635_A/goose/Chiayi/16040,A/goose/Chiayi/16040003-1/2016,-0.235857,-0.328879,-0.079848,0.038034,MP1
636_A/goose/Chiayi/16040,A/goose/Chiayi/16040005/2016,-0.235857,-0.328879,-0.079848,0.038034,MP1
637_A/goose/Chiayi/17020,A/goose/Chiayi/17020027-1/2017,-0.2301,-0.346671,-0.048213,0.044028,MP1
638_A/goose/Chiayi/17040,A/goose/Chiayi/17040014/2017,-0.236382,-0.32611,-0.082016,0.04207,MP1
639_A/goose/Chiayi/18010,A/goose/Chiayi/18010006/2018,-0.244063,-0.349028,-0.063252,0.029987,MP1
640_A/goose/Chiayi/18020,A/goose/Chiayi/18020014-2/2018,-0.23394,-0.355113,-0.062178,0.024426,MP1
641_A/goose/China/1106/2,A/goose/China/1106/2016,-0.21954,-0.318238,-0.066791,0.049485,MP1
642_A/goose/Pingtung/150,A/goose/Pingtung/15010007-4/2015,-0.235857,-0.328879,-0.079848,0.038034,MP1
643_A/goose/Pingtung/150,A/goose/Pingtung/15010037-1/2015,-0.235857,-0.328879,-0.079848,0.038034,MP1
644_A/goose/Shandong/01.,A/goose/Shandong/01.01_JY-GS/2015(H5N2),-0.226044,-0.31649,-0.06951,0.037613,MP1
645_A/goose/Shandong/01.,A/goose/Shandong/01.07_JQ-GS/2015(H5N2),-0.226044,-0.31649,-0.06951,0.037613,MP1
646_A/goose/Shandong/04.,A/goose/Shandong/04.22_GT/2015(H5N2),-0.225651,-0.32448,-0.073997,0.026301,MP1
647_A/goose/Tainan/17030,A/goose/Tainan/17030022-1/2017,-0.252058,-0.353327,-0.071075,0.027783,MP1
648_A/goose/Tainan/17030,A/goose/Tainan/17030024-1/2017,-0.256292,-0.351104,-0.063384,0.022689,MP1
649_A/goose/Tainan/18010,A/goose/Tainan/18010022-1/2018,-0.248727,-0.357737,-0.064839,0.026148,MP1
650_A/goose/Tainan/18050,A/goose/Tainan/18050014-1/2018,-0.24557,-0.35304,-0.056403,0.04198,MP1
651_A/goose/Taiwan/01022,A/goose/Taiwan/01022/2015,-0.237081,-0.326147,-0.066332,0.050991,MP1
652_A/goose/Taiwan/01023,A/goose/Taiwan/01023/2015,-0.235857,-0.328879,-0.079848,0.038034,MP1
653_A/goose/Taiwan/01031,A/goose/Taiwan/01031/2015,-0.239411,-0.327553,-0.076818,0.04007,MP1
654_A/goose/Taiwan/01040,A/goose/Taiwan/01040/2015,-0.230758,-0.3341,-0.093334,0.030567,MP1
655_A/goose/Taoyuan/1812,A/goose/Taoyuan/18120002-2/2018,-0.242627,-0.350017,-0.054872,0.037777,MP1
656_A/goose/Yunlin/15010,A/goose/Yunlin/15010005/2015,-0.235857,-0.328879,-0.079848,0.038034,MP1
657_A/goose/Yunlin/15010,A/goose/Yunlin/15010009-1/2015,-0.235857,-0.328879,-0.079848,0.038034,MP1
658_A/goose/Yunlin/15010,A/goose/Yunlin/15010010-2/2015,-0.235857,-0.328879,-0.079848,0.038034,MP1
659_A/goose/Yunlin/15010,A/goose/Yunlin/15010011-1/2015,-0.235857,-0.328879,-0.079848,0.038034,MP1
660_A/goose/Yunlin/16020,A/goose/Yunlin/16020008-4/2016,-0.235857,-0.328879,-0.079848,0.038034,MP1
661_A/goose/Yunlin/16020,A/goose/Yunlin/16020011-1/2016,-0.239733,-0.326391,-0.079877,0.032544,MP1
662_A/goose/Yunlin/16040,A/goose/Yunlin/16040002-2/2016,-0.235857,-0.328879,-0.079848,0.038034,MP1
663_A/goose/Yunlin/17100,A/goose/Yunlin/17100005/2017,-0.259922,-0.343259,-0.057074,0.025269,MP1
664_A/goose/Yunlin/18030,A/goose/Yunlin/18030020-2/2018,-0.249386,-0.336824,-0.0542,0.019196,MP1
665_A/goose/Yunlin/18030,A/goose/Yunlin/18030020-3/2018,-0.26843,-0.328664,-0.031297,0.012643,MP1
666_A/goose/Yunlin/18040,A/goose/Yunlin/18040002-3/2018,-0.248727,-0.357737,-0.064839,0.026148,MP1
667_A/goose/Yunlin/18040,A/goose/Yunlin/18040018-2/2018,-0.254212,-0.347406,-0.043103,0.038771,MP1
668_A/goose/Yunlin/18090,A/goose/Yunlin/18090002-3/2018,-0.244347,-0.378349,-0.068253,0.024449,MP1
669_A/goose/Yunlin/18090,A/goose/Yunlin/18090006-1/2018,-0.221868,-0.346888,-0.093351,0.048115,MP1
670_A/goose/Yunlin/18110,A/goose/Yunlin/18110002-3/2018,-0.242627,-0.350017,-0.054872,0.037777,MP1
671_A/goose/Zhejiang/771,A/goose/Zhejiang/77166/2014,-0.267669,-0.317794,-0.085851,-0.074546,MP1
672_A/goose/Zhejiang/771,A/goose/Zhejiang/77167/2014,-0.267669,-0.317794,-0.085851,-0.074546,MP1
673_A/goose/Zhejiang/771,A/goose/Zhejiang/77168/2014,-0.267669,-0.317794,-0.085851,-0.074546,MP1
674_A/heron/Taiwan/17DB0,A/heron/Taiwan/17DB0001/2017,-0.245908,-0.35622,-0.062897,0.028899,MP1
675_A/parrot/Guangdong/2,A/parrot/Guangdong/258/2004,-0.187366,-0.11882,-0.151259,-0.009275,MP1
676_A/Pigeon/Shandong/WS,A/Pigeon/Shandong/WS17/2022,-0.138198,-0.28677,-0.115766,0.003286,MP1
677_A/Taiwan/DV413/2006|,A/Taiwan/DV413/2006,-0.102884,-0.298522,-0.169849,-0.012207,MP1
678_A/Taiwan/DV518/2006|,A/Taiwan/DV518/2006,-0.102884,-0.298522,-0.169849,-0.012207,MP1
679_A/thrush/Taiwan/1512,A/thrush/Taiwan/15120021/2015,-0.231592,-0.339389,-0.084243,0.046943,MP1
680_A/turkey/Changhua/16,A/turkey/Changhua/16010011-1/2016,-0.239733,-0.326391,-0.079877,0.032544,MP1
681_A/turkey/Chiayi/1801,A/turkey/Chiayi/18010013-3/2018,-0.248727,-0.357737,-0.064839,0.026148,MP1
682_A/turkey/Yunlin/1506,A/turkey/Yunlin/15060049-1/2015,-0.240655,-0.329573,-0.079004,0.045524,MP1
683_A/turkey/Yunlin/1802,A/turkey/Yunlin/18020020-2/2018,-0.247761,-0.341235,-0.061643,0.029424,MP1
684_A/turkey/Yunlin/1811,A/turkey/Yunlin/18110001-3/2018,-0.249955,-0.365601,-0.055278,0.031578,MP1
685_A/turkey/Yunlin/1812,A/turkey/Yunlin/18120005-2/2018,-0.242627,-0.350017,-0.054872,0.037777,MP1
686_A/whooper_swan/Henan,A/whooper_swan/Henan/T578/2019,-0.147875,-0.314016,-0.149684,0.021672,MP1
687_A/whooper_swan/Henan,A/whooper_swan/Henan/T874/2018,-0.147875,-0.314016,-0.149684,0.021672,MP1
688_A/whooper_swan/Henan,A/whooper_swan/Henan/T880/2018,-0.147875,-0.314016,-0.149684,0.021672,MP1
689_A/whooper_swan/Henan,A/whooper_swan/Henan/T886/2018,-0.147875,-0.314016,-0.149684,0.021672,MP1
690_A/whooper_swan/Henan,A/whooper_swan/Henan/T888/2018,-0.147875,-0.314016,-0.149684,0.021672,MP1
691_A/whooper_swan/Henan,A/whooper_swan/Henan/Y120/2018,-0.147324,-0.314484,-0.146692,0.020285,MP1
692_A/whooper_swan/Shanx,A/whooper_swan/Shanxi/SX116/2020,-0.144052,-0.30813,-0.142131,0.008833,MP1
693_A/wildfowl/China/472,A/wildfowl/China/472/2014,-0.197814,-0.223297,-0.137604,0.056683,MP1
694_A/Taiwan/DV413/2006_,A/Taiwan/DV413/2006_H5N2,-0.102884,-0.298522,-0.169849,-0.012207,MP1
695_A/Taiwan/DV518/2006_,A/Taiwan/DV518/2006_H5N2,-0.102884,-0.298522,-0.169849,-0.012207,MP1
696_A/baikal_teal/Xiangh,A/baikal_teal/Xianghai/426/2011_H5N2,-0.173159,-0.241333,-0.11069,0.035914,MP1
697_A/canvasback/Xiangha,A/canvasback/Xianghai/428/2011_H5N2,-0.151331,-0.323407,-0.127141,0.073203,MP1
698_A/chicken/Beijing/BJ,A/chicken/Beijing/BJ7/2014_H5N2,-0.193531,-0.229451,-0.04057,-0.059208,MP1
699_A/chicken/CH/a556/20,A/chicken/CH/a556/2015_H5N2,-0.163529,-0.299991,0.010422,0.012496,MP1
700_A/chicken/Changhua/1,A/chicken/Changhua/15010120-1/2015_H5N2,-0.230947,-0.326319,-0.089386,0.04158,MP1
701_A/chicken/Changhua/1,A/chicken/Changhua/15010288/2015_H5N2,-0.235857,-0.328879,-0.079848,0.038034,MP1
702_A/chicken/Changhua/1,A/chicken/Changhua/15010324-2/2015_H5N2,-0.235857,-0.328879,-0.079848,0.038034,MP1
703_A/chicken/Changhua/1,A/chicken/Changhua/15010361-1/2015_H5N2,-0.240957,-0.323659,-0.066362,0.045501,MP1
704_A/chicken/Changhua/1,A/chicken/Changhua/15010362-2/2015_H5N2,-0.240957,-0.323659,-0.066362,0.045501,MP1
705_A/chicken/Changhua/1,A/chicken/Changhua/15010363-2/2015_H5N2,-0.240957,-0.323659,-0.066362,0.045501,MP1
706_A/chicken/Changhua/1,A/chicken/Changhua/15050013-1/2015_H5N2,-0.238072,-0.328672,-0.069768,0.051157,MP1
707_A/chicken/Changhua/1,A/chicken/Changhua/15060027-2/2015_H5N2,-0.238072,-0.328672,-0.069768,0.051157,MP1
708_A/chicken/Changhua/1,A/chicken/Changhua/15060037-1/2015_H5N2,-0.24192,-0.345937,-0.077128,0.041788,MP1
709_A/chicken/Changhua/1,A/chicken/Changhua/15120008/2015_H5N2,-0.22955,-0.31998,-0.069894,0.032616,MP1
710_A/chicken/Changhua/1,A/chicken/Changhua/16010060-2/2016_H5N2,-0.254992,-0.340536,-0.045304,0.043966,MP1
711_A/chicken/Changhua/1,A/chicken/Changhua/17060006/2017_H5N2,-0.233926,-0.3263,-0.052716,0.028062,MP1
712_A/chicken/Changhua/1,A/chicken/Changhua/18040008-1/2018_H5N2,-0.249446,-0.350552,-0.056433,0.036491,MP1
713_A/chicken/Chiayi/150,A/chicken/Chiayi/15010287-2/2015_H5N2,-0.235857,-0.328879,-0.079848,0.038034,MP1
714_A/chicken/Chiayi/150,A/chicken/Chiayi/15010409-2/2015_H5N2,-0.240957,-0.323659,-0.066362,0.045501,MP1
715_A/chicken/Chiayi/170,A/chicken/Chiayi/17040009-2/2017_H5N2,-0.241722,-0.347274,-0.077509,0.043903,MP1
716_A/chicken/Chiayi/181,A/chicken/Chiayi/18120003-1/2018_H5N2,-0.242627,-0.350017,-0.054872,0.037777,MP1
717_A/chicken/Chiping/03,A/chicken/Chiping/0321/2014_H5N2,-0.18294,-0.22738,-0.035566,-0.050398,MP1
718_A/chicken/Eastern_Ch,A/chicken/Eastern_China/HF9/2018_H5N2,-0.16543,-0.122918,-0.06372,-0.02666,MP1
719_A/chicken/Eastern_Ch,A/chicken/Eastern_China/QY5/2018_H5N2,-0.16543,-0.122918,-0.06372,-0.02666,MP1
720_A/chicken/GY/a451/20,A/chicken/GY/a451/2015_H5N2,-0.158047,-0.273894,-0.017083,0.001138,MP1
721_A/chicken/Hebei/1102,A/chicken/Hebei/1102-MA/2010_H5N2,-0.16707,-0.124361,-0.067997,-0.025309,MP1
722_A/chicken/Hebei/1102,A/chicken/Hebei/1102/2010_H5N2,-0.16707,-0.124361,-0.067997,-0.025309,MP1
723_A/chicken/Hebei/3/20,A/chicken/Hebei/3/2013_H5N2,-0.181727,-0.240397,-0.057961,-0.052084,MP1
724_A/chicken/Heilongjia,A/chicken/Heilongjiang/S7/2014_H5N2,-0.262283,-0.30092,-0.096193,-0.072509,MP1
725_A/chicken/Henan/Q7/2,A/chicken/Henan/Q7/2013_H5N2,-0.187206,-0.238702,-0.044255,-0.053813,MP1
726_A/chicken/Hsinchu/16,A/chicken/Hsinchu/16080004-2/2016_H5N2,-0.252416,-0.353592,-0.063354,0.028179,MP1
727_A/chicken/Jiangsu/10,A/chicken/Jiangsu/1001/2013_H5N2,-0.160322,-0.242684,-0.054241,-0.040743,MP1
728_A/chicken/Jiangsu/XZ,A/chicken/Jiangsu/XZ216/2014_H5N2,-0.187374,-0.244814,-0.048079,-0.049497,MP1
729_A/chicken/Kaohsiung/,A/chicken/Kaohsiung/17040007/2017_H5N2,-0.252941,-0.350823,-0.065522,0.032214,MP1
730_A/chicken/Kaohsiung/,A/chicken/Kaohsiung/17100002/2017_H5N2,-0.247718,-0.350938,-0.068467,0.030706,MP1
731_A/chicken/Kaohsiung/,A/chicken/Kaohsiung/18080004-1/2018_H5N2,-0.222226,-0.347154,-0.085629,0.04851,MP1
732_A/chicken/Kaohsiung/,A/chicken/Kaohsiung/18080004-2/2018_H5N2,-0.222226,-0.347154,-0.085629,0.04851,MP1
733_A/chicken/New_Taipei,A/chicken/New_Taipei_City/17040002-2/2017_H5N2,-0.252941,-0.350823,-0.065522,0.032214,MP1
734_A/chicken/New_Taipei,A/chicken/New_Taipei_City/18010021-3/2018_H5N2,-0.260151,-0.343266,-0.047668,0.02822,MP1
735_A/chicken/PH/A2821/2,A/chicken/PH/A2821/2013_H5N2,-0.153654,-0.291871,0.011332,0.003583,MP1
736_A/chicken/PT/a158/20,A/chicken/PT/a158/2015_H5N2,-0.163302,-0.305343,0.006255,0.021167,MP1
737_A/chicken/Pingtung/1,A/chicken/Pingtung/15050006-1/2015_H5N2,-0.229845,-0.328671,-0.078702,0.039703,MP1
738_A/chicken/Pingtung/1,A/chicken/Pingtung/16020009-3/2016_H5N2,-0.224966,-0.325491,-0.074953,0.03748,MP1
739_A/chicken/Pingtung/1,A/chicken/Pingtung/18010017-1/2018_H5N2,-0.222226,-0.347154,-0.085629,0.04851,MP1
740_A/chicken/Pingtung/1,A/chicken/Pingtung/18020015-1/2018_H5N2,-0.260151,-0.343266,-0.047668,0.02822,MP1
741_A/chicken/Qingdao/1/,A/chicken/Qingdao/1/2014_H5N2,-0.174836,-0.210761,-0.03297,-0.046951,MP1
742_A/chicken/SC/a688/20,A/chicken/SC/a688/2015_H5N2,-0.16509,-0.30744,0.004144,0.011039,MP1
743_A/chicken/Shandong/S,A/chicken/Shandong/S3/2014_H5N2,-0.175005,-0.216873,-0.036794,-0.042635,MP1
744_A/chicken/Shijiazhua,A/chicken/Shijiazhuang/1209/2013_H5N2,-0.163163,-0.297659,-0.030726,-0.029318,MP1
745_A/chicken/TC/a504/20,A/chicken/TC/a504/2015_H5N2,-0.153385,-0.301886,-0.016793,0.033824,MP1
746_A/chicken/TY/a665/20,A/chicken/TY/a665/2015_H5N2,-0.163302,-0.305343,0.006255,0.021167,MP1
747_A/chicken/Taichung/1,A/chicken/Taichung/15010399/2015_H5N2,-0.239422,-0.31963,-0.06782,0.046024,MP1
748_A/chicken/Taichung/1,A/chicken/Taichung/16040032-3/2016_H5N2,-0.235857,-0.328879,-0.079848,0.038034,MP1
749_A/chicken/Taichung/1,A/chicken/Taichung/16050044-2/2016_H5N2,-0.211961,-0.325745,-0.101515,0.053043,MP1
750_A/chicken/Tainan/160,A/chicken/Tainan/16040035-1/2016_H5N2,-0.218774,-0.327137,-0.07632,0.023699,MP1
751_A/chicken/Taipei_Cit,A/chicken/Taipei_City/18010007-3/2018_H5N2,-0.249861,-0.355385,-0.06634,0.031201,MP1
752_A/chicken/Taipei_Cit,A/chicken/Taipei_City/18010008-3/2018_H5N2,-0.244554,-0.352314,-0.072121,0.032712,MP1
753_A/chicken/Taiwan/010,A/chicken/Taiwan/0101/2012_H5N2,-0.2114,-0.343012,0.035803,0.038991,MP1
754_A/chicken/Taiwan/050,A/chicken/Taiwan/0502/2012_H5N2,-0.13586,-0.308177,0.024472,0.019394,MP1
755_A/chicken/Taiwan/168,A/chicken/Taiwan/1682/2013_H5N2,-0.235534,-0.34795,0.044134,0.009179,MP1
756_A/chicken/Taiwan/169,A/chicken/Taiwan/1692/2013_H5N2,-0.235534,-0.34795,0.044134,0.009179,MP1
757_A/chicken/Taiwan/170,A/chicken/Taiwan/1704/2013_H5N2,-0.235534,-0.34795,0.044134,0.009179,MP1
758_A/chicken/Taiwan/171,A/chicken/Taiwan/1711/2013_H5N2,-0.235534,-0.34795,0.044134,0.009179,MP1
759_A/chicken/Taiwan/259,A/chicken/Taiwan/2593/2012_H5N2,-0.153387,-0.293977,0.021908,0.015404,MP1
760_A/chicken/Taiwan/294,A/chicken/Taiwan/2948/2013_H5N2,-0.159483,-0.291563,0.030613,0.010229,MP1
761_A/chicken/Taiwan/444,A/chicken/Taiwan/4443/2013_H5N2,-0.157047,-0.291627,0.02188,0.01022,MP1
762_A/chicken/Taiwan/683,A/chicken/Taiwan/683/2012_H5N2,-0.170597,-0.317911,-0.008331,-0.006276,MP1
763_A/chicken/Taiwan/735,A/chicken/Taiwan/7350/2013_H5N2,-0.153387,-0.293977,0.021908,0.015404,MP1
764_A/chicken/Taiwan/898,A/chicken/Taiwan/8988/2013_H5N2,-0.142588,-0.298695,0.042935,0.020338,MP1
765_A/chicken/Taiwan/899,A/chicken/Taiwan/8994/2013_H5N2,-0.142588,-0.298695,0.042935,0.020338,MP1
766_A/chicken/Taiwan/899,A/chicken/Taiwan/8996/2013_H5N2,-0.142588,-0.298695,0.042935,0.020338,MP1
767_A/chicken/Taiwan/A1/,A/chicken/Taiwan/A1/2019_H5N2,-0.182735,-0.308303,-0.041966,0.05107,MP1
768_A/chicken/Taiwan/A19,A/chicken/Taiwan/A1997/2012_H5N2,-0.13586,-0.308177,0.024472,0.019394,MP1
769_A/chicken/Taiwan/D2/,A/chicken/Taiwan/D2/2019_H5N2,-0.210318,-0.344484,-0.101051,0.04596,MP1
770_A/chicken/Taiwan/D9/,A/chicken/Taiwan/D9/2019_H5N2,-0.210318,-0.344484,-0.101051,0.04596,MP1
771_A/chicken/Tibet/LZ01,A/chicken/Tibet/LZ01/2010_H5N2,-0.152951,-0.15509,-0.044948,0.018292,MP1
772_A/chicken/Wuhan/WHJF,A/chicken/Wuhan/WHJF/2014_H5N2,-0.184122,-0.285834,-0.089628,0.02073,MP1
773_A/chicken/YL/A3190/2,A/chicken/YL/A3190/2014_H5N2,-0.125989,-0.200304,0.008018,0.049955,MP1
774_A/chicken/Yunlin/150,A/chicken/Yunlin/15020048-1/2015_H5N2,-0.240957,-0.323659,-0.066362,0.045501,MP1
775_A/chicken/Yunlin/150,A/chicken/Yunlin/15040002-2/2015_H5N2,-0.23604,-0.335501,-0.08399,0.042709,MP1
776_A/chicken/Yunlin/150,A/chicken/Yunlin/15040027/2015_H5N2,-0.235857,-0.328879,-0.079848,0.038034,MP1
777_A/chicken/Yunlin/150,A/chicken/Yunlin/15050037-2/2015_H5N2,-0.248885,-0.3282,-0.09582,0.030513,MP1
778_A/chicken/Yunlin/150,A/chicken/Yunlin/15050039-2/2015_H5N2,-0.238803,-0.33075,-0.075483,0.040681,MP1
779_A/chicken/Yunlin/150,A/chicken/Yunlin/15060014-1/2015_H5N2,-0.238803,-0.33075,-0.075483,0.040681,MP1
780_A/chicken/Yunlin/150,A/chicken/Yunlin/15080024/2015_H5N2,-0.22955,-0.31998,-0.069894,0.032616,MP1
781_A/chicken/Yunlin/160,A/chicken/Yunlin/16010001-1/2016_H5N2,-0.232221,-0.331543,-0.074202,0.051112,MP1
782_A/chicken/Yunlin/160,A/chicken/Yunlin/16010008-1/2016_H5N2,-0.231592,-0.339389,-0.084243,0.046943,MP1
783_A/chicken/Yunlin/160,A/chicken/Yunlin/16050053/2016_H5N2,-0.235857,-0.328879,-0.079848,0.038034,MP1
784_A/chicken/Yunlin/170,A/chicken/Yunlin/17010014/2017_H5N2,-0.25355,-0.35124,-0.064855,0.033232,MP1
785_A/chicken/Yunlin/170,A/chicken/Yunlin/17020094-1/2017_H5N2,-0.252416,-0.353592,-0.063354,0.028179,MP1
786_A/chicken/Yunlin/170,A/chicken/Yunlin/17020095-2/2017_H5N2,-0.245946,-0.353759,-0.061974,0.034672,MP1
787_A/chicken/Yunlin/170,A/chicken/Yunlin/17030001-1/2017_H5N2,-0.247193,-0.353708,-0.066298,0.026671,MP1
788_A/chicken/Yunlin/170,A/chicken/Yunlin/17030007-1/2017_H5N2,-0.236016,-0.341528,-0.042979,0.030439,MP1
789_A/chicken/Yunlin/170,A/chicken/Yunlin/17030010-1/2017_H5N2,-0.252941,-0.350823,-0.065522,0.032214,MP1
790_A/chicken/Yunlin/170,A/chicken/Yunlin/17030014-1/2017_H5N2,-0.248727,-0.357737,-0.064839,0.026148,MP1
791_A/chicken/Yunlin/170,A/chicken/Yunlin/17030020-2/2017_H5N2,-0.252416,-0.353592,-0.063354,0.028179,MP1
792_A/chicken/Yunlin/170,A/chicken/Yunlin/17030021-1/2017_H5N2,-0.248727,-0.357737,-0.064839,0.026148,MP1
793_A/chicken/Yunlin/170,A/chicken/Yunlin/17030032-2/2017_H5N2,-0.245946,-0.353759,-0.061974,0.034672,MP1
794_A/chicken/Yunlin/170,A/chicken/Yunlin/17030065-2/2017_H5N2,-0.249288,-0.3451,-0.063576,0.020856,MP1
795_A/chicken/Yunlin/170,A/chicken/Yunlin/17040003-1/2017_H5N2,-0.238465,-0.342231,-0.055241,0.034883,MP1
796_A/chicken/Yunlin/170,A/chicken/Yunlin/17040004-2/2017_H5N2,-0.232712,-0.34855,-0.07175,0.031375,MP1
797_A/chicken/Yunlin/170,A/chicken/Yunlin/17040011-1/2017_H5N2,-0.245816,-0.350942,-0.071972,0.016888,MP1
798_A/chicken/Yunlin/170,A/chicken/Yunlin/17060019/2017_H5N2,-0.248727,-0.357737,-0.064839,0.026148,MP1
799_A/chicken/Yunlin/170,A/chicken/Yunlin/17070010/2017_H5N2,-0.248727,-0.357737,-0.064839,0.026148,MP1
800_A/chicken/Yunlin/180,A/chicken/Yunlin/18010001-2/2018_H5N2,-0.248727,-0.357737,-0.064839,0.026148,MP1
801_A/chicken/Yunlin/180,A/chicken/Yunlin/18010023-1/2018_H5N2,-0.225356,-0.351833,-0.088675,0.045193,MP1
802_A/chicken/Yunlin/180,A/chicken/Yunlin/18020003-2/2018_H5N2,-0.231681,-0.342583,-0.08499,0.039798,MP1
803_A/chicken/Yunlin/180,A/chicken/Yunlin/18020004-1/2018_H5N2,-0.231681,-0.342583,-0.08499,0.039798,MP1
804_A/chicken/Yunlin/180,A/chicken/Yunlin/18020005-2/2018_H5N2,-0.231681,-0.342583,-0.08499,0.039798,MP1
805_A/chicken/Yunlin/180,A/chicken/Yunlin/18020008-2/2018_H5N2,-0.216104,-0.351696,-0.076468,0.039145,MP1
806_A/chicken/Yunlin/180,A/chicken/Yunlin/18030002-1/2018_H5N2,-0.228134,-0.34071,-0.070526,0.029686,MP1
807_A/chicken/Yunlin/180,A/chicken/Yunlin/18050013-1/2018_H5N2,-0.231681,-0.342583,-0.08499,0.039798,MP1
808_A/chicken/Yunlin/180,A/chicken/Yunlin/18060001-2/2018_H5N2,-0.231681,-0.342583,-0.08499,0.039798,MP1
809_A/chicken/Yunlin/180,A/chicken/Yunlin/18080006-1/2018_H5N2,-0.244656,-0.357295,-0.058363,0.03161,MP1
810_A/chicken/Zhejiang/1,A/chicken/Zhejiang/194/2016_H5N2,-0.247437,-0.270152,-0.116193,-0.076836,MP1
811_A/chicken/Zhejiang/2,A/chicken/Zhejiang/209/2016_H5N2,-0.190854,-0.362727,-0.077969,0.039582,MP1
812_A/chicken/Zhejiang/2,A/chicken/Zhejiang/217/2016_H5N2,-0.247437,-0.270152,-0.116193,-0.076836,MP1
813_A/chicken/Zhejiang/2,A/chicken/Zhejiang/232/2016_H5N2,-0.223441,-0.317612,-0.069651,0.034741,MP1
814_A/chicken/Zhejiang/5,A/chicken/Zhejiang/514135/2015_H5N2,-0.271179,-0.307976,-0.105678,-0.051738,MP1
815_A/chicken/Zhejiang/7,A/chicken/Zhejiang/727079/2014_H5N2,-0.263825,-0.203917,-0.092264,-0.080832,MP1
816_A/chicken/Zhejiang/7,A/chicken/Zhejiang/727159/2014_H5N2,-0.263825,-0.203917,-0.092264,-0.080832,MP1
817_A/chicken/Zhejiang/7,A/chicken/Zhejiang/7450/2015_H5N2,-0.233272,-0.25131,-0.085392,0.041981,MP1
818_A/chicken/Zhejiang/8,A/chicken/Zhejiang/81643/2015_H5N2,-0.233272,-0.25131,-0.085392,0.041981,MP1
819_A/duck/Changhua/15A0,A/duck/Changhua/15A03431-1-20T/2015_H5N2,-0.240957,-0.323659,-0.066362,0.045501,MP1
820_A/duck/Changhua/15A0,A/duck/Changhua/15A03473-1-20T/2015_H5N2,-0.227634,-0.325372,-0.078771,0.038097,MP1
821_A/duck/China/YD1516/,A/duck/China/YD1516/2016_H5N2,-0.209338,-0.307363,-0.069307,0.04123,MP1
822_A/duck/Eastern_China,A/duck/Eastern_China/1111/2011_H5N2,-0.242039,-0.319443,-0.071771,0.034692,MP1
823_A/duck/Eastern_China,A/duck/Eastern_China/L0230/2010_H5N2,-0.252095,-0.332617,-0.074918,0.056574,MP1
824_A/duck/Eastern_China,A/duck/Eastern_China/L0321/2010_H5N2,-0.226434,-0.317531,-0.092386,0.037932,MP1
825_A/duck/Eastern_China,A/duck/Eastern_China/S0131/2014_H5N2,-0.234397,-0.321054,-0.069612,0.035804,MP1
826_A/duck/Eastern_China,A/duck/Eastern_China/S0808/2014_H5N2,-0.22859,-0.305543,-0.062335,0.034175,MP1
827_A/duck/Hebei/0908/20,A/duck/Hebei/0908/2009_H5N2,-0.160536,-0.30028,-0.104345,0.023697,MP1
828_A/duck/Hong_Kong/342,A/duck/Hong_Kong/342/1978_H5N2,-0.220454,-0.249724,-0.084984,0.004696,MP1
829_A/duck/Hsinchu/15020,A/duck/Hsinchu/15020216/2015_H5N2,-0.235857,-0.328879,-0.079848,0.038034,MP1
830_A/duck/Hubei/SZY250/,A/duck/Hubei/SZY250/2016_H5N2,-0.216615,-0.310866,-0.092887,0.059923,MP1
831_A/duck/Hunan/S4101/2,A/duck/Hunan/S4101/2011_H5N2,-0.116374,-0.277632,-0.09016,0.086532,MP1
832_A/duck/Hunan/S4120/2,A/duck/Hunan/S4120/2011_H5N2,-0.123267,-0.286762,-0.096309,0.072625,MP1
833_A/duck/Jiangsu/m234/,A/duck/Jiangsu/m234/2012_H5N2,-0.171429,-0.325181,-0.121097,0.069702,MP1
834_A/duck/Kaohsiung/150,A/duck/Kaohsiung/15010213/2015_H5N2,-0.230631,-0.341054,-0.08761,0.027029,MP1
835_A/duck/Nantou/15A343,A/duck/Nantou/15A3437/2015_H5N2,-0.227634,-0.325372,-0.078771,0.038097,MP1
836_A/duck/Nantou/17A024,A/duck/Nantou/17A0243/2017_H5N2,-0.239438,-0.353661,-0.09046,0.045641,MP1
837_A/duck/Pingtung/1501,A/duck/Pingtung/15010444/2015_H5N2,-0.235857,-0.328879,-0.079848,0.038034,MP1
838_A/duck/Pingtung/17A0,A/duck/Pingtung/17A0160/2017_H5N2,-0.255793,-0.345949,-0.055167,0.030878,MP1
839_A/duck/Pingtung/18A0,A/duck/Pingtung/18A00003-11-20T/2018_H5N2,-0.238154,-0.348199,-0.062861,0.030492,MP1
840_A/duck/Pingtung/18A0,A/duck/Pingtung/18A00076-11-20T/2018_H5N2,-0.235528,-0.337843,-0.059008,0.02712,MP1
841_A/duck/Pingtung/18X0,A/duck/Pingtung/18X00077/2018_H5N2,-0.222226,-0.347154,-0.085629,0.04851,MP1
842_A/duck/Taichung/1501,A/duck/Taichung/15010400-1/2015_H5N2,-0.240957,-0.323659,-0.066362,0.045501,MP1
843_A/duck/Tainan/160100,A/duck/Tainan/16010020-1/2016_H5N2,-0.22955,-0.31998,-0.069894,0.032616,MP1
844_A/duck/Taipei/05WB83,A/duck/Taipei/05WB830-1-5-E2/2005_H5N2,-0.125908,-0.301112,-0.136405,0.057489,MP1
845_A/duck/Taiwan/01006/,A/duck/Taiwan/01006/2015_H5N2,-0.235857,-0.328879,-0.079848,0.038034,MP1
846_A/duck/Taiwan/11213/,A/duck/Taiwan/11213/2013_H5N2,-0.128711,-0.206946,-0.097319,-0.001798,MP1
847_A/duck/Taiwan/11254/,A/duck/Taiwan/11254/2013_H5N2,-0.09699,-0.212659,-0.099137,-0.034479,MP1
848_A/duck/Taiwan/DV1238,A/duck/Taiwan/DV1238/2009_H5N2,-0.166339,-0.302359,-0.07575,0.04569,MP1
849_A/duck/Taiwan/DV1241,A/duck/Taiwan/DV1241/2009_H5N2,-0.166339,-0.302359,-0.07575,0.04569,MP1
850_A/duck/Taiwan/DV1242,A/duck/Taiwan/DV1242/2009_H5N2,-0.166339,-0.302359,-0.07575,0.04569,MP1
851_A/duck/Taoyuan/16010,A/duck/Taoyuan/16010023-1/2016_H5N2,-0.217132,-0.324069,-0.052908,0.036957,MP1
852_A/duck/Yilan/17A0092,A/duck/Yilan/17A0092/2017_H5N2,-0.252618,-0.352527,-0.064188,0.029731,MP1
853_A/duck/Yunlin/150102,A/duck/Yunlin/15010244-1/2015_H5N2,-0.240957,-0.323659,-0.066362,0.045501,MP1
854_A/duck/Yunlin/150103,A/duck/Yunlin/15010310-4/2015_H5N2,-0.240957,-0.323659,-0.066362,0.045501,MP1
855_A/duck/Yunlin/150103,A/duck/Yunlin/15010318-2/2015_H5N2,-0.235857,-0.328879,-0.079848,0.038034,MP1
856_A/duck/Yunlin/150103,A/duck/Yunlin/15010369-1/2015_H5N2,-0.240957,-0.323659,-0.066362,0.045501,MP1
857_A/duck/Yunlin/150700,A/duck/Yunlin/15070002-2/2015_H5N2,-0.235857,-0.328879,-0.079848,0.038034,MP1
858_A/duck/Yunlin/15A501,A/duck/Yunlin/15A5019/2015_H5N2,-0.235857,-0.328879,-0.079848,0.038034,MP1
859_A/duck/Yunlin/171100,A/duck/Yunlin/17110001/2017_H5N2,-0.233831,-0.349839,-0.059117,0.031557,MP1
860_A/duck/Yunlin/17A008,A/duck/Yunlin/17A0086/2017_H5N2,-0.252416,-0.353592,-0.063354,0.028179,MP1
861_A/duck/Yunlin/17A068,A/duck/Yunlin/17A0686/2017_H5N2,-0.247718,-0.350938,-0.068467,0.030706,MP1
862_A/duck/Yunlin/180600,A/duck/Yunlin/18060007-3/2018_H5N2,-0.244656,-0.357295,-0.058363,0.03161,MP1
863_A/duck/Yunlin/18X000,A/duck/Yunlin/18X00007-3/2018_H5N2,-0.251395,-0.339558,-0.059856,0.014187,MP1
864_A/duck/Zhejiang/1026,A/duck/Zhejiang/1026109/2015_H5N2,-0.194709,-0.240322,-0.131221,0.055213,MP1
865_A/duck/Zhejiang/6DK1,A/duck/Zhejiang/6DK19/2013_H5N2,-0.25581,-0.318455,-0.066776,-0.061871,MP1
866_A/duck/Zhejiang/7270,A/duck/Zhejiang/727041/2014_H5N2,-0.258352,-0.314237,-0.103146,-0.063397,MP1
867_A/duck/Zhejiang/7713,A/duck/Zhejiang/77138/2014_H5N2,-0.267669,-0.317794,-0.085851,-0.074546,MP1
868_A/goose/Changhua/150,A/goose/Changhua/15040008/2015_H5N2,-0.240957,-0.323659,-0.066362,0.045501,MP1
869_A/goose/Chiayi/15010,A/goose/Chiayi/15010008-3/2015_H5N2,-0.229532,-0.338129,-0.083533,0.043429,MP1
870_A/goose/Chiayi/15010,A/goose/Chiayi/15010016-1/2015_H5N2,-0.235857,-0.328879,-0.079848,0.038034,MP1
871_A/goose/Chiayi/16010,A/goose/Chiayi/16010017-2/2016_H5N2,-0.234176,-0.324552,-0.063334,0.036731,MP1
872_A/goose/Chiayi/16040,A/goose/Chiayi/16040003-1/2016_H5N2,-0.235857,-0.328879,-0.079848,0.038034,MP1
873_A/goose/Chiayi/16040,A/goose/Chiayi/16040005/2016_H5N2,-0.235857,-0.328879,-0.079848,0.038034,MP1
874_A/goose/Chiayi/17020,A/goose/Chiayi/17020027-1/2017_H5N2,-0.2301,-0.346671,-0.048213,0.044028,MP1
875_A/goose/Chiayi/17040,A/goose/Chiayi/17040014/2017_H5N2,-0.236382,-0.32611,-0.082016,0.04207,MP1
876_A/goose/Chiayi/18010,A/goose/Chiayi/18010006/2018_H5N2,-0.244063,-0.349028,-0.063252,0.029987,MP1
877_A/goose/Chiayi/18020,A/goose/Chiayi/18020014-1/2018_H5N2,-0.23394,-0.355113,-0.062178,0.024426,MP1
878_A/goose/Chiayi/18020,A/goose/Chiayi/18020014-2/2018_H5N2,-0.23394,-0.355113,-0.062178,0.024426,MP1
879_A/goose/China/1106/2,A/goose/China/1106/2016_H5N2,-0.21954,-0.318238,-0.066791,0.049485,MP1
880_A/goose/Eastern_Chin,A/goose/Eastern_China/1112/2011_H5N2,-0.252095,-0.332617,-0.074918,0.056574,MP1
881_A/goose/Pingtung/150,A/goose/Pingtung/15010007-4/2015_H5N2,-0.235857,-0.328879,-0.079848,0.038034,MP1
882_A/goose/Pingtung/150,A/goose/Pingtung/15010037-1/2015_H5N2,-0.235857,-0.328879,-0.079848,0.038034,MP1
883_A/goose/Tainan/17030,A/goose/Tainan/17030022-1/2017_H5N2,-0.252058,-0.353327,-0.071075,0.027783,MP1
884_A/goose/Tainan/17030,A/goose/Tainan/17030024-1/2017_H5N2,-0.256292,-0.351104,-0.063384,0.022689,MP1
885_A/goose/Tainan/18010,A/goose/Tainan/18010022-1/2018_H5N2,-0.248727,-0.357737,-0.064839,0.026148,MP1
886_A/goose/Tainan/18050,A/goose/Tainan/18050014-1/2018_H5N2,-0.24557,-0.35304,-0.056403,0.04198,MP1
887_A/goose/Taiwan/01022,A/goose/Taiwan/01022/2015_H5N2,-0.237081,-0.326147,-0.066332,0.050991,MP1
888_A/goose/Taiwan/01023,A/goose/Taiwan/01023/2015_H5N2,-0.235857,-0.328879,-0.079848,0.038034,MP1
889_A/goose/Taiwan/01031,A/goose/Taiwan/01031/2015_H5N2,-0.239411,-0.327553,-0.076818,0.04007,MP1
890_A/goose/Taiwan/01040,A/goose/Taiwan/01040/2015_H5N2,-0.230758,-0.3341,-0.093334,0.030567,MP1
891_A/goose/Taoyuan/1812,A/goose/Taoyuan/18120002-2/2018_H5N2,-0.242627,-0.350017,-0.054872,0.037777,MP1
892_A/goose/Yunlin/15010,A/goose/Yunlin/15010005/2015_H5N2,-0.235857,-0.328879,-0.079848,0.038034,MP1
893_A/goose/Yunlin/15010,A/goose/Yunlin/15010009-1/2015_H5N2,-0.235857,-0.328879,-0.079848,0.038034,MP1
894_A/goose/Yunlin/15010,A/goose/Yunlin/15010010-2/2015_H5N2,-0.235857,-0.328879,-0.079848,0.038034,MP1
895_A/goose/Yunlin/15010,A/goose/Yunlin/15010011-1/2015_H5N2,-0.235857,-0.328879,-0.079848,0.038034,MP1
896_A/goose/Yunlin/15010,A/goose/Yunlin/15010029-1/2015_H5N2,-0.235857,-0.328879,-0.079848,0.038034,MP1
897_A/goose/Yunlin/16020,A/goose/Yunlin/16020008-4/2016_H5N2,-0.235857,-0.328879,-0.079848,0.038034,MP1
898_A/goose/Yunlin/16020,A/goose/Yunlin/16020011-1/2016_H5N2,-0.239733,-0.326391,-0.079877,0.032544,MP1
899_A/goose/Yunlin/16040,A/goose/Yunlin/16040002-2/2016_H5N2,-0.235857,-0.328879,-0.079848,0.038034,MP1
900_A/goose/Yunlin/17100,A/goose/Yunlin/17100005/2017_H5N2,-0.259922,-0.343259,-0.057074,0.025269,MP1
901_A/goose/Yunlin/18030,A/goose/Yunlin/18030020-2/2018_H5N2,-0.249386,-0.336824,-0.0542,0.019196,MP1
902_A/goose/Yunlin/18030,A/goose/Yunlin/18030020-3/2018_H5N2,-0.26843,-0.328664,-0.031297,0.012643,MP1
903_A/goose/Yunlin/18040,A/goose/Yunlin/18040002-3/2018_H5N2,-0.248727,-0.357737,-0.064839,0.026148,MP1
904_A/goose/Yunlin/18040,A/goose/Yunlin/18040018-2/2018_H5N2,-0.254212,-0.347406,-0.043103,0.038771,MP1
905_A/goose/Yunlin/18090,A/goose/Yunlin/18090002-3/2018_H5N2,-0.244347,-0.378349,-0.068253,0.024449,MP1
906_A/goose/Yunlin/18090,A/goose/Yunlin/18090006-1/2018_H5N2,-0.221868,-0.346888,-0.093351,0.048115,MP1
907_A/goose/Yunlin/18110,A/goose/Yunlin/18110002-3/2018_H5N2,-0.242627,-0.350017,-0.054872,0.037777,MP1
908_A/goose/Zhejiang/771,A/goose/Zhejiang/77166/2014_H5N2,-0.267669,-0.317794,-0.085851,-0.074546,MP1
909_A/goose/Zhejiang/771,A/goose/Zhejiang/77167/2014_H5N2,-0.267669,-0.317794,-0.085851,-0.074546,MP1
910_A/goose/Zhejiang/771,A/goose/Zhejiang/77168/2014_H5N2,-0.267669,-0.317794,-0.085851,-0.074546,MP1
911_A/green-winged_teal/,A/green-winged_teal/Xianghai/430/2011_H5N2,-0.135003,-0.199226,-0.142823,0.099741,MP1
912_A/heron/Yilan/17DB00,A/heron/Yilan/17DB0001/2017_H5N2,-0.245908,-0.35622,-0.062897,0.028899,MP1
913_A/little_grebe/Xiang,A/little_grebe/Xianghai/429/2011_H5N2,-0.178988,-0.235254,-0.216334,0.009233,MP1
914_A/night_heron/Taiwan,A/night_heron/Taiwan/A289/2015_H5N2,-0.235857,-0.328879,-0.079848,0.038034,MP1
915_A/parrot/Guangdong/2,A/parrot/Guangdong/258/2004_H5N2,-0.187366,-0.11882,-0.151259,-0.009275,MP1
916_A/spot-billed_duck/X,A/spot-billed_duck/Xianghai/427/2011_H5N2,-0.173159,-0.241333,-0.11069,0.035914,MP1
917_A/thrush/Taipei_City,A/thrush/Taipei_City/15120021/2015_H5N2,-0.231592,-0.339389,-0.084243,0.046943,MP1
918_A/thrush/Taiwan/A234,A/thrush/Taiwan/A234/2015_H5N2,-0.235857,-0.328879,-0.079848,0.038034,MP1
919_A/turkey/Changhua/16,A/turkey/Changhua/16010011-1/2016_H5N2,-0.239733,-0.326391,-0.079877,0.032544,MP1
920_A/turkey/Chiayi/1801,A/turkey/Chiayi/18010013-3/2018_H5N2,-0.248727,-0.357737,-0.064839,0.026148,MP1
921_A/turkey/Yunlin/1506,A/turkey/Yunlin/15060049-1/2015_H5N2,-0.240655,-0.329573,-0.079004,0.045524,MP1
922_A/turkey/Yunlin/1802,A/turkey/Yunlin/18020020-2/2018_H5N2,-0.247761,-0.341235,-0.061643,0.029424,MP1
923_A/turkey/Yunlin/1811,A/turkey/Yunlin/18110001-3/2018_H5N2,-0.249955,-0.365601,-0.055278,0.031578,MP1
924_A/turkey/Yunlin/1812,A/turkey/Yunlin/18120005-2/2018_H5N2,-0.242627,-0.350017,-0.054872,0.037777,MP1
925_A/chicken/Beijing/BJ,A/chicken/Beijing/BJ7/2014,0.100014,-0.015293,0.194425,-0.040065,NA
926_A/chicken/CH/a556/20,A/chicken/CH/a556/2015,0.119265,-0.09015,0.129584,-0.038481,NA
927_A/chicken/Changhua/1,A/chicken/Changhua/15010120-1/2015,0.139894,-0.062263,0.199575,-0.123367,NA
928_A/chicken/Changhua/1,A/chicken/Changhua/15010288/2015,0.139894,-0.062263,0.199575,-0.123367,NA
929_A/chicken/Changhua/1,A/chicken/Changhua/15010324-2/2015,0.138877,-0.061699,0.200868,-0.121442,NA
930_A/chicken/Changhua/1,A/chicken/Changhua/15010361-1/2015,0.142655,-0.060896,0.196849,-0.120414,NA
931_A/chicken/Changhua/1,A/chicken/Changhua/15010362-2/2015,0.142907,-0.063719,0.201051,-0.115332,NA
932_A/chicken/Changhua/1,A/chicken/Changhua/15010363-2/2015,0.139866,-0.061397,0.200678,-0.121406,NA
933_A/chicken/Changhua/1,A/chicken/Changhua/15050013-1/2015,0.15087,-0.066336,0.203928,-0.123328,NA
934_A/chicken/Changhua/1,A/chicken/Changhua/15060027-2/2015,0.151947,-0.066957,0.196714,-0.116594,NA
935_A/chicken/Changhua/1,A/chicken/Changhua/15060037-1/2015,0.153722,-0.069168,0.204841,-0.121257,NA
936_A/chicken/Changhua/1,A/chicken/Changhua/15120008/2015,0.143179,-0.030214,0.208949,-0.10991,NA
937_A/chicken/Changhua/1,A/chicken/Changhua/16010060-2/2016,0.150757,-0.070354,0.205293,-0.116924,NA
938_A/chicken/Changhua/1,A/chicken/Changhua/17060006/2017,0.151145,-0.049068,0.214876,-0.125237,NA
939_A/chicken/Changhua/1,A/chicken/Changhua/18040008-1/2018,0.133668,-0.064621,0.177439,-0.140127,NA
940_A/chicken/Chiayi/150,A/chicken/Chiayi/15010287-2/2015,0.138255,-0.064916,0.200179,-0.126102,NA
941_A/chicken/Chiayi/150,A/chicken/Chiayi/15010409-2/2015,0.152455,-0.070363,0.199758,-0.115207,NA
942_A/chicken/Chiayi/170,A/chicken/Chiayi/17040009-2/2017,0.148474,-0.062202,0.215426,-0.130567,NA
943_A/chicken/Chiayi/181,A/chicken/Chiayi/18120003-1/2018,0.152541,-0.043205,0.198781,-0.130918,NA
944_A/chicken/Chiping/03,A/chicken/Chiping/0321/2014,0.098714,-0.034102,0.197867,-0.061613,NA
945_A/chicken/GY/a451/20,A/chicken/GY/a451/2015,0.110915,-0.089233,0.10323,-0.042324,NA
946_A/chicken/Hebei/3/20,A/chicken/Hebei/3/2013,0.129358,-0.0347,0.221212,-0.04253,NA
947_A/chicken/Heilongjia,A/chicken/Heilongjiang/S7/2014,0.131527,-0.045492,0.200893,-0.022752,NA
948_A/chicken/Henan/Q7/2,A/chicken/Henan/Q7/2013,0.121421,-0.048033,0.1948,-0.064946,NA
949_A/chicken/Hsinchu/16,A/chicken/Hsinchu/16080004-2/2016,0.158601,-0.048267,0.206641,-0.12035,NA
950_A/chicken/Jiangsu/10,A/chicken/Jiangsu/1001/2013,0.116143,-0.039041,0.200341,-0.084226,NA
951_A/chicken/Jiangsu/XZ,A/chicken/Jiangsu/XZ216/2014,0.113545,-0.038773,0.209611,-0.063387,NA
952_A/chicken/Kaohsiung/,A/chicken/Kaohsiung/17040007/2017,0.14561,-0.058961,0.216994,-0.132814,NA
953_A/chicken/Kaohsiung/,A/chicken/Kaohsiung/17100002/2017,0.114479,-0.054622,0.154398,-0.148711,NA
954_A/chicken/Kaohsiung/,A/chicken/Kaohsiung/18080004-1/2018,0.137527,-0.063101,0.218608,-0.141371,NA
955_A/chicken/Kaohsiung/,A/chicken/Kaohsiung/18080004-2/2018,0.129907,-0.057139,0.212515,-0.149037,NA
956_A/chicken/New_Taipei,A/chicken/New_Taipei_City/17040002-2/2017,0.134952,-0.06457,0.205361,-0.133712,NA
957_A/chicken/New_Taipei,A/chicken/New_Taipei_City/18010021-3/2018,0.115899,-0.065823,0.190086,-0.128408,NA
958_A/chicken/PH/A2821/2,A/chicken/PH/A2821/2013,0.13353,-0.093172,0.126362,-0.048743,NA
959_A/chicken/Pingtung/1,A/chicken/Pingtung/15050006-1/2015,0.134622,-0.067625,0.20323,-0.12438,NA
960_A/chicken/Pingtung/1,A/chicken/Pingtung/16020009-3/2016,0.107946,-0.079384,0.200239,-0.097554,NA
961_A/chicken/Pingtung/1,A/chicken/Pingtung/18010017-1/2018,0.134366,-0.055793,0.199365,-0.13783,NA
962_A/chicken/Pingtung/1,A/chicken/Pingtung/18020015-1/2018,0.119683,-0.064314,0.187101,-0.121175,NA
963_A/chicken/PT/a158/20,A/chicken/PT/a158/2015,0.125402,-0.083542,0.099038,-0.035189,NA
964_A/chicken/Qingdao/1/,A/chicken/Qingdao/1/2014,0.099104,-0.046934,0.201201,-0.044531,NA
965_A/chicken/SC/a688/20,A/chicken/SC/a688/2015,0.119384,-0.085834,0.112985,-0.05517,NA
966_A/chicken/Shandong/S,A/chicken/Shandong/S3/2014,0.101954,-0.040599,0.204395,-0.045482,NA
967_A/chicken/Shijiazhua,A/chicken/Shijiazhuang/1209/2013,0.129218,-0.076541,0.181448,-0.039845,NA
968_A/chicken/Taichung/1,A/chicken/Taichung/15010399/2015,0.143133,-0.065144,0.19765,-0.119256,NA
969_A/chicken/Taichung/1,A/chicken/Taichung/16040032-3/2016,0.130742,-0.036834,0.190573,-0.101379,NA
970_A/chicken/Taichung/1,A/chicken/Taichung/16050044-2/2016,0.146279,-0.032797,0.20534,-0.109072,NA
971_A/chicken/Tainan/160,A/chicken/Tainan/16040035-1/2016,0.14322,-0.056257,0.200411,-0.105874,NA
972_A/chicken/Taipei_Cit,A/chicken/Taipei_City/18010007-3/2018,0.125354,-0.07189,0.19918,-0.156986,NA
973_A/chicken/Taipei_Cit,A/chicken/Taipei_City/18010008-3/2018,0.114732,-0.067396,0.191424,-0.124774,NA
974_A/chicken/Taiwan/010,A/chicken/Taiwan/0101/2012,0.157827,-0.010164,0.164738,0.013571,NA
975_A/chicken/Taiwan/050,A/chicken/Taiwan/0502/2012,0.110601,-0.079964,0.146752,0.019181,NA
976_A/chicken/Taiwan/683,A/chicken/Taiwan/683/2012,0.099529,-0.092422,0.128062,-0.00237,NA
977_A/chicken/Taiwan/168,A/chicken/Taiwan/1682/2013,0.138495,-0.000416,0.166395,0.008647,NA
978_A/chicken/Taiwan/169,A/chicken/Taiwan/1692/2013,0.141916,-0.003945,0.165361,0.008886,NA
979_A/chicken/Taiwan/170,A/chicken/Taiwan/1704/2013,0.14248,0.000923,0.168867,0.006967,NA
980_A/chicken/Taiwan/171,A/chicken/Taiwan/1711/2013,0.143221,-0.001159,0.164341,0.012074,NA
981_A/chicken/Taiwan/259,A/chicken/Taiwan/2593/2012,0.103601,-0.109641,0.126765,0.005288,NA
982_A/chicken/Taiwan/294,A/chicken/Taiwan/2948/2013,0.096249,-0.102406,0.121745,-0.001625,NA
983_A/chicken/Taiwan/444,A/chicken/Taiwan/4443/2013,0.093748,-0.094815,0.118413,0.006004,NA
984_A/chicken/Taiwan/735,A/chicken/Taiwan/7350/2013,0.10231,-0.098406,0.123527,0.008354,NA
985_A/chicken/Taiwan/898,A/chicken/Taiwan/8988/2013,0.103601,-0.109641,0.126765,0.005288,NA
986_A/chicken/Taiwan/899,A/chicken/Taiwan/8994/2013,0.103601,-0.109641,0.126765,0.005288,NA
987_A/chicken/Taiwan/899,A/chicken/Taiwan/8996/2013,0.103601,-0.109641,0.126765,0.005288,NA
988_A/chicken/Taiwan/A1/,A/chicken/Taiwan/A1/2019,0.090487,-0.048726,0.130125,-0.046311,NA
989_A/chicken/Taiwan/A19,A/chicken/Taiwan/A1997/2012,0.112904,-0.079746,0.119701,0.006184,NA
990_A/chicken/Taiwan/D2/,A/chicken/Taiwan/D2/2019,0.110289,-0.055999,0.201481,-0.120177,NA
991_A/chicken/Taiwan/D9/,A/chicken/Taiwan/D9/2019,0.110289,-0.055999,0.201481,-0.120177,NA
992_A/chicken/Taiwan/u7/,A/chicken/Taiwan/u7/2016,0.1387,-0.065305,0.221491,-0.134219,NA
993_A/chicken/TC/a504/20,A/chicken/TC/a504/2015,0.123929,-0.084478,0.10122,-0.033865,NA
994_A/chicken/TY/a665/20,A/chicken/TY/a665/2015,0.111506,-0.083981,0.112447,-0.041914,NA
995_A/chicken/YL/A3190/2,A/chicken/YL/A3190/2014,0.098393,-0.085493,0.114021,-0.016478,NA
996_A/chicken/Yunlin/150,A/chicken/Yunlin/15020048-1/2015,0.138982,-0.056957,0.188446,-0.120746,NA
997_A/chicken/Yunlin/150,A/chicken/Yunlin/15040002-2/2015,0.14274,-0.06572,0.195957,-0.12267,NA
998_A/chicken/Yunlin/150,A/chicken/Yunlin/15040027/2015,0.138256,-0.058664,0.199831,-0.121925,NA
999_A/chicken/Yunlin/150,A/chicken/Yunlin/15050037-2/2015,0.138128,-0.063338,0.196907,-0.118625,NA
1000_A/chicken/Yunlin/150,A/chicken/Yunlin/15050039-2/2015,0.138256,-0.058664,0.199831,-0.121925,NA
1001_A/chicken/Yunlin/150,A/chicken/Yunlin/15060014-1/2015,0.137424,-0.06284,0.200132,-0.117281,NA
1002_A/chicken/Yunlin/150,A/chicken/Yunlin/15080024/2015,0.151675,-0.037163,0.195457,-0.107441,NA
1003_A/chicken/Yunlin/160,A/chicken/Yunlin/16010001-1/2016,0.153721,-0.06899,0.201941,-0.117368,NA
1004_A/chicken/Yunlin/160,A/chicken/Yunlin/16010008-1/2016,0.141963,-0.052133,0.210367,-0.108808,NA
1005_A/chicken/Yunlin/160,A/chicken/Yunlin/16050053/2016,0.136459,-0.036162,0.203029,-0.10964,NA
1006_A/chicken/Yunlin/170,A/chicken/Yunlin/17010014/2017,0.133452,-0.060175,0.2256,-0.12276,NA
1007_A/chicken/Yunlin/170,A/chicken/Yunlin/17020094-1/2017,0.133495,-0.072469,0.225577,-0.13029,NA
1008_A/chicken/Yunlin/170,A/chicken/Yunlin/17020095-2/2017,0.141835,-0.067443,0.205032,-0.121258,NA
1009_A/chicken/Yunlin/170,A/chicken/Yunlin/17030001-1/2017,0.138351,-0.059573,0.217939,-0.136876,NA
1010_A/chicken/Yunlin/170,A/chicken/Yunlin/17030007-1/2017,0.139101,-0.074431,0.209749,-0.135325,NA
1011_A/chicken/Yunlin/170,A/chicken/Yunlin/17030010-1/2017,0.147476,-0.067926,0.214615,-0.117565,NA
1012_A/chicken/Yunlin/170,A/chicken/Yunlin/17030014-1/2017,0.134475,-0.051683,0.213017,-0.135669,NA
1013_A/chicken/Yunlin/170,A/chicken/Yunlin/17030020-2/2017,0.130569,-0.063892,0.221864,-0.128329,NA
1014_A/chicken/Yunlin/170,A/chicken/Yunlin/17030021-1/2017,0.140585,-0.056877,0.216532,-0.128276,NA
1015_A/chicken/Yunlin/170,A/chicken/Yunlin/17030032-2/2017,0.137665,-0.060542,0.219523,-0.137358,NA
1016_A/chicken/Yunlin/170,A/chicken/Yunlin/17030065-2/2017,0.154368,-0.053303,0.226156,-0.129599,NA
1017_A/chicken/Yunlin/170,A/chicken/Yunlin/17040003-1/2017,0.136653,-0.072554,0.207976,-0.137341,NA
1018_A/chicken/Yunlin/170,A/chicken/Yunlin/17040004-2/2017,0.153535,-0.065095,0.201505,-0.109389,NA
1019_A/chicken/Yunlin/170,A/chicken/Yunlin/17040011-1/2017,0.160158,-0.071444,0.213962,-0.10108,NA
1020_A/chicken/Yunlin/170,A/chicken/Yunlin/17060019/2017,0.124455,-0.066825,0.193108,-0.144042,NA
1021_A/chicken/Yunlin/170,A/chicken/Yunlin/17070010/2017,0.130254,-0.057421,0.182019,-0.151725,NA
1022_A/chicken/Yunlin/180,A/chicken/Yunlin/18010001-2/2018,0.129917,-0.059008,0.198897,-0.143759,NA
1023_A/chicken/Yunlin/180,A/chicken/Yunlin/18010003-3/2018,0.126397,-0.048493,0.196712,-0.146752,NA
1024_A/chicken/Yunlin/180,A/chicken/Yunlin/18010023-1/2018,0.125567,-0.058486,0.203565,-0.142381,NA
1025_A/chicken/Yunlin/180,A/chicken/Yunlin/18020003-2/2018,0.132397,-0.056695,0.195236,-0.152159,NA
1026_A/chicken/Yunlin/180,A/chicken/Yunlin/18020004-1/2018,0.128837,-0.061811,0.194392,-0.1522,NA
1027_A/chicken/Yunlin/180,A/chicken/Yunlin/18020005-2/2018,0.127435,-0.055401,0.190411,-0.147782,NA
1028_A/chicken/Yunlin/180,A/chicken/Yunlin/18020008-2/2018,0.121234,-0.054388,0.200384,-0.13385,NA
1029_A/chicken/Yunlin/180,A/chicken/Yunlin/18030002-1/2018,0.112727,-0.054568,0.187969,-0.141957,NA
1030_A/chicken/Yunlin/180,A/chicken/Yunlin/18050013-1/2018,0.122367,-0.041547,0.178903,-0.14231,NA
1031_A/chicken/Yunlin/180,A/chicken/Yunlin/18060001-2/2018,0.12726,-0.041282,0.18193,-0.144277,NA
1032_A/chicken/Yunlin/180,A/chicken/Yunlin/18080006-1/2018,0.137795,-0.058449,0.144823,-0.131243,NA
1033_A/chicken/Zhejiang/1,A/chicken/Zhejiang/194/2016,0.117079,-0.003882,0.15362,-0.156897,NA
1034_A/chicken/Zhejiang/2,A/chicken/Zhejiang/209/2016,0.117079,-0.003882,0.15362,-0.156897,NA
1035_A/chicken/Zhejiang/2,A/chicken/Zhejiang/217/2016,0.112139,-0.020846,0.158681,-0.160914,NA
1036_A/chicken/Zhejiang/2,A/chicken/Zhejiang/232/2016,0.128598,-0.017402,0.145938,-0.173213,NA
1037_A/chicken/Zhejiang/7,A/chicken/Zhejiang/7450/2015,0.117212,-0.023458,0.158832,-0.153668,NA
1038_A/chicken/Zhejiang/8,A/chicken/Zhejiang/81643/2015,0.129706,-0.02935,0.16075,-0.16176,NA
1039_A/chicken/Zhejiang/5,A/chicken/Zhejiang/514135/2015,0.153025,-0.004866,0.129749,-0.110569,NA
1040_A/chicken/Zhejiang/7,A/chicken/Zhejiang/727079/2014,0.101119,-0.083224,0.189205,-0.064086,NA
1041_A/chicken/Zhejiang/7,A/chicken/Zhejiang/727159/2014,0.101119,-0.083224,0.189205,-0.064086,NA
1042_A/duck/Changhua/15A0,A/duck/Changhua/15A03431-1-20T/2015,0.155108,-0.063927,0.18888,-0.11359,NA
1043_A/duck/Changhua/15A0,A/duck/Changhua/15A03473-1-20T/2015,0.153413,-0.066463,0.202606,-0.123827,NA
1044_A/duck/China/YD1516/,A/duck/China/YD1516/2016,0.125991,-0.027063,0.166054,-0.168144,NA
1045_A/duck/Eastern_China,A/duck/Eastern_China/L0230/2010,0.114008,-0.025146,0.212583,-0.089319,NA
1046_A/duck/Eastern_China,A/duck/Eastern_China/L0321/2010,0.12594,-0.031204,0.221606,-0.106632,NA
1047_A/duck/Eastern_China,A/duck/Eastern_China/S0131/2014,0.11323,-0.006069,0.18253,-0.17626,NA
1048_A/duck/Eastern_China,A/duck/Eastern_China/S0808/2014,0.153766,-0.023472,0.227746,-0.083976,NA
1049_A/duck/Hebei/3/2011|,A/duck/Hebei/3/2011,0.103056,-0.027244,0.186439,-0.097697,NA
1050_A/duck/Hsinchu/15020,A/duck/Hsinchu/15020216/2015,0.138466,-0.059771,0.200698,-0.123539,NA
1051_A/duck/Hubei/03.06__,A/duck/Hubei/03.06__WHWTZ0107-O/2015(Mixed),0.155394,-0.017361,0.142044,-0.108758,NA
1052_A/duck/Hubei/SZY250/,A/duck/Hubei/SZY250/2016,0.140244,-0.041309,0.162933,-0.144107,NA
1053_A/duck/Hunan/S4101/2,A/duck/Hunan/S4101/2011,0.117166,-0.054023,0.136632,-0.075222,NA
1054_A/duck/Hunan/S4120/2,A/duck/Hunan/S4120/2011,0.11813,-0.053772,0.137977,-0.076114,NA
1055_A/duck/Jiangsu/m234/,A/duck/Jiangsu/m234/2012,0.080474,-0.010207,0.169857,-0.089263,NA
1056_A/duck/Kaohsiung/150,A/duck/Kaohsiung/15010213/2015,0.12566,-0.062074,0.197045,-0.113949,NA
1057_A/duck/Nantou/15A343,A/duck/Nantou/15A3437/2015,0.153413,-0.066463,0.202606,-0.123827,NA
1058_A/duck/Nantou/17A024,A/duck/Nantou/17A0243/2017,0.148582,-0.06606,0.207772,-0.122868,NA
1059_A/duck/Pingtung/17A0,A/duck/Pingtung/17A0160/2017,0.145019,-0.060736,0.216279,-0.129036,NA
1060_A/duck/Pingtung/18A0,A/duck/Pingtung/18A00003-11-20T/2018,0.137714,-0.0596,0.204863,-0.115803,NA
1061_A/duck/Pingtung/18A0,A/duck/Pingtung/18A00076-11-20T/2018,0.158776,-0.058285,0.204836,-0.120642,NA
1062_A/duck/Pingtung/18X0,A/duck/Pingtung/18X00077/2018,0.137746,-0.075747,0.209136,-0.150085,NA
1063_A/duck/Pingtung/1501,A/duck/Pingtung/15010444/2015,0.138245,-0.060927,0.202466,-0.127527,NA
1064_A/duck/Taichung/1501,A/duck/Taichung/15010400-1/2015,0.152455,-0.070363,0.199758,-0.115207,NA
1065_A/duck/Tainan/160100,A/duck/Tainan/16010024-1/2016,0.141368,-0.027281,0.208698,-0.10737,NA
1066_A/duck/Taipei/05WB83,A/duck/Taipei/05WB830-1-5-E2/2005,0.132929,-0.056124,0.192816,-0.080483,NA
1067_A/duck/Taiwan/01006/,A/duck/Taiwan/01006/2015,0.138511,-0.057445,0.201904,-0.119555,NA
1068_A/duck/Taiwan/11213/,A/duck/Taiwan/11213/2013,0.132679,-0.03413,0.230005,-0.078888,NA
1069_A/duck/Taiwan/11254/,A/duck/Taiwan/11254/2013,0.132783,-0.030346,0.232372,-0.08156,NA
1070_A/duck/Taiwan/a043/2,A/duck/Taiwan/a043/2015,0.140381,-0.05929,0.220632,-0.120524,NA
1071_A/duck/Taiwan/DV1238,A/duck/Taiwan/DV1238/2009,0.12621,-0.024991,0.197319,-0.087695,NA
1072_A/duck/Taiwan/DV1241,A/duck/Taiwan/DV1241/2009,0.12621,-0.024991,0.197319,-0.087695,NA
1073_A/duck/Taiwan/DV1242,A/duck/Taiwan/DV1242/2009,0.12621,-0.024991,0.197319,-0.087695,NA
1074_A/duck/Taoyuan/16010,A/duck/Taoyuan/16010023-1/2016,0.152136,-0.026609,0.20637,-0.102393,NA
1075_A/duck/Yilan/17A0092,A/duck/Yilan/17A0092/2017,0.137503,-0.065189,0.198945,-0.139775,NA
1076_A/duck/Yunlin/15A501,A/duck/Yunlin/15A5019/2015,0.129517,-0.041376,0.204654,-0.111086,NA
1077_A/duck/Yunlin/17A008,A/duck/Yunlin/17A0086/2017,0.136983,-0.072484,0.219884,-0.127054,NA
1078_A/duck/Yunlin/17A068,A/duck/Yunlin/17A0686/2017,0.125795,-0.055035,0.182484,-0.139941,NA
1079_A/duck/Yunlin/18X000,A/duck/Yunlin/18X00007-3/2018,0.151984,-0.034609,0.226556,-0.11985,NA
1080_A/duck/Yunlin/150102,A/duck/Yunlin/15010244-1/2015,0.142685,-0.06343,0.200107,-0.121638,NA
1081_A/duck/Yunlin/150103,A/duck/Yunlin/15010310-4/2015,0.142685,-0.06343,0.200107,-0.121638,NA
1082_A/duck/Yunlin/150103,A/duck/Yunlin/15010318-2/2015,0.139894,-0.062263,0.199575,-0.123367,NA
1083_A/duck/Yunlin/150103,A/duck/Yunlin/15010369-1/2015,0.142685,-0.06343,0.200107,-0.121638,NA
1084_A/duck/Yunlin/150700,A/duck/Yunlin/15070002-2/2015,0.131163,-0.042646,0.206837,-0.109883,NA
1085_A/duck/Yunlin/171100,A/duck/Yunlin/17110001/2017,0.147335,-0.070115,0.184886,-0.13752,NA
1086_A/duck/Yunlin/180600,A/duck/Yunlin/18060007-3/2018,0.120376,-0.069758,0.15453,-0.11882,NA
1087_A/duck/Zhejiang/7713,A/duck/Zhejiang/77138/2014,0.148566,-0.025906,0.248618,-0.066966,NA
1088_A/duck/Zhejiang/7270,A/duck/Zhejiang/727041/2014,0.140489,-0.007449,0.123827,-0.117703,NA
1089_A/duck/Zhejiang/1026,A/duck/Zhejiang/1026109/2015,0.12233,-0.007857,0.160854,-0.160482,NA
1090_A/Environment/Shando,A/Environment/Shandong/WS15/2022,0.192178,0.014395,0.125771,-0.073773,NA
1091_A/Environment/Shando,A/Environment/Shandong/WS16/2022,0.192178,0.014395,0.125771,-0.073773,NA
1092_A/Environment/Shando,A/Environment/Shandong/WS19/2022,0.190648,-0.009501,0.118606,-0.02269,NA
1093_A/goose/Changhua/150,A/goose/Changhua/15040008/2015,0.131097,-0.064984,0.203511,-0.108477,NA
1094_A/goose/Chiayi/15010,A/goose/Chiayi/15010008-3/2015,0.142685,-0.06343,0.200107,-0.121638,NA
1095_A/goose/Chiayi/15010,A/goose/Chiayi/15010016-1/2015,0.138511,-0.057445,0.201904,-0.119555,NA
1096_A/goose/Chiayi/16010,A/goose/Chiayi/16010017-2/2016,0.141584,-0.028421,0.209591,-0.109032,NA
1097_A/goose/Chiayi/16040,A/goose/Chiayi/16040003-1/2016,0.172014,-0.054223,0.189637,-0.105651,NA
1098_A/goose/Chiayi/16040,A/goose/Chiayi/16040005/2016,0.172014,-0.054223,0.189637,-0.105651,NA
1099_A/goose/Chiayi/17020,A/goose/Chiayi/17020027-1/2017,0.129236,-0.046841,0.202283,-0.133015,NA
1100_A/goose/Chiayi/17040,A/goose/Chiayi/17040014/2017,0.110218,-0.082566,0.186577,-0.087736,NA
1101_A/goose/Chiayi/18010,A/goose/Chiayi/18010006/2018,0.142578,-0.070373,0.181943,-0.135607,NA
1102_A/goose/Chiayi/18020,A/goose/Chiayi/18020014-2/2018,0.171302,-0.078447,0.212064,-0.101575,NA
1103_A/goose/China/1106/2,A/goose/China/1106/2016,0.13246,-0.031452,0.164519,-0.167402,NA
1104_A/goose/Pingtung/150,A/goose/Pingtung/15010007-4/2015,0.138511,-0.057445,0.201904,-0.119555,NA
1105_A/goose/Pingtung/150,A/goose/Pingtung/15010037-1/2015,0.138511,-0.057445,0.201904,-0.119555,NA
1106_A/goose/Shandong/01.,A/goose/Shandong/01.01_JY-GS/2015(H5N2),0.135835,-0.019906,0.163646,-0.165607,NA
1107_A/goose/Shandong/01.,A/goose/Shandong/01.07_JQ-GS/2015(H5N2),0.124917,-0.009481,0.170177,-0.173265,NA
1108_A/goose/Shandong/04.,A/goose/Shandong/04.22_GT/2015(H5N2),0.140706,-0.034569,0.166112,-0.152271,NA
1109_A/goose/Tainan/17030,A/goose/Tainan/17030022-1/2017,0.139249,-0.049491,0.216407,-0.128245,NA
1110_A/goose/Tainan/17030,A/goose/Tainan/17030024-1/2017,0.134447,-0.054096,0.213467,-0.134838,NA
1111_A/goose/Tainan/18010,A/goose/Tainan/18010022-1/2018,0.145528,-0.069138,0.157121,-0.148143,NA
1112_A/goose/Tainan/18050,A/goose/Tainan/18050014-1/2018,0.142748,-0.077425,0.175903,-0.129308,NA
1113_A/goose/Taiwan/01022,A/goose/Taiwan/01022/2015,0.142685,-0.06343,0.200107,-0.121638,NA
1114_A/goose/Taiwan/01023,A/goose/Taiwan/01023/2015,0.139818,-0.057343,0.202936,-0.119755,NA
1115_A/goose/Taiwan/01031,A/goose/Taiwan/01031/2015,0.13926,-0.055523,0.199758,-0.118026,NA
1116_A/goose/Taiwan/01040,A/goose/Taiwan/01040/2015,0.1383,-0.063316,0.203551,-0.11586,NA
1117_A/goose/Taoyuan/1812,A/goose/Taoyuan/18120002-2/2018,0.151112,-0.051788,0.184968,-0.132643,NA
1118_A/goose/Yunlin/15010,A/goose/Yunlin/15010005/2015,0.139894,-0.062263,0.199575,-0.123367,NA
1119_A/goose/Yunlin/15010,A/goose/Yunlin/15010009-1/2015,0.139894,-0.062263,0.199575,-0.123367,NA
1120_A/goose/Yunlin/15010,A/goose/Yunlin/15010010-2/2015,0.136559,-0.061578,0.203943,-0.122236,NA
1121_A/goose/Yunlin/15010,A/goose/Yunlin/15010011-1/2015,0.139894,-0.062263,0.199575,-0.123367,NA
1122_A/goose/Yunlin/16020,A/goose/Yunlin/16020008-4/2016,0.14076,-0.029787,0.189033,-0.113435,NA
1123_A/goose/Yunlin/16020,A/goose/Yunlin/16020011-1/2016,0.105975,-0.045375,0.206854,-0.099565,NA
1124_A/goose/Yunlin/16040,A/goose/Yunlin/16040002-2/2016,0.143179,-0.039328,0.201366,-0.106974,NA
1125_A/goose/Yunlin/17100,A/goose/Yunlin/17100005/2017,0.134641,-0.081583,0.229229,-0.137135,NA
1126_A/goose/Yunlin/18030,A/goose/Yunlin/18030020-2/2018,0.115191,-0.050266,0.175015,-0.045261,NA
1127_A/goose/Yunlin/18030,A/goose/Yunlin/18030020-3/2018,0.120335,-0.051348,0.165514,-0.040146,NA
1128_A/goose/Yunlin/18040,A/goose/Yunlin/18040002-3/2018,0.141631,-0.054015,0.188598,-0.13634,NA
1129_A/goose/Yunlin/18040,A/goose/Yunlin/18040018-2/2018,0.121502,-0.056716,0.158076,-0.142981,NA
1130_A/goose/Yunlin/18090,A/goose/Yunlin/18090002-3/2018,0.150238,-0.054153,0.173784,-0.134658,NA
1131_A/goose/Yunlin/18090,A/goose/Yunlin/18090006-1/2018,0.147245,-0.052382,0.196848,-0.124191,NA
1132_A/goose/Yunlin/18110,A/goose/Yunlin/18110002-3/2018,0.131193,-0.037912,0.188517,-0.120175,NA
1133_A/goose/Zhejiang/771,A/goose/Zhejiang/77166/2014,0.148566,-0.025906,0.248618,-0.066966,NA
1134_A/goose/Zhejiang/771,A/goose/Zhejiang/77167/2014,0.150006,-0.027524,0.248038,-0.067758,NA
1135_A/goose/Zhejiang/771,A/goose/Zhejiang/77168/2014,0.148566,-0.025906,0.248618,-0.066966,NA
1136_A/heron/Taiwan/17DB0,A/heron/Taiwan/17DB0001/2017,0.151358,-0.055454,0.219401,-0.123104,NA
1137_A/parrot/Guangdong/2,A/parrot/Guangdong/258/2004,0.117303,-0.106508,0.166172,-0.048744,NA
1138_A/Pigeon/Shandong/WS,A/Pigeon/Shandong/WS17/2022,0.181254,-0.005757,0.134301,-0.065297,NA
1139_A/Taiwan/DV413/2006|,A/Taiwan/DV413/2006,0.143924,-0.052114,0.19726,-0.059687,NA
1140_A/Taiwan/DV518/2006|,A/Taiwan/DV518/2006,0.149742,-0.054559,0.19829,-0.061489,NA
1141_A/thrush/Taiwan/1512,A/thrush/Taiwan/15120021/2015,0.145336,-0.052412,0.206308,-0.110231,NA
1142_A/turkey/Changhua/16,A/turkey/Changhua/16010011-1/2016,0.116937,-0.041773,0.207622,-0.109039,NA
1143_A/turkey/Chiayi/1801,A/turkey/Chiayi/18010013-3/2018,0.12841,-0.07156,0.179476,-0.153129,NA
1144_A/turkey/Yunlin/1506,A/turkey/Yunlin/15060049-1/2015,0.137356,-0.066038,0.190243,-0.129779,NA
1145_A/turkey/Yunlin/1802,A/turkey/Yunlin/18020020-2/2018,0.121983,-0.071718,0.185161,-0.153289,NA
1146_A/turkey/Yunlin/1811,A/turkey/Yunlin/18110001-3/2018,0.145452,-0.065954,0.178406,-0.156421,NA
1147_A/turkey/Yunlin/1812,A/turkey/Yunlin/18120005-2/2018,0.133939,-0.040985,0.194846,-0.126393,NA
1148_A/whooper_swan/Henan,A/whooper_swan/Henan/T578/2019,0.105263,-0.043478,0.217857,-0.058111,NA
1149_A/whooper_swan/Henan,A/whooper_swan/Henan/T874/2018,0.105263,-0.043478,0.217857,-0.058111,NA
1150_A/whooper_swan/Henan,A/whooper_swan/Henan/T880/2018,0.105263,-0.043478,0.217857,-0.058111,NA
1151_A/whooper_swan/Henan,A/whooper_swan/Henan/T886/2018,0.105263,-0.043478,0.217857,-0.058111,NA
1152_A/whooper_swan/Henan,A/whooper_swan/Henan/T888/2018,0.105263,-0.043478,0.217857,-0.058111,NA
1153_A/whooper_swan/Henan,A/whooper_swan/Henan/Y120/2018,0.117125,-0.03764,0.219715,-0.057346,NA
1154_A/whooper_swan/Shanx,A/whooper_swan/Shanxi/SX116/2020,0.106774,-0.050932,0.178423,-0.051366,NA
1155_A/wildfowl/China/472,A/wildfowl/China/472/2014,0.168748,-0.051976,0.170479,-0.092668,NA
1156_A/Taiwan/DV413/2006_,A/Taiwan/DV413/2006_H5N2,0.143924,-0.052114,0.19726,-0.059687,NA
1157_A/Taiwan/DV518/2006_,A/Taiwan/DV518/2006_H5N2,0.149742,-0.054559,0.19829,-0.061489,NA
1158_A/baikal_teal/Xiangh,A/baikal_teal/Xianghai/426/2011_H5N2,0.142832,-0.061984,0.191818,-0.071615,NA
1159_A/canvasback/Xiangha,A/canvasback/Xianghai/428/2011_H5N2,0.146952,-0.056339,0.195171,-0.065164,NA
1160_A/chicken/Beijing/BJ,A/chicken/Beijing/BJ7/2014_H5N2,0.100014,-0.015293,0.194425,-0.040065,NA
1161_A/chicken/CH/a556/20,A/chicken/CH/a556/2015_H5N2,0.119265,-0.09015,0.129584,-0.038481,NA
1162_A/chicken/Changhua/1,A/chicken/Changhua/15010120-1/2015_H5N2,0.139894,-0.062263,0.199575,-0.123367,NA
1163_A/chicken/Changhua/1,A/chicken/Changhua/15010288/2015_H5N2,0.139894,-0.062263,0.199575,-0.123367,NA
1164_A/chicken/Changhua/1,A/chicken/Changhua/15010324-2/2015_H5N2,0.138877,-0.061699,0.200868,-0.121442,NA
1165_A/chicken/Changhua/1,A/chicken/Changhua/15010361-1/2015_H5N2,0.142655,-0.060896,0.196849,-0.120414,NA
1166_A/chicken/Changhua/1,A/chicken/Changhua/15010362-2/2015_H5N2,0.142907,-0.063719,0.201051,-0.115332,NA
1167_A/chicken/Changhua/1,A/chicken/Changhua/15010363-2/2015_H5N2,0.139866,-0.061397,0.200678,-0.121406,NA
1168_A/chicken/Changhua/1,A/chicken/Changhua/15050013-1/2015_H5N2,0.15087,-0.066336,0.203928,-0.123328,NA
1169_A/chicken/Changhua/1,A/chicken/Changhua/15060027-2/2015_H5N2,0.151947,-0.066957,0.196714,-0.116594,NA
1170_A/chicken/Changhua/1,A/chicken/Changhua/15060037-1/2015_H5N2,0.153722,-0.069168,0.204841,-0.121257,NA
1171_A/chicken/Changhua/1,A/chicken/Changhua/15120008/2015_H5N2,0.143179,-0.030214,0.208949,-0.10991,NA
1172_A/chicken/Changhua/1,A/chicken/Changhua/16010060-2/2016_H5N2,0.150757,-0.070354,0.205293,-0.116924,NA
1173_A/chicken/Changhua/1,A/chicken/Changhua/17060006/2017_H5N2,0.151145,-0.049068,0.214876,-0.125237,NA
1174_A/chicken/Changhua/1,A/chicken/Changhua/18040008-1/2018_H5N2,0.133668,-0.064621,0.177439,-0.140127,NA
1175_A/chicken/Chiayi/150,A/chicken/Chiayi/15010287-2/2015_H5N2,0.138255,-0.064916,0.200179,-0.126102,NA
1176_A/chicken/Chiayi/150,A/chicken/Chiayi/15010409-2/2015_H5N2,0.152455,-0.070363,0.199758,-0.115207,NA
1177_A/chicken/Chiayi/170,A/chicken/Chiayi/17040009-2/2017_H5N2,0.148474,-0.062202,0.215426,-0.130567,NA
1178_A/chicken/Chiayi/181,A/chicken/Chiayi/18120003-1/2018_H5N2,0.152541,-0.043205,0.198781,-0.130918,NA
1179_A/chicken/Chiping/03,A/chicken/Chiping/0321/2014_H5N2,0.098714,-0.034102,0.197867,-0.061613,NA
1180_A/chicken/Eastern_Ch,A/chicken/Eastern_China/HF9/2018_H5N2,0.166698,-0.004049,0.170872,-0.074176,NA
1181_A/chicken/Eastern_Ch,A/chicken/Eastern_China/QY5/2018_H5N2,0.166698,-0.004049,0.170872,-0.074176,NA
1182_A/chicken/GY/a451/20,A/chicken/GY/a451/2015_H5N2,0.110915,-0.089233,0.10323,-0.042324,NA
1183_A/chicken/Hebei/1102,A/chicken/Hebei/1102-MA/2010_H5N2,0.134704,-0.039509,0.169907,-0.063695,NA
1184_A/chicken/Hebei/1102,A/chicken/Hebei/1102/2010_H5N2,0.134704,-0.039509,0.169907,-0.063695,NA
1185_A/chicken/Hebei/3/20,A/chicken/Hebei/3/2013_H5N2,0.129358,-0.0347,0.221212,-0.04253,NA
1186_A/chicken/Heilongjia,A/chicken/Heilongjiang/S7/2014_H5N2,0.131527,-0.045492,0.200893,-0.022752,NA
1187_A/chicken/Henan/Q7/2,A/chicken/Henan/Q7/2013_H5N2,0.121421,-0.048033,0.1948,-0.064946,NA
1188_A/chicken/Hsinchu/16,A/chicken/Hsinchu/16080004-2/2016_H5N2,0.158601,-0.048267,0.206641,-0.12035,NA
1189_A/chicken/Jiangsu/10,A/chicken/Jiangsu/1001/2013_H5N2,0.116143,-0.039041,0.200341,-0.084226,NA
1190_A/chicken/Jiangsu/XZ,A/chicken/Jiangsu/XZ216/2014_H5N2,0.113545,-0.038773,0.209611,-0.063387,NA
1191_A/chicken/Kaohsiung/,A/chicken/Kaohsiung/17040007/2017_H5N2,0.14561,-0.058961,0.216994,-0.132814,NA
1192_A/chicken/Kaohsiung/,A/chicken/Kaohsiung/17100002/2017_H5N2,0.114479,-0.054622,0.154398,-0.148711,NA
1193_A/chicken/Kaohsiung/,A/chicken/Kaohsiung/18080004-1/2018_H5N2,0.137527,-0.063101,0.218608,-0.141371,NA
1194_A/chicken/Kaohsiung/,A/chicken/Kaohsiung/18080004-2/2018_H5N2,0.129907,-0.057139,0.212515,-0.149037,NA
1195_A/chicken/New_Taipei,A/chicken/New_Taipei_City/17040002-2/2017_H5N2,0.134952,-0.06457,0.205361,-0.133712,NA
1196_A/chicken/New_Taipei,A/chicken/New_Taipei_City/18010021-3/2018_H5N2,0.115899,-0.065823,0.190086,-0.128408,NA
1197_A/chicken/PH/A2821/2,A/chicken/PH/A2821/2013_H5N2,0.13353,-0.093172,0.126362,-0.048743,NA
1198_A/chicken/PT/a158/20,A/chicken/PT/a158/2015_H5N2,0.125402,-0.083542,0.099038,-0.035189,NA
1199_A/chicken/Pingtung/1,A/chicken/Pingtung/15050006-1/2015_H5N2,0.134622,-0.067625,0.20323,-0.12438,NA
1200_A/chicken/Pingtung/1,A/chicken/Pingtung/16020009-3/2016_H5N2,0.107946,-0.079384,0.200239,-0.097554,NA
1201_A/chicken/Pingtung/1,A/chicken/Pingtung/18010017-1/2018_H5N2,0.134366,-0.055793,0.199365,-0.13783,NA
1202_A/chicken/Pingtung/1,A/chicken/Pingtung/18020015-1/2018_H5N2,0.119683,-0.064314,0.187101,-0.121175,NA
1203_A/chicken/Qingdao/1/,A/chicken/Qingdao/1/2014_H5N2,0.099104,-0.046934,0.201201,-0.044531,NA
1204_A/chicken/SC/a688/20,A/chicken/SC/a688/2015_H5N2,0.119384,-0.085834,0.112985,-0.05517,NA
1205_A/chicken/Shandong/S,A/chicken/Shandong/S3/2014_H5N2,0.101954,-0.040599,0.204395,-0.045482,NA
1206_A/chicken/Shijiazhua,A/chicken/Shijiazhuang/1209/2013_H5N2,0.129218,-0.076541,0.181448,-0.039845,NA
1207_A/chicken/TC/a504/20,A/chicken/TC/a504/2015_H5N2,0.123929,-0.084478,0.10122,-0.033865,NA
1208_A/chicken/TY/a665/20,A/chicken/TY/a665/2015_H5N2,0.111506,-0.083981,0.112447,-0.041914,NA
1209_A/chicken/Taichung/1,A/chicken/Taichung/15010399/2015_H5N2,0.143133,-0.065144,0.19765,-0.119256,NA
1210_A/chicken/Taichung/1,A/chicken/Taichung/16040032-3/2016_H5N2,0.130742,-0.036834,0.190573,-0.101379,NA
1211_A/chicken/Taichung/1,A/chicken/Taichung/16050044-2/2016_H5N2,0.146279,-0.032797,0.20534,-0.109072,NA
1212_A/chicken/Tainan/160,A/chicken/Tainan/16040035-1/2016_H5N2,0.14322,-0.056257,0.200411,-0.105874,NA
1213_A/chicken/Taipei_Cit,A/chicken/Taipei_City/18010007-3/2018_H5N2,0.125354,-0.07189,0.19918,-0.156986,NA
1214_A/chicken/Taipei_Cit,A/chicken/Taipei_City/18010008-3/2018_H5N2,0.114732,-0.067396,0.191424,-0.124774,NA
1215_A/chicken/Taiwan/010,A/chicken/Taiwan/0101/2012_H5N2,0.157827,-0.010164,0.164738,0.013571,NA
1216_A/chicken/Taiwan/050,A/chicken/Taiwan/0502/2012_H5N2,0.110601,-0.079964,0.146752,0.019181,NA
1217_A/chicken/Taiwan/168,A/chicken/Taiwan/1682/2013_H5N2,0.138495,-0.000416,0.166395,0.008647,NA
1218_A/chicken/Taiwan/169,A/chicken/Taiwan/1692/2013_H5N2,0.141916,-0.003945,0.165361,0.008886,NA
1219_A/chicken/Taiwan/170,A/chicken/Taiwan/1704/2013_H5N2,0.14248,0.000923,0.168867,0.006967,NA
1220_A/chicken/Taiwan/171,A/chicken/Taiwan/1711/2013_H5N2,0.143221,-0.001159,0.164341,0.012074,NA
1221_A/chicken/Taiwan/259,A/chicken/Taiwan/2593/2012_H5N2,0.103601,-0.109641,0.126765,0.005288,NA
1222_A/chicken/Taiwan/294,A/chicken/Taiwan/2948/2013_H5N2,0.096249,-0.102406,0.121745,-0.001625,NA
1223_A/chicken/Taiwan/444,A/chicken/Taiwan/4443/2013_H5N2,0.093748,-0.094815,0.118413,0.006004,NA
1224_A/chicken/Taiwan/683,A/chicken/Taiwan/683/2012_H5N2,0.099529,-0.092422,0.128062,-0.00237,NA
1225_A/chicken/Taiwan/735,A/chicken/Taiwan/7350/2013_H5N2,0.10231,-0.098406,0.123527,0.008354,NA
1226_A/chicken/Taiwan/898,A/chicken/Taiwan/8988/2013_H5N2,0.103601,-0.109641,0.126765,0.005288,NA
1227_A/chicken/Taiwan/899,A/chicken/Taiwan/8994/2013_H5N2,0.103601,-0.109641,0.126765,0.005288,NA
1228_A/chicken/Taiwan/899,A/chicken/Taiwan/8996/2013_H5N2,0.103601,-0.109641,0.126765,0.005288,NA
1229_A/chicken/Taiwan/A1/,A/chicken/Taiwan/A1/2019_H5N2,0.090487,-0.048726,0.130125,-0.046311,NA
1230_A/chicken/Taiwan/A19,A/chicken/Taiwan/A1997/2012_H5N2,0.112904,-0.079746,0.119701,0.006184,NA
1231_A/chicken/Taiwan/D2/,A/chicken/Taiwan/D2/2019_H5N2,0.110289,-0.055999,0.201481,-0.120177,NA
1232_A/chicken/Taiwan/D9/,A/chicken/Taiwan/D9/2019_H5N2,0.110289,-0.055999,0.201481,-0.120177,NA
1233_A/chicken/Tibet/LZ01,A/chicken/Tibet/LZ01/2010_H5N2,0.118577,-0.050516,0.182487,-0.071677,NA
1234_A/chicken/Wuhan/WHJF,A/chicken/Wuhan/WHJF/2014_H5N2,0.166447,-0.020341,0.182432,-0.079703,NA
1235_A/chicken/YL/A3190/2,A/chicken/YL/A3190/2014_H5N2,0.098393,-0.085493,0.114021,-0.016478,NA
1236_A/chicken/Yunlin/150,A/chicken/Yunlin/15020048-1/2015_H5N2,0.138982,-0.056957,0.188446,-0.120746,NA
1237_A/chicken/Yunlin/150,A/chicken/Yunlin/15040002-2/2015_H5N2,0.14274,-0.06572,0.195957,-0.12267,NA
1238_A/chicken/Yunlin/150,A/chicken/Yunlin/15040027/2015_H5N2,0.138256,-0.058664,0.199831,-0.121925,NA
1239_A/chicken/Yunlin/150,A/chicken/Yunlin/15050037-2/2015_H5N2,0.138128,-0.063338,0.196907,-0.118625,NA
1240_A/chicken/Yunlin/150,A/chicken/Yunlin/15050039-2/2015_H5N2,0.138256,-0.058664,0.199831,-0.121925,NA
1241_A/chicken/Yunlin/150,A/chicken/Yunlin/15060014-1/2015_H5N2,0.137424,-0.06284,0.200132,-0.117281,NA
1242_A/chicken/Yunlin/150,A/chicken/Yunlin/15080024/2015_H5N2,0.151675,-0.037163,0.195457,-0.107441,NA
1243_A/chicken/Yunlin/160,A/chicken/Yunlin/16010001-1/2016_H5N2,0.153721,-0.06899,0.201941,-0.117368,NA
1244_A/chicken/Yunlin/160,A/chicken/Yunlin/16010008-1/2016_H5N2,0.141963,-0.052133,0.210367,-0.108808,NA
1245_A/chicken/Yunlin/160,A/chicken/Yunlin/16050053/2016_H5N2,0.136459,-0.036162,0.203029,-0.10964,NA
1246_A/chicken/Yunlin/170,A/chicken/Yunlin/17010014/2017_H5N2,0.133452,-0.060175,0.2256,-0.12276,NA
1247_A/chicken/Yunlin/170,A/chicken/Yunlin/17020094-1/2017_H5N2,0.133495,-0.072469,0.225577,-0.13029,NA
1248_A/chicken/Yunlin/170,A/chicken/Yunlin/17020095-2/2017_H5N2,0.141835,-0.067443,0.205032,-0.121258,NA
1249_A/chicken/Yunlin/170,A/chicken/Yunlin/17030001-1/2017_H5N2,0.138351,-0.059573,0.217939,-0.136876,NA
1250_A/chicken/Yunlin/170,A/chicken/Yunlin/17030007-1/2017_H5N2,0.139101,-0.074431,0.209749,-0.135325,NA
1251_A/chicken/Yunlin/170,A/chicken/Yunlin/17030010-1/2017_H5N2,0.147476,-0.067926,0.214615,-0.117565,NA
1252_A/chicken/Yunlin/170,A/chicken/Yunlin/17030014-1/2017_H5N2,0.134475,-0.051683,0.213017,-0.135669,NA
1253_A/chicken/Yunlin/170,A/chicken/Yunlin/17030020-2/2017_H5N2,0.130569,-0.063892,0.221864,-0.128329,NA
1254_A/chicken/Yunlin/170,A/chicken/Yunlin/17030021-1/2017_H5N2,0.140585,-0.056877,0.216532,-0.128276,NA
1255_A/chicken/Yunlin/170,A/chicken/Yunlin/17030032-2/2017_H5N2,0.137665,-0.060542,0.219523,-0.137358,NA
1256_A/chicken/Yunlin/170,A/chicken/Yunlin/17030065-2/2017_H5N2,0.154368,-0.053303,0.226156,-0.129599,NA
1257_A/chicken/Yunlin/170,A/chicken/Yunlin/17040003-1/2017_H5N2,0.136653,-0.072554,0.207976,-0.137341,NA
1258_A/chicken/Yunlin/170,A/chicken/Yunlin/17040004-2/2017_H5N2,0.153535,-0.065095,0.201505,-0.109389,NA
1259_A/chicken/Yunlin/170,A/chicken/Yunlin/17040011-1/2017_H5N2,0.160158,-0.071444,0.213962,-0.10108,NA
1260_A/chicken/Yunlin/170,A/chicken/Yunlin/17060019/2017_H5N2,0.124455,-0.066825,0.193108,-0.144042,NA
1261_A/chicken/Yunlin/170,A/chicken/Yunlin/17070010/2017_H5N2,0.130254,-0.057421,0.182019,-0.151725,NA
1262_A/chicken/Yunlin/180,A/chicken/Yunlin/18010001-2/2018_H5N2,0.129917,-0.059008,0.198897,-0.143759,NA
1263_A/chicken/Yunlin/180,A/chicken/Yunlin/18010023-1/2018_H5N2,0.125567,-0.058486,0.203565,-0.142381,NA
1264_A/chicken/Yunlin/180,A/chicken/Yunlin/18020003-2/2018_H5N2,0.132397,-0.056695,0.195236,-0.152159,NA
1265_A/chicken/Yunlin/180,A/chicken/Yunlin/18020004-1/2018_H5N2,0.128837,-0.061811,0.194392,-0.1522,NA
1266_A/chicken/Yunlin/180,A/chicken/Yunlin/18020005-2/2018_H5N2,0.127435,-0.055401,0.190411,-0.147782,NA
1267_A/chicken/Yunlin/180,A/chicken/Yunlin/18020008-2/2018_H5N2,0.121234,-0.054388,0.200384,-0.13385,NA
1268_A/chicken/Yunlin/180,A/chicken/Yunlin/18030002-1/2018_H5N2,0.112727,-0.054568,0.187969,-0.141957,NA
1269_A/chicken/Yunlin/180,A/chicken/Yunlin/18050013-1/2018_H5N2,0.122367,-0.041547,0.178903,-0.14231,NA
1270_A/chicken/Yunlin/180,A/chicken/Yunlin/18060001-2/2018_H5N2,0.12726,-0.041282,0.18193,-0.144277,NA
1271_A/chicken/Yunlin/180,A/chicken/Yunlin/18080006-1/2018_H5N2,0.137795,-0.058449,0.144823,-0.131243,NA
1272_A/chicken/Zhejiang/1,A/chicken/Zhejiang/194/2016_H5N2,0.117079,-0.003882,0.15362,-0.156897,NA
1273_A/chicken/Zhejiang/2,A/chicken/Zhejiang/209/2016_H5N2,0.117079,-0.003882,0.15362,-0.156897,NA
1274_A/chicken/Zhejiang/2,A/chicken/Zhejiang/217/2016_H5N2,0.112139,-0.020846,0.158681,-0.160914,NA
1275_A/chicken/Zhejiang/2,A/chicken/Zhejiang/232/2016_H5N2,0.128598,-0.017402,0.145938,-0.173213,NA
1276_A/chicken/Zhejiang/5,A/chicken/Zhejiang/514135/2015_H5N2,0.153025,-0.004866,0.129749,-0.110569,NA
1277_A/chicken/Zhejiang/7,A/chicken/Zhejiang/727079/2014_H5N2,0.101119,-0.083224,0.189205,-0.064086,NA
1278_A/chicken/Zhejiang/7,A/chicken/Zhejiang/727159/2014_H5N2,0.101119,-0.083224,0.189205,-0.064086,NA
1279_A/chicken/Zhejiang/7,A/chicken/Zhejiang/7450/2015_H5N2,0.117212,-0.023458,0.158832,-0.153668,NA
1280_A/chicken/Zhejiang/8,A/chicken/Zhejiang/81643/2015_H5N2,0.129706,-0.02935,0.16075,-0.16176,NA
1281_A/duck/Changhua/15A0,A/duck/Changhua/15A03431-1-20T/2015_H5N2,0.155108,-0.063927,0.18888,-0.11359,NA
1282_A/duck/Changhua/15A0,A/duck/Changhua/15A03473-1-20T/2015_H5N2,0.153413,-0.066463,0.202606,-0.123827,NA
1283_A/duck/China/YD1516/,A/duck/China/YD1516/2016_H5N2,0.125991,-0.027063,0.166054,-0.168144,NA
1284_A/duck/Eastern_China,A/duck/Eastern_China/1111/2011_H5N2,0.139961,-0.04012,0.228359,-0.098697,NA
1285_A/duck/Eastern_China,A/duck/Eastern_China/L0230/2010_H5N2,0.114008,-0.025146,0.212583,-0.089319,NA
1286_A/duck/Eastern_China,A/duck/Eastern_China/L0321/2010_H5N2,0.12594,-0.031204,0.221606,-0.106632,NA
1287_A/duck/Eastern_China,A/duck/Eastern_China/S0131/2014_H5N2,0.11323,-0.006069,0.18253,-0.17626,NA
1288_A/duck/Eastern_China,A/duck/Eastern_China/S0808/2014_H5N2,0.153766,-0.023472,0.227746,-0.083976,NA
1289_A/duck/Hebei/0908/20,A/duck/Hebei/0908/2009_H5N2,0.073198,-0.013538,0.159293,-0.114356,NA
1290_A/duck/Hong_Kong/342,A/duck/Hong_Kong/342/1978_H5N2,0.151488,-0.053316,0.1159,-0.068405,NA
1291_A/duck/Hsinchu/15020,A/duck/Hsinchu/15020216/2015_H5N2,0.138466,-0.059771,0.200698,-0.123539,NA
1292_A/duck/Hubei/SZY250/,A/duck/Hubei/SZY250/2016_H5N2,0.140244,-0.041309,0.162933,-0.144107,NA
1293_A/duck/Hunan/S4101/2,A/duck/Hunan/S4101/2011_H5N2,0.117166,-0.054023,0.136632,-0.075222,NA
1294_A/duck/Hunan/S4120/2,A/duck/Hunan/S4120/2011_H5N2,0.11813,-0.053772,0.137977,-0.076114,NA
1295_A/duck/Jiangsu/m234/,A/duck/Jiangsu/m234/2012_H5N2,0.080474,-0.010207,0.169857,-0.089263,NA
1296_A/duck/Kaohsiung/150,A/duck/Kaohsiung/15010213/2015_H5N2,0.12566,-0.062074,0.197045,-0.113949,NA
1297_A/duck/Nantou/15A343,A/duck/Nantou/15A3437/2015_H5N2,0.153413,-0.066463,0.202606,-0.123827,NA
1298_A/duck/Nantou/17A024,A/duck/Nantou/17A0243/2017_H5N2,0.148582,-0.06606,0.207772,-0.122868,NA
1299_A/duck/Pingtung/1501,A/duck/Pingtung/15010444/2015_H5N2,0.138245,-0.060927,0.202466,-0.127527,NA
1300_A/duck/Pingtung/17A0,A/duck/Pingtung/17A0160/2017_H5N2,0.145019,-0.060736,0.216279,-0.129036,NA
1301_A/duck/Pingtung/18A0,A/duck/Pingtung/18A00003-11-20T/2018_H5N2,0.137714,-0.0596,0.204863,-0.115803,NA
1302_A/duck/Pingtung/18A0,A/duck/Pingtung/18A00076-11-20T/2018_H5N2,0.158776,-0.058285,0.204836,-0.120642,NA
1303_A/duck/Pingtung/18X0,A/duck/Pingtung/18X00077/2018_H5N2,0.137746,-0.075747,0.209136,-0.150085,NA
1304_A/duck/Taichung/1501,A/duck/Taichung/15010400-1/2015_H5N2,0.152455,-0.070363,0.199758,-0.115207,NA
1305_A/duck/Tainan/160100,A/duck/Tainan/16010020-1/2016_H5N2,0.141368,-0.027281,0.208698,-0.10737,NA
1306_A/duck/Taipei/05WB83,A/duck/Taipei/05WB830-1-5-E2/2005_H5N2,0.132929,-0.056124,0.192816,-0.080483,NA
1307_A/duck/Taiwan/01006/,A/duck/Taiwan/01006/2015_H5N2,0.138511,-0.057445,0.201904,-0.119555,NA
1308_A/duck/Taiwan/11213/,A/duck/Taiwan/11213/2013_H5N2,0.132679,-0.03413,0.230005,-0.078888,NA
1309_A/duck/Taiwan/11254/,A/duck/Taiwan/11254/2013_H5N2,0.132783,-0.030346,0.232372,-0.08156,NA
1310_A/duck/Taiwan/DV1238,A/duck/Taiwan/DV1238/2009_H5N2,0.12621,-0.024991,0.197319,-0.087695,NA
1311_A/duck/Taiwan/DV1241,A/duck/Taiwan/DV1241/2009_H5N2,0.12621,-0.024991,0.197319,-0.087695,NA
1312_A/duck/Taiwan/DV1242,A/duck/Taiwan/DV1242/2009_H5N2,0.12621,-0.024991,0.197319,-0.087695,NA
1313_A/duck/Taoyuan/16010,A/duck/Taoyuan/16010023-1/2016_H5N2,0.152136,-0.026609,0.20637,-0.102393,NA
1314_A/duck/Yilan/17A0092,A/duck/Yilan/17A0092/2017_H5N2,0.137503,-0.065189,0.198945,-0.139775,NA
1315_A/duck/Yunlin/150102,A/duck/Yunlin/15010244-1/2015_H5N2,0.142685,-0.06343,0.200107,-0.121638,NA
1316_A/duck/Yunlin/150103,A/duck/Yunlin/15010310-4/2015_H5N2,0.142685,-0.06343,0.200107,-0.121638,NA
1317_A/duck/Yunlin/150103,A/duck/Yunlin/15010318-2/2015_H5N2,0.139894,-0.062263,0.199575,-0.123367,NA
1318_A/duck/Yunlin/150103,A/duck/Yunlin/15010369-1/2015_H5N2,0.142685,-0.06343,0.200107,-0.121638,NA
1319_A/duck/Yunlin/150700,A/duck/Yunlin/15070002-2/2015_H5N2,0.131163,-0.042646,0.206837,-0.109883,NA
1320_A/duck/Yunlin/15A501,A/duck/Yunlin/15A5019/2015_H5N2,0.129517,-0.041376,0.204654,-0.111086,NA
1321_A/duck/Yunlin/171100,A/duck/Yunlin/17110001/2017_H5N2,0.147335,-0.070115,0.184886,-0.13752,NA
1322_A/duck/Yunlin/17A008,A/duck/Yunlin/17A0086/2017_H5N2,0.136983,-0.072484,0.219884,-0.127054,NA
1323_A/duck/Yunlin/17A068,A/duck/Yunlin/17A0686/2017_H5N2,0.125795,-0.055035,0.182484,-0.139941,NA
1324_A/duck/Yunlin/180600,A/duck/Yunlin/18060007-3/2018_H5N2,0.120376,-0.069758,0.15453,-0.11882,NA
1325_A/duck/Yunlin/18X000,A/duck/Yunlin/18X00007-3/2018_H5N2,0.151984,-0.034609,0.226556,-0.11985,NA
1326_A/duck/Zhejiang/1026,A/duck/Zhejiang/1026109/2015_H5N2,0.12233,-0.007857,0.160854,-0.160482,NA
1327_A/duck/Zhejiang/6DK1,A/duck/Zhejiang/6DK19/2013_H5N2,0.160684,-0.040831,0.162554,-0.067997,NA
1328_A/duck/Zhejiang/7270,A/duck/Zhejiang/727041/2014_H5N2,0.140489,-0.007449,0.123827,-0.117703,NA
1329_A/duck/Zhejiang/7713,A/duck/Zhejiang/77138/2014_H5N2,0.148566,-0.025906,0.248618,-0.066966,NA
1330_A/goose/Changhua/150,A/goose/Changhua/15040008/2015_H5N2,0.131097,-0.064984,0.203511,-0.108477,NA
1331_A/goose/Chiayi/15010,A/goose/Chiayi/15010008-3/2015_H5N2,0.142685,-0.06343,0.200107,-0.121638,NA
1332_A/goose/Chiayi/15010,A/goose/Chiayi/15010016-1/2015_H5N2,0.138511,-0.057445,0.201904,-0.119555,NA
1333_A/goose/Chiayi/16010,A/goose/Chiayi/16010017-2/2016_H5N2,0.141584,-0.028421,0.209591,-0.109032,NA
1334_A/goose/Chiayi/16040,A/goose/Chiayi/16040003-1/2016_H5N2,0.172014,-0.054223,0.189637,-0.105651,NA
1335_A/goose/Chiayi/16040,A/goose/Chiayi/16040005/2016_H5N2,0.172014,-0.054223,0.189637,-0.105651,NA
1336_A/goose/Chiayi/17020,A/goose/Chiayi/17020027-1/2017_H5N2,0.129236,-0.046841,0.202283,-0.133015,NA
1337_A/goose/Chiayi/17040,A/goose/Chiayi/17040014/2017_H5N2,0.110218,-0.082566,0.186577,-0.087736,NA
1338_A/goose/Chiayi/18010,A/goose/Chiayi/18010006/2018_H5N2,0.142578,-0.070373,0.181943,-0.135607,NA
1339_A/goose/Chiayi/18020,A/goose/Chiayi/18020014-1/2018_H5N2,0.171302,-0.078447,0.212064,-0.101575,NA
1340_A/goose/Chiayi/18020,A/goose/Chiayi/18020014-2/2018_H5N2,0.171302,-0.078447,0.212064,-0.101575,NA
1341_A/goose/China/1106/2,A/goose/China/1106/2016_H5N2,0.13246,-0.031452,0.164519,-0.167402,NA
1342_A/goose/Eastern_Chin,A/goose/Eastern_China/1112/2011_H5N2,0.11008,-0.0261,0.214139,-0.089327,NA
1343_A/goose/Pingtung/150,A/goose/Pingtung/15010007-4/2015_H5N2,0.138511,-0.057445,0.201904,-0.119555,NA
1344_A/goose/Pingtung/150,A/goose/Pingtung/15010037-1/2015_H5N2,0.138511,-0.057445,0.201904,-0.119555,NA
1345_A/goose/Tainan/17030,A/goose/Tainan/17030022-1/2017_H5N2,0.139249,-0.049491,0.216407,-0.128245,NA
1346_A/goose/Tainan/17030,A/goose/Tainan/17030024-1/2017_H5N2,0.134447,-0.054096,0.213467,-0.134838,NA
1347_A/goose/Tainan/18010,A/goose/Tainan/18010022-1/2018_H5N2,0.145528,-0.069138,0.157121,-0.148143,NA
1348_A/goose/Tainan/18050,A/goose/Tainan/18050014-1/2018_H5N2,0.142748,-0.077425,0.175903,-0.129308,NA
1349_A/goose/Taiwan/01022,A/goose/Taiwan/01022/2015_H5N2,0.142685,-0.06343,0.200107,-0.121638,NA
1350_A/goose/Taiwan/01023,A/goose/Taiwan/01023/2015_H5N2,0.139818,-0.057343,0.202936,-0.119755,NA
1351_A/goose/Taiwan/01031,A/goose/Taiwan/01031/2015_H5N2,0.13926,-0.055523,0.199758,-0.118026,NA
1352_A/goose/Taiwan/01040,A/goose/Taiwan/01040/2015_H5N2,0.1383,-0.063316,0.203551,-0.11586,NA
1353_A/goose/Taoyuan/1812,A/goose/Taoyuan/18120002-2/2018_H5N2,0.151112,-0.051788,0.184968,-0.132643,NA
1354_A/goose/Yunlin/15010,A/goose/Yunlin/15010005/2015_H5N2,0.139894,-0.062263,0.199575,-0.123367,NA
1355_A/goose/Yunlin/15010,A/goose/Yunlin/15010009-1/2015_H5N2,0.139894,-0.062263,0.199575,-0.123367,NA
1356_A/goose/Yunlin/15010,A/goose/Yunlin/15010010-2/2015_H5N2,0.136559,-0.061578,0.203943,-0.122236,NA
1357_A/goose/Yunlin/15010,A/goose/Yunlin/15010011-1/2015_H5N2,0.139894,-0.062263,0.199575,-0.123367,NA
1358_A/goose/Yunlin/15010,A/goose/Yunlin/15010029-1/2015_H5N2,0.138254,-0.060421,0.200235,-0.122465,NA
1359_A/goose/Yunlin/16020,A/goose/Yunlin/16020008-4/2016_H5N2,0.14076,-0.029787,0.189033,-0.113435,NA
1360_A/goose/Yunlin/16020,A/goose/Yunlin/16020011-1/2016_H5N2,0.105975,-0.045375,0.206854,-0.099565,NA
1361_A/goose/Yunlin/16040,A/goose/Yunlin/16040002-2/2016_H5N2,0.143179,-0.039328,0.201366,-0.106974,NA
1362_A/goose/Yunlin/17100,A/goose/Yunlin/17100005/2017_H5N2,0.134641,-0.081583,0.229229,-0.137135,NA
1363_A/goose/Yunlin/18030,A/goose/Yunlin/18030020-2/2018_H5N2,0.115191,-0.050266,0.175015,-0.045261,NA
1364_A/goose/Yunlin/18030,A/goose/Yunlin/18030020-3/2018_H5N2,0.120335,-0.051348,0.165514,-0.040146,NA
1365_A/goose/Yunlin/18040,A/goose/Yunlin/18040002-3/2018_H5N2,0.141631,-0.054015,0.188598,-0.13634,NA
1366_A/goose/Yunlin/18040,A/goose/Yunlin/18040018-2/2018_H5N2,0.121502,-0.056716,0.158076,-0.142981,NA
1367_A/goose/Yunlin/18090,A/goose/Yunlin/18090002-3/2018_H5N2,0.150238,-0.054153,0.173784,-0.134658,NA
1368_A/goose/Yunlin/18090,A/goose/Yunlin/18090006-1/2018_H5N2,0.147245,-0.052382,0.196848,-0.124191,NA
1369_A/goose/Yunlin/18110,A/goose/Yunlin/18110002-3/2018_H5N2,0.131193,-0.037912,0.188517,-0.120175,NA
1370_A/goose/Zhejiang/771,A/goose/Zhejiang/77166/2014_H5N2,0.148566,-0.025906,0.248618,-0.066966,NA
1371_A/goose/Zhejiang/771,A/goose/Zhejiang/77167/2014_H5N2,0.150006,-0.027524,0.248038,-0.067758,NA
1372_A/goose/Zhejiang/771,A/goose/Zhejiang/77168/2014_H5N2,0.148566,-0.025906,0.248618,-0.066966,NA
1373_A/green-winged_teal/,A/green-winged_teal/Xianghai/430/2011_H5N2,0.156552,-0.052383,0.194941,-0.0664,NA
1374_A/heron/Yilan/17DB00,A/heron/Yilan/17DB0001/2017_H5N2,0.151358,-0.055454,0.219401,-0.123104,NA
1375_A/little_grebe/Xiang,A/little_grebe/Xianghai/429/2011_H5N2,0.146493,-0.059708,0.195468,-0.071055,NA
1376_A/night_heron/Taiwan,A/night_heron/Taiwan/A289/2015_H5N2,0.142158,-0.071216,0.179991,-0.12483,NA
1377_A/parrot/Guangdong/2,A/parrot/Guangdong/258/2004_H5N2,0.117303,-0.106508,0.166172,-0.048744,NA
1378_A/spot-billed_duck/X,A/spot-billed_duck/Xianghai/427/2011_H5N2,0.146913,-0.061923,0.197203,-0.074284,NA
1379_A/thrush/Taipei_City,A/thrush/Taipei_City/15120021/2015_H5N2,0.145336,-0.052412,0.206308,-0.110231,NA
1380_A/thrush/Taiwan/A234,A/thrush/Taiwan/A234/2015_H5N2,0.140374,-0.063672,0.200148,-0.124718,NA
1381_A/turkey/Changhua/16,A/turkey/Changhua/16010011-1/2016_H5N2,0.116937,-0.041773,0.207622,-0.109039,NA
1382_A/turkey/Chiayi/1801,A/turkey/Chiayi/18010013-3/2018_H5N2,0.12841,-0.07156,0.179476,-0.153129,NA
1383_A/turkey/Yunlin/1506,A/turkey/Yunlin/15060049-1/2015_H5N2,0.137356,-0.066038,0.190243,-0.129779,NA
1384_A/turkey/Yunlin/1802,A/turkey/Yunlin/18020020-2/2018_H5N2,0.121983,-0.071718,0.185161,-0.153289,NA
1385_A/turkey/Yunlin/1811,A/turkey/Yunlin/18110001-3/2018_H5N2,0.145452,-0.065954,0.178406,-0.156421,NA
1386_A/turkey/Yunlin/1812,A/turkey/Yunlin/18120005-2/2018_H5N2,0.133939,-0.040985,0.194846,-0.126393,NA
1387_A/chicken/Beijing/BJ,A/chicken/Beijing/BJ7/2014,0.018988,0.037838,-0.14893,-0.180232,NP
1388_A/chicken/CH/a556/20,A/chicken/CH/a556/2015,-0.01871,-0.000787,-0.09478,-0.259516,NP
1389_A/chicken/Changhua/1,A/chicken/Changhua/15010120-1/2015,0.025652,0.085038,-0.233212,-0.183531,NP
1390_A/chicken/Changhua/1,A/chicken/Changhua/15010288/2015,0.021056,0.083257,-0.242639,-0.185235,NP
1391_A/chicken/Changhua/1,A/chicken/Changhua/15010324-2/2015,0.026751,0.086369,-0.24257,-0.184002,NP
1392_A/chicken/Changhua/1,A/chicken/Changhua/15010361-1/2015,0.026751,0.086369,-0.24257,-0.184002,NP
1393_A/chicken/Changhua/1,A/chicken/Changhua/15010362-2/2015,0.026751,0.086369,-0.24257,-0.184002,NP
1394_A/chicken/Changhua/1,A/chicken/Changhua/15010363-2/2015,0.032533,0.086454,-0.234941,-0.187782,NP
1395_A/chicken/Changhua/1,A/chicken/Changhua/15050013-1/2015,0.033376,0.07686,-0.243294,-0.181584,NP
1396_A/chicken/Changhua/1,A/chicken/Changhua/15060027-2/2015,0.031189,0.085389,-0.241757,-0.184081,NP
1397_A/chicken/Changhua/1,A/chicken/Changhua/15060037-1/2015,0.031536,0.077472,-0.244391,-0.178884,NP
1398_A/chicken/Changhua/1,A/chicken/Changhua/15120008/2015,0.037418,0.092018,-0.23652,-0.205151,NP
1399_A/chicken/Changhua/1,A/chicken/Changhua/16010060-2/2016,0.033487,0.071812,-0.244865,-0.18045,NP
1400_A/chicken/Changhua/1,A/chicken/Changhua/17060006/2017,0.040889,0.071666,-0.229169,-0.192017,NP
1401_A/chicken/Changhua/1,A/chicken/Changhua/18040008-1/2018,0.040807,0.052368,-0.215117,-0.174519,NP
1402_A/chicken/Chiayi/150,A/chicken/Chiayi/15010287-2/2015,0.021056,0.083257,-0.242639,-0.185235,NP
1403_A/chicken/Chiayi/150,A/chicken/Chiayi/15010409-2/2015,0.021531,0.08835,-0.244179,-0.183492,NP
1404_A/chicken/Chiayi/170,A/chicken/Chiayi/17040009-2/2017,0.038046,0.067753,-0.22948,-0.177722,NP
1405_A/chicken/Chiayi/181,A/chicken/Chiayi/18120003-1/2018,0.038217,0.096504,-0.256901,-0.172995,NP
1406_A/chicken/Chiping/03,A/chicken/Chiping/0321/2014,0.034247,0.013539,-0.177707,-0.172844,NP
1407_A/chicken/GY/a451/20,A/chicken/GY/a451/2015,-0.018666,-0.002155,-0.094694,-0.264858,NP
1408_A/chicken/Hebei/3/20,A/chicken/Hebei/3/2013,0.019332,0.037175,-0.163158,-0.203949,NP
1409_A/chicken/Heilongjia,A/chicken/Heilongjiang/S7/2014,0.067456,0.101611,-0.199801,-0.139597,NP
1410_A/chicken/Henan/Q7/2,A/chicken/Henan/Q7/2013,0.009164,0.038687,-0.164272,-0.190128,NP
1411_A/chicken/Hsinchu/16,A/chicken/Hsinchu/16080004-2/2016,0.036595,0.070403,-0.237671,-0.184617,NP
1412_A/chicken/Jiangsu/10,A/chicken/Jiangsu/1001/2013,0.058418,0.063253,-0.202411,-0.147476,NP
1413_A/chicken/Jiangsu/XZ,A/chicken/Jiangsu/XZ216/2014,0.05432,0.096894,-0.23004,-0.153144,NP
1414_A/chicken/Kaohsiung/,A/chicken/Kaohsiung/17040007/2017,0.032307,0.073913,-0.22219,-0.189348,NP
1415_A/chicken/Kaohsiung/,A/chicken/Kaohsiung/17100002/2017,0.032591,0.04723,-0.226338,-0.181187,NP
1416_A/chicken/Kaohsiung/,A/chicken/Kaohsiung/18080004-1/2018,0.028308,0.080924,-0.226688,-0.167748,NP
1417_A/chicken/Kaohsiung/,A/chicken/Kaohsiung/18080004-2/2018,0.028308,0.080924,-0.226688,-0.167748,NP
1418_A/chicken/New_Taipei,A/chicken/New_Taipei_City/17040002-2/2017,0.029984,0.073467,-0.240795,-0.194101,NP
1419_A/chicken/New_Taipei,A/chicken/New_Taipei_City/18010021-3/2018,0.034703,0.085275,-0.210463,-0.186032,NP
1420_A/chicken/PH/A2821/2,A/chicken/PH/A2821/2013,-0.014992,-0.002406,-0.094969,-0.265009,NP
1421_A/chicken/Pingtung/1,A/chicken/Pingtung/15050006-1/2015,0.028191,0.084751,-0.24315,-0.184794,NP
1422_A/chicken/Pingtung/1,A/chicken/Pingtung/16020009-3/2016,0.044325,0.072988,-0.22878,-0.172955,NP
1423_A/chicken/Pingtung/1,A/chicken/Pingtung/18010017-1/2018,0.034191,0.077054,-0.229246,-0.17413,NP
1424_A/chicken/Pingtung/1,A/chicken/Pingtung/18020015-1/2018,0.035134,0.074023,-0.202405,-0.170876,NP
1425_A/chicken/PT/a158/20,A/chicken/PT/a158/2015,-0.017027,0.000434,-0.105467,-0.265176,NP
1426_A/chicken/Qingdao/1/,A/chicken/Qingdao/1/2014,0.023057,0.0385,-0.15746,-0.162547,NP
1427_A/chicken/SC/a688/20,A/chicken/SC/a688/2015,0.007345,-0.026039,-0.103148,-0.252018,NP
1428_A/chicken/Shandong/S,A/chicken/Shandong/S3/2014,0.021963,0.034848,-0.156737,-0.160766,NP
1429_A/chicken/Shijiazhua,A/chicken/Shijiazhuang/1209/2013,0.006478,0.035901,-0.111498,-0.173948,NP
1430_A/chicken/Taichung/1,A/chicken/Taichung/15010399/2015,0.026751,0.086369,-0.24257,-0.184002,NP
1431_A/chicken/Taichung/1,A/chicken/Taichung/16040032-3/2016,0.024021,0.080244,-0.225925,-0.195348,NP
1432_A/chicken/Taichung/1,A/chicken/Taichung/16050044-2/2016,0.030357,0.092482,-0.238552,-0.194094,NP
1433_A/chicken/Tainan/160,A/chicken/Tainan/16040035-1/2016,0.030312,0.072263,-0.239751,-0.17828,NP
1434_A/chicken/Taipei_Cit,A/chicken/Taipei_City/18010007-3/2018,0.055724,0.081328,-0.237243,-0.172706,NP
1435_A/chicken/Taipei_Cit,A/chicken/Taipei_City/18010008-3/2018,0.033582,0.040186,-0.222933,-0.180547,NP
1436_A/chicken/Taiwan/010,A/chicken/Taiwan/0101/2012,0.017673,0.102789,-0.137767,-0.196418,NP
1437_A/chicken/Taiwan/050,A/chicken/Taiwan/0502/2012,0.008205,0.085156,-0.120029,-0.26747,NP
1438_A/chicken/Taiwan/683,A/chicken/Taiwan/683/2012,-0.002436,0.049535,-0.114325,-0.208083,NP
1439_A/chicken/Taiwan/168,A/chicken/Taiwan/1682/2013,0.02407,-0.019352,-0.106922,-0.193377,NP
1440_A/chicken/Taiwan/169,A/chicken/Taiwan/1692/2013,0.024778,-0.020822,-0.105984,-0.196535,NP
1441_A/chicken/Taiwan/170,A/chicken/Taiwan/1704/2013,0.024778,-0.020822,-0.105984,-0.196535,NP
1442_A/chicken/Taiwan/171,A/chicken/Taiwan/1711/2013,0.024778,-0.020822,-0.105984,-0.196535,NP
1443_A/chicken/Taiwan/259,A/chicken/Taiwan/2593/2012,-0.011945,-0.005207,-0.098411,-0.264694,NP
1444_A/chicken/Taiwan/294,A/chicken/Taiwan/2948/2013,-0.019852,-0.002512,-0.092935,-0.252503,NP
1445_A/chicken/Taiwan/444,A/chicken/Taiwan/4443/2013,-0.007791,0.007996,-0.084904,-0.27583,NP
1446_A/chicken/Taiwan/735,A/chicken/Taiwan/7350/2013,-0.011409,0.004205,-0.08197,-0.269497,NP
1447_A/chicken/Taiwan/898,A/chicken/Taiwan/8988/2013,-0.018774,0.003916,-0.10154,-0.266063,NP
1448_A/chicken/Taiwan/899,A/chicken/Taiwan/8994/2013,-0.018774,0.003916,-0.10154,-0.266063,NP
1449_A/chicken/Taiwan/899,A/chicken/Taiwan/8996/2013,-0.018774,0.003916,-0.10154,-0.266063,NP
1450_A/chicken/Taiwan/A1/,A/chicken/Taiwan/A1/2019,-0.016732,-0.038272,-0.079006,-0.254579,NP
1451_A/chicken/Taiwan/A19,A/chicken/Taiwan/A1997/2012,0.049075,0.119202,-0.114795,-0.192318,NP
1452_A/chicken/Taiwan/D2/,A/chicken/Taiwan/D2/2019,0.038559,0.060044,-0.221359,-0.16905,NP
1453_A/chicken/Taiwan/D9/,A/chicken/Taiwan/D9/2019,0.040725,0.057795,-0.22594,-0.163145,NP
1454_A/chicken/Taiwan/u7/,A/chicken/Taiwan/u7/2016,0.031232,0.074039,-0.240795,-0.178077,NP
1455_A/chicken/TC/a504/20,A/chicken/TC/a504/2015,-0.016174,0.00015,-0.106051,-0.259461,NP
1456_A/chicken/TY/a665/20,A/chicken/TY/a665/2015,-0.016551,-0.012386,-0.104553,-0.259643,NP
1457_A/chicken/YL/A3190/2,A/chicken/YL/A3190/2014,0.055145,0.072344,-0.115979,-0.180195,NP
1458_A/chicken/Yunlin/150,A/chicken/Yunlin/15020048-1/2015,0.026681,0.089011,-0.241841,-0.184448,NP
1459_A/chicken/Yunlin/150,A/chicken/Yunlin/15040002-2/2015,0.02552,0.080397,-0.24198,-0.183636,NP
1460_A/chicken/Yunlin/150,A/chicken/Yunlin/15040027/2015,0.026537,0.086734,-0.231768,-0.180365,NP
1461_A/chicken/Yunlin/150,A/chicken/Yunlin/15050037-2/2015,0.022763,0.08032,-0.238111,-0.180467,NP
1462_A/chicken/Yunlin/150,A/chicken/Yunlin/15050039-2/2015,0.02483,0.085993,-0.238683,-0.184105,NP
1463_A/chicken/Yunlin/150,A/chicken/Yunlin/15060014-1/2015,0.021648,0.086579,-0.239214,-0.183309,NP
1464_A/chicken/Yunlin/150,A/chicken/Yunlin/15080024/2015,0.022268,0.08883,-0.240501,-0.195302,NP
1465_A/chicken/Yunlin/160,A/chicken/Yunlin/16010001-1/2016,0.036046,0.08978,-0.233782,-0.169653,NP
1466_A/chicken/Yunlin/160,A/chicken/Yunlin/16010008-1/2016,0.033688,0.084654,-0.244582,-0.188365,NP
1467_A/chicken/Yunlin/160,A/chicken/Yunlin/16050053/2016,0.026632,0.091959,-0.220931,-0.188991,NP
1468_A/chicken/Yunlin/170,A/chicken/Yunlin/17010014/2017,0.023584,0.068467,-0.242339,-0.181237,NP
1469_A/chicken/Yunlin/170,A/chicken/Yunlin/17020094-1/2017,0.023345,0.09456,-0.234699,-0.167426,NP
1470_A/chicken/Yunlin/170,A/chicken/Yunlin/17020095-2/2017,0.047645,0.080018,-0.229458,-0.176263,NP
1471_A/chicken/Yunlin/170,A/chicken/Yunlin/17030001-1/2017,0.038448,0.068527,-0.223944,-0.167494,NP
1472_A/chicken/Yunlin/170,A/chicken/Yunlin/17030007-1/2017,0.028173,0.069131,-0.23464,-0.179993,NP
1473_A/chicken/Yunlin/170,A/chicken/Yunlin/17030010-1/2017,0.033872,0.070161,-0.238559,-0.189396,NP
1474_A/chicken/Yunlin/170,A/chicken/Yunlin/17030014-1/2017,0.028536,0.066679,-0.211301,-0.175167,NP
1475_A/chicken/Yunlin/170,A/chicken/Yunlin/17030020-2/2017,0.031167,0.069506,-0.226325,-0.168272,NP
1476_A/chicken/Yunlin/170,A/chicken/Yunlin/17030021-1/2017,0.035288,0.06526,-0.22377,-0.168453,NP
1477_A/chicken/Yunlin/170,A/chicken/Yunlin/17030032-2/2017,0.031357,0.091393,-0.217249,-0.166641,NP
1478_A/chicken/Yunlin/170,A/chicken/Yunlin/17030065-2/2017,0.029663,0.079205,-0.239719,-0.180958,NP
1479_A/chicken/Yunlin/170,A/chicken/Yunlin/17040003-1/2017,0.037702,0.071138,-0.23638,-0.174787,NP
1480_A/chicken/Yunlin/170,A/chicken/Yunlin/17040004-2/2017,0.039032,0.060817,-0.220131,-0.163535,NP
1481_A/chicken/Yunlin/170,A/chicken/Yunlin/17040011-1/2017,0.034223,0.070805,-0.220354,-0.167814,NP
1482_A/chicken/Yunlin/170,A/chicken/Yunlin/17060019/2017,0.017989,0.07653,-0.21924,-0.17656,NP
1483_A/chicken/Yunlin/170,A/chicken/Yunlin/17070010/2017,0.025323,0.075717,-0.229453,-0.179425,NP
1484_A/chicken/Yunlin/180,A/chicken/Yunlin/18010001-2/2018,0.030429,0.078605,-0.229783,-0.174064,NP
1485_A/chicken/Yunlin/180,A/chicken/Yunlin/18010003-3/2018,0.022839,0.076312,-0.218772,-0.180412,NP
1486_A/chicken/Yunlin/180,A/chicken/Yunlin/18010023-1/2018,0.024886,0.059077,-0.223358,-0.181258,NP
1487_A/chicken/Yunlin/180,A/chicken/Yunlin/18020003-2/2018,0.037489,0.05595,-0.22886,-0.182779,NP
1488_A/chicken/Yunlin/180,A/chicken/Yunlin/18020004-1/2018,0.038051,0.059187,-0.227275,-0.183565,NP
1489_A/chicken/Yunlin/180,A/chicken/Yunlin/18020005-2/2018,0.037489,0.05595,-0.22886,-0.182779,NP
1490_A/chicken/Yunlin/180,A/chicken/Yunlin/18020008-2/2018,0.03461,0.059185,-0.2277,-0.181194,NP
1491_A/chicken/Yunlin/180,A/chicken/Yunlin/18030002-1/2018,0.034973,0.050034,-0.224966,-0.188357,NP
1492_A/chicken/Yunlin/180,A/chicken/Yunlin/18050013-1/2018,0.035222,0.04686,-0.203569,-0.18962,NP
1493_A/chicken/Yunlin/180,A/chicken/Yunlin/18060001-2/2018,0.035222,0.04686,-0.203569,-0.18962,NP
1494_A/chicken/Yunlin/180,A/chicken/Yunlin/18080006-1/2018,0.019278,0.092989,-0.167423,-0.189129,NP
1495_A/chicken/Zhejiang/1,A/chicken/Zhejiang/194/2016,0.073558,0.10739,-0.218252,-0.121428,NP
1496_A/chicken/Zhejiang/2,A/chicken/Zhejiang/209/2016,0.032972,0.035191,-0.205302,-0.13603,NP
1497_A/chicken/Zhejiang/2,A/chicken/Zhejiang/217/2016,0.073558,0.10739,-0.218252,-0.121428,NP
1498_A/chicken/Zhejiang/2,A/chicken/Zhejiang/232/2016,0.04476,0.042091,-0.187938,-0.141818,NP
1499_A/chicken/Zhejiang/7,A/chicken/Zhejiang/7450/2015,0.041366,0.032386,-0.177387,-0.137908,NP
1500_A/chicken/Zhejiang/8,A/chicken/Zhejiang/81643/2015,0.062883,0.028955,-0.190713,-0.130737,NP
1501_A/chicken/Zhejiang/5,A/chicken/Zhejiang/514135/2015,0.012123,0.041176,-0.197993,-0.171896,NP
1502_A/chicken/Zhejiang/7,A/chicken/Zhejiang/727079/2014,0.075797,0.058062,-0.19754,-0.129057,NP
1503_A/chicken/Zhejiang/7,A/chicken/Zhejiang/727159/2014,0.075797,0.058062,-0.19754,-0.129057,NP
1504_A/duck/Changhua/15A0,A/duck/Changhua/15A03431-1-20T/2015,0.028985,0.07989,-0.248646,-0.182186,NP
1505_A/duck/Changhua/15A0,A/duck/Changhua/15A03473-1-20T/2015,0.035996,0.085671,-0.247544,-0.177807,NP
1506_A/duck/China/YD1516/,A/duck/China/YD1516/2016,0.042956,0.032773,-0.18691,-0.133966,NP
1507_A/duck/Eastern_China,A/duck/Eastern_China/L0230/2010,0.037566,0.109119,-0.159474,-0.166389,NP
1508_A/duck/Eastern_China,A/duck/Eastern_China/L0321/2010,0.054887,0.124374,-0.133152,-0.165788,NP
1509_A/duck/Eastern_China,A/duck/Eastern_China/S0131/2014,0.040698,0.035736,-0.168838,-0.141161,NP
1510_A/duck/Eastern_China,A/duck/Eastern_China/S0808/2014,0.097461,0.134655,-0.111323,-0.187667,NP
1511_A/duck/Hebei/3/2011|,A/duck/Hebei/3/2011,0.024941,0.088887,-0.169378,-0.122853,NP
1512_A/duck/Hsinchu/15020,A/duck/Hsinchu/15020216/2015,0.026535,0.08529,-0.243481,-0.174347,NP
1513_A/duck/Hubei/03.06__,A/duck/Hubei/03.06__WHWTZ0107-O/2015(Mixed),0.02324,0.074868,-0.199206,-0.195646,NP
1514_A/duck/Hubei/SZY250/,A/duck/Hubei/SZY250/2016,0.042386,0.046855,-0.179997,-0.139367,NP
1515_A/duck/Hunan/S4101/2,A/duck/Hunan/S4101/2011,0.040746,0.08715,-0.008546,-0.139668,NP
1516_A/duck/Hunan/S4120/2,A/duck/Hunan/S4120/2011,0.040773,0.08477,-0.008182,-0.14164,NP
1517_A/duck/Jiangsu/m234/,A/duck/Jiangsu/m234/2012,0.017561,0.051284,-0.152291,-0.131578,NP
1518_A/duck/Kaohsiung/150,A/duck/Kaohsiung/15010213/2015,0.026751,0.086369,-0.24257,-0.184002,NP
1519_A/duck/Nantou/15A343,A/duck/Nantou/15A3437/2015,0.035996,0.085671,-0.247544,-0.177807,NP
1520_A/duck/Nantou/17A024,A/duck/Nantou/17A0243/2017,0.037482,0.07309,-0.236091,-0.182193,NP
1521_A/duck/Pingtung/17A0,A/duck/Pingtung/17A0160/2017,0.048257,0.066036,-0.253175,-0.172386,NP
1522_A/duck/Pingtung/18A0,A/duck/Pingtung/18A00003-11-20T/2018,0.034191,0.077054,-0.229246,-0.17413,NP
1523_A/duck/Pingtung/18A0,A/duck/Pingtung/18A00076-11-20T/2018,0.030604,0.075137,-0.230719,-0.183535,NP
1524_A/duck/Pingtung/18X0,A/duck/Pingtung/18X00077/2018,0.034071,0.076637,-0.230989,-0.164676,NP
1525_A/duck/Pingtung/1501,A/duck/Pingtung/15010444/2015,0.030926,0.085739,-0.246034,-0.183405,NP
1526_A/duck/Taichung/1501,A/duck/Taichung/15010400-1/2015,0.022729,0.087581,-0.24417,-0.181795,NP
1527_A/duck/Tainan/160100,A/duck/Tainan/16010024-1/2016,0.032326,0.09139,-0.229225,-0.197316,NP
1528_A/duck/Taipei/05WB83,A/duck/Taipei/05WB830-1-5-E2/2005,0.021801,0.070381,-0.27287,-0.161332,NP
1529_A/duck/Taiwan/01006/,A/duck/Taiwan/01006/2015,0.025112,0.092863,-0.243464,-0.181145,NP
1530_A/duck/Taiwan/11213/,A/duck/Taiwan/11213/2013,0.001977,0.096003,-0.184051,-0.214507,NP
1531_A/duck/Taiwan/11254/,A/duck/Taiwan/11254/2013,-0.000883,0.091437,-0.185009,-0.216872,NP
1532_A/duck/Taiwan/a043/2,A/duck/Taiwan/a043/2015,0.026512,0.087584,-0.241048,-0.185504,NP
1533_A/duck/Taiwan/DV1238,A/duck/Taiwan/DV1238/2009,0.01422,0.125205,-0.20688,-0.17559,NP
1534_A/duck/Taiwan/DV1241,A/duck/Taiwan/DV1241/2009,0.01422,0.125205,-0.20688,-0.17559,NP
1535_A/duck/Taiwan/DV1242,A/duck/Taiwan/DV1242/2009,0.01422,0.125205,-0.20688,-0.17559,NP
1536_A/duck/Taoyuan/16010,A/duck/Taoyuan/16010023-1/2016,0.024999,0.088004,-0.234708,-0.194871,NP
1537_A/duck/Yilan/17A0092,A/duck/Yilan/17A0092/2017,0.031441,0.069483,-0.233877,-0.168212,NP
1538_A/duck/Yunlin/15A501,A/duck/Yunlin/15A5019/2015,0.02169,0.096998,-0.230826,-0.200334,NP
1539_A/duck/Yunlin/17A008,A/duck/Yunlin/17A0086/2017,0.044587,0.07265,-0.227122,-0.164126,NP
1540_A/duck/Yunlin/17A068,A/duck/Yunlin/17A0686/2017,0.033298,0.045831,-0.223364,-0.18265,NP
1541_A/duck/Yunlin/18X000,A/duck/Yunlin/18X00007-3/2018,0.030097,0.103562,-0.237059,-0.167825,NP
1542_A/duck/Yunlin/150102,A/duck/Yunlin/15010244-1/2015,0.026751,0.086369,-0.24257,-0.184002,NP
1543_A/duck/Yunlin/150103,A/duck/Yunlin/15010310-4/2015,0.026751,0.086369,-0.24257,-0.184002,NP
1544_A/duck/Yunlin/150103,A/duck/Yunlin/15010318-2/2015,0.024929,0.093612,-0.238263,-0.178057,NP
1545_A/duck/Yunlin/150103,A/duck/Yunlin/15010369-1/2015,0.029996,0.081714,-0.245266,-0.181189,NP
1546_A/duck/Yunlin/150700,A/duck/Yunlin/15070002-2/2015,0.019731,0.095621,-0.22914,-0.200306,NP
1547_A/duck/Yunlin/171100,A/duck/Yunlin/17110001/2017,0.00227,0.094963,-0.194132,-0.188807,NP
1548_A/duck/Yunlin/180600,A/duck/Yunlin/18060007-3/2018,0.019081,0.090394,-0.173321,-0.194566,NP
1549_A/duck/Zhejiang/7713,A/duck/Zhejiang/77138/2014,0.054594,0.117809,-0.205648,-0.118334,NP
1550_A/duck/Zhejiang/7270,A/duck/Zhejiang/727041/2014,0.0979,0.10321,-0.219995,-0.140435,NP
1551_A/duck/Zhejiang/1026,A/duck/Zhejiang/1026109/2015,0.043661,0.026469,-0.180515,-0.135844,NP
1552_A/Environment/Shando,A/Environment/Shandong/WS15/2022,0.051545,0.081423,-0.183005,-0.136778,NP
1553_A/Environment/Shando,A/Environment/Shandong/WS16/2022,0.059257,0.06035,-0.130671,-0.117973,NP
1554_A/Environment/Shando,A/Environment/Shandong/WS19/2022,0.04015,0.10404,-0.184392,-0.130462,NP
1555_A/goose/Changhua/150,A/goose/Changhua/15040008/2015,0.03993,0.087618,-0.247314,-0.180217,NP
1556_A/goose/Chiayi/15010,A/goose/Chiayi/15010008-3/2015,0.022921,0.089268,-0.244806,-0.177099,NP
1557_A/goose/Chiayi/15010,A/goose/Chiayi/15010016-1/2015,0.026751,0.086369,-0.24257,-0.184002,NP
1558_A/goose/Chiayi/16010,A/goose/Chiayi/16010017-2/2016,0.026631,0.088279,-0.229295,-0.198549,NP
1559_A/goose/Chiayi/16040,A/goose/Chiayi/16040003-1/2016,0.022664,0.089824,-0.24284,-0.192736,NP
1560_A/goose/Chiayi/16040,A/goose/Chiayi/16040005/2016,0.022664,0.089824,-0.24284,-0.192736,NP
1561_A/goose/Chiayi/17020,A/goose/Chiayi/17020027-1/2017,0.028567,0.069678,-0.236796,-0.172153,NP
1562_A/goose/Chiayi/17040,A/goose/Chiayi/17040014/2017,0.020819,0.093873,-0.227761,-0.19582,NP
1563_A/goose/Chiayi/18010,A/goose/Chiayi/18010006/2018,0.00227,0.094963,-0.194132,-0.188807,NP
1564_A/goose/Chiayi/18020,A/goose/Chiayi/18020014-2/2018,0.001524,0.092889,-0.194079,-0.187014,NP
1565_A/goose/China/1106/2,A/goose/China/1106/2016,0.037959,0.037198,-0.183739,-0.137867,NP
1566_A/goose/Pingtung/150,A/goose/Pingtung/15010007-4/2015,0.026751,0.086369,-0.24257,-0.184002,NP
1567_A/goose/Pingtung/150,A/goose/Pingtung/15010037-1/2015,0.026751,0.086369,-0.24257,-0.184002,NP
1568_A/goose/Shandong/01.,A/goose/Shandong/01.01_JY-GS/2015(H5N2),0.036288,0.036594,-0.190124,-0.14283,NP
1569_A/goose/Shandong/01.,A/goose/Shandong/01.07_JQ-GS/2015(H5N2),0.039591,0.040619,-0.188912,-0.146344,NP
1570_A/goose/Shandong/04.,A/goose/Shandong/04.22_GT/2015(H5N2),0.036288,0.036594,-0.190124,-0.14283,NP
1571_A/goose/Tainan/17030,A/goose/Tainan/17030022-1/2017,0.033139,0.068047,-0.243147,-0.171031,NP
1572_A/goose/Tainan/17030,A/goose/Tainan/17030024-1/2017,0.033636,0.066258,-0.245285,-0.172824,NP
1573_A/goose/Tainan/18010,A/goose/Tainan/18010022-1/2018,0.054047,0.082442,-0.237242,-0.174851,NP
1574_A/goose/Tainan/18050,A/goose/Tainan/18050014-1/2018,0.039707,0.051037,-0.205758,-0.174049,NP
1575_A/goose/Taiwan/01022,A/goose/Taiwan/01022/2015,0.028028,0.070354,-0.253593,-0.19937,NP
1576_A/goose/Taiwan/01023,A/goose/Taiwan/01023/2015,0.026751,0.086369,-0.24257,-0.184002,NP
1577_A/goose/Taiwan/01031,A/goose/Taiwan/01031/2015,0.026751,0.086369,-0.24257,-0.184002,NP
1578_A/goose/Taiwan/01040,A/goose/Taiwan/01040/2015,0.026751,0.086369,-0.24257,-0.184002,NP
1579_A/goose/Taoyuan/1812,A/goose/Taoyuan/18120002-2/2018,0.037026,0.105458,-0.250442,-0.176914,NP
1580_A/goose/Yunlin/15010,A/goose/Yunlin/15010005/2015,0.026751,0.086369,-0.24257,-0.184002,NP
1581_A/goose/Yunlin/15010,A/goose/Yunlin/15010009-1/2015,0.030365,0.053778,-0.234629,-0.186185,NP
1582_A/goose/Yunlin/15010,A/goose/Yunlin/15010010-2/2015,0.026751,0.086369,-0.24257,-0.184002,NP
1583_A/goose/Yunlin/15010,A/goose/Yunlin/15010011-1/2015,0.026751,0.086369,-0.24257,-0.184002,NP
1584_A/goose/Yunlin/16020,A/goose/Yunlin/16020008-4/2016,0.030576,0.085855,-0.244313,-0.199572,NP
1585_A/goose/Yunlin/16020,A/goose/Yunlin/16020011-1/2016,0.046598,0.091197,-0.257272,-0.181997,NP
1586_A/goose/Yunlin/16040,A/goose/Yunlin/16040002-2/2016,0.023526,0.086618,-0.221309,-0.190676,NP
1587_A/goose/Yunlin/17100,A/goose/Yunlin/17100005/2017,0.032588,0.070234,-0.208816,-0.18227,NP
1588_A/goose/Yunlin/18030,A/goose/Yunlin/18030020-2/2018,0.002466,0.092827,-0.211249,-0.181176,NP
1589_A/goose/Yunlin/18030,A/goose/Yunlin/18030020-3/2018,0.002466,0.092827,-0.211249,-0.181176,NP
1590_A/goose/Yunlin/18040,A/goose/Yunlin/18040002-3/2018,0.024891,0.076417,-0.243833,-0.19012,NP
1591_A/goose/Yunlin/18040,A/goose/Yunlin/18040018-2/2018,0.035733,0.055356,-0.20353,-0.176502,NP
1592_A/goose/Yunlin/18090,A/goose/Yunlin/18090002-3/2018,0.062271,0.053404,-0.175674,-0.165016,NP
1593_A/goose/Yunlin/18090,A/goose/Yunlin/18090006-1/2018,0.037356,0.078258,-0.236378,-0.171462,NP
1594_A/goose/Yunlin/18110,A/goose/Yunlin/18110002-3/2018,0.034102,0.092794,-0.260589,-0.17471,NP
1595_A/goose/Zhejiang/771,A/goose/Zhejiang/77166/2014,0.051839,0.114524,-0.200547,-0.112652,NP
1596_A/goose/Zhejiang/771,A/goose/Zhejiang/77167/2014,0.054594,0.117809,-0.205648,-0.118334,NP
1597_A/goose/Zhejiang/771,A/goose/Zhejiang/77168/2014,0.054594,0.117809,-0.205648,-0.118334,NP
1598_A/heron/Taiwan/17DB0,A/heron/Taiwan/17DB0001/2017,0.02759,0.079366,-0.242544,-0.178589,NP
1599_A/parrot/Guangdong/2,A/parrot/Guangdong/258/2004,0.017434,0.090279,-0.247132,-0.143915,NP
1600_A/Pigeon/Shandong/WS,A/Pigeon/Shandong/WS17/2022,0.03912,0.103385,-0.182865,-0.129536,NP
1601_A/Taiwan/DV413/2006|,A/Taiwan/DV413/2006,0.051396,0.025241,-0.215978,-0.196491,NP
1602_A/Taiwan/DV518/2006|,A/Taiwan/DV518/2006,0.045714,0.022078,-0.207374,-0.200429,NP
1603_A/thrush/Taiwan/1512,A/thrush/Taiwan/15120021/2015,0.033688,0.084654,-0.244582,-0.188365,NP
1604_A/turkey/Changhua/16,A/turkey/Changhua/16010011-1/2016,0.027963,0.091942,-0.240432,-0.194069,NP
1605_A/turkey/Chiayi/1801,A/turkey/Chiayi/18010013-3/2018,0.055245,0.081673,-0.237232,-0.173155,NP
1606_A/turkey/Yunlin/1506,A/turkey/Yunlin/15060049-1/2015,0.028852,0.084781,-0.237084,-0.186312,NP
1607_A/turkey/Yunlin/1802,A/turkey/Yunlin/18020020-2/2018,0.057284,0.084973,-0.237984,-0.169753,NP
1608_A/turkey/Yunlin/1811,A/turkey/Yunlin/18110001-3/2018,0.047245,0.05429,-0.201526,-0.172552,NP
1609_A/turkey/Yunlin/1812,A/turkey/Yunlin/18120005-2/2018,0.039796,0.091532,-0.257278,-0.179527,NP
1610_A/whooper_swan/Henan,A/whooper_swan/Henan/T578/2019,0.02916,0.080952,-0.217193,-0.201576,NP
1611_A/whooper_swan/Henan,A/whooper_swan/Henan/T874/2018,0.02916,0.080952,-0.217193,-0.201576,NP
1612_A/whooper_swan/Henan,A/whooper_swan/Henan/T880/2018,0.027364,0.077861,-0.222698,-0.207757,NP
1613_A/whooper_swan/Henan,A/whooper_swan/Henan/T886/2018,0.02916,0.080952,-0.217193,-0.201576,NP
1614_A/whooper_swan/Henan,A/whooper_swan/Henan/T888/2018,0.027364,0.077861,-0.222698,-0.207757,NP
1615_A/whooper_swan/Henan,A/whooper_swan/Henan/Y120/2018,0.02916,0.080952,-0.217193,-0.201576,NP
1616_A/whooper_swan/Shanx,A/whooper_swan/Shanxi/SX116/2020,0.025335,0.114398,-0.192704,-0.202341,NP
1617_A/wildfowl/China/472,A/wildfowl/China/472/2014,0.061066,0.040311,-0.141249,-0.130085,NP
1618_A/Taiwan/DV413/2006_,A/Taiwan/DV413/2006_H5N2,0.051396,0.025241,-0.215978,-0.196491,NP
1619_A/Taiwan/DV518/2006_,A/Taiwan/DV518/2006_H5N2,0.045714,0.022078,-0.207374,-0.200429,NP
1620_A/baikal_teal/Xiangh,A/baikal_teal/Xianghai/426/2011_H5N2,0.019606,0.133751,-0.224751,-0.171303,NP
1621_A/canvasback/Xiangha,A/canvasback/Xianghai/428/2011_H5N2,0.039766,0.096589,-0.194209,-0.174022,NP
1622_A/chicken/Beijing/BJ,A/chicken/Beijing/BJ7/2014_H5N2,0.018988,0.037838,-0.14893,-0.180232,NP
1623_A/chicken/CH/a556/20,A/chicken/CH/a556/2015_H5N2,-0.01871,-0.000787,-0.09478,-0.259516,NP
1624_A/chicken/Changhua/1,A/chicken/Changhua/15010120-1/2015_H5N2,0.025652,0.085038,-0.233212,-0.183531,NP
1625_A/chicken/Changhua/1,A/chicken/Changhua/15010288/2015_H5N2,0.021056,0.083257,-0.242639,-0.185235,NP
1626_A/chicken/Changhua/1,A/chicken/Changhua/15010324-2/2015_H5N2,0.026751,0.086369,-0.24257,-0.184002,NP
1627_A/chicken/Changhua/1,A/chicken/Changhua/15010361-1/2015_H5N2,0.026751,0.086369,-0.24257,-0.184002,NP
1628_A/chicken/Changhua/1,A/chicken/Changhua/15010362-2/2015_H5N2,0.026751,0.086369,-0.24257,-0.184002,NP
1629_A/chicken/Changhua/1,A/chicken/Changhua/15010363-2/2015_H5N2,0.032533,0.086454,-0.234941,-0.187782,NP
1630_A/chicken/Changhua/1,A/chicken/Changhua/15050013-1/2015_H5N2,0.033376,0.07686,-0.243294,-0.181584,NP
1631_A/chicken/Changhua/1,A/chicken/Changhua/15060027-2/2015_H5N2,0.031189,0.085389,-0.241757,-0.184081,NP
1632_A/chicken/Changhua/1,A/chicken/Changhua/15060037-1/2015_H5N2,0.031536,0.077472,-0.244391,-0.178884,NP
1633_A/chicken/Changhua/1,A/chicken/Changhua/15120008/2015_H5N2,0.037418,0.092018,-0.23652,-0.205151,NP
1634_A/chicken/Changhua/1,A/chicken/Changhua/16010060-2/2016_H5N2,0.033487,0.071812,-0.244865,-0.18045,NP
1635_A/chicken/Changhua/1,A/chicken/Changhua/17060006/2017_H5N2,0.040889,0.071666,-0.229169,-0.192017,NP
1636_A/chicken/Changhua/1,A/chicken/Changhua/18040008-1/2018_H5N2,0.040807,0.052368,-0.215117,-0.174519,NP
1637_A/chicken/Chiayi/150,A/chicken/Chiayi/15010287-2/2015_H5N2,0.021056,0.083257,-0.242639,-0.185235,NP
1638_A/chicken/Chiayi/150,A/chicken/Chiayi/15010409-2/2015_H5N2,0.021531,0.08835,-0.244179,-0.183492,NP
1639_A/chicken/Chiayi/170,A/chicken/Chiayi/17040009-2/2017_H5N2,0.038046,0.067753,-0.22948,-0.177722,NP
1640_A/chicken/Chiayi/181,A/chicken/Chiayi/18120003-1/2018_H5N2,0.038217,0.096504,-0.256901,-0.172995,NP
1641_A/chicken/Chiping/03,A/chicken/Chiping/0321/2014_H5N2,0.034247,0.013539,-0.177707,-0.172844,NP
1642_A/chicken/Eastern_Ch,A/chicken/Eastern_China/HF9/2018_H5N2,0.035272,0.070354,-0.198793,-0.155676,NP
1643_A/chicken/Eastern_Ch,A/chicken/Eastern_China/QY5/2018_H5N2,0.035272,0.070354,-0.198793,-0.155676,NP
1644_A/chicken/GY/a451/20,A/chicken/GY/a451/2015_H5N2,-0.018666,-0.002155,-0.094694,-0.264858,NP
1645_A/chicken/Hebei/1102,A/chicken/Hebei/1102-MA/2010_H5N2,0.024963,0.047306,-0.162957,-0.196163,NP
1646_A/chicken/Hebei/1102,A/chicken/Hebei/1102/2010_H5N2,0.027972,0.046891,-0.155563,-0.190769,NP
1647_A/chicken/Hebei/3/20,A/chicken/Hebei/3/2013_H5N2,0.019332,0.037175,-0.163158,-0.203949,NP
1648_A/chicken/Heilongjia,A/chicken/Heilongjiang/S7/2014_H5N2,0.067456,0.101611,-0.199801,-0.139597,NP
1649_A/chicken/Henan/Q7/2,A/chicken/Henan/Q7/2013_H5N2,0.009164,0.038687,-0.164272,-0.190128,NP
1650_A/chicken/Hsinchu/16,A/chicken/Hsinchu/16080004-2/2016_H5N2,0.036595,0.070403,-0.237671,-0.184617,NP
1651_A/chicken/Jiangsu/10,A/chicken/Jiangsu/1001/2013_H5N2,0.058418,0.063253,-0.202411,-0.147476,NP
1652_A/chicken/Jiangsu/XZ,A/chicken/Jiangsu/XZ216/2014_H5N2,0.05432,0.096894,-0.23004,-0.153144,NP
1653_A/chicken/Kaohsiung/,A/chicken/Kaohsiung/17040007/2017_H5N2,0.032307,0.073913,-0.22219,-0.189348,NP
1654_A/chicken/Kaohsiung/,A/chicken/Kaohsiung/17100002/2017_H5N2,0.032591,0.04723,-0.226338,-0.181187,NP
1655_A/chicken/Kaohsiung/,A/chicken/Kaohsiung/18080004-1/2018_H5N2,0.028308,0.080924,-0.226688,-0.167748,NP
1656_A/chicken/Kaohsiung/,A/chicken/Kaohsiung/18080004-2/2018_H5N2,0.028308,0.080924,-0.226688,-0.167748,NP
1657_A/chicken/New_Taipei,A/chicken/New_Taipei_City/17040002-2/2017_H5N2,0.029984,0.073467,-0.240795,-0.194101,NP
1658_A/chicken/New_Taipei,A/chicken/New_Taipei_City/18010021-3/2018_H5N2,0.034703,0.085275,-0.210463,-0.186032,NP
1659_A/chicken/PH/A2821/2,A/chicken/PH/A2821/2013_H5N2,-0.014992,-0.002406,-0.094969,-0.265009,NP
1660_A/chicken/PT/a158/20,A/chicken/PT/a158/2015_H5N2,-0.017027,0.000434,-0.105467,-0.265176,NP
1661_A/chicken/Pingtung/1,A/chicken/Pingtung/15050006-1/2015_H5N2,0.028191,0.084751,-0.24315,-0.184794,NP
1662_A/chicken/Pingtung/1,A/chicken/Pingtung/16020009-3/2016_H5N2,0.044325,0.072988,-0.22878,-0.172955,NP
1663_A/chicken/Pingtung/1,A/chicken/Pingtung/18010017-1/2018_H5N2,0.034191,0.077054,-0.229246,-0.17413,NP
1664_A/chicken/Pingtung/1,A/chicken/Pingtung/18020015-1/2018_H5N2,0.035134,0.074023,-0.202405,-0.170876,NP
1665_A/chicken/Qingdao/1/,A/chicken/Qingdao/1/2014_H5N2,0.023057,0.0385,-0.15746,-0.162547,NP
1666_A/chicken/SC/a688/20,A/chicken/SC/a688/2015_H5N2,0.007345,-0.026039,-0.103148,-0.252018,NP
1667_A/chicken/Shandong/S,A/chicken/Shandong/S3/2014_H5N2,0.021963,0.034848,-0.156737,-0.160766,NP
1668_A/chicken/Shijiazhua,A/chicken/Shijiazhuang/1209/2013_H5N2,0.006478,0.035901,-0.111498,-0.173948,NP
1669_A/chicken/TC/a504/20,A/chicken/TC/a504/2015_H5N2,-0.016174,0.00015,-0.106051,-0.259461,NP
1670_A/chicken/TY/a665/20,A/chicken/TY/a665/2015_H5N2,-0.016551,-0.012386,-0.104553,-0.259643,NP
1671_A/chicken/Taichung/1,A/chicken/Taichung/15010399/2015_H5N2,0.026751,0.086369,-0.24257,-0.184002,NP
1672_A/chicken/Taichung/1,A/chicken/Taichung/16040032-3/2016_H5N2,0.024021,0.080244,-0.225925,-0.195348,NP
1673_A/chicken/Taichung/1,A/chicken/Taichung/16050044-2/2016_H5N2,0.030357,0.092482,-0.238552,-0.194094,NP
1674_A/chicken/Tainan/160,A/chicken/Tainan/16040035-1/2016_H5N2,0.030312,0.072263,-0.239751,-0.17828,NP
1675_A/chicken/Taipei_Cit,A/chicken/Taipei_City/18010007-3/2018_H5N2,0.055724,0.081328,-0.237243,-0.172706,NP
1676_A/chicken/Taipei_Cit,A/chicken/Taipei_City/18010008-3/2018_H5N2,0.033582,0.040186,-0.222933,-0.180547,NP
1677_A/chicken/Taiwan/010,A/chicken/Taiwan/0101/2012_H5N2,0.017673,0.102789,-0.137767,-0.196418,NP
1678_A/chicken/Taiwan/050,A/chicken/Taiwan/0502/2012_H5N2,0.008205,0.085156,-0.120029,-0.26747,NP
1679_A/chicken/Taiwan/168,A/chicken/Taiwan/1682/2013_H5N2,0.02407,-0.019352,-0.106922,-0.193377,NP
1680_A/chicken/Taiwan/169,A/chicken/Taiwan/1692/2013_H5N2,0.024778,-0.020822,-0.105984,-0.196535,NP
1681_A/chicken/Taiwan/170,A/chicken/Taiwan/1704/2013_H5N2,0.024778,-0.020822,-0.105984,-0.196535,NP
1682_A/chicken/Taiwan/171,A/chicken/Taiwan/1711/2013_H5N2,0.024778,-0.020822,-0.105984,-0.196535,NP
1683_A/chicken/Taiwan/259,A/chicken/Taiwan/2593/2012_H5N2,-0.011945,-0.005207,-0.098411,-0.264694,NP
1684_A/chicken/Taiwan/294,A/chicken/Taiwan/2948/2013_H5N2,-0.019852,-0.002512,-0.092935,-0.252503,NP
1685_A/chicken/Taiwan/444,A/chicken/Taiwan/4443/2013_H5N2,-0.007791,0.007996,-0.084904,-0.27583,NP
1686_A/chicken/Taiwan/683,A/chicken/Taiwan/683/2012_H5N2,-0.002436,0.049535,-0.114325,-0.208083,NP
1687_A/chicken/Taiwan/735,A/chicken/Taiwan/7350/2013_H5N2,-0.011409,0.004205,-0.08197,-0.269497,NP
1688_A/chicken/Taiwan/898,A/chicken/Taiwan/8988/2013_H5N2,-0.018774,0.003916,-0.10154,-0.266063,NP
1689_A/chicken/Taiwan/899,A/chicken/Taiwan/8994/2013_H5N2,-0.018774,0.003916,-0.10154,-0.266063,NP
1690_A/chicken/Taiwan/899,A/chicken/Taiwan/8996/2013_H5N2,-0.018774,0.003916,-0.10154,-0.266063,NP
1691_A/chicken/Taiwan/A1/,A/chicken/Taiwan/A1/2019_H5N2,-0.016732,-0.038272,-0.079006,-0.254579,NP
1692_A/chicken/Taiwan/A19,A/chicken/Taiwan/A1997/2012_H5N2,0.049075,0.119202,-0.114795,-0.192318,NP
1693_A/chicken/Taiwan/D2/,A/chicken/Taiwan/D2/2019_H5N2,0.038559,0.060044,-0.221359,-0.16905,NP
1694_A/chicken/Taiwan/D9/,A/chicken/Taiwan/D9/2019_H5N2,0.040725,0.057795,-0.22594,-0.163145,NP
1695_A/chicken/Tibet/LZ01,A/chicken/Tibet/LZ01/2010_H5N2,0.01962,0.073307,-0.190888,-0.187501,NP
1696_A/chicken/Wuhan/WHJF,A/chicken/Wuhan/WHJF/2014_H5N2,0.017578,0.107679,-0.222855,-0.195005,NP
1697_A/chicken/YL/A3190/2,A/chicken/YL/A3190/2014_H5N2,0.055145,0.072344,-0.115979,-0.180195,NP
1698_A/chicken/Yunlin/150,A/chicken/Yunlin/15020048-1/2015_H5N2,0.026681,0.089011,-0.241841,-0.184448,NP
1699_A/chicken/Yunlin/150,A/chicken/Yunlin/15040002-2/2015_H5N2,0.02552,0.080397,-0.24198,-0.183636,NP
1700_A/chicken/Yunlin/150,A/chicken/Yunlin/15040027/2015_H5N2,0.026537,0.086734,-0.231768,-0.180365,NP
1701_A/chicken/Yunlin/150,A/chicken/Yunlin/15050037-2/2015_H5N2,0.022763,0.08032,-0.238111,-0.180467,NP
1702_A/chicken/Yunlin/150,A/chicken/Yunlin/15050039-2/2015_H5N2,0.02483,0.085993,-0.238683,-0.184105,NP
1703_A/chicken/Yunlin/150,A/chicken/Yunlin/15060014-1/2015_H5N2,0.021648,0.086579,-0.239214,-0.183309,NP
1704_A/chicken/Yunlin/150,A/chicken/Yunlin/15080024/2015_H5N2,0.022268,0.08883,-0.240501,-0.195302,NP
1705_A/chicken/Yunlin/160,A/chicken/Yunlin/16010001-1/2016_H5N2,0.036046,0.08978,-0.233782,-0.169653,NP
1706_A/chicken/Yunlin/160,A/chicken/Yunlin/16010008-1/2016_H5N2,0.033688,0.084654,-0.244582,-0.188365,NP
1707_A/chicken/Yunlin/160,A/chicken/Yunlin/16050053/2016_H5N2,0.026632,0.091959,-0.220931,-0.188991,NP
1708_A/chicken/Yunlin/170,A/chicken/Yunlin/17010014/2017_H5N2,0.023584,0.068467,-0.242339,-0.181237,NP
1709_A/chicken/Yunlin/170,A/chicken/Yunlin/17020094-1/2017_H5N2,0.023345,0.09456,-0.234699,-0.167426,NP
1710_A/chicken/Yunlin/170,A/chicken/Yunlin/17020095-2/2017_H5N2,0.047645,0.080018,-0.229458,-0.176263,NP
1711_A/chicken/Yunlin/170,A/chicken/Yunlin/17030001-1/2017_H5N2,0.038448,0.068527,-0.223944,-0.167494,NP
1712_A/chicken/Yunlin/170,A/chicken/Yunlin/17030007-1/2017_H5N2,0.028173,0.069131,-0.23464,-0.179993,NP
1713_A/chicken/Yunlin/170,A/chicken/Yunlin/17030010-1/2017_H5N2,0.033872,0.070161,-0.238559,-0.189396,NP
1714_A/chicken/Yunlin/170,A/chicken/Yunlin/17030014-1/2017_H5N2,0.028536,0.066679,-0.211301,-0.175167,NP
1715_A/chicken/Yunlin/170,A/chicken/Yunlin/17030020-2/2017_H5N2,0.031167,0.069506,-0.226325,-0.168272,NP
1716_A/chicken/Yunlin/170,A/chicken/Yunlin/17030021-1/2017_H5N2,0.035288,0.06526,-0.22377,-0.168453,NP
1717_A/chicken/Yunlin/170,A/chicken/Yunlin/17030032-2/2017_H5N2,0.031357,0.091393,-0.217249,-0.166641,NP
1718_A/chicken/Yunlin/170,A/chicken/Yunlin/17030065-2/2017_H5N2,0.029663,0.079205,-0.239719,-0.180958,NP
1719_A/chicken/Yunlin/170,A/chicken/Yunlin/17040003-1/2017_H5N2,0.037702,0.071138,-0.23638,-0.174787,NP
1720_A/chicken/Yunlin/170,A/chicken/Yunlin/17040004-2/2017_H5N2,0.039032,0.060817,-0.220131,-0.163535,NP
1721_A/chicken/Yunlin/170,A/chicken/Yunlin/17040011-1/2017_H5N2,0.034223,0.070805,-0.220354,-0.167814,NP
1722_A/chicken/Yunlin/170,A/chicken/Yunlin/17060019/2017_H5N2,0.017989,0.07653,-0.21924,-0.17656,NP
1723_A/chicken/Yunlin/170,A/chicken/Yunlin/17070010/2017_H5N2,0.025323,0.075717,-0.229453,-0.179425,NP
1724_A/chicken/Yunlin/180,A/chicken/Yunlin/18010001-2/2018_H5N2,0.030429,0.078605,-0.229783,-0.174064,NP
1725_A/chicken/Yunlin/180,A/chicken/Yunlin/18010023-1/2018_H5N2,0.024886,0.059077,-0.223358,-0.181258,NP
1726_A/chicken/Yunlin/180,A/chicken/Yunlin/18020003-2/2018_H5N2,0.037489,0.05595,-0.22886,-0.182779,NP
1727_A/chicken/Yunlin/180,A/chicken/Yunlin/18020004-1/2018_H5N2,0.038051,0.059187,-0.227275,-0.183565,NP
1728_A/chicken/Yunlin/180,A/chicken/Yunlin/18020005-2/2018_H5N2,0.037489,0.05595,-0.22886,-0.182779,NP
1729_A/chicken/Yunlin/180,A/chicken/Yunlin/18020008-2/2018_H5N2,0.03461,0.059185,-0.2277,-0.181194,NP
1730_A/chicken/Yunlin/180,A/chicken/Yunlin/18030002-1/2018_H5N2,0.034973,0.050034,-0.224966,-0.188357,NP
1731_A/chicken/Yunlin/180,A/chicken/Yunlin/18050013-1/2018_H5N2,0.035222,0.04686,-0.203569,-0.18962,NP
1732_A/chicken/Yunlin/180,A/chicken/Yunlin/18060001-2/2018_H5N2,0.035222,0.04686,-0.203569,-0.18962,NP
1733_A/chicken/Yunlin/180,A/chicken/Yunlin/18080006-1/2018_H5N2,0.019278,0.092989,-0.167423,-0.189129,NP
1734_A/chicken/Zhejiang/1,A/chicken/Zhejiang/194/2016_H5N2,0.073558,0.10739,-0.218252,-0.121428,NP
1735_A/chicken/Zhejiang/2,A/chicken/Zhejiang/209/2016_H5N2,0.032972,0.035191,-0.205302,-0.13603,NP
1736_A/chicken/Zhejiang/2,A/chicken/Zhejiang/217/2016_H5N2,0.073558,0.10739,-0.218252,-0.121428,NP
1737_A/chicken/Zhejiang/2,A/chicken/Zhejiang/232/2016_H5N2,0.04476,0.042091,-0.187938,-0.141818,NP
1738_A/chicken/Zhejiang/5,A/chicken/Zhejiang/514135/2015_H5N2,0.012123,0.041176,-0.197993,-0.171896,NP
1739_A/chicken/Zhejiang/7,A/chicken/Zhejiang/727079/2014_H5N2,0.075797,0.058062,-0.19754,-0.129057,NP
1740_A/chicken/Zhejiang/7,A/chicken/Zhejiang/727159/2014_H5N2,0.075797,0.058062,-0.19754,-0.129057,NP
1741_A/chicken/Zhejiang/7,A/chicken/Zhejiang/7450/2015_H5N2,0.041366,0.032386,-0.177387,-0.137908,NP
1742_A/chicken/Zhejiang/8,A/chicken/Zhejiang/81643/2015_H5N2,0.062883,0.028955,-0.190713,-0.130737,NP
1743_A/duck/Changhua/15A0,A/duck/Changhua/15A03431-1-20T/2015_H5N2,0.028985,0.07989,-0.248646,-0.182186,NP
1744_A/duck/Changhua/15A0,A/duck/Changhua/15A03473-1-20T/2015_H5N2,0.035996,0.085671,-0.247544,-0.177807,NP
1745_A/duck/China/YD1516/,A/duck/China/YD1516/2016_H5N2,0.042956,0.032773,-0.18691,-0.133966,NP
1746_A/duck/Eastern_China,A/duck/Eastern_China/1111/2011_H5N2,0.070919,0.126619,-0.155428,-0.148847,NP
1747_A/duck/Eastern_China,A/duck/Eastern_China/L0230/2010_H5N2,0.037566,0.109119,-0.159474,-0.166389,NP
1748_A/duck/Eastern_China,A/duck/Eastern_China/L0321/2010_H5N2,0.054887,0.124374,-0.133152,-0.165788,NP
1749_A/duck/Eastern_China,A/duck/Eastern_China/S0131/2014_H5N2,0.040698,0.035736,-0.168838,-0.141161,NP
1750_A/duck/Eastern_China,A/duck/Eastern_China/S0808/2014_H5N2,0.097461,0.134655,-0.111323,-0.187667,NP
1751_A/duck/Hebei/0908/20,A/duck/Hebei/0908/2009_H5N2,0.005109,0.077268,-0.232249,-0.153804,NP
1752_A/duck/Hong_Kong/342,A/duck/Hong_Kong/342/1978_H5N2,0.031057,0.083311,-0.206502,-0.180139,NP
1753_A/duck/Hsinchu/15020,A/duck/Hsinchu/15020216/2015_H5N2,0.026535,0.08529,-0.243481,-0.174347,NP
1754_A/duck/Hubei/SZY250/,A/duck/Hubei/SZY250/2016_H5N2,0.042386,0.046855,-0.179997,-0.139367,NP
1755_A/duck/Hunan/S4101/2,A/duck/Hunan/S4101/2011_H5N2,0.040746,0.08715,-0.008546,-0.139668,NP
1756_A/duck/Hunan/S4120/2,A/duck/Hunan/S4120/2011_H5N2,0.040773,0.08477,-0.008182,-0.14164,NP
1757_A/duck/Jiangsu/m234/,A/duck/Jiangsu/m234/2012_H5N2,0.017561,0.051284,-0.152291,-0.131578,NP
1758_A/duck/Kaohsiung/150,A/duck/Kaohsiung/15010213/2015_H5N2,0.026751,0.086369,-0.24257,-0.184002,NP
1759_A/duck/Nantou/15A343,A/duck/Nantou/15A3437/2015_H5N2,0.035996,0.085671,-0.247544,-0.177807,NP
1760_A/duck/Nantou/17A024,A/duck/Nantou/17A0243/2017_H5N2,0.037482,0.07309,-0.236091,-0.182193,NP
1761_A/duck/Pingtung/1501,A/duck/Pingtung/15010444/2015_H5N2,0.030926,0.085739,-0.246034,-0.183405,NP
1762_A/duck/Pingtung/17A0,A/duck/Pingtung/17A0160/2017_H5N2,0.048257,0.066036,-0.253175,-0.172386,NP
1763_A/duck/Pingtung/18A0,A/duck/Pingtung/18A00003-11-20T/2018_H5N2,0.034191,0.077054,-0.229246,-0.17413,NP
1764_A/duck/Pingtung/18A0,A/duck/Pingtung/18A00076-11-20T/2018_H5N2,0.030604,0.075137,-0.230719,-0.183535,NP
1765_A/duck/Pingtung/18X0,A/duck/Pingtung/18X00077/2018_H5N2,0.034071,0.076637,-0.230989,-0.164676,NP
1766_A/duck/Taichung/1501,A/duck/Taichung/15010400-1/2015_H5N2,0.022729,0.087581,-0.24417,-0.181795,NP
1767_A/duck/Tainan/160100,A/duck/Tainan/16010020-1/2016_H5N2,0.032326,0.09139,-0.229225,-0.197316,NP
1768_A/duck/Taipei/05WB83,A/duck/Taipei/05WB830-1-5-E2/2005_H5N2,0.021801,0.070381,-0.27287,-0.161332,NP
1769_A/duck/Taiwan/01006/,A/duck/Taiwan/01006/2015_H5N2,0.025112,0.092863,-0.243464,-0.181145,NP
1770_A/duck/Taiwan/11213/,A/duck/Taiwan/11213/2013_H5N2,0.001977,0.096003,-0.184051,-0.214507,NP
1771_A/duck/Taiwan/11254/,A/duck/Taiwan/11254/2013_H5N2,-0.000883,0.091437,-0.185009,-0.216872,NP
1772_A/duck/Taiwan/DV1238,A/duck/Taiwan/DV1238/2009_H5N2,0.01422,0.125205,-0.20688,-0.17559,NP
1773_A/duck/Taiwan/DV1241,A/duck/Taiwan/DV1241/2009_H5N2,0.01422,0.125205,-0.20688,-0.17559,NP
1774_A/duck/Taiwan/DV1242,A/duck/Taiwan/DV1242/2009_H5N2,0.01422,0.125205,-0.20688,-0.17559,NP
1775_A/duck/Taoyuan/16010,A/duck/Taoyuan/16010023-1/2016_H5N2,0.024999,0.088004,-0.234708,-0.194871,NP
1776_A/duck/Yilan/17A0092,A/duck/Yilan/17A0092/2017_H5N2,0.031441,0.069483,-0.233877,-0.168212,NP
1777_A/duck/Yunlin/150102,A/duck/Yunlin/15010244-1/2015_H5N2,0.026751,0.086369,-0.24257,-0.184002,NP
1778_A/duck/Yunlin/150103,A/duck/Yunlin/15010310-4/2015_H5N2,0.026751,0.086369,-0.24257,-0.184002,NP
1779_A/duck/Yunlin/150103,A/duck/Yunlin/15010318-2/2015_H5N2,0.024929,0.093612,-0.238263,-0.178057,NP
1780_A/duck/Yunlin/150103,A/duck/Yunlin/15010369-1/2015_H5N2,0.029996,0.081714,-0.245266,-0.181189,NP
1781_A/duck/Yunlin/150700,A/duck/Yunlin/15070002-2/2015_H5N2,0.019731,0.095621,-0.22914,-0.200306,NP
1782_A/duck/Yunlin/15A501,A/duck/Yunlin/15A5019/2015_H5N2,0.02169,0.096998,-0.230826,-0.200334,NP
1783_A/duck/Yunlin/171100,A/duck/Yunlin/17110001/2017_H5N2,0.00227,0.094963,-0.194132,-0.188807,NP
1784_A/duck/Yunlin/17A008,A/duck/Yunlin/17A0086/2017_H5N2,0.044587,0.07265,-0.227122,-0.164126,NP
1785_A/duck/Yunlin/17A068,A/duck/Yunlin/17A0686/2017_H5N2,0.033298,0.045831,-0.223364,-0.18265,NP
1786_A/duck/Yunlin/180600,A/duck/Yunlin/18060007-3/2018_H5N2,0.019081,0.090394,-0.173321,-0.194566,NP
1787_A/duck/Yunlin/18X000,A/duck/Yunlin/18X00007-3/2018_H5N2,0.030097,0.103562,-0.237059,-0.167825,NP
1788_A/duck/Zhejiang/1026,A/duck/Zhejiang/1026109/2015_H5N2,0.043661,0.026469,-0.180515,-0.135844,NP
1789_A/duck/Zhejiang/6DK1,A/duck/Zhejiang/6DK19/2013_H5N2,0.074378,0.112925,-0.228861,-0.099987,NP
1790_A/duck/Zhejiang/7270,A/duck/Zhejiang/727041/2014_H5N2,0.0979,0.10321,-0.219995,-0.140435,NP
1791_A/duck/Zhejiang/7713,A/duck/Zhejiang/77138/2014_H5N2,0.054594,0.117809,-0.205648,-0.118334,NP
1792_A/goose/Changhua/150,A/goose/Changhua/15040008/2015_H5N2,0.03993,0.087618,-0.247314,-0.180217,NP
1793_A/goose/Chiayi/15010,A/goose/Chiayi/15010008-3/2015_H5N2,0.022921,0.089268,-0.244806,-0.177099,NP
1794_A/goose/Chiayi/15010,A/goose/Chiayi/15010016-1/2015_H5N2,0.026751,0.086369,-0.24257,-0.184002,NP
1795_A/goose/Chiayi/16010,A/goose/Chiayi/16010017-2/2016_H5N2,0.026631,0.088279,-0.229295,-0.198549,NP
1796_A/goose/Chiayi/16040,A/goose/Chiayi/16040003-1/2016_H5N2,0.022664,0.089824,-0.24284,-0.192736,NP
1797_A/goose/Chiayi/16040,A/goose/Chiayi/16040005/2016_H5N2,0.022664,0.089824,-0.24284,-0.192736,NP
1798_A/goose/Chiayi/17020,A/goose/Chiayi/17020027-1/2017_H5N2,0.028567,0.069678,-0.236796,-0.172153,NP
1799_A/goose/Chiayi/17040,A/goose/Chiayi/17040014/2017_H5N2,0.020819,0.093873,-0.227761,-0.19582,NP
1800_A/goose/Chiayi/18010,A/goose/Chiayi/18010006/2018_H5N2,0.00227,0.094963,-0.194132,-0.188807,NP
1801_A/goose/Chiayi/18020,A/goose/Chiayi/18020014-1/2018_H5N2,0.001524,0.092889,-0.194079,-0.187014,NP
1802_A/goose/Chiayi/18020,A/goose/Chiayi/18020014-2/2018_H5N2,0.001524,0.092889,-0.194079,-0.187014,NP
1803_A/goose/China/1106/2,A/goose/China/1106/2016_H5N2,0.037959,0.037198,-0.183739,-0.137867,NP
1804_A/goose/Eastern_Chin,A/goose/Eastern_China/1112/2011_H5N2,0.040596,0.11852,-0.156005,-0.176945,NP
1805_A/goose/Pingtung/150,A/goose/Pingtung/15010007-4/2015_H5N2,0.026751,0.086369,-0.24257,-0.184002,NP
1806_A/goose/Pingtung/150,A/goose/Pingtung/15010037-1/2015_H5N2,0.026751,0.086369,-0.24257,-0.184002,NP
1807_A/goose/Tainan/17030,A/goose/Tainan/17030022-1/2017_H5N2,0.033139,0.068047,-0.243147,-0.171031,NP
1808_A/goose/Tainan/17030,A/goose/Tainan/17030024-1/2017_H5N2,0.033636,0.066258,-0.245285,-0.172824,NP
1809_A/goose/Tainan/18010,A/goose/Tainan/18010022-1/2018_H5N2,0.054047,0.082442,-0.237242,-0.174851,NP
1810_A/goose/Tainan/18050,A/goose/Tainan/18050014-1/2018_H5N2,0.039707,0.051037,-0.205758,-0.174049,NP
1811_A/goose/Taiwan/01022,A/goose/Taiwan/01022/2015_H5N2,0.028028,0.070354,-0.253593,-0.19937,NP
1812_A/goose/Taiwan/01023,A/goose/Taiwan/01023/2015_H5N2,0.026751,0.086369,-0.24257,-0.184002,NP
1813_A/goose/Taiwan/01031,A/goose/Taiwan/01031/2015_H5N2,0.026751,0.086369,-0.24257,-0.184002,NP
1814_A/goose/Taiwan/01040,A/goose/Taiwan/01040/2015_H5N2,0.026751,0.086369,-0.24257,-0.184002,NP
1815_A/goose/Taoyuan/1812,A/goose/Taoyuan/18120002-2/2018_H5N2,0.037026,0.105458,-0.250442,-0.176914,NP
1816_A/goose/Yunlin/15010,A/goose/Yunlin/15010005/2015_H5N2,0.026751,0.086369,-0.24257,-0.184002,NP
1817_A/goose/Yunlin/15010,A/goose/Yunlin/15010009-1/2015_H5N2,0.030365,0.053778,-0.234629,-0.186185,NP
1818_A/goose/Yunlin/15010,A/goose/Yunlin/15010010-2/2015_H5N2,0.026751,0.086369,-0.24257,-0.184002,NP
1819_A/goose/Yunlin/15010,A/goose/Yunlin/15010011-1/2015_H5N2,0.026751,0.086369,-0.24257,-0.184002,NP
1820_A/goose/Yunlin/15010,A/goose/Yunlin/15010029-1/2015_H5N2,0.026751,0.086369,-0.24257,-0.184002,NP
1821_A/goose/Yunlin/16020,A/goose/Yunlin/16020008-4/2016_H5N2,0.030576,0.085855,-0.244313,-0.199572,NP
1822_A/goose/Yunlin/16020,A/goose/Yunlin/16020011-1/2016_H5N2,0.046598,0.091197,-0.257272,-0.181997,NP
1823_A/goose/Yunlin/16040,A/goose/Yunlin/16040002-2/2016_H5N2,0.023526,0.086618,-0.221309,-0.190676,NP
1824_A/goose/Yunlin/17100,A/goose/Yunlin/17100005/2017_H5N2,0.032588,0.070234,-0.208816,-0.18227,NP
1825_A/goose/Yunlin/18030,A/goose/Yunlin/18030020-2/2018_H5N2,0.002466,0.092827,-0.211249,-0.181176,NP
1826_A/goose/Yunlin/18030,A/goose/Yunlin/18030020-3/2018_H5N2,0.002466,0.092827,-0.211249,-0.181176,NP
1827_A/goose/Yunlin/18040,A/goose/Yunlin/18040002-3/2018_H5N2,0.024891,0.076417,-0.243833,-0.19012,NP
1828_A/goose/Yunlin/18040,A/goose/Yunlin/18040018-2/2018_H5N2,0.035733,0.055356,-0.20353,-0.176502,NP
1829_A/goose/Yunlin/18090,A/goose/Yunlin/18090002-3/2018_H5N2,0.062271,0.053404,-0.175674,-0.165016,NP
1830_A/goose/Yunlin/18090,A/goose/Yunlin/18090006-1/2018_H5N2,0.037356,0.078258,-0.236378,-0.171462,NP
1831_A/goose/Yunlin/18110,A/goose/Yunlin/18110002-3/2018_H5N2,0.034102,0.092794,-0.260589,-0.17471,NP
1832_A/goose/Zhejiang/771,A/goose/Zhejiang/77166/2014_H5N2,0.051839,0.114524,-0.200547,-0.112652,NP
1833_A/goose/Zhejiang/771,A/goose/Zhejiang/77167/2014_H5N2,0.054594,0.117809,-0.205648,-0.118334,NP
1834_A/goose/Zhejiang/771,A/goose/Zhejiang/77168/2014_H5N2,0.054594,0.117809,-0.205648,-0.118334,NP
1835_A/green-winged_teal/,A/green-winged_teal/Xianghai/430/2011_H5N2,0.023769,0.098639,-0.180583,-0.183657,NP
1836_A/heron/Yilan/17DB00,A/heron/Yilan/17DB0001/2017_H5N2,0.02759,0.079366,-0.242544,-0.178589,NP
1837_A/little_grebe/Xiang,A/little_grebe/Xianghai/429/2011_H5N2,0.011605,0.067565,-0.225513,-0.176874,NP
1838_A/night_heron/Taiwan,A/night_heron/Taiwan/A289/2015_H5N2,0.019858,0.084026,-0.242649,-0.186932,NP
1839_A/parrot/Guangdong/2,A/parrot/Guangdong/258/2004_H5N2,0.017434,0.090279,-0.247132,-0.143915,NP
1840_A/spot-billed_duck/X,A/spot-billed_duck/Xianghai/427/2011_H5N2,0.023567,0.136617,-0.21856,-0.180847,NP
1841_A/thrush/Taipei_City,A/thrush/Taipei_City/15120021/2015_H5N2,0.033688,0.084654,-0.244582,-0.188365,NP
1842_A/thrush/Taiwan/A234,A/thrush/Taiwan/A234/2015_H5N2,0.026794,0.085031,-0.24536,-0.186823,NP
1843_A/turkey/Changhua/16,A/turkey/Changhua/16010011-1/2016_H5N2,0.027963,0.091942,-0.240432,-0.194069,NP
1844_A/turkey/Chiayi/1801,A/turkey/Chiayi/18010013-3/2018_H5N2,0.055245,0.081673,-0.237232,-0.173155,NP
1845_A/turkey/Yunlin/1506,A/turkey/Yunlin/15060049-1/2015_H5N2,0.028852,0.084781,-0.237084,-0.186312,NP
1846_A/turkey/Yunlin/1802,A/turkey/Yunlin/18020020-2/2018_H5N2,0.057284,0.084973,-0.237984,-0.169753,NP
1847_A/turkey/Yunlin/1811,A/turkey/Yunlin/18110001-3/2018_H5N2,0.047245,0.05429,-0.201526,-0.172552,NP
1848_A/turkey/Yunlin/1812,A/turkey/Yunlin/18120005-2/2018_H5N2,0.039796,0.091532,-0.257278,-0.179527,NP
1849_A/chicken/Beijing/BJ,A/chicken/Beijing/BJ7/2014,-0.1481,0.09006,0.108792,-0.104866,NS1
1850_A/chicken/CH/a556/20,A/chicken/CH/a556/2015,-0.316186,0.08335,0.128443,0.032343,NS1
1851_A/chicken/Changhua/1,A/chicken/Changhua/15010120-1/2015,-0.409117,0.234504,0.071446,0.035239,NS1
1852_A/chicken/Changhua/1,A/chicken/Changhua/15010288/2015,-0.413849,0.236431,0.081731,0.02801,NS1
1853_A/chicken/Changhua/1,A/chicken/Changhua/15010324-2/2015,-0.409685,0.234687,0.073163,0.033754,NS1
1854_A/chicken/Changhua/1,A/chicken/Changhua/15010361-1/2015,-0.415848,0.235703,0.074543,0.026166,NS1
1855_A/chicken/Changhua/1,A/chicken/Changhua/15010362-2/2015,-0.408417,0.23546,0.076035,0.023978,NS1
1856_A/chicken/Changhua/1,A/chicken/Changhua/15010363-2/2015,-0.408417,0.23546,0.076035,0.023978,NS1
1857_A/chicken/Changhua/1,A/chicken/Changhua/15050013-1/2015,-0.391348,0.250586,0.072613,0.032438,NS1
1858_A/chicken/Changhua/1,A/chicken/Changhua/15060027-2/2015,-0.391531,0.243964,0.06847,0.037113,NS1
1859_A/chicken/Changhua/1,A/chicken/Changhua/15060037-1/2015,-0.400114,0.259476,0.068321,0.032787,NS1
1860_A/chicken/Changhua/1,A/chicken/Changhua/15120008/2015,-0.413732,0.230699,0.0973,0.017935,NS1
1861_A/chicken/Changhua/1,A/chicken/Changhua/16010060-2/2016,-0.395571,0.28665,0.09272,0.015189,NS1
1862_A/chicken/Changhua/1,A/chicken/Changhua/17060006/2017,-0.400543,0.259294,0.110061,0.003256,NS1
1863_A/chicken/Changhua/1,A/chicken/Changhua/18040008-1/2018,-0.413605,0.232307,0.099443,-0.006228,NS1
1864_A/chicken/Chiayi/150,A/chicken/Chiayi/15010287-2/2015,-0.413849,0.236431,0.081731,0.02801,NS1
1865_A/chicken/Chiayi/150,A/chicken/Chiayi/15010409-2/2015,-0.396053,0.231937,0.087339,0.033747,NS1
1866_A/chicken/Chiayi/170,A/chicken/Chiayi/17040009-2/2017,-0.389644,0.272142,0.072261,0.005703,NS1
1867_A/chicken/Chiayi/181,A/chicken/Chiayi/18120003-1/2018,-0.39598,0.113837,0.051852,-0.049009,NS1
1868_A/chicken/Chiping/03,A/chicken/Chiping/0321/2014,-0.141404,0.07689,0.125745,-0.113964,NS1
1869_A/chicken/GY/a451/20,A/chicken/GY/a451/2015,-0.304168,0.073386,0.160662,0.055856,NS1
1870_A/chicken/Hebei/3/20,A/chicken/Hebei/3/2013,-0.141681,0.061119,0.128576,-0.119903,NS1
1871_A/chicken/Heilongjia,A/chicken/Heilongjiang/S7/2014,-0.372115,0.285517,-0.026308,-0.023409,NS1
1872_A/chicken/Henan/Q7/2,A/chicken/Henan/Q7/2013,-0.150665,0.06788,0.111766,-0.114274,NS1
1873_A/chicken/Hsinchu/16,A/chicken/Hsinchu/16080004-2/2016,-0.396371,0.277904,0.082806,0.019314,NS1
1874_A/chicken/Jiangsu/10,A/chicken/Jiangsu/1001/2013,-0.184496,0.19176,0.082952,-0.134656,NS1
1875_A/chicken/Jiangsu/XZ,A/chicken/Jiangsu/XZ216/2014,-0.141681,0.061119,0.128576,-0.119903,NS1
1876_A/chicken/Kaohsiung/,A/chicken/Kaohsiung/17040007/2017,-0.385113,0.272448,0.092581,-0.012118,NS1
1877_A/chicken/Kaohsiung/,A/chicken/Kaohsiung/17100002/2017,-0.410443,0.247276,0.097528,0.008251,NS1
1878_A/chicken/Kaohsiung/,A/chicken/Kaohsiung/18080004-1/2018,-0.377792,0.28767,0.050797,-0.015092,NS1
1879_A/chicken/Kaohsiung/,A/chicken/Kaohsiung/18080004-2/2018,-0.377792,0.28767,0.050797,-0.015092,NS1
1880_A/chicken/New_Taipei,A/chicken/New_Taipei_City/17040002-2/2017,-0.389826,0.240429,0.073223,0.017149,NS1
1881_A/chicken/New_Taipei,A/chicken/New_Taipei_City/18010021-3/2018,-0.391157,0.232671,0.109276,0.004558,NS1
1882_A/chicken/PH/A2821/2,A/chicken/PH/A2821/2013,-0.331888,0.084016,0.117851,0.021742,NS1
1883_A/chicken/Pingtung/1,A/chicken/Pingtung/15050006-1/2015,-0.414991,0.233329,0.083385,0.040504,NS1
1884_A/chicken/Pingtung/1,A/chicken/Pingtung/16020009-3/2016,-0.387333,0.243756,0.101893,0.010619,NS1
1885_A/chicken/Pingtung/1,A/chicken/Pingtung/18010017-1/2018,-0.3972,0.287832,0.087785,0.001429,NS1
1886_A/chicken/Pingtung/1,A/chicken/Pingtung/18020015-1/2018,-0.399452,0.214377,0.098858,0.005586,NS1
1887_A/chicken/PT/a158/20,A/chicken/PT/a158/2015,-0.331429,0.071387,0.145406,0.063198,NS1
1888_A/chicken/Qingdao/1/,A/chicken/Qingdao/1/2014,-0.141681,0.061119,0.128576,-0.119903,NS1
1889_A/chicken/SC/a688/20,A/chicken/SC/a688/2015,-0.320248,0.068858,0.147116,0.056035,NS1
1890_A/chicken/Shandong/S,A/chicken/Shandong/S3/2014,-0.141681,0.061119,0.128576,-0.119903,NS1
1891_A/chicken/Shijiazhua,A/chicken/Shijiazhuang/1209/2013,-0.161765,0.188771,0.060541,-0.113093,NS1
1892_A/chicken/Taichung/1,A/chicken/Taichung/15010399/2015,-0.413133,0.231695,0.074993,0.022894,NS1
1893_A/chicken/Taichung/1,A/chicken/Taichung/16040032-3/2016,-0.407366,0.215049,0.086796,0.033698,NS1
1894_A/chicken/Taichung/1,A/chicken/Taichung/16050044-2/2016,-0.389975,0.212637,0.089618,0.022519,NS1
1895_A/chicken/Tainan/160,A/chicken/Tainan/16040035-1/2016,-0.384401,0.239883,0.072799,0.038502,NS1
1896_A/chicken/Taipei_Cit,A/chicken/Taipei_City/18010007-3/2018,-0.406453,0.241475,0.106757,-0.008998,NS1
1897_A/chicken/Taipei_Cit,A/chicken/Taipei_City/18010008-3/2018,-0.420324,0.243366,0.101244,0.003801,NS1
1898_A/chicken/Taiwan/010,A/chicken/Taiwan/0101/2012,-0.303402,0.171686,0.08174,0.054063,NS1
1899_A/chicken/Taiwan/050,A/chicken/Taiwan/0502/2012,-0.320913,0.185983,-0.020778,0.042622,NS1
1900_A/chicken/Taiwan/683,A/chicken/Taiwan/683/2012,-0.363142,0.233869,0.057473,0.03023,NS1
1901_A/chicken/Taiwan/168,A/chicken/Taiwan/1682/2013,-0.279617,0.19596,0.138592,0.0552,NS1
1902_A/chicken/Taiwan/169,A/chicken/Taiwan/1692/2013,-0.279617,0.19596,0.138592,0.0552,NS1
1903_A/chicken/Taiwan/170,A/chicken/Taiwan/1704/2013,-0.261718,0.20574,0.13881,0.059075,NS1
1904_A/chicken/Taiwan/171,A/chicken/Taiwan/1711/2013,-0.277149,0.201675,0.133844,0.051078,NS1
1905_A/chicken/Taiwan/259,A/chicken/Taiwan/2593/2012,-0.353088,0.242234,0.056122,0.027936,NS1
1906_A/chicken/Taiwan/294,A/chicken/Taiwan/2948/2013,-0.360078,0.242365,0.055352,0.029852,NS1
1907_A/chicken/Taiwan/444,A/chicken/Taiwan/4443/2013,-0.368848,0.241698,0.056851,0.037823,NS1
1908_A/chicken/Taiwan/735,A/chicken/Taiwan/7350/2013,-0.368679,0.24781,0.060674,0.033508,NS1
1909_A/chicken/Taiwan/898,A/chicken/Taiwan/8988/2013,-0.357548,0.247354,0.052426,0.04374,NS1
1910_A/chicken/Taiwan/899,A/chicken/Taiwan/8994/2013,-0.357548,0.247354,0.052426,0.04374,NS1
1911_A/chicken/Taiwan/899,A/chicken/Taiwan/8996/2013,-0.357548,0.247354,0.052426,0.04374,NS1
1912_A/chicken/Taiwan/A1/,A/chicken/Taiwan/A1/2019,-0.343782,0.273538,0.048496,0.032222,NS1
1913_A/chicken/Taiwan/A19,A/chicken/Taiwan/A1997/2012,-0.320913,0.185983,-0.020778,0.042622,NS1
1914_A/chicken/Taiwan/D2/,A/chicken/Taiwan/D2/2019,-0.395435,0.274935,0.087862,0.022236,NS1
1915_A/chicken/Taiwan/D9/,A/chicken/Taiwan/D9/2019,-0.404019,0.287489,0.092863,0.014913,NS1
1916_A/chicken/Taiwan/u7/,A/chicken/Taiwan/u7/2016,-0.400447,0.270205,0.0828,0.013051,NS1
1917_A/chicken/TC/a504/20,A/chicken/TC/a504/2015,-0.320248,0.068858,0.147116,0.056035,NS1
1918_A/chicken/TY/a665/20,A/chicken/TY/a665/2015,-0.320248,0.068858,0.147116,0.056035,NS1
1919_A/chicken/YL/A3190/2,A/chicken/YL/A3190/2014,-0.281931,0.202257,-0.038741,0.052804,NS1
1920_A/chicken/Yunlin/150,A/chicken/Yunlin/15020048-1/2015,-0.41161,0.224978,0.082488,0.021073,NS1
1921_A/chicken/Yunlin/150,A/chicken/Yunlin/15040002-2/2015,-0.405145,0.229586,0.071335,0.031255,NS1
1922_A/chicken/Yunlin/150,A/chicken/Yunlin/15040027/2015,-0.409685,0.234687,0.073163,0.033754,NS1
1923_A/chicken/Yunlin/150,A/chicken/Yunlin/15050037-2/2015,-0.409048,0.232106,0.06957,0.03725,NS1
1924_A/chicken/Yunlin/150,A/chicken/Yunlin/15050039-2/2015,-0.409048,0.232106,0.06957,0.03725,NS1
1925_A/chicken/Yunlin/150,A/chicken/Yunlin/15060014-1/2015,-0.409048,0.232106,0.06957,0.03725,NS1
1926_A/chicken/Yunlin/150,A/chicken/Yunlin/15080024/2015,-0.413732,0.230699,0.0973,0.017935,NS1
1927_A/chicken/Yunlin/160,A/chicken/Yunlin/16010001-1/2016,-0.385264,0.260964,0.082013,0.022717,NS1
1928_A/chicken/Yunlin/160,A/chicken/Yunlin/16010008-1/2016,-0.379515,0.239384,0.069347,0.040679,NS1
1929_A/chicken/Yunlin/160,A/chicken/Yunlin/16050053/2016,-0.407366,0.215049,0.086796,0.033698,NS1
1930_A/chicken/Yunlin/170,A/chicken/Yunlin/17010014/2017,-0.409024,0.276736,0.084947,0.017109,NS1
1931_A/chicken/Yunlin/170,A/chicken/Yunlin/17020094-1/2017,-0.401738,0.263006,0.088542,0.004611,NS1
1932_A/chicken/Yunlin/170,A/chicken/Yunlin/17020095-2/2017,-0.344929,0.236628,0.065048,0.019998,NS1
1933_A/chicken/Yunlin/170,A/chicken/Yunlin/17030001-1/2017,-0.390275,0.268763,0.089033,0.013643,NS1
1934_A/chicken/Yunlin/170,A/chicken/Yunlin/17030007-1/2017,-0.397881,0.264058,0.085845,0.031954,NS1
1935_A/chicken/Yunlin/170,A/chicken/Yunlin/17030010-1/2017,-0.393186,0.252051,0.075707,0.023075,NS1
1936_A/chicken/Yunlin/170,A/chicken/Yunlin/17030014-1/2017,-0.401015,0.270389,0.084518,0.011566,NS1
1937_A/chicken/Yunlin/170,A/chicken/Yunlin/17030020-2/2017,-0.401738,0.263006,0.088542,0.004611,NS1
1938_A/chicken/Yunlin/170,A/chicken/Yunlin/17030021-1/2017,-0.401015,0.270389,0.084518,0.011566,NS1
1939_A/chicken/Yunlin/170,A/chicken/Yunlin/17030032-2/2017,-0.374185,0.268506,0.066724,0.029396,NS1
1940_A/chicken/Yunlin/170,A/chicken/Yunlin/17030065-2/2017,-0.401977,0.26762,0.075803,0.010596,NS1
1941_A/chicken/Yunlin/170,A/chicken/Yunlin/17040003-1/2017,-0.391753,0.268289,0.083763,0.025161,NS1
1942_A/chicken/Yunlin/170,A/chicken/Yunlin/17040004-2/2017,-0.400379,0.267808,0.080925,0.015062,NS1
1943_A/chicken/Yunlin/170,A/chicken/Yunlin/17040011-1/2017,-0.401015,0.270389,0.084518,0.011566,NS1
1944_A/chicken/Yunlin/170,A/chicken/Yunlin/17060019/2017,-0.366424,0.247798,0.076193,0.032178,NS1
1945_A/chicken/Yunlin/170,A/chicken/Yunlin/17070010/2017,-0.412578,0.254537,0.095685,0.024032,NS1
1946_A/chicken/Yunlin/180,A/chicken/Yunlin/18010001-2/2018,-0.432372,0.227853,0.087153,0.017464,NS1
1947_A/chicken/Yunlin/180,A/chicken/Yunlin/18010003-3/2018,-0.426373,0.222272,0.087874,0.021734,NS1
1948_A/chicken/Yunlin/180,A/chicken/Yunlin/18010023-1/2018,-0.415967,0.247479,0.095807,0.010622,NS1
1949_A/chicken/Yunlin/180,A/chicken/Yunlin/18020003-2/2018,-0.407583,0.237084,0.084369,0.03198,NS1
1950_A/chicken/Yunlin/180,A/chicken/Yunlin/18020004-1/2018,-0.410877,0.239199,0.084344,0.027314,NS1
1951_A/chicken/Yunlin/180,A/chicken/Yunlin/18020005-2/2018,-0.410877,0.239199,0.084344,0.027314,NS1
1952_A/chicken/Yunlin/180,A/chicken/Yunlin/18020008-2/2018,-0.412573,0.251844,0.091309,0.014827,NS1
1953_A/chicken/Yunlin/180,A/chicken/Yunlin/18030002-1/2018,-0.402844,0.233026,0.092277,0.018718,NS1
1954_A/chicken/Yunlin/180,A/chicken/Yunlin/18050013-1/2018,-0.402844,0.233026,0.092277,0.018718,NS1
1955_A/chicken/Yunlin/180,A/chicken/Yunlin/18060001-2/2018,-0.402844,0.233026,0.092277,0.018718,NS1
1956_A/chicken/Yunlin/180,A/chicken/Yunlin/18080006-1/2018,-0.376148,0.217144,0.106935,-0.006111,NS1
1957_A/chicken/Zhejiang/1,A/chicken/Zhejiang/194/2016,-0.390658,0.274936,-0.008328,-0.039683,NS1
1958_A/chicken/Zhejiang/2,A/chicken/Zhejiang/209/2016,-0.373162,0.177738,0.106338,-0.03446,NS1
1959_A/chicken/Zhejiang/2,A/chicken/Zhejiang/217/2016,-0.390658,0.274936,-0.008328,-0.039683,NS1
1960_A/chicken/Zhejiang/2,A/chicken/Zhejiang/232/2016,-0.389969,0.195117,0.104813,-0.003757,NS1
1961_A/chicken/Zhejiang/7,A/chicken/Zhejiang/7450/2015,-0.383866,0.206541,0.07091,-0.035201,NS1
1962_A/chicken/Zhejiang/8,A/chicken/Zhejiang/81643/2015,-0.390358,0.187827,0.08344,-0.022208,NS1
1963_A/chicken/Zhejiang/5,A/chicken/Zhejiang/514135/2015,-0.366124,0.317824,-0.021417,-0.010528,NS1
1964_A/chicken/Zhejiang/7,A/chicken/Zhejiang/727079/2014,-0.391064,0.260644,0.001965,-0.063466,NS1
1965_A/chicken/Zhejiang/7,A/chicken/Zhejiang/727159/2014,-0.391064,0.260644,0.001965,-0.063466,NS1
1966_A/duck/Changhua/15A0,A/duck/Changhua/15A03431-1-20T/2015,-0.409551,0.234629,0.076365,0.022773,NS1
1967_A/duck/Changhua/15A0,A/duck/Changhua/15A03473-1-20T/2015,-0.406196,0.233133,0.080048,0.013848,NS1
1968_A/duck/China/YD1516/,A/duck/China/YD1516/2016,-0.37852,0.212053,0.085232,-0.018553,NS1
1969_A/duck/Eastern_China,A/duck/Eastern_China/L0230/2010,-0.381047,0.275395,0.016117,-0.03388,NS1
1970_A/duck/Eastern_China,A/duck/Eastern_China/L0321/2010,-0.396393,0.265122,0.060768,-0.07641,NS1
1971_A/duck/Eastern_China,A/duck/Eastern_China/S0131/2014,-0.393051,0.18591,0.07931,-0.026246,NS1
1972_A/duck/Eastern_China,A/duck/Eastern_China/S0808/2014,-0.344062,0.24553,0.058513,-0.047299,NS1
1973_A/duck/Hebei/3/2011|,A/duck/Hebei/3/2011,-0.381035,0.280311,0.022208,-0.049319,NS1
1974_A/duck/Hsinchu/15020,A/duck/Hsinchu/15020216/2015,-0.401486,0.236373,0.057812,0.020957,NS1
1975_A/duck/Hubei/03.06__,A/duck/Hubei/03.06__WHWTZ0107-O/2015(Mixed),-0.35754,0.224525,0.04543,-0.017448,NS1
1976_A/duck/Hubei/SZY250/,A/duck/Hubei/SZY250/2016,-0.352465,0.212966,0.068749,-0.011776,NS1
1977_A/duck/Hunan/S4101/2,A/duck/Hunan/S4101/2011,-0.236711,0.105641,0.052669,-0.035417,NS1
1978_A/duck/Hunan/S4120/2,A/duck/Hunan/S4120/2011,-0.243879,0.094762,0.054241,-0.051025,NS1
1979_A/duck/Jiangsu/m234/,A/duck/Jiangsu/m234/2012,-0.266476,0.245059,0.084395,-0.1453,NS1
1980_A/duck/Kaohsiung/150,A/duck/Kaohsiung/15010213/2015,-0.399994,0.224029,0.078971,0.020339,NS1
1981_A/duck/Nantou/15A343,A/duck/Nantou/15A3437/2015,-0.406196,0.233133,0.080048,0.013848,NS1
1982_A/duck/Nantou/17A024,A/duck/Nantou/17A0243/2017,-0.407078,0.280271,0.080218,0.019244,NS1
1983_A/duck/Pingtung/17A0,A/duck/Pingtung/17A0160/2017,-0.394156,0.268295,0.071607,0.026992,NS1
1984_A/duck/Pingtung/18A0,A/duck/Pingtung/18A00003-11-20T/2018,-0.396322,0.287194,0.092418,-0.000673,NS1
1985_A/duck/Pingtung/18A0,A/duck/Pingtung/18A00076-11-20T/2018,-0.236712,0.275589,0.099246,-0.114643,NS1
1986_A/duck/Pingtung/18X0,A/duck/Pingtung/18X00077/2018,-0.386726,0.29191,0.043404,-0.029953,NS1
1987_A/duck/Pingtung/1501,A/duck/Pingtung/15010444/2015,-0.408417,0.23546,0.076035,0.023978,NS1
1988_A/duck/Taichung/1501,A/duck/Taichung/15010400-1/2015,-0.408417,0.23546,0.076035,0.023978,NS1
1989_A/duck/Tainan/160100,A/duck/Tainan/16010024-1/2016,-0.413914,0.224077,0.093158,0.022611,NS1
1990_A/duck/Taipei/05WB83,A/duck/Taipei/05WB830-1-5-E2/2005,0.02281,-0.068611,-0.071874,-0.038137,NS1
1991_A/duck/Taiwan/01006/,A/duck/Taiwan/01006/2015,-0.406722,0.235902,0.07788,0.017883,NS1
1992_A/duck/Taiwan/11213/,A/duck/Taiwan/11213/2013,-0.217523,0.233838,0.018275,-0.0852,NS1
1993_A/duck/Taiwan/11254/,A/duck/Taiwan/11254/2013,-0.226553,0.250221,0.043665,-0.073837,NS1
1994_A/duck/Taiwan/a043/2,A/duck/Taiwan/a043/2015,-0.409685,0.234687,0.073163,0.033754,NS1
1995_A/duck/Taiwan/DV1238,A/duck/Taiwan/DV1238/2009,-0.049469,-0.209967,-0.007044,-0.130318,NS1
1996_A/duck/Taiwan/DV1241,A/duck/Taiwan/DV1241/2009,-0.049469,-0.209967,-0.007044,-0.130318,NS1
1997_A/duck/Taiwan/DV1242,A/duck/Taiwan/DV1242/2009,-0.049469,-0.209967,-0.007044,-0.130318,NS1
1998_A/duck/Taoyuan/16010,A/duck/Taoyuan/16010023-1/2016,-0.4104,0.226776,0.092188,0.032248,NS1
1999_A/duck/Yilan/17A0092,A/duck/Yilan/17A0092/2017,-0.382265,0.253703,0.087955,0.006379,NS1
2000_A/duck/Yunlin/15A501,A/duck/Yunlin/15A5019/2015,-0.403345,0.230567,0.101307,0.012463,NS1
2001_A/duck/Yunlin/17A008,A/duck/Yunlin/17A0086/2017,-0.401738,0.263006,0.088542,0.004611,NS1
2002_A/duck/Yunlin/17A068,A/duck/Yunlin/17A0686/2017,-0.412673,0.245365,0.095832,0.015288,NS1
2003_A/duck/Yunlin/18X000,A/duck/Yunlin/18X00007-3/2018,-0.381001,0.07595,0.085591,-0.000256,NS1
2004_A/duck/Yunlin/150102,A/duck/Yunlin/15010244-1/2015,-0.403078,0.23097,0.078791,0.028919,NS1
2005_A/duck/Yunlin/150103,A/duck/Yunlin/15010310-4/2015,-0.407781,0.232878,0.072442,0.027475,NS1
2006_A/duck/Yunlin/150103,A/duck/Yunlin/15010318-2/2015,-0.409685,0.234687,0.073163,0.033754,NS1
2007_A/duck/Yunlin/150103,A/duck/Yunlin/15010369-1/2015,-0.412285,0.252775,0.078494,0.021894,NS1
2008_A/duck/Yunlin/150700,A/duck/Yunlin/15070002-2/2015,-0.403345,0.230567,0.101307,0.012463,NS1
2009_A/duck/Yunlin/171100,A/duck/Yunlin/17110001/2017,-0.394739,0.235309,0.107763,0.003119,NS1
2010_A/duck/Yunlin/180600,A/duck/Yunlin/18060007-3/2018,-0.398604,0.240735,0.10481,0.002653,NS1
2011_A/duck/Zhejiang/7713,A/duck/Zhejiang/77138/2014,-0.223788,0.310065,0.016564,-0.130743,NS1
2012_A/duck/Zhejiang/7270,A/duck/Zhejiang/727041/2014,-0.355251,0.299895,-0.024003,0.019568,NS1
2013_A/duck/Zhejiang/1026,A/duck/Zhejiang/1026109/2015,-0.386933,0.186649,0.089901,-0.030243,NS1
2014_A/Environment/Shando,A/Environment/Shandong/WS15/2022,-0.324714,0.269015,0.009741,-0.025128,NS1
2015_A/Environment/Shando,A/Environment/Shandong/WS16/2022,-0.324714,0.269015,0.009741,-0.025128,NS1
2016_A/Environment/Shando,A/Environment/Shandong/WS19/2022,-0.323757,0.268368,0.013733,-0.027046,NS1
2017_A/goose/Changhua/150,A/goose/Changhua/15040008/2015,-0.398957,0.22748,0.065479,0.007193,NS1
2018_A/goose/Chiayi/15010,A/goose/Chiayi/15010008-3/2015,-0.405013,0.231627,0.071294,0.039303,NS1
2019_A/goose/Chiayi/15010,A/goose/Chiayi/15010016-1/2015,-0.408417,0.23546,0.076035,0.023978,NS1
2020_A/goose/Chiayi/16010,A/goose/Chiayi/16010017-2/2016,-0.413732,0.230699,0.0973,0.017935,NS1
2021_A/goose/Chiayi/16040,A/goose/Chiayi/16040003-1/2016,-0.411571,0.217773,0.10463,0.034267,NS1
2022_A/goose/Chiayi/16040,A/goose/Chiayi/16040005/2016,-0.411571,0.217773,0.10463,0.034267,NS1
2023_A/goose/Chiayi/17020,A/goose/Chiayi/17020027-1/2017,-0.411149,0.253479,0.099175,0.015415,NS1
2024_A/goose/Chiayi/17040,A/goose/Chiayi/17040014/2017,-0.337517,0.231186,0.026242,0.036399,NS1
2025_A/goose/Chiayi/18010,A/goose/Chiayi/18010006/2018,-0.398154,0.23265,0.11977,0.003528,NS1
2026_A/goose/Chiayi/18020,A/goose/Chiayi/18020014-2/2018,-0.388517,0.240989,0.12037,-0.001989,NS1
2027_A/goose/China/1106/2,A/goose/China/1106/2016,-0.375789,0.221277,0.083611,-0.000329,NS1
2028_A/goose/Pingtung/150,A/goose/Pingtung/15010007-4/2015,-0.408417,0.23546,0.076035,0.023978,NS1
2029_A/goose/Pingtung/150,A/goose/Pingtung/15010037-1/2015,-0.408417,0.23546,0.076035,0.023978,NS1
2030_A/goose/Shandong/01.,A/goose/Shandong/01.01_JY-GS/2015(H5N2),-0.390958,0.196453,0.0931,0.001521,NS1
2031_A/goose/Shandong/01.,A/goose/Shandong/01.07_JQ-GS/2015(H5N2),-0.371923,0.196507,0.090709,0.001891,NS1
2032_A/goose/Shandong/04.,A/goose/Shandong/04.22_GT/2015(H5N2),-0.40087,0.196306,0.080021,0.008001,NS1
2033_A/goose/Tainan/17030,A/goose/Tainan/17030022-1/2017,-0.402736,0.268826,0.083259,0.016926,NS1
2034_A/goose/Tainan/17030,A/goose/Tainan/17030024-1/2017,-0.392285,0.272623,0.071928,0.0096,NS1
2035_A/goose/Tainan/18010,A/goose/Tainan/18010022-1/2018,-0.402914,0.240185,0.107663,0.019223,NS1
2036_A/goose/Tainan/18050,A/goose/Tainan/18050014-1/2018,-0.417466,0.244661,0.102219,-0.000729,NS1
2037_A/goose/Taiwan/01022,A/goose/Taiwan/01022/2015,-0.408417,0.23546,0.076035,0.023978,NS1
2038_A/goose/Taiwan/01023,A/goose/Taiwan/01023/2015,-0.394309,0.218078,0.066071,0.017346,NS1
2039_A/goose/Taiwan/01031,A/goose/Taiwan/01031/2015,-0.412276,0.232197,0.08587,0.016433,NS1
2040_A/goose/Taiwan/01040,A/goose/Taiwan/01040/2015,-0.404161,0.229032,0.058553,0.025664,NS1
2041_A/goose/Taoyuan/1812,A/goose/Taoyuan/18120002-2/2018,-0.409416,0.116133,0.046875,-0.050884,NS1
2042_A/goose/Yunlin/15010,A/goose/Yunlin/15010005/2015,-0.409685,0.234687,0.073163,0.033754,NS1
2043_A/goose/Yunlin/15010,A/goose/Yunlin/15010009-1/2015,-0.408807,0.234049,0.077797,0.031651,NS1
2044_A/goose/Yunlin/15010,A/goose/Yunlin/15010010-2/2015,-0.409685,0.234687,0.073163,0.033754,NS1
2045_A/goose/Yunlin/15010,A/goose/Yunlin/15010011-1/2015,-0.409685,0.234687,0.073163,0.033754,NS1
2046_A/goose/Yunlin/16020,A/goose/Yunlin/16020008-4/2016,-0.407366,0.215049,0.086796,0.033698,NS1
2047_A/goose/Yunlin/16020,A/goose/Yunlin/16020011-1/2016,-0.402192,0.208438,0.094746,0.027354,NS1
2048_A/goose/Yunlin/16040,A/goose/Yunlin/16040002-2/2016,-0.407366,0.215049,0.086796,0.033698,NS1
2049_A/goose/Yunlin/17100,A/goose/Yunlin/17100005/2017,-0.393008,0.238442,0.068782,0.009551,NS1
2050_A/goose/Yunlin/18030,A/goose/Yunlin/18030020-2/2018,-0.405878,0.261631,0.072221,0.025111,NS1
2051_A/goose/Yunlin/18030,A/goose/Yunlin/18030020-3/2018,-0.400369,0.267268,0.084171,0.02059,NS1
2052_A/goose/Yunlin/18040,A/goose/Yunlin/18040002-3/2018,-0.428973,0.208606,0.119881,-0.006544,NS1
2053_A/goose/Yunlin/18040,A/goose/Yunlin/18040018-2/2018,-0.416686,0.253402,0.093273,-0.003628,NS1
2054_A/goose/Yunlin/18090,A/goose/Yunlin/18090002-3/2018,-0.412881,0.243543,0.10057,0.005737,NS1
2055_A/goose/Yunlin/18090,A/goose/Yunlin/18090006-1/2018,-0.395358,0.268229,0.062389,-0.001945,NS1
2056_A/goose/Yunlin/18110,A/goose/Yunlin/18110002-3/2018,-0.402387,0.11692,0.048024,-0.051896,NS1
2057_A/goose/Zhejiang/771,A/goose/Zhejiang/77166/2014,-0.221204,0.31008,0.032426,-0.154067,NS1
2058_A/goose/Zhejiang/771,A/goose/Zhejiang/77167/2014,-0.221204,0.31008,0.032426,-0.154067,NS1
2059_A/goose/Zhejiang/771,A/goose/Zhejiang/77168/2014,-0.214874,0.303505,0.019036,-0.136806,NS1
2060_A/heron/Taiwan/17DB0,A/heron/Taiwan/17DB0001/2017,-0.367503,0.288263,0.048895,0.039064,NS1
2061_A/parrot/Guangdong/2,A/parrot/Guangdong/258/2004,-0.0616,-0.07233,-0.111904,0.043728,NS1
2062_A/Pigeon/Shandong/WS,A/Pigeon/Shandong/WS17/2022,-0.324714,0.269015,0.009741,-0.025128,NS1
2063_A/Taiwan/DV413/2006|,A/Taiwan/DV413/2006,-0.383633,0.237319,0.052601,-0.0137,NS1
2064_A/Taiwan/DV518/2006|,A/Taiwan/DV518/2006,-0.383633,0.237319,0.052601,-0.0137,NS1
2065_A/thrush/Taiwan/1512,A/thrush/Taiwan/15120021/2015,-0.380258,0.241484,0.072899,0.037302,NS1
2066_A/turkey/Changhua/16,A/turkey/Changhua/16010011-1/2016,-0.401547,0.208712,0.093138,0.028667,NS1
2067_A/turkey/Chiayi/1801,A/turkey/Chiayi/18010013-3/2018,-0.405285,0.240694,0.109678,0.021447,NS1
2068_A/turkey/Yunlin/1506,A/turkey/Yunlin/15060049-1/2015,-0.409048,0.232106,0.06957,0.03725,NS1
2069_A/turkey/Yunlin/1802,A/turkey/Yunlin/18020020-2/2018,-0.396817,0.216611,0.109383,0.012453,NS1
2070_A/turkey/Yunlin/1811,A/turkey/Yunlin/18110001-3/2018,-0.405387,0.222332,0.091633,0.024882,NS1
2071_A/turkey/Yunlin/1812,A/turkey/Yunlin/18120005-2/2018,-0.396623,0.111018,0.032778,-0.060337,NS1
2072_A/whooper_swan/Henan,A/whooper_swan/Henan/T578/2019,-0.010934,-0.135433,-0.031869,0.008294,NS1
2073_A/whooper_swan/Henan,A/whooper_swan/Henan/T874/2018,-0.010934,-0.135433,-0.031869,0.008294,NS1
2074_A/whooper_swan/Henan,A/whooper_swan/Henan/T880/2018,-0.010934,-0.135433,-0.031869,0.008294,NS1
2075_A/whooper_swan/Henan,A/whooper_swan/Henan/T886/2018,-0.010934,-0.135433,-0.031869,0.008294,NS1
2076_A/whooper_swan/Henan,A/whooper_swan/Henan/T888/2018,-0.010934,-0.135433,-0.031869,0.008294,NS1
2077_A/whooper_swan/Henan,A/whooper_swan/Henan/Y120/2018,-0.010934,-0.135433,-0.031869,0.008294,NS1
2078_A/whooper_swan/Shanx,A/whooper_swan/Shanxi/SX116/2020,-0.232803,0.146136,0.036482,0.008729,NS1
2079_A/wildfowl/China/472,A/wildfowl/China/472/2014,-0.318446,0.192928,0.042198,0.029478,NS1
2080_A/Taiwan/DV413/2006_,A/Taiwan/DV413/2006_H5N2,-0.383633,0.237319,0.052601,-0.0137,NS1
2081_A/Taiwan/DV518/2006_,A/Taiwan/DV518/2006_H5N2,-0.383633,0.237319,0.052601,-0.0137,NS1
2082_A/baikal_teal/Xiangh,A/baikal_teal/Xianghai/426/2011_H5N2,-0.392341,0.249904,0.027123,0.006143,NS1
2083_A/canvasback/Xiangha,A/canvasback/Xianghai/428/2011_H5N2,-0.402455,0.227002,0.028853,-0.007897,NS1
2084_A/chicken/Beijing/BJ,A/chicken/Beijing/BJ7/2014_H5N2,-0.1481,0.09006,0.108792,-0.104866,NS1
2085_A/chicken/CH/a556/20,A/chicken/CH/a556/2015_H5N2,-0.316186,0.08335,0.128443,0.032343,NS1
2086_A/chicken/Changhua/1,A/chicken/Changhua/15010120-1/2015_H5N2,-0.409117,0.234504,0.071446,0.035239,NS1
2087_A/chicken/Changhua/1,A/chicken/Changhua/15010288/2015_H5N2,-0.413849,0.236431,0.081731,0.02801,NS1
2088_A/chicken/Changhua/1,A/chicken/Changhua/15010324-2/2015_H5N2,-0.409685,0.234687,0.073163,0.033754,NS1
2089_A/chicken/Changhua/1,A/chicken/Changhua/15010361-1/2015_H5N2,-0.415848,0.235703,0.074543,0.026166,NS1
2090_A/chicken/Changhua/1,A/chicken/Changhua/15010362-2/2015_H5N2,-0.408417,0.23546,0.076035,0.023978,NS1
2091_A/chicken/Changhua/1,A/chicken/Changhua/15010363-2/2015_H5N2,-0.408417,0.23546,0.076035,0.023978,NS1
2092_A/chicken/Changhua/1,A/chicken/Changhua/15050013-1/2015_H5N2,-0.391348,0.250586,0.072613,0.032438,NS1
2093_A/chicken/Changhua/1,A/chicken/Changhua/15060027-2/2015_H5N2,-0.391531,0.243964,0.06847,0.037113,NS1
2094_A/chicken/Changhua/1,A/chicken/Changhua/15060037-1/2015_H5N2,-0.400114,0.259476,0.068321,0.032787,NS1
2095_A/chicken/Changhua/1,A/chicken/Changhua/15120008/2015_H5N2,-0.413732,0.230699,0.0973,0.017935,NS1
2096_A/chicken/Changhua/1,A/chicken/Changhua/16010060-2/2016_H5N2,-0.395571,0.28665,0.09272,0.015189,NS1
2097_A/chicken/Changhua/1,A/chicken/Changhua/17060006/2017_H5N2,-0.400543,0.259294,0.110061,0.003256,NS1
2098_A/chicken/Changhua/1,A/chicken/Changhua/18040008-1/2018_H5N2,-0.413605,0.232307,0.099443,-0.006228,NS1
2099_A/chicken/Chiayi/150,A/chicken/Chiayi/15010287-2/2015_H5N2,-0.413849,0.236431,0.081731,0.02801,NS1
2100_A/chicken/Chiayi/150,A/chicken/Chiayi/15010409-2/2015_H5N2,-0.396053,0.231937,0.087339,0.033747,NS1
2101_A/chicken/Chiayi/170,A/chicken/Chiayi/17040009-2/2017_H5N2,-0.389644,0.272142,0.072261,0.005703,NS1
2102_A/chicken/Chiayi/181,A/chicken/Chiayi/18120003-1/2018_H5N2,-0.39598,0.113837,0.051852,-0.049009,NS1
2103_A/chicken/Chiping/03,A/chicken/Chiping/0321/2014_H5N2,-0.141404,0.07689,0.125745,-0.113964,NS1
2104_A/chicken/Eastern_Ch,A/chicken/Eastern_China/HF9/2018_H5N2,-0.165231,0.172495,0.06924,-0.118038,NS1
2105_A/chicken/Eastern_Ch,A/chicken/Eastern_China/QY5/2018_H5N2,-0.165231,0.172495,0.06924,-0.118038,NS1
2106_A/chicken/GY/a451/20,A/chicken/GY/a451/2015_H5N2,-0.304168,0.073386,0.160662,0.055856,NS1
2107_A/chicken/Hebei/1102,A/chicken/Hebei/1102-MA/2010_H5N2,-0.189496,0.184976,0.090878,-0.116492,NS1
2108_A/chicken/Hebei/1102,A/chicken/Hebei/1102/2010_H5N2,-0.189496,0.184976,0.090878,-0.116492,NS1
2109_A/chicken/Hebei/3/20,A/chicken/Hebei/3/2013_H5N2,-0.141681,0.061119,0.128576,-0.119903,NS1
2110_A/chicken/Heilongjia,A/chicken/Heilongjiang/S7/2014_H5N2,-0.372115,0.285517,-0.026308,-0.023409,NS1
2111_A/chicken/Henan/Q7/2,A/chicken/Henan/Q7/2013_H5N2,-0.150665,0.06788,0.111766,-0.114274,NS1
2112_A/chicken/Hsinchu/16,A/chicken/Hsinchu/16080004-2/2016_H5N2,-0.396371,0.277904,0.082806,0.019314,NS1
2113_A/chicken/Jiangsu/10,A/chicken/Jiangsu/1001/2013_H5N2,-0.184496,0.19176,0.082952,-0.134656,NS1
2114_A/chicken/Jiangsu/XZ,A/chicken/Jiangsu/XZ216/2014_H5N2,-0.141681,0.061119,0.128576,-0.119903,NS1
2115_A/chicken/Kaohsiung/,A/chicken/Kaohsiung/17040007/2017_H5N2,-0.385113,0.272448,0.092581,-0.012118,NS1
2116_A/chicken/Kaohsiung/,A/chicken/Kaohsiung/17100002/2017_H5N2,-0.410443,0.247276,0.097528,0.008251,NS1
2117_A/chicken/Kaohsiung/,A/chicken/Kaohsiung/18080004-1/2018_H5N2,-0.377792,0.28767,0.050797,-0.015092,NS1
2118_A/chicken/Kaohsiung/,A/chicken/Kaohsiung/18080004-2/2018_H5N2,-0.377792,0.28767,0.050797,-0.015092,NS1
2119_A/chicken/New_Taipei,A/chicken/New_Taipei_City/17040002-2/2017_H5N2,-0.389826,0.240429,0.073223,0.017149,NS1
2120_A/chicken/New_Taipei,A/chicken/New_Taipei_City/18010021-3/2018_H5N2,-0.391157,0.232671,0.109276,0.004558,NS1
2121_A/chicken/PH/A2821/2,A/chicken/PH/A2821/2013_H5N2,-0.331888,0.084016,0.117851,0.021742,NS1
2122_A/chicken/PT/a158/20,A/chicken/PT/a158/2015_H5N2,-0.331429,0.071387,0.145406,0.063198,NS1
2123_A/chicken/Pingtung/1,A/chicken/Pingtung/15050006-1/2015_H5N2,-0.414991,0.233329,0.083385,0.040504,NS1
2124_A/chicken/Pingtung/1,A/chicken/Pingtung/16020009-3/2016_H5N2,-0.387333,0.243756,0.101893,0.010619,NS1
2125_A/chicken/Pingtung/1,A/chicken/Pingtung/18010017-1/2018_H5N2,-0.3972,0.287832,0.087785,0.001429,NS1
2126_A/chicken/Pingtung/1,A/chicken/Pingtung/18020015-1/2018_H5N2,-0.399452,0.214377,0.098858,0.005586,NS1
2127_A/chicken/Qingdao/1/,A/chicken/Qingdao/1/2014_H5N2,-0.141681,0.061119,0.128576,-0.119903,NS1
2128_A/chicken/SC/a688/20,A/chicken/SC/a688/2015_H5N2,-0.320248,0.068858,0.147116,0.056035,NS1
2129_A/chicken/Shandong/S,A/chicken/Shandong/S3/2014_H5N2,-0.141681,0.061119,0.128576,-0.119903,NS1
2130_A/chicken/Shijiazhua,A/chicken/Shijiazhuang/1209/2013_H5N2,-0.161765,0.188771,0.060541,-0.113093,NS1
2131_A/chicken/TC/a504/20,A/chicken/TC/a504/2015_H5N2,-0.320248,0.068858,0.147116,0.056035,NS1
2132_A/chicken/TY/a665/20,A/chicken/TY/a665/2015_H5N2,-0.320248,0.068858,0.147116,0.056035,NS1
2133_A/chicken/Taichung/1,A/chicken/Taichung/15010399/2015_H5N2,-0.413133,0.231695,0.074993,0.022894,NS1
2134_A/chicken/Taichung/1,A/chicken/Taichung/16040032-3/2016_H5N2,-0.407366,0.215049,0.086796,0.033698,NS1
2135_A/chicken/Taichung/1,A/chicken/Taichung/16050044-2/2016_H5N2,-0.389975,0.212637,0.089618,0.022519,NS1
2136_A/chicken/Tainan/160,A/chicken/Tainan/16040035-1/2016_H5N2,-0.384401,0.239883,0.072799,0.038502,NS1
2137_A/chicken/Taipei_Cit,A/chicken/Taipei_City/18010007-3/2018_H5N2,-0.406453,0.241475,0.106757,-0.008998,NS1
2138_A/chicken/Taipei_Cit,A/chicken/Taipei_City/18010008-3/2018_H5N2,-0.420324,0.243366,0.101244,0.003801,NS1
2139_A/chicken/Taiwan/010,A/chicken/Taiwan/0101/2012_H5N2,-0.303402,0.171686,0.08174,0.054063,NS1
2140_A/chicken/Taiwan/050,A/chicken/Taiwan/0502/2012_H5N2,-0.320913,0.185983,-0.020778,0.042622,NS1
2141_A/chicken/Taiwan/168,A/chicken/Taiwan/1682/2013_H5N2,-0.279617,0.19596,0.138592,0.0552,NS1
2142_A/chicken/Taiwan/169,A/chicken/Taiwan/1692/2013_H5N2,-0.279617,0.19596,0.138592,0.0552,NS1
2143_A/chicken/Taiwan/170,A/chicken/Taiwan/1704/2013_H5N2,-0.261718,0.20574,0.13881,0.059075,NS1
2144_A/chicken/Taiwan/171,A/chicken/Taiwan/1711/2013_H5N2,-0.277149,0.201675,0.133844,0.051078,NS1
2145_A/chicken/Taiwan/259,A/chicken/Taiwan/2593/2012_H5N2,-0.353088,0.242234,0.056122,0.027936,NS1
2146_A/chicken/Taiwan/294,A/chicken/Taiwan/2948/2013_H5N2,-0.360078,0.242365,0.055352,0.029852,NS1
2147_A/chicken/Taiwan/444,A/chicken/Taiwan/4443/2013_H5N2,-0.368848,0.241698,0.056851,0.037823,NS1
2148_A/chicken/Taiwan/683,A/chicken/Taiwan/683/2012_H5N2,-0.363142,0.233869,0.057473,0.03023,NS1
2149_A/chicken/Taiwan/735,A/chicken/Taiwan/7350/2013_H5N2,-0.368679,0.24781,0.060674,0.033508,NS1
2150_A/chicken/Taiwan/898,A/chicken/Taiwan/8988/2013_H5N2,-0.357548,0.247354,0.052426,0.04374,NS1
2151_A/chicken/Taiwan/899,A/chicken/Taiwan/8994/2013_H5N2,-0.357548,0.247354,0.052426,0.04374,NS1
2152_A/chicken/Taiwan/899,A/chicken/Taiwan/8996/2013_H5N2,-0.357548,0.247354,0.052426,0.04374,NS1
2153_A/chicken/Taiwan/A1/,A/chicken/Taiwan/A1/2019_H5N2,-0.343782,0.273538,0.048496,0.032222,NS1
2154_A/chicken/Taiwan/A19,A/chicken/Taiwan/A1997/2012_H5N2,-0.320913,0.185983,-0.020778,0.042622,NS1
2155_A/chicken/Taiwan/D2/,A/chicken/Taiwan/D2/2019_H5N2,-0.395435,0.274935,0.087862,0.022236,NS1
2156_A/chicken/Taiwan/D9/,A/chicken/Taiwan/D9/2019_H5N2,-0.404019,0.287489,0.092863,0.014913,NS1
2157_A/chicken/Tibet/LZ01,A/chicken/Tibet/LZ01/2010_H5N2,-0.338794,0.250042,0.048599,-0.005077,NS1
2158_A/chicken/Wuhan/WHJF,A/chicken/Wuhan/WHJF/2014_H5N2,-0.38594,0.133303,0.069637,-0.022887,NS1
2159_A/chicken/YL/A3190/2,A/chicken/YL/A3190/2014_H5N2,-0.281931,0.202257,-0.038741,0.052804,NS1
2160_A/chicken/Yunlin/150,A/chicken/Yunlin/15020048-1/2015_H5N2,-0.41161,0.224978,0.082488,0.021073,NS1
2161_A/chicken/Yunlin/150,A/chicken/Yunlin/15040002-2/2015_H5N2,-0.405145,0.229586,0.071335,0.031255,NS1
2162_A/chicken/Yunlin/150,A/chicken/Yunlin/15040027/2015_H5N2,-0.409685,0.234687,0.073163,0.033754,NS1
2163_A/chicken/Yunlin/150,A/chicken/Yunlin/15050037-2/2015_H5N2,-0.409048,0.232106,0.06957,0.03725,NS1
2164_A/chicken/Yunlin/150,A/chicken/Yunlin/15050039-2/2015_H5N2,-0.409048,0.232106,0.06957,0.03725,NS1
2165_A/chicken/Yunlin/150,A/chicken/Yunlin/15060014-1/2015_H5N2,-0.409048,0.232106,0.06957,0.03725,NS1
2166_A/chicken/Yunlin/150,A/chicken/Yunlin/15080024/2015_H5N2,-0.413732,0.230699,0.0973,0.017935,NS1
2167_A/chicken/Yunlin/160,A/chicken/Yunlin/16010001-1/2016_H5N2,-0.385264,0.260964,0.082013,0.022717,NS1
2168_A/chicken/Yunlin/160,A/chicken/Yunlin/16010008-1/2016_H5N2,-0.379515,0.239384,0.069347,0.040679,NS1
2169_A/chicken/Yunlin/160,A/chicken/Yunlin/16050053/2016_H5N2,-0.407366,0.215049,0.086796,0.033698,NS1
2170_A/chicken/Yunlin/170,A/chicken/Yunlin/17010014/2017_H5N2,-0.409024,0.276736,0.084947,0.017109,NS1
2171_A/chicken/Yunlin/170,A/chicken/Yunlin/17020094-1/2017_H5N2,-0.401738,0.263006,0.088542,0.004611,NS1
2172_A/chicken/Yunlin/170,A/chicken/Yunlin/17020095-2/2017_H5N2,-0.344929,0.236628,0.065048,0.019998,NS1
2173_A/chicken/Yunlin/170,A/chicken/Yunlin/17030001-1/2017_H5N2,-0.390275,0.268763,0.089033,0.013643,NS1
2174_A/chicken/Yunlin/170,A/chicken/Yunlin/17030007-1/2017_H5N2,-0.397881,0.264058,0.085845,0.031954,NS1
2175_A/chicken/Yunlin/170,A/chicken/Yunlin/17030010-1/2017_H5N2,-0.393186,0.252051,0.075707,0.023075,NS1
2176_A/chicken/Yunlin/170,A/chicken/Yunlin/17030014-1/2017_H5N2,-0.401015,0.270389,0.084518,0.011566,NS1
2177_A/chicken/Yunlin/170,A/chicken/Yunlin/17030020-2/2017_H5N2,-0.401738,0.263006,0.088542,0.004611,NS1
2178_A/chicken/Yunlin/170,A/chicken/Yunlin/17030021-1/2017_H5N2,-0.401015,0.270389,0.084518,0.011566,NS1
2179_A/chicken/Yunlin/170,A/chicken/Yunlin/17030032-2/2017_H5N2,-0.374185,0.268506,0.066724,0.029396,NS1
2180_A/chicken/Yunlin/170,A/chicken/Yunlin/17030065-2/2017_H5N2,-0.401977,0.26762,0.075803,0.010596,NS1
2181_A/chicken/Yunlin/170,A/chicken/Yunlin/17040003-1/2017_H5N2,-0.391753,0.268289,0.083763,0.025161,NS1
2182_A/chicken/Yunlin/170,A/chicken/Yunlin/17040004-2/2017_H5N2,-0.400379,0.267808,0.080925,0.015062,NS1
2183_A/chicken/Yunlin/170,A/chicken/Yunlin/17040011-1/2017_H5N2,-0.401015,0.270389,0.084518,0.011566,NS1
2184_A/chicken/Yunlin/170,A/chicken/Yunlin/17060019/2017_H5N2,-0.366424,0.247798,0.076193,0.032178,NS1
2185_A/chicken/Yunlin/170,A/chicken/Yunlin/17070010/2017_H5N2,-0.412578,0.254537,0.095685,0.024032,NS1
2186_A/chicken/Yunlin/180,A/chicken/Yunlin/18010001-2/2018_H5N2,-0.432372,0.227853,0.087153,0.017464,NS1
2187_A/chicken/Yunlin/180,A/chicken/Yunlin/18010023-1/2018_H5N2,-0.415967,0.247479,0.095807,0.010622,NS1
2188_A/chicken/Yunlin/180,A/chicken/Yunlin/18020003-2/2018_H5N2,-0.407583,0.237084,0.084369,0.03198,NS1
2189_A/chicken/Yunlin/180,A/chicken/Yunlin/18020004-1/2018_H5N2,-0.410877,0.239199,0.084344,0.027314,NS1
2190_A/chicken/Yunlin/180,A/chicken/Yunlin/18020005-2/2018_H5N2,-0.410877,0.239199,0.084344,0.027314,NS1
2191_A/chicken/Yunlin/180,A/chicken/Yunlin/18020008-2/2018_H5N2,-0.412573,0.251844,0.091309,0.014827,NS1
2192_A/chicken/Yunlin/180,A/chicken/Yunlin/18030002-1/2018_H5N2,-0.402844,0.233026,0.092277,0.018718,NS1
2193_A/chicken/Yunlin/180,A/chicken/Yunlin/18050013-1/2018_H5N2,-0.402844,0.233026,0.092277,0.018718,NS1
2194_A/chicken/Yunlin/180,A/chicken/Yunlin/18060001-2/2018_H5N2,-0.402844,0.233026,0.092277,0.018718,NS1
2195_A/chicken/Yunlin/180,A/chicken/Yunlin/18080006-1/2018_H5N2,-0.376148,0.217144,0.106935,-0.006111,NS1
2196_A/chicken/Zhejiang/1,A/chicken/Zhejiang/194/2016_H5N2,-0.390658,0.274936,-0.008328,-0.039683,NS1
2197_A/chicken/Zhejiang/2,A/chicken/Zhejiang/209/2016_H5N2,-0.373162,0.177738,0.106338,-0.03446,NS1
2198_A/chicken/Zhejiang/2,A/chicken/Zhejiang/217/2016_H5N2,-0.390658,0.274936,-0.008328,-0.039683,NS1
2199_A/chicken/Zhejiang/2,A/chicken/Zhejiang/232/2016_H5N2,-0.389969,0.195117,0.104813,-0.003757,NS1
2200_A/chicken/Zhejiang/5,A/chicken/Zhejiang/514135/2015_H5N2,-0.366124,0.317824,-0.021417,-0.010528,NS1
2201_A/chicken/Zhejiang/7,A/chicken/Zhejiang/727079/2014_H5N2,-0.391064,0.260644,0.001965,-0.063466,NS1
2202_A/chicken/Zhejiang/7,A/chicken/Zhejiang/727159/2014_H5N2,-0.391064,0.260644,0.001965,-0.063466,NS1
2203_A/chicken/Zhejiang/7,A/chicken/Zhejiang/7450/2015_H5N2,-0.383866,0.206541,0.07091,-0.035201,NS1
2204_A/chicken/Zhejiang/8,A/chicken/Zhejiang/81643/2015_H5N2,-0.390358,0.187827,0.08344,-0.022208,NS1
2205_A/duck/Changhua/15A0,A/duck/Changhua/15A03431-1-20T/2015_H5N2,-0.409551,0.234629,0.076365,0.022773,NS1
2206_A/duck/Changhua/15A0,A/duck/Changhua/15A03473-1-20T/2015_H5N2,-0.406196,0.233133,0.080048,0.013848,NS1
2207_A/duck/China/YD1516/,A/duck/China/YD1516/2016_H5N2,-0.37852,0.212053,0.085232,-0.018553,NS1
2208_A/duck/Eastern_China,A/duck/Eastern_China/1111/2011_H5N2,-0.366146,0.245289,0.040826,-0.048379,NS1
2209_A/duck/Eastern_China,A/duck/Eastern_China/L0230/2010_H5N2,-0.381047,0.275395,0.016117,-0.03388,NS1
2210_A/duck/Eastern_China,A/duck/Eastern_China/L0321/2010_H5N2,-0.396393,0.265122,0.060768,-0.07641,NS1
2211_A/duck/Eastern_China,A/duck/Eastern_China/S0131/2014_H5N2,-0.393051,0.18591,0.07931,-0.026246,NS1
2212_A/duck/Eastern_China,A/duck/Eastern_China/S0808/2014_H5N2,-0.344062,0.24553,0.058513,-0.047299,NS1
2213_A/duck/Hebei/0908/20,A/duck/Hebei/0908/2009_H5N2,-0.378194,0.265195,0.021492,-0.023386,NS1
2214_A/duck/Hong_Kong/342,A/duck/Hong_Kong/342/1978_H5N2,0.010408,-0.174437,-0.028703,-0.04193,NS1
2215_A/duck/Hsinchu/15020,A/duck/Hsinchu/15020216/2015_H5N2,-0.401486,0.236373,0.057812,0.020957,NS1
2216_A/duck/Hubei/SZY250/,A/duck/Hubei/SZY250/2016_H5N2,-0.352465,0.212966,0.068749,-0.011776,NS1
2217_A/duck/Hunan/S4101/2,A/duck/Hunan/S4101/2011_H5N2,-0.236711,0.105641,0.052669,-0.035417,NS1
2218_A/duck/Hunan/S4120/2,A/duck/Hunan/S4120/2011_H5N2,-0.243879,0.094762,0.054241,-0.051025,NS1
2219_A/duck/Jiangsu/m234/,A/duck/Jiangsu/m234/2012_H5N2,-0.266476,0.245059,0.084395,-0.1453,NS1
2220_A/duck/Kaohsiung/150,A/duck/Kaohsiung/15010213/2015_H5N2,-0.399994,0.224029,0.078971,0.020339,NS1
2221_A/duck/Nantou/15A343,A/duck/Nantou/15A3437/2015_H5N2,-0.406196,0.233133,0.080048,0.013848,NS1
2222_A/duck/Nantou/17A024,A/duck/Nantou/17A0243/2017_H5N2,-0.407078,0.280271,0.080218,0.019244,NS1
2223_A/duck/Pingtung/1501,A/duck/Pingtung/15010444/2015_H5N2,-0.408417,0.23546,0.076035,0.023978,NS1
2224_A/duck/Pingtung/17A0,A/duck/Pingtung/17A0160/2017_H5N2,-0.394156,0.268295,0.071607,0.026992,NS1
2225_A/duck/Pingtung/18A0,A/duck/Pingtung/18A00003-11-20T/2018_H5N2,-0.396322,0.287194,0.092418,-0.000673,NS1
2226_A/duck/Pingtung/18A0,A/duck/Pingtung/18A00076-11-20T/2018_H5N2,-0.236712,0.275589,0.099246,-0.114643,NS1
2227_A/duck/Pingtung/18X0,A/duck/Pingtung/18X00077/2018_H5N2,-0.386726,0.29191,0.043404,-0.029953,NS1
2228_A/duck/Taichung/1501,A/duck/Taichung/15010400-1/2015_H5N2,-0.408417,0.23546,0.076035,0.023978,NS1
2229_A/duck/Tainan/160100,A/duck/Tainan/16010020-1/2016_H5N2,-0.413914,0.224077,0.093158,0.022611,NS1
2230_A/duck/Taipei/05WB83,A/duck/Taipei/05WB830-1-5-E2/2005_H5N2,0.02281,-0.068611,-0.071874,-0.038137,NS1
2231_A/duck/Taiwan/01006/,A/duck/Taiwan/01006/2015_H5N2,-0.406722,0.235902,0.07788,0.017883,NS1
2232_A/duck/Taiwan/11213/,A/duck/Taiwan/11213/2013_H5N2,-0.217523,0.233838,0.018275,-0.0852,NS1
2233_A/duck/Taiwan/11254/,A/duck/Taiwan/11254/2013_H5N2,-0.226553,0.250221,0.043665,-0.073837,NS1
2234_A/duck/Taiwan/DV1238,A/duck/Taiwan/DV1238/2009_H5N2,-0.049469,-0.209967,-0.007044,-0.130318,NS1
2235_A/duck/Taiwan/DV1241,A/duck/Taiwan/DV1241/2009_H5N2,-0.049469,-0.209967,-0.007044,-0.130318,NS1
2236_A/duck/Taiwan/DV1242,A/duck/Taiwan/DV1242/2009_H5N2,-0.049469,-0.209967,-0.007044,-0.130318,NS1
2237_A/duck/Taoyuan/16010,A/duck/Taoyuan/16010023-1/2016_H5N2,-0.4104,0.226776,0.092188,0.032248,NS1
2238_A/duck/Yilan/17A0092,A/duck/Yilan/17A0092/2017_H5N2,-0.382265,0.253703,0.087955,0.006379,NS1
2239_A/duck/Yunlin/150102,A/duck/Yunlin/15010244-1/2015_H5N2,-0.403078,0.23097,0.078791,0.028919,NS1
2240_A/duck/Yunlin/150103,A/duck/Yunlin/15010310-4/2015_H5N2,-0.407781,0.232878,0.072442,0.027475,NS1
2241_A/duck/Yunlin/150103,A/duck/Yunlin/15010318-2/2015_H5N2,-0.409685,0.234687,0.073163,0.033754,NS1
2242_A/duck/Yunlin/150103,A/duck/Yunlin/15010369-1/2015_H5N2,-0.412285,0.252775,0.078494,0.021894,NS1
2243_A/duck/Yunlin/150700,A/duck/Yunlin/15070002-2/2015_H5N2,-0.403345,0.230567,0.101307,0.012463,NS1
2244_A/duck/Yunlin/15A501,A/duck/Yunlin/15A5019/2015_H5N2,-0.403345,0.230567,0.101307,0.012463,NS1
2245_A/duck/Yunlin/171100,A/duck/Yunlin/17110001/2017_H5N2,-0.394739,0.235309,0.107763,0.003119,NS1
2246_A/duck/Yunlin/17A008,A/duck/Yunlin/17A0086/2017_H5N2,-0.401738,0.263006,0.088542,0.004611,NS1
2247_A/duck/Yunlin/17A068,A/duck/Yunlin/17A0686/2017_H5N2,-0.412673,0.245365,0.095832,0.015288,NS1
2248_A/duck/Yunlin/180600,A/duck/Yunlin/18060007-3/2018_H5N2,-0.398604,0.240735,0.10481,0.002653,NS1
2249_A/duck/Yunlin/18X000,A/duck/Yunlin/18X00007-3/2018_H5N2,-0.381001,0.07595,0.085591,-0.000256,NS1
2250_A/duck/Zhejiang/1026,A/duck/Zhejiang/1026109/2015_H5N2,-0.386933,0.186649,0.089901,-0.030243,NS1
2251_A/duck/Zhejiang/6DK1,A/duck/Zhejiang/6DK19/2013_H5N2,-0.377782,0.276318,0.016409,-0.032109,NS1
2252_A/duck/Zhejiang/7270,A/duck/Zhejiang/727041/2014_H5N2,-0.355251,0.299895,-0.024003,0.019568,NS1
2253_A/duck/Zhejiang/7713,A/duck/Zhejiang/77138/2014_H5N2,-0.223788,0.310065,0.016564,-0.130743,NS1
2254_A/goose/Changhua/150,A/goose/Changhua/15040008/2015_H5N2,-0.398957,0.22748,0.065479,0.007193,NS1
2255_A/goose/Chiayi/15010,A/goose/Chiayi/15010008-3/2015_H5N2,-0.405013,0.231627,0.071294,0.039303,NS1
2256_A/goose/Chiayi/15010,A/goose/Chiayi/15010016-1/2015_H5N2,-0.408417,0.23546,0.076035,0.023978,NS1
2257_A/goose/Chiayi/16010,A/goose/Chiayi/16010017-2/2016_H5N2,-0.413732,0.230699,0.0973,0.017935,NS1
2258_A/goose/Chiayi/16040,A/goose/Chiayi/16040003-1/2016_H5N2,-0.411571,0.217773,0.10463,0.034267,NS1
2259_A/goose/Chiayi/16040,A/goose/Chiayi/16040005/2016_H5N2,-0.411571,0.217773,0.10463,0.034267,NS1
2260_A/goose/Chiayi/17020,A/goose/Chiayi/17020027-1/2017_H5N2,-0.411149,0.253479,0.099175,0.015415,NS1
2261_A/goose/Chiayi/17040,A/goose/Chiayi/17040014/2017_H5N2,-0.337517,0.231186,0.026242,0.036399,NS1
2262_A/goose/Chiayi/18010,A/goose/Chiayi/18010006/2018_H5N2,-0.398154,0.23265,0.11977,0.003528,NS1
2263_A/goose/Chiayi/18020,A/goose/Chiayi/18020014-1/2018_H5N2,-0.388517,0.240989,0.12037,-0.001989,NS1
2264_A/goose/Chiayi/18020,A/goose/Chiayi/18020014-2/2018_H5N2,-0.388517,0.240989,0.12037,-0.001989,NS1
2265_A/goose/China/1106/2,A/goose/China/1106/2016_H5N2,-0.375789,0.221277,0.083611,-0.000329,NS1
2266_A/goose/Eastern_Chin,A/goose/Eastern_China/1112/2011_H5N2,-0.382071,0.277045,0.039842,-0.053376,NS1
2267_A/goose/Pingtung/150,A/goose/Pingtung/15010007-4/2015_H5N2,-0.408417,0.23546,0.076035,0.023978,NS1
2268_A/goose/Pingtung/150,A/goose/Pingtung/15010037-1/2015_H5N2,-0.408417,0.23546,0.076035,0.023978,NS1
2269_A/goose/Tainan/17030,A/goose/Tainan/17030022-1/2017_H5N2,-0.402736,0.268826,0.083259,0.016926,NS1
2270_A/goose/Tainan/17030,A/goose/Tainan/17030024-1/2017_H5N2,-0.392285,0.272623,0.071928,0.0096,NS1
2271_A/goose/Tainan/18010,A/goose/Tainan/18010022-1/2018_H5N2,-0.402914,0.240185,0.107663,0.019223,NS1
2272_A/goose/Tainan/18050,A/goose/Tainan/18050014-1/2018_H5N2,-0.417466,0.244661,0.102219,-0.000729,NS1
2273_A/goose/Taiwan/01022,A/goose/Taiwan/01022/2015_H5N2,-0.408417,0.23546,0.076035,0.023978,NS1
2274_A/goose/Taiwan/01023,A/goose/Taiwan/01023/2015_H5N2,-0.394309,0.218078,0.066071,0.017346,NS1
2275_A/goose/Taiwan/01031,A/goose/Taiwan/01031/2015_H5N2,-0.412276,0.232197,0.08587,0.016433,NS1
2276_A/goose/Taiwan/01040,A/goose/Taiwan/01040/2015_H5N2,-0.404161,0.229032,0.058553,0.025664,NS1
2277_A/goose/Taoyuan/1812,A/goose/Taoyuan/18120002-2/2018_H5N2,-0.409416,0.116133,0.046875,-0.050884,NS1
2278_A/goose/Yunlin/15010,A/goose/Yunlin/15010005/2015_H5N2,-0.409685,0.234687,0.073163,0.033754,NS1
2279_A/goose/Yunlin/15010,A/goose/Yunlin/15010009-1/2015_H5N2,-0.408807,0.234049,0.077797,0.031651,NS1
2280_A/goose/Yunlin/15010,A/goose/Yunlin/15010010-2/2015_H5N2,-0.409685,0.234687,0.073163,0.033754,NS1
2281_A/goose/Yunlin/15010,A/goose/Yunlin/15010011-1/2015_H5N2,-0.409685,0.234687,0.073163,0.033754,NS1
2282_A/goose/Yunlin/15010,A/goose/Yunlin/15010029-1/2015_H5N2,-0.409685,0.234687,0.073163,0.033754,NS1
2283_A/goose/Yunlin/16020,A/goose/Yunlin/16020008-4/2016_H5N2,-0.407366,0.215049,0.086796,0.033698,NS1
2284_A/goose/Yunlin/16020,A/goose/Yunlin/16020011-1/2016_H5N2,-0.402192,0.208438,0.094746,0.027354,NS1
2285_A/goose/Yunlin/16040,A/goose/Yunlin/16040002-2/2016_H5N2,-0.407366,0.215049,0.086796,0.033698,NS1
2286_A/goose/Yunlin/17100,A/goose/Yunlin/17100005/2017_H5N2,-0.393008,0.238442,0.068782,0.009551,NS1
2287_A/goose/Yunlin/18030,A/goose/Yunlin/18030020-2/2018_H5N2,-0.405878,0.261631,0.072221,0.025111,NS1
2288_A/goose/Yunlin/18030,A/goose/Yunlin/18030020-3/2018_H5N2,-0.400369,0.267268,0.084171,0.02059,NS1
2289_A/goose/Yunlin/18040,A/goose/Yunlin/18040002-3/2018_H5N2,-0.428973,0.208606,0.119881,-0.006544,NS1
2290_A/goose/Yunlin/18040,A/goose/Yunlin/18040018-2/2018_H5N2,-0.416686,0.253402,0.093273,-0.003628,NS1
2291_A/goose/Yunlin/18090,A/goose/Yunlin/18090002-3/2018_H5N2,-0.412881,0.243543,0.10057,0.005737,NS1
2292_A/goose/Yunlin/18090,A/goose/Yunlin/18090006-1/2018_H5N2,-0.395358,0.268229,0.062389,-0.001945,NS1
2293_A/goose/Yunlin/18110,A/goose/Yunlin/18110002-3/2018_H5N2,-0.402387,0.11692,0.048024,-0.051896,NS1
2294_A/goose/Zhejiang/771,A/goose/Zhejiang/77166/2014_H5N2,-0.221204,0.31008,0.032426,-0.154067,NS1
2295_A/goose/Zhejiang/771,A/goose/Zhejiang/77167/2014_H5N2,-0.221204,0.31008,0.032426,-0.154067,NS1
2296_A/goose/Zhejiang/771,A/goose/Zhejiang/77168/2014_H5N2,-0.214874,0.303505,0.019036,-0.136806,NS1
2297_A/green-winged_teal/,A/green-winged_teal/Xianghai/430/2011_H5N2,-0.364779,0.184734,0.057421,0.007741,NS1
2298_A/heron/Yilan/17DB00,A/heron/Yilan/17DB0001/2017_H5N2,-0.367503,0.288263,0.048895,0.039064,NS1
2299_A/little_grebe/Xiang,A/little_grebe/Xianghai/429/2011_H5N2,-0.364626,0.10804,0.076914,-0.025216,NS1
2300_A/night_heron/Taiwan,A/night_heron/Taiwan/A289/2015_H5N2,-0.397317,0.249883,0.087403,0.024813,NS1
2301_A/parrot/Guangdong/2,A/parrot/Guangdong/258/2004_H5N2,-0.0616,-0.07233,-0.111904,0.043728,NS1
2302_A/spot-billed_duck/X,A/spot-billed_duck/Xianghai/427/2011_H5N2,-0.404429,0.242907,0.053835,0.010558,NS1
2303_A/thrush/Taipei_City,A/thrush/Taipei_City/15120021/2015_H5N2,-0.380258,0.241484,0.072899,0.037302,NS1
2304_A/thrush/Taiwan/A234,A/thrush/Taiwan/A234/2015_H5N2,-0.412476,0.240036,0.080426,0.028477,NS1
2305_A/turkey/Changhua/16,A/turkey/Changhua/16010011-1/2016_H5N2,-0.401547,0.208712,0.093138,0.028667,NS1
2306_A/turkey/Chiayi/1801,A/turkey/Chiayi/18010013-3/2018_H5N2,-0.405285,0.240694,0.109678,0.021447,NS1
2307_A/turkey/Yunlin/1506,A/turkey/Yunlin/15060049-1/2015_H5N2,-0.409048,0.232106,0.06957,0.03725,NS1
2308_A/turkey/Yunlin/1802,A/turkey/Yunlin/18020020-2/2018_H5N2,-0.396817,0.216611,0.109383,0.012453,NS1
2309_A/turkey/Yunlin/1811,A/turkey/Yunlin/18110001-3/2018_H5N2,-0.405387,0.222332,0.091633,0.024882,NS1
2310_A/turkey/Yunlin/1812,A/turkey/Yunlin/18120005-2/2018_H5N2,-0.396623,0.111018,0.032778,-0.060337,NS1
2311_A/chicken/Beijing/BJ,A/chicken/Beijing/BJ7/2014,0.112633,0.05355,-0.122548,0.091323,PA
2312_A/chicken/CH/a556/20,A/chicken/CH/a556/2015,0.120615,0.11125,-0.058803,0.045881,PA
2313_A/chicken/Changhua/1,A/chicken/Changhua/15010120-1/2015,0.165855,0.111952,-0.149159,0.171701,PA
2314_A/chicken/Changhua/1,A/chicken/Changhua/15010288/2015,0.165073,0.112246,-0.14491,0.168112,PA
2315_A/chicken/Changhua/1,A/chicken/Changhua/15010324-2/2015,0.164658,0.108668,-0.148828,0.173807,PA
2316_A/chicken/Changhua/1,A/chicken/Changhua/15010361-1/2015,0.158725,0.108781,-0.142812,0.177252,PA
2317_A/chicken/Changhua/1,A/chicken/Changhua/15010362-2/2015,0.167462,0.110405,-0.150599,0.177251,PA
2318_A/chicken/Changhua/1,A/chicken/Changhua/15010363-2/2015,0.1647,0.110167,-0.14789,0.172749,PA
2319_A/chicken/Changhua/1,A/chicken/Changhua/15050013-1/2015,0.157937,0.110792,-0.150974,0.16408,PA
2320_A/chicken/Changhua/1,A/chicken/Changhua/15060027-2/2015,0.158704,0.103727,-0.149271,0.168703,PA
2321_A/chicken/Changhua/1,A/chicken/Changhua/15060037-1/2015,0.166773,0.108379,-0.158432,0.174119,PA
2322_A/chicken/Changhua/1,A/chicken/Changhua/15120008/2015,0.169479,0.106195,-0.134856,0.186539,PA
2323_A/chicken/Changhua/1,A/chicken/Changhua/16010060-2/2016,0.168613,0.11088,-0.163197,0.183869,PA
2324_A/chicken/Changhua/1,A/chicken/Changhua/17060006/2017,0.148786,0.090359,-0.166242,0.170703,PA
2325_A/chicken/Changhua/1,A/chicken/Changhua/18040008-1/2018,0.16626,0.137556,-0.168227,0.18377,PA
2326_A/chicken/Chiayi/150,A/chicken/Chiayi/15010287-2/2015,0.15573,0.116614,-0.150465,0.176277,PA
2327_A/chicken/Chiayi/150,A/chicken/Chiayi/15010409-2/2015,0.159405,0.107041,-0.144875,0.166654,PA
2328_A/chicken/Chiayi/170,A/chicken/Chiayi/17040009-2/2017,0.164221,0.109783,-0.16171,0.171978,PA
2329_A/chicken/Chiayi/181,A/chicken/Chiayi/18120003-1/2018,0.145652,0.057258,-0.103681,0.169724,PA
2330_A/chicken/Chiping/03,A/chicken/Chiping/0321/2014,0.114324,0.037493,-0.097724,0.122748,PA
2331_A/chicken/GY/a451/20,A/chicken/GY/a451/2015,0.121554,0.110358,-0.064387,0.03859,PA
2332_A/chicken/Hebei/3/20,A/chicken/Hebei/3/2013,0.112633,0.05355,-0.122548,0.091323,PA
2333_A/chicken/Heilongjia,A/chicken/Heilongjiang/S7/2014,0.163571,0.09862,-0.076362,0.11464,PA
2334_A/chicken/Henan/Q7/2,A/chicken/Henan/Q7/2013,0.122011,0.045903,-0.11638,0.117424,PA
2335_A/chicken/Hsinchu/16,A/chicken/Hsinchu/16080004-2/2016,0.169797,0.111803,-0.163632,0.188529,PA
2336_A/chicken/Jiangsu/10,A/chicken/Jiangsu/1001/2013,0.102929,0.024769,-0.116759,0.104949,PA
2337_A/chicken/Jiangsu/XZ,A/chicken/Jiangsu/XZ216/2014,0.111306,0.03879,-0.119495,0.108209,PA
2338_A/chicken/Kaohsiung/,A/chicken/Kaohsiung/17040007/2017,0.162787,0.106723,-0.16055,0.177477,PA
2339_A/chicken/Kaohsiung/,A/chicken/Kaohsiung/17100002/2017,0.157707,0.128406,-0.152954,0.167899,PA
2340_A/chicken/Kaohsiung/,A/chicken/Kaohsiung/18080004-1/2018,0.147139,0.079776,-0.114032,0.138292,PA
2341_A/chicken/Kaohsiung/,A/chicken/Kaohsiung/18080004-2/2018,0.148445,0.076733,-0.115973,0.135541,PA
2342_A/chicken/New_Taipei,A/chicken/New_Taipei_City/17040002-2/2017,0.161293,0.103714,-0.158564,0.172845,PA
2343_A/chicken/New_Taipei,A/chicken/New_Taipei_City/18010021-3/2018,0.165008,0.103284,-0.15609,0.169571,PA
2344_A/chicken/PH/A2821/2,A/chicken/PH/A2821/2013,0.089636,0.134614,-0.02949,0.033173,PA
2345_A/chicken/Pingtung/1,A/chicken/Pingtung/15050006-1/2015,0.161488,0.109897,-0.148524,0.163958,PA
2346_A/chicken/Pingtung/1,A/chicken/Pingtung/16020009-3/2016,0.166314,0.104076,-0.14333,0.165014,PA
2347_A/chicken/Pingtung/1,A/chicken/Pingtung/18010017-1/2018,0.164807,0.105261,-0.167159,0.178792,PA
2348_A/chicken/Pingtung/1,A/chicken/Pingtung/18020015-1/2018,0.162933,0.115837,-0.158782,0.165335,PA
2349_A/chicken/PT/a158/20,A/chicken/PT/a158/2015,0.112941,0.113106,-0.048188,0.034283,PA
2350_A/chicken/Qingdao/1/,A/chicken/Qingdao/1/2014,0.116163,0.036583,-0.129461,0.120015,PA
2351_A/chicken/SC/a688/20,A/chicken/SC/a688/2015,0.122085,0.126647,-0.044498,0.039821,PA
2352_A/chicken/Shandong/S,A/chicken/Shandong/S3/2014,0.118887,0.038038,-0.129417,0.117255,PA
2353_A/chicken/Shijiazhua,A/chicken/Shijiazhuang/1209/2013,0.098198,0.036815,-0.145795,0.105429,PA
2354_A/chicken/Taichung/1,A/chicken/Taichung/15010399/2015,0.164154,0.108654,-0.147829,0.173989,PA
2355_A/chicken/Taichung/1,A/chicken/Taichung/16040032-3/2016,0.16722,0.111249,-0.14095,0.170152,PA
2356_A/chicken/Taichung/1,A/chicken/Taichung/16050044-2/2016,0.16754,0.11516,-0.145307,0.179752,PA
2357_A/chicken/Tainan/160,A/chicken/Tainan/16040035-1/2016,0.15981,0.0971,-0.146265,0.168194,PA
2358_A/chicken/Taipei_Cit,A/chicken/Taipei_City/18010007-3/2018,0.154723,0.10141,-0.156171,0.174026,PA
2359_A/chicken/Taipei_Cit,A/chicken/Taipei_City/18010008-3/2018,0.163071,0.134326,-0.153189,0.159538,PA
2360_A/chicken/Taiwan/010,A/chicken/Taiwan/0101/2012,0.128195,0.099707,-0.049933,0.073582,PA
2361_A/chicken/Taiwan/050,A/chicken/Taiwan/0502/2012,0.128847,0.124633,-0.042655,0.054507,PA
2362_A/chicken/Taiwan/683,A/chicken/Taiwan/683/2012,0.111424,0.127148,-0.032667,0.024083,PA
2363_A/chicken/Taiwan/168,A/chicken/Taiwan/1682/2013,0.174722,0.055204,-0.070702,0.059318,PA
2364_A/chicken/Taiwan/169,A/chicken/Taiwan/1692/2013,0.175718,0.054399,-0.080619,0.066175,PA
2365_A/chicken/Taiwan/170,A/chicken/Taiwan/1704/2013,0.174012,0.051639,-0.079991,0.063329,PA
2366_A/chicken/Taiwan/171,A/chicken/Taiwan/1711/2013,0.175718,0.054399,-0.080619,0.066175,PA
2367_A/chicken/Taiwan/259,A/chicken/Taiwan/2593/2012,0.120566,0.130368,-0.036004,0.04178,PA
2368_A/chicken/Taiwan/294,A/chicken/Taiwan/2948/2013,0.120988,0.115547,-0.03299,0.043296,PA
2369_A/chicken/Taiwan/444,A/chicken/Taiwan/4443/2013,0.118464,0.131757,-0.045338,0.043687,PA
2370_A/chicken/Taiwan/735,A/chicken/Taiwan/7350/2013,0.115435,0.130175,-0.042156,0.041226,PA
2371_A/chicken/Taiwan/898,A/chicken/Taiwan/8988/2013,0.124032,0.13054,-0.042455,0.028651,PA
2372_A/chicken/Taiwan/899,A/chicken/Taiwan/8994/2013,0.124032,0.13054,-0.042455,0.028651,PA
2373_A/chicken/Taiwan/899,A/chicken/Taiwan/8996/2013,0.124032,0.13054,-0.042455,0.028651,PA
2374_A/chicken/Taiwan/A1/,A/chicken/Taiwan/A1/2019,0.114505,0.082025,-0.008949,0.037518,PA
2375_A/chicken/Taiwan/A19,A/chicken/Taiwan/A1997/2012,0.128884,0.049292,-0.080086,0.057255,PA
2376_A/chicken/Taiwan/D2/,A/chicken/Taiwan/D2/2019,0.15039,0.08001,-0.117281,0.146353,PA
2377_A/chicken/Taiwan/D9/,A/chicken/Taiwan/D9/2019,0.150825,0.0819,-0.117784,0.146103,PA
2378_A/chicken/Taiwan/u7/,A/chicken/Taiwan/u7/2016,0.158809,0.098044,-0.163682,0.17567,PA
2379_A/chicken/TC/a504/20,A/chicken/TC/a504/2015,0.117282,0.108681,-0.053326,0.043513,PA
2380_A/chicken/TY/a665/20,A/chicken/TY/a665/2015,0.120123,0.121432,-0.048715,0.047041,PA
2381_A/chicken/YL/A3190/2,A/chicken/YL/A3190/2014,0.115631,0.130789,-0.072694,0.040449,PA
2382_A/chicken/Yunlin/150,A/chicken/Yunlin/15020048-1/2015,0.165924,0.111711,-0.146965,0.173957,PA
2383_A/chicken/Yunlin/150,A/chicken/Yunlin/15040002-2/2015,0.178375,0.114586,-0.153516,0.174413,PA
2384_A/chicken/Yunlin/150,A/chicken/Yunlin/15040027/2015,0.158297,0.118299,-0.153273,0.16729,PA
2385_A/chicken/Yunlin/150,A/chicken/Yunlin/15050037-2/2015,0.161551,0.118217,-0.144472,0.17873,PA
2386_A/chicken/Yunlin/150,A/chicken/Yunlin/15050039-2/2015,0.149868,0.119507,-0.150161,0.168451,PA
2387_A/chicken/Yunlin/150,A/chicken/Yunlin/15060014-1/2015,0.161045,0.114836,-0.153075,0.169833,PA
2388_A/chicken/Yunlin/150,A/chicken/Yunlin/15080024/2015,0.16574,0.11079,-0.14453,0.176203,PA
2389_A/chicken/Yunlin/160,A/chicken/Yunlin/16010001-1/2016,0.167137,0.119239,-0.163648,0.173427,PA
2390_A/chicken/Yunlin/160,A/chicken/Yunlin/16010008-1/2016,0.161452,0.106678,-0.146703,0.181571,PA
2391_A/chicken/Yunlin/160,A/chicken/Yunlin/16050053/2016,0.165991,0.107876,-0.14061,0.172315,PA
2392_A/chicken/Yunlin/170,A/chicken/Yunlin/17010014/2017,0.153728,0.110526,-0.161371,0.176387,PA
2393_A/chicken/Yunlin/170,A/chicken/Yunlin/17020094-1/2017,0.162739,0.106675,-0.156801,0.163877,PA
2394_A/chicken/Yunlin/170,A/chicken/Yunlin/17020095-2/2017,0.166382,0.107831,-0.155253,0.185829,PA
2395_A/chicken/Yunlin/170,A/chicken/Yunlin/17030001-1/2017,0.172176,0.103176,-0.175406,0.184652,PA
2396_A/chicken/Yunlin/170,A/chicken/Yunlin/17030007-1/2017,0.16372,0.091974,-0.156951,0.165059,PA
2397_A/chicken/Yunlin/170,A/chicken/Yunlin/17030010-1/2017,0.161293,0.103714,-0.158564,0.172845,PA
2398_A/chicken/Yunlin/170,A/chicken/Yunlin/17030014-1/2017,0.17023,0.105644,-0.17942,0.184618,PA
2399_A/chicken/Yunlin/170,A/chicken/Yunlin/17030020-2/2017,0.1667,0.106115,-0.145331,0.17823,PA
2400_A/chicken/Yunlin/170,A/chicken/Yunlin/17030021-1/2017,0.172354,0.107175,-0.181804,0.191409,PA
2401_A/chicken/Yunlin/170,A/chicken/Yunlin/17030032-2/2017,0.163739,0.114501,-0.152957,0.180108,PA
2402_A/chicken/Yunlin/170,A/chicken/Yunlin/17030065-2/2017,0.165519,0.099207,-0.169579,0.173663,PA
2403_A/chicken/Yunlin/170,A/chicken/Yunlin/17040003-1/2017,0.142018,0.087853,-0.161757,0.174511,PA
2404_A/chicken/Yunlin/170,A/chicken/Yunlin/17040004-2/2017,0.164411,0.100369,-0.176381,0.18396,PA
2405_A/chicken/Yunlin/170,A/chicken/Yunlin/17040011-1/2017,0.167357,0.09801,-0.167416,0.183624,PA
2406_A/chicken/Yunlin/170,A/chicken/Yunlin/17060019/2017,0.157804,0.110462,-0.151746,0.17667,PA
2407_A/chicken/Yunlin/170,A/chicken/Yunlin/17070010/2017,0.157872,0.103433,-0.151363,0.168576,PA
2408_A/chicken/Yunlin/180,A/chicken/Yunlin/18010001-2/2018,0.168574,0.109636,-0.156164,0.186841,PA
2409_A/chicken/Yunlin/180,A/chicken/Yunlin/18010003-3/2018,0.171544,0.104489,-0.158918,0.18652,PA
2410_A/chicken/Yunlin/180,A/chicken/Yunlin/18010023-1/2018,0.157848,0.116035,-0.15755,0.16375,PA
2411_A/chicken/Yunlin/180,A/chicken/Yunlin/18020003-2/2018,0.147613,0.125781,-0.163069,0.170385,PA
2412_A/chicken/Yunlin/180,A/chicken/Yunlin/18020004-1/2018,0.147035,0.124179,-0.162999,0.171683,PA
2413_A/chicken/Yunlin/180,A/chicken/Yunlin/18020005-2/2018,0.148809,0.129065,-0.163401,0.168279,PA
2414_A/chicken/Yunlin/180,A/chicken/Yunlin/18020008-2/2018,0.154132,0.128707,-0.154151,0.166924,PA
2415_A/chicken/Yunlin/180,A/chicken/Yunlin/18030002-1/2018,0.146661,0.126144,-0.162743,0.16954,PA
2416_A/chicken/Yunlin/180,A/chicken/Yunlin/18050013-1/2018,0.147984,0.123437,-0.157512,0.164768,PA
2417_A/chicken/Yunlin/180,A/chicken/Yunlin/18060001-2/2018,0.145203,0.128673,-0.156393,0.161419,PA
2418_A/chicken/Yunlin/180,A/chicken/Yunlin/18080006-1/2018,0.175645,0.11204,-0.155071,0.185127,PA
2419_A/chicken/Zhejiang/1,A/chicken/Zhejiang/194/2016,0.117476,0.057967,-0.05808,0.106756,PA
2420_A/chicken/Zhejiang/2,A/chicken/Zhejiang/209/2016,0.147314,0.064169,-0.058988,0.100054,PA
2421_A/chicken/Zhejiang/2,A/chicken/Zhejiang/217/2016,0.117476,0.057967,-0.05808,0.106756,PA
2422_A/chicken/Zhejiang/2,A/chicken/Zhejiang/232/2016,0.146209,0.0608,-0.060036,0.087684,PA
2423_A/chicken/Zhejiang/7,A/chicken/Zhejiang/7450/2015,0.18437,0.076306,-0.073398,0.101527,PA
2424_A/chicken/Zhejiang/8,A/chicken/Zhejiang/81643/2015,0.199397,0.076954,-0.069444,0.096545,PA
2425_A/chicken/Zhejiang/5,A/chicken/Zhejiang/514135/2015,0.108798,0.079162,-0.167712,0.122336,PA
2426_A/chicken/Zhejiang/7,A/chicken/Zhejiang/727079/2014,0.089162,0.036688,-0.162496,0.075553,PA
2427_A/chicken/Zhejiang/7,A/chicken/Zhejiang/727159/2014,0.132595,0.092502,-0.094674,0.134706,PA
2428_A/duck/Changhua/15A0,A/duck/Changhua/15A03431-1-20T/2015,0.166113,0.106663,-0.148135,0.172629,PA
2429_A/duck/Changhua/15A0,A/duck/Changhua/15A03473-1-20T/2015,0.170128,0.093719,-0.128603,0.176726,PA
2430_A/duck/China/YD1516/,A/duck/China/YD1516/2016,0.188565,0.071449,-0.05451,0.091838,PA
2431_A/duck/Eastern_China,A/duck/Eastern_China/L0230/2010,0.125192,0.0526,-0.044332,0.087815,PA
2432_A/duck/Eastern_China,A/duck/Eastern_China/L0321/2010,0.162913,0.030535,-0.049035,0.070112,PA
2433_A/duck/Eastern_China,A/duck/Eastern_China/S0131/2014,0.194127,0.076351,-0.067493,0.087351,PA
2434_A/duck/Eastern_China,A/duck/Eastern_China/S0808/2014,0.134994,0.052463,-0.0327,0.083622,PA
2435_A/duck/Hebei/3/2011|,A/duck/Hebei/3/2011,0.132098,0.056349,-0.03635,0.094485,PA
2436_A/duck/Hsinchu/15020,A/duck/Hsinchu/15020216/2015,0.1585,0.115862,-0.145175,0.171114,PA
2437_A/duck/Hubei/03.06__,A/duck/Hubei/03.06__WHWTZ0107-O/2015(Mixed),0.147289,0.101911,-0.103933,0.13618,PA
2438_A/duck/Hubei/SZY250/,A/duck/Hubei/SZY250/2016,0.210191,0.060264,-0.062548,0.10934,PA
2439_A/duck/Hunan/S4101/2,A/duck/Hunan/S4101/2011,0.157506,0.058144,-0.120134,0.108249,PA
2440_A/duck/Hunan/S4120/2,A/duck/Hunan/S4120/2011,0.161097,0.05556,-0.120983,0.11058,PA
2441_A/duck/Jiangsu/m234/,A/duck/Jiangsu/m234/2012,0.12221,0.062414,-0.023643,0.084231,PA
2442_A/duck/Kaohsiung/150,A/duck/Kaohsiung/15010213/2015,0.168183,0.108923,-0.147988,0.179403,PA
2443_A/duck/Nantou/15A343,A/duck/Nantou/15A3437/2015,0.170128,0.093719,-0.128603,0.176726,PA
2444_A/duck/Nantou/17A024,A/duck/Nantou/17A0243/2017,0.163943,0.108508,-0.161819,0.17643,PA
2445_A/duck/Pingtung/17A0,A/duck/Pingtung/17A0160/2017,0.170418,0.114179,-0.154222,0.173866,PA
2446_A/duck/Pingtung/18A0,A/duck/Pingtung/18A00003-11-20T/2018,0.165451,0.116462,-0.175446,0.19151,PA
2447_A/duck/Pingtung/18A0,A/duck/Pingtung/18A00076-11-20T/2018,0.176071,0.086873,-0.159249,0.147865,PA
2448_A/duck/Pingtung/18X0,A/duck/Pingtung/18X00077/2018,0.14795,0.075946,-0.109122,0.138497,PA
2449_A/duck/Pingtung/1501,A/duck/Pingtung/15010444/2015,0.164214,0.105322,-0.152881,0.176904,PA
2450_A/duck/Taichung/1501,A/duck/Taichung/15010400-1/2015,0.160215,0.107813,-0.142495,0.16791,PA
2451_A/duck/Tainan/160100,A/duck/Tainan/16010024-1/2016,0.168237,0.104125,-0.139072,0.183488,PA
2452_A/duck/Taipei/05WB83,A/duck/Taipei/05WB830-1-5-E2/2005,0.168365,0.135297,-0.145085,0.148997,PA
2453_A/duck/Taiwan/01006/,A/duck/Taiwan/01006/2015,0.159692,0.100724,-0.150631,0.177263,PA
2454_A/duck/Taiwan/11213/,A/duck/Taiwan/11213/2013,0.108587,0.039823,-0.136355,0.125311,PA
2455_A/duck/Taiwan/11254/,A/duck/Taiwan/11254/2013,0.10869,0.033403,-0.138761,0.125475,PA
2456_A/duck/Taiwan/a043/2,A/duck/Taiwan/a043/2015,0.167775,0.104953,-0.142083,0.170802,PA
2457_A/duck/Taiwan/DV1238,A/duck/Taiwan/DV1238/2009,0.155611,0.103371,-0.106935,0.162149,PA
2458_A/duck/Taiwan/DV1241,A/duck/Taiwan/DV1241/2009,0.155611,0.103371,-0.106935,0.162149,PA
2459_A/duck/Taiwan/DV1242,A/duck/Taiwan/DV1242/2009,0.155611,0.103371,-0.106935,0.162149,PA
2460_A/duck/Taoyuan/16010,A/duck/Taoyuan/16010023-1/2016,0.169483,0.118124,-0.142902,0.173491,PA
2461_A/duck/Yilan/17A0092,A/duck/Yilan/17A0092/2017,0.163423,0.105181,-0.159884,0.173717,PA
2462_A/duck/Yunlin/15A501,A/duck/Yunlin/15A5019/2015,0.161377,0.094883,-0.135395,0.159759,PA
2463_A/duck/Yunlin/17A008,A/duck/Yunlin/17A0086/2017,0.16261,0.106171,-0.157919,0.173766,PA
2464_A/duck/Yunlin/17A068,A/duck/Yunlin/17A0686/2017,0.156652,0.126827,-0.155026,0.172377,PA
2465_A/duck/Yunlin/18X000,A/duck/Yunlin/18X00007-3/2018,0.156278,0.077325,-0.074935,0.166493,PA
2466_A/duck/Yunlin/150102,A/duck/Yunlin/15010244-1/2015,0.161732,0.106854,-0.144926,0.170256,PA
2467_A/duck/Yunlin/150103,A/duck/Yunlin/15010310-4/2015,0.163973,0.111675,-0.148852,0.175988,PA
2468_A/duck/Yunlin/150103,A/duck/Yunlin/15010318-2/2015,0.165571,0.107655,-0.150266,0.172751,PA
2469_A/duck/Yunlin/150103,A/duck/Yunlin/15010369-1/2015,0.1647,0.110167,-0.14789,0.172749,PA
2470_A/duck/Yunlin/150700,A/duck/Yunlin/15070002-2/2015,0.167223,0.11361,-0.136525,0.175676,PA
2471_A/duck/Yunlin/171100,A/duck/Yunlin/17110001/2017,0.167943,0.112834,-0.150851,0.174758,PA
2472_A/duck/Yunlin/180600,A/duck/Yunlin/18060007-3/2018,0.177308,0.108293,-0.154855,0.185931,PA
2473_A/duck/Zhejiang/7713,A/duck/Zhejiang/77138/2014,0.16462,0.097628,-0.06243,0.139107,PA
2474_A/duck/Zhejiang/7270,A/duck/Zhejiang/727041/2014,0.134314,0.067224,-0.076131,0.114677,PA
2475_A/duck/Zhejiang/1026,A/duck/Zhejiang/1026109/2015,0.187539,0.073127,-0.077685,0.094927,PA
2476_A/Environment/Shando,A/Environment/Shandong/WS15/2022,0.165873,0.056395,-0.133513,0.180479,PA
2477_A/Environment/Shando,A/Environment/Shandong/WS16/2022,0.162603,0.052226,-0.130086,0.182743,PA
2478_A/Environment/Shando,A/Environment/Shandong/WS19/2022,0.170881,0.052844,-0.132306,0.179955,PA
2479_A/goose/Changhua/150,A/goose/Changhua/15040008/2015,0.159325,0.10533,-0.142476,0.170188,PA
2480_A/goose/Chiayi/15010,A/goose/Chiayi/15010008-3/2015,0.167105,0.105155,-0.153692,0.168749,PA
2481_A/goose/Chiayi/15010,A/goose/Chiayi/15010016-1/2015,0.162399,0.09713,-0.151342,0.170488,PA
2482_A/goose/Chiayi/16010,A/goose/Chiayi/16010017-2/2016,0.169122,0.103585,-0.139581,0.181647,PA
2483_A/goose/Chiayi/16040,A/goose/Chiayi/16040003-1/2016,0.169252,0.114906,-0.135185,0.158818,PA
2484_A/goose/Chiayi/16040,A/goose/Chiayi/16040005/2016,0.169252,0.114906,-0.135185,0.158818,PA
2485_A/goose/Chiayi/17020,A/goose/Chiayi/17020027-1/2017,0.15617,0.11044,-0.161391,0.169385,PA
2486_A/goose/Chiayi/17040,A/goose/Chiayi/17040014/2017,0.143884,0.110611,-0.13201,0.15967,PA
2487_A/goose/Chiayi/18010,A/goose/Chiayi/18010006/2018,0.167985,0.104922,-0.159991,0.189553,PA
2488_A/goose/Chiayi/18020,A/goose/Chiayi/18020014-2/2018,0.170857,0.115588,-0.146454,0.178891,PA
2489_A/goose/China/1106/2,A/goose/China/1106/2016,0.184512,0.071448,-0.050879,0.094982,PA
2490_A/goose/Pingtung/150,A/goose/Pingtung/15010007-4/2015,0.164375,0.105996,-0.147563,0.175299,PA
2491_A/goose/Pingtung/150,A/goose/Pingtung/15010037-1/2015,0.164334,0.104497,-0.148501,0.176358,PA
2492_A/goose/Shandong/01.,A/goose/Shandong/01.01_JY-GS/2015(H5N2),0.193241,0.071149,-0.061482,0.095389,PA
2493_A/goose/Shandong/01.,A/goose/Shandong/01.07_JQ-GS/2015(H5N2),0.198449,0.074463,-0.067671,0.094778,PA
2494_A/goose/Shandong/04.,A/goose/Shandong/04.22_GT/2015(H5N2),0.19529,0.074811,-0.062437,0.098352,PA
2495_A/goose/Tainan/17030,A/goose/Tainan/17030022-1/2017,0.155494,0.10016,-0.159769,0.175273,PA
2496_A/goose/Tainan/17030,A/goose/Tainan/17030024-1/2017,0.156078,0.106138,-0.147182,0.172065,PA
2497_A/goose/Tainan/18010,A/goose/Tainan/18010022-1/2018,0.156123,0.110186,-0.153772,0.176928,PA
2498_A/goose/Tainan/18050,A/goose/Tainan/18050014-1/2018,0.159797,0.122492,-0.170103,0.179302,PA
2499_A/goose/Taiwan/01022,A/goose/Taiwan/01022/2015,0.160519,0.108433,-0.152491,0.174569,PA
2500_A/goose/Taiwan/01023,A/goose/Taiwan/01023/2015,0.164446,0.099422,-0.150754,0.170477,PA
2501_A/goose/Taiwan/01031,A/goose/Taiwan/01031/2015,0.161912,0.104714,-0.144541,0.171913,PA
2502_A/goose/Taiwan/01040,A/goose/Taiwan/01040/2015,0.167774,0.106282,-0.152271,0.174962,PA
2503_A/goose/Taoyuan/1812,A/goose/Taoyuan/18120002-2/2018,0.151501,0.063615,-0.104576,0.169434,PA
2504_A/goose/Yunlin/15010,A/goose/Yunlin/15010005/2015,0.165002,0.109569,-0.149154,0.173924,PA
2505_A/goose/Yunlin/15010,A/goose/Yunlin/15010009-1/2015,0.164658,0.108668,-0.148828,0.173807,PA
2506_A/goose/Yunlin/15010,A/goose/Yunlin/15010010-2/2015,0.164658,0.108668,-0.148828,0.173807,PA
2507_A/goose/Yunlin/15010,A/goose/Yunlin/15010011-1/2015,0.164658,0.108668,-0.148828,0.173807,PA
2508_A/goose/Yunlin/16020,A/goose/Yunlin/16020008-4/2016,0.169004,0.113719,-0.143403,0.177809,PA
2509_A/goose/Yunlin/16020,A/goose/Yunlin/16020011-1/2016,0.169984,0.111921,-0.1401,0.165698,PA
2510_A/goose/Yunlin/16040,A/goose/Yunlin/16040002-2/2016,0.16016,0.114977,-0.136622,0.175041,PA
2511_A/goose/Yunlin/17100,A/goose/Yunlin/17100005/2017,0.15335,0.115245,-0.15303,0.176161,PA
2512_A/goose/Yunlin/18030,A/goose/Yunlin/18030020-2/2018,0.168785,0.09803,-0.163521,0.16896,PA
2513_A/goose/Yunlin/18030,A/goose/Yunlin/18030020-3/2018,0.168785,0.09803,-0.163521,0.16896,PA
2514_A/goose/Yunlin/18040,A/goose/Yunlin/18040002-3/2018,0.171426,0.113924,-0.156571,0.171658,PA
2515_A/goose/Yunlin/18040,A/goose/Yunlin/18040018-2/2018,0.163866,0.133676,-0.165982,0.184386,PA
2516_A/goose/Yunlin/18090,A/goose/Yunlin/18090002-3/2018,0.151997,0.131854,-0.153467,0.176562,PA
2517_A/goose/Yunlin/18090,A/goose/Yunlin/18090006-1/2018,0.152376,0.066071,-0.122247,0.14454,PA
2518_A/goose/Yunlin/18110,A/goose/Yunlin/18110002-3/2018,0.153179,0.060986,-0.100187,0.170364,PA
2519_A/goose/Zhejiang/771,A/goose/Zhejiang/77166/2014,0.164762,0.096743,-0.062496,0.136896,PA
2520_A/goose/Zhejiang/771,A/goose/Zhejiang/77167/2014,0.163589,0.106543,-0.063464,0.140288,PA
2521_A/goose/Zhejiang/771,A/goose/Zhejiang/77168/2014,0.163589,0.106543,-0.063464,0.140288,PA
2522_A/heron/Taiwan/17DB0,A/heron/Taiwan/17DB0001/2017,0.157543,0.10659,-0.163936,0.181997,PA
2523_A/parrot/Guangdong/2,A/parrot/Guangdong/258/2004,0.091369,0.078981,-0.091459,0.088816,PA
2524_A/Pigeon/Shandong/WS,A/Pigeon/Shandong/WS17/2022,0.166498,0.054605,-0.132195,0.182917,PA
2525_A/Taiwan/DV413/2006|,A/Taiwan/DV413/2006,0.180736,0.073734,-0.105213,0.159754,PA
2526_A/Taiwan/DV518/2006|,A/Taiwan/DV518/2006,0.18592,0.073027,-0.096551,0.161607,PA
2527_A/thrush/Taiwan/1512,A/thrush/Taiwan/15120021/2015,0.157542,0.110363,-0.14358,0.179592,PA
2528_A/turkey/Changhua/16,A/turkey/Changhua/16010011-1/2016,0.171172,0.113822,-0.141361,0.164574,PA
2529_A/turkey/Chiayi/1801,A/turkey/Chiayi/18010013-3/2018,0.151797,0.111401,-0.149785,0.178683,PA
2530_A/turkey/Yunlin/1506,A/turkey/Yunlin/15060049-1/2015,0.148973,0.09961,-0.150921,0.165637,PA
2531_A/turkey/Yunlin/1802,A/turkey/Yunlin/18020020-2/2018,0.159843,0.109986,-0.15304,0.174802,PA
2532_A/turkey/Yunlin/1811,A/turkey/Yunlin/18110001-3/2018,0.166802,0.126677,-0.156792,0.186837,PA
2533_A/turkey/Yunlin/1812,A/turkey/Yunlin/18120005-2/2018,0.151146,0.057006,-0.104445,0.173283,PA
2534_A/whooper_swan/Henan,A/whooper_swan/Henan/T578/2019,0.178365,0.084935,-0.162101,0.152724,PA
2535_A/whooper_swan/Henan,A/whooper_swan/Henan/T874/2018,0.178365,0.084935,-0.162101,0.152724,PA
2536_A/whooper_swan/Henan,A/whooper_swan/Henan/T880/2018,0.178365,0.084935,-0.162101,0.152724,PA
2537_A/whooper_swan/Henan,A/whooper_swan/Henan/T886/2018,0.178365,0.084935,-0.162101,0.152724,PA
2538_A/whooper_swan/Henan,A/whooper_swan/Henan/T888/2018,0.178365,0.084935,-0.162101,0.152724,PA
2539_A/whooper_swan/Henan,A/whooper_swan/Henan/Y120/2018,0.182136,0.084804,-0.168123,0.156301,PA
2540_A/whooper_swan/Shanx,A/whooper_swan/Shanxi/SX116/2020,0.150987,0.048357,-0.104096,0.162565,PA
2541_A/wildfowl/China/472,A/wildfowl/China/472/2014,0.150063,0.036378,-0.122543,0.090417,PA
2542_A/Taiwan/DV413/2006_,A/Taiwan/DV413/2006_H5N2,0.180736,0.073734,-0.105213,0.159754,PA
2543_A/Taiwan/DV518/2006_,A/Taiwan/DV518/2006_H5N2,0.18592,0.073027,-0.096551,0.161607,PA
2544_A/baikal_teal/Xiangh,A/baikal_teal/Xianghai/426/2011_H5N2,0.135162,0.098892,-0.116457,0.144607,PA
2545_A/canvasback/Xiangha,A/canvasback/Xianghai/428/2011_H5N2,0.157849,0.097128,-0.151687,0.120947,PA
2546_A/chicken/Beijing/BJ,A/chicken/Beijing/BJ7/2014_H5N2,0.112633,0.05355,-0.122548,0.091323,PA
2547_A/chicken/CH/a556/20,A/chicken/CH/a556/2015_H5N2,0.120615,0.11125,-0.058803,0.045881,PA
2548_A/chicken/Changhua/1,A/chicken/Changhua/15010120-1/2015_H5N2,0.165855,0.111952,-0.149159,0.171701,PA
2549_A/chicken/Changhua/1,A/chicken/Changhua/15010288/2015_H5N2,0.165073,0.112246,-0.14491,0.168112,PA
2550_A/chicken/Changhua/1,A/chicken/Changhua/15010324-2/2015_H5N2,0.164658,0.108668,-0.148828,0.173807,PA
2551_A/chicken/Changhua/1,A/chicken/Changhua/15010361-1/2015_H5N2,0.158725,0.108781,-0.142812,0.177252,PA
2552_A/chicken/Changhua/1,A/chicken/Changhua/15010362-2/2015_H5N2,0.167462,0.110405,-0.150599,0.177251,PA
2553_A/chicken/Changhua/1,A/chicken/Changhua/15010363-2/2015_H5N2,0.1647,0.110167,-0.14789,0.172749,PA
2554_A/chicken/Changhua/1,A/chicken/Changhua/15050013-1/2015_H5N2,0.157937,0.110792,-0.150974,0.16408,PA
2555_A/chicken/Changhua/1,A/chicken/Changhua/15060027-2/2015_H5N2,0.158704,0.103727,-0.149271,0.168703,PA
2556_A/chicken/Changhua/1,A/chicken/Changhua/15060037-1/2015_H5N2,0.166773,0.108379,-0.158432,0.174119,PA
2557_A/chicken/Changhua/1,A/chicken/Changhua/15120008/2015_H5N2,0.169479,0.106195,-0.134856,0.186539,PA
2558_A/chicken/Changhua/1,A/chicken/Changhua/16010060-2/2016_H5N2,0.168613,0.11088,-0.163197,0.183869,PA
2559_A/chicken/Changhua/1,A/chicken/Changhua/17060006/2017_H5N2,0.148786,0.090359,-0.166242,0.170703,PA
2560_A/chicken/Changhua/1,A/chicken/Changhua/18040008-1/2018_H5N2,0.16626,0.137556,-0.168227,0.18377,PA
2561_A/chicken/Chiayi/150,A/chicken/Chiayi/15010287-2/2015_H5N2,0.15573,0.116614,-0.150465,0.176277,PA
2562_A/chicken/Chiayi/150,A/chicken/Chiayi/15010409-2/2015_H5N2,0.159405,0.107041,-0.144875,0.166654,PA
2563_A/chicken/Chiayi/170,A/chicken/Chiayi/17040009-2/2017_H5N2,0.164221,0.109783,-0.16171,0.171978,PA
2564_A/chicken/Chiayi/181,A/chicken/Chiayi/18120003-1/2018_H5N2,0.145652,0.057258,-0.103681,0.169724,PA
2565_A/chicken/Chiping/03,A/chicken/Chiping/0321/2014_H5N2,0.114324,0.037493,-0.097724,0.122748,PA
2566_A/chicken/Eastern_Ch,A/chicken/Eastern_China/HF9/2018_H5N2,0.114581,0.046154,-0.13605,0.074469,PA
2567_A/chicken/Eastern_Ch,A/chicken/Eastern_China/QY5/2018_H5N2,0.110635,0.047631,-0.131175,0.075354,PA
2568_A/chicken/GY/a451/20,A/chicken/GY/a451/2015_H5N2,0.121554,0.110358,-0.064387,0.03859,PA
2569_A/chicken/Hebei/1102,A/chicken/Hebei/1102-MA/2010_H5N2,0.115073,0.035099,-0.130418,0.117617,PA
2570_A/chicken/Hebei/1102,A/chicken/Hebei/1102/2010_H5N2,0.117268,0.035251,-0.127822,0.115948,PA
2571_A/chicken/Hebei/3/20,A/chicken/Hebei/3/2013_H5N2,0.112633,0.05355,-0.122548,0.091323,PA
2572_A/chicken/Heilongjia,A/chicken/Heilongjiang/S7/2014_H5N2,0.163571,0.09862,-0.076362,0.11464,PA
2573_A/chicken/Henan/Q7/2,A/chicken/Henan/Q7/2013_H5N2,0.122011,0.045903,-0.11638,0.117424,PA
2574_A/chicken/Hsinchu/16,A/chicken/Hsinchu/16080004-2/2016_H5N2,0.169797,0.111803,-0.163632,0.188529,PA
2575_A/chicken/Jiangsu/10,A/chicken/Jiangsu/1001/2013_H5N2,0.102929,0.024769,-0.116759,0.104949,PA
2576_A/chicken/Jiangsu/XZ,A/chicken/Jiangsu/XZ216/2014_H5N2,0.111306,0.03879,-0.119495,0.108209,PA
2577_A/chicken/Kaohsiung/,A/chicken/Kaohsiung/17040007/2017_H5N2,0.162787,0.106723,-0.16055,0.177477,PA
2578_A/chicken/Kaohsiung/,A/chicken/Kaohsiung/17100002/2017_H5N2,0.157707,0.128406,-0.152954,0.167899,PA
2579_A/chicken/Kaohsiung/,A/chicken/Kaohsiung/18080004-1/2018_H5N2,0.147139,0.079776,-0.114032,0.138292,PA
2580_A/chicken/Kaohsiung/,A/chicken/Kaohsiung/18080004-2/2018_H5N2,0.148445,0.076733,-0.115973,0.135541,PA
2581_A/chicken/New_Taipei,A/chicken/New_Taipei_City/17040002-2/2017_H5N2,0.161293,0.103714,-0.158564,0.172845,PA
2582_A/chicken/New_Taipei,A/chicken/New_Taipei_City/18010021-3/2018_H5N2,0.165008,0.103284,-0.15609,0.169571,PA
2583_A/chicken/PH/A2821/2,A/chicken/PH/A2821/2013_H5N2,0.089636,0.134614,-0.02949,0.033173,PA
2584_A/chicken/PT/a158/20,A/chicken/PT/a158/2015_H5N2,0.112941,0.113106,-0.048188,0.034283,PA
2585_A/chicken/Pingtung/1,A/chicken/Pingtung/15050006-1/2015_H5N2,0.161488,0.109897,-0.148524,0.163958,PA
2586_A/chicken/Pingtung/1,A/chicken/Pingtung/16020009-3/2016_H5N2,0.166314,0.104076,-0.14333,0.165014,PA
2587_A/chicken/Pingtung/1,A/chicken/Pingtung/18010017-1/2018_H5N2,0.164807,0.105261,-0.167159,0.178792,PA
2588_A/chicken/Pingtung/1,A/chicken/Pingtung/18020015-1/2018_H5N2,0.162933,0.115837,-0.158782,0.165335,PA
2589_A/chicken/Qingdao/1/,A/chicken/Qingdao/1/2014_H5N2,0.116163,0.036583,-0.129461,0.120015,PA
2590_A/chicken/SC/a688/20,A/chicken/SC/a688/2015_H5N2,0.122085,0.126647,-0.044498,0.039821,PA
2591_A/chicken/Shandong/S,A/chicken/Shandong/S3/2014_H5N2,0.118887,0.038038,-0.129417,0.117255,PA
2592_A/chicken/Shijiazhua,A/chicken/Shijiazhuang/1209/2013_H5N2,0.098198,0.036815,-0.145795,0.105429,PA
2593_A/chicken/TC/a504/20,A/chicken/TC/a504/2015_H5N2,0.117282,0.108681,-0.053326,0.043513,PA
2594_A/chicken/TY/a665/20,A/chicken/TY/a665/2015_H5N2,0.120123,0.121432,-0.048715,0.047041,PA
2595_A/chicken/Taichung/1,A/chicken/Taichung/15010399/2015_H5N2,0.164154,0.108654,-0.147829,0.173989,PA
2596_A/chicken/Taichung/1,A/chicken/Taichung/16040032-3/2016_H5N2,0.16722,0.111249,-0.14095,0.170152,PA
2597_A/chicken/Taichung/1,A/chicken/Taichung/16050044-2/2016_H5N2,0.16754,0.11516,-0.145307,0.179752,PA
2598_A/chicken/Tainan/160,A/chicken/Tainan/16040035-1/2016_H5N2,0.15981,0.0971,-0.146265,0.168194,PA
2599_A/chicken/Taipei_Cit,A/chicken/Taipei_City/18010007-3/2018_H5N2,0.154723,0.10141,-0.156171,0.174026,PA
2600_A/chicken/Taipei_Cit,A/chicken/Taipei_City/18010008-3/2018_H5N2,0.163071,0.134326,-0.153189,0.159538,PA
2601_A/chicken/Taiwan/010,A/chicken/Taiwan/0101/2012_H5N2,0.128195,0.099707,-0.049933,0.073582,PA
2602_A/chicken/Taiwan/050,A/chicken/Taiwan/0502/2012_H5N2,0.128847,0.124633,-0.042655,0.054507,PA
2603_A/chicken/Taiwan/168,A/chicken/Taiwan/1682/2013_H5N2,0.174722,0.055204,-0.070702,0.059318,PA
2604_A/chicken/Taiwan/169,A/chicken/Taiwan/1692/2013_H5N2,0.175718,0.054399,-0.080619,0.066175,PA
2605_A/chicken/Taiwan/170,A/chicken/Taiwan/1704/2013_H5N2,0.174012,0.051639,-0.079991,0.063329,PA
2606_A/chicken/Taiwan/171,A/chicken/Taiwan/1711/2013_H5N2,0.175718,0.054399,-0.080619,0.066175,PA
2607_A/chicken/Taiwan/259,A/chicken/Taiwan/2593/2012_H5N2,0.120566,0.130368,-0.036004,0.04178,PA
2608_A/chicken/Taiwan/294,A/chicken/Taiwan/2948/2013_H5N2,0.120988,0.115547,-0.03299,0.043296,PA
2609_A/chicken/Taiwan/444,A/chicken/Taiwan/4443/2013_H5N2,0.118464,0.131757,-0.045338,0.043687,PA
2610_A/chicken/Taiwan/683,A/chicken/Taiwan/683/2012_H5N2,0.111424,0.127148,-0.032667,0.024083,PA
2611_A/chicken/Taiwan/735,A/chicken/Taiwan/7350/2013_H5N2,0.115435,0.130175,-0.042156,0.041226,PA
2612_A/chicken/Taiwan/898,A/chicken/Taiwan/8988/2013_H5N2,0.124032,0.13054,-0.042455,0.028651,PA
2613_A/chicken/Taiwan/899,A/chicken/Taiwan/8994/2013_H5N2,0.124032,0.13054,-0.042455,0.028651,PA
2614_A/chicken/Taiwan/899,A/chicken/Taiwan/8996/2013_H5N2,0.124032,0.13054,-0.042455,0.028651,PA
2615_A/chicken/Taiwan/A1/,A/chicken/Taiwan/A1/2019_H5N2,0.114505,0.082025,-0.008949,0.037518,PA
2616_A/chicken/Taiwan/A19,A/chicken/Taiwan/A1997/2012_H5N2,0.128884,0.049292,-0.080086,0.057255,PA
2617_A/chicken/Taiwan/D2/,A/chicken/Taiwan/D2/2019_H5N2,0.15039,0.08001,-0.117281,0.146353,PA
2618_A/chicken/Taiwan/D9/,A/chicken/Taiwan/D9/2019_H5N2,0.150825,0.0819,-0.117784,0.146103,PA
2619_A/chicken/Tibet/LZ01,A/chicken/Tibet/LZ01/2010_H5N2,0.080858,0.044426,-0.121047,0.112598,PA
2620_A/chicken/Wuhan/WHJF,A/chicken/Wuhan/WHJF/2014_H5N2,0.153254,0.049332,-0.106545,0.11083,PA
2621_A/chicken/YL/A3190/2,A/chicken/YL/A3190/2014_H5N2,0.115631,0.130789,-0.072694,0.040449,PA
2622_A/chicken/Yunlin/150,A/chicken/Yunlin/15020048-1/2015_H5N2,0.165924,0.111711,-0.146965,0.173957,PA
2623_A/chicken/Yunlin/150,A/chicken/Yunlin/15040002-2/2015_H5N2,0.178375,0.114586,-0.153516,0.174413,PA
2624_A/chicken/Yunlin/150,A/chicken/Yunlin/15040027/2015_H5N2,0.158297,0.118299,-0.153273,0.16729,PA
2625_A/chicken/Yunlin/150,A/chicken/Yunlin/15050037-2/2015_H5N2,0.161551,0.118217,-0.144472,0.17873,PA
2626_A/chicken/Yunlin/150,A/chicken/Yunlin/15050039-2/2015_H5N2,0.149868,0.119507,-0.150161,0.168451,PA
2627_A/chicken/Yunlin/150,A/chicken/Yunlin/15060014-1/2015_H5N2,0.161045,0.114836,-0.153075,0.169833,PA
2628_A/chicken/Yunlin/150,A/chicken/Yunlin/15080024/2015_H5N2,0.16574,0.11079,-0.14453,0.176203,PA
2629_A/chicken/Yunlin/160,A/chicken/Yunlin/16010001-1/2016_H5N2,0.167137,0.119239,-0.163648,0.173427,PA
2630_A/chicken/Yunlin/160,A/chicken/Yunlin/16010008-1/2016_H5N2,0.161452,0.106678,-0.146703,0.181571,PA
2631_A/chicken/Yunlin/160,A/chicken/Yunlin/16050053/2016_H5N2,0.165991,0.107876,-0.14061,0.172315,PA
2632_A/chicken/Yunlin/170,A/chicken/Yunlin/17010014/2017_H5N2,0.153728,0.110526,-0.161371,0.176387,PA
2633_A/chicken/Yunlin/170,A/chicken/Yunlin/17020094-1/2017_H5N2,0.162739,0.106675,-0.156801,0.163877,PA
2634_A/chicken/Yunlin/170,A/chicken/Yunlin/17020095-2/2017_H5N2,0.166382,0.107831,-0.155253,0.185829,PA
2635_A/chicken/Yunlin/170,A/chicken/Yunlin/17030001-1/2017_H5N2,0.172176,0.103176,-0.175406,0.184652,PA
2636_A/chicken/Yunlin/170,A/chicken/Yunlin/17030007-1/2017_H5N2,0.16372,0.091974,-0.156951,0.165059,PA
2637_A/chicken/Yunlin/170,A/chicken/Yunlin/17030010-1/2017_H5N2,0.161293,0.103714,-0.158564,0.172845,PA
2638_A/chicken/Yunlin/170,A/chicken/Yunlin/17030014-1/2017_H5N2,0.17023,0.105644,-0.17942,0.184618,PA
2639_A/chicken/Yunlin/170,A/chicken/Yunlin/17030020-2/2017_H5N2,0.1667,0.106115,-0.145331,0.17823,PA
2640_A/chicken/Yunlin/170,A/chicken/Yunlin/17030021-1/2017_H5N2,0.172354,0.107175,-0.181804,0.191409,PA
2641_A/chicken/Yunlin/170,A/chicken/Yunlin/17030032-2/2017_H5N2,0.163739,0.114501,-0.152957,0.180108,PA
2642_A/chicken/Yunlin/170,A/chicken/Yunlin/17030065-2/2017_H5N2,0.165519,0.099207,-0.169579,0.173663,PA
2643_A/chicken/Yunlin/170,A/chicken/Yunlin/17040003-1/2017_H5N2,0.142018,0.087853,-0.161757,0.174511,PA
2644_A/chicken/Yunlin/170,A/chicken/Yunlin/17040004-2/2017_H5N2,0.164411,0.100369,-0.176381,0.18396,PA
2645_A/chicken/Yunlin/170,A/chicken/Yunlin/17040011-1/2017_H5N2,0.167357,0.09801,-0.167416,0.183624,PA
2646_A/chicken/Yunlin/170,A/chicken/Yunlin/17060019/2017_H5N2,0.157804,0.110462,-0.151746,0.17667,PA
2647_A/chicken/Yunlin/170,A/chicken/Yunlin/17070010/2017_H5N2,0.157872,0.103433,-0.151363,0.168576,PA
2648_A/chicken/Yunlin/180,A/chicken/Yunlin/18010001-2/2018_H5N2,0.168574,0.109636,-0.156164,0.186841,PA
2649_A/chicken/Yunlin/180,A/chicken/Yunlin/18010023-1/2018_H5N2,0.157848,0.116035,-0.15755,0.16375,PA
2650_A/chicken/Yunlin/180,A/chicken/Yunlin/18020003-2/2018_H5N2,0.147613,0.125781,-0.163069,0.170385,PA
2651_A/chicken/Yunlin/180,A/chicken/Yunlin/18020004-1/2018_H5N2,0.147035,0.124179,-0.162999,0.171683,PA
2652_A/chicken/Yunlin/180,A/chicken/Yunlin/18020005-2/2018_H5N2,0.148809,0.129065,-0.163401,0.168279,PA
2653_A/chicken/Yunlin/180,A/chicken/Yunlin/18020008-2/2018_H5N2,0.154132,0.128707,-0.154151,0.166924,PA
2654_A/chicken/Yunlin/180,A/chicken/Yunlin/18030002-1/2018_H5N2,0.146661,0.126144,-0.162743,0.16954,PA
2655_A/chicken/Yunlin/180,A/chicken/Yunlin/18050013-1/2018_H5N2,0.147984,0.123437,-0.157512,0.164768,PA
2656_A/chicken/Yunlin/180,A/chicken/Yunlin/18060001-2/2018_H5N2,0.145203,0.128673,-0.156393,0.161419,PA
2657_A/chicken/Yunlin/180,A/chicken/Yunlin/18080006-1/2018_H5N2,0.175645,0.11204,-0.155071,0.185127,PA
2658_A/chicken/Zhejiang/1,A/chicken/Zhejiang/194/2016_H5N2,0.117476,0.057967,-0.05808,0.106756,PA
2659_A/chicken/Zhejiang/2,A/chicken/Zhejiang/209/2016_H5N2,0.147314,0.064169,-0.058988,0.100054,PA
2660_A/chicken/Zhejiang/2,A/chicken/Zhejiang/217/2016_H5N2,0.117476,0.057967,-0.05808,0.106756,PA
2661_A/chicken/Zhejiang/2,A/chicken/Zhejiang/232/2016_H5N2,0.146209,0.0608,-0.060036,0.087684,PA
2662_A/chicken/Zhejiang/5,A/chicken/Zhejiang/514135/2015_H5N2,0.108798,0.079162,-0.167712,0.122336,PA
2663_A/chicken/Zhejiang/7,A/chicken/Zhejiang/727079/2014_H5N2,0.089162,0.036688,-0.162496,0.075553,PA
2664_A/chicken/Zhejiang/7,A/chicken/Zhejiang/727159/2014_H5N2,0.132595,0.092502,-0.094674,0.134706,PA
2665_A/chicken/Zhejiang/7,A/chicken/Zhejiang/7450/2015_H5N2,0.18437,0.076306,-0.073398,0.101527,PA
2666_A/chicken/Zhejiang/8,A/chicken/Zhejiang/81643/2015_H5N2,0.199397,0.076954,-0.069444,0.096545,PA
2667_A/duck/Changhua/15A0,A/duck/Changhua/15A03431-1-20T/2015_H5N2,0.166113,0.106663,-0.148135,0.172629,PA
2668_A/duck/Changhua/15A0,A/duck/Changhua/15A03473-1-20T/2015_H5N2,0.170128,0.093719,-0.128603,0.176726,PA
2669_A/duck/China/YD1516/,A/duck/China/YD1516/2016_H5N2,0.188565,0.071449,-0.05451,0.091838,PA
2670_A/duck/Eastern_China,A/duck/Eastern_China/1111/2011_H5N2,0.147245,0.047971,-0.049144,0.084754,PA
2671_A/duck/Eastern_China,A/duck/Eastern_China/L0230/2010_H5N2,0.125192,0.0526,-0.044332,0.087815,PA
2672_A/duck/Eastern_China,A/duck/Eastern_China/L0321/2010_H5N2,0.162913,0.030535,-0.049035,0.070112,PA
2673_A/duck/Eastern_China,A/duck/Eastern_China/S0131/2014_H5N2,0.194127,0.076351,-0.067493,0.087351,PA
2674_A/duck/Eastern_China,A/duck/Eastern_China/S0808/2014_H5N2,0.134994,0.052463,-0.0327,0.083622,PA
2675_A/duck/Hebei/0908/20,A/duck/Hebei/0908/2009_H5N2,0.16146,0.106909,-0.09861,0.160907,PA
2676_A/duck/Hong_Kong/342,A/duck/Hong_Kong/342/1978_H5N2,0.127685,0.065589,-0.133834,0.091583,PA
2677_A/duck/Hsinchu/15020,A/duck/Hsinchu/15020216/2015_H5N2,0.1585,0.115862,-0.145175,0.171114,PA
2678_A/duck/Hubei/SZY250/,A/duck/Hubei/SZY250/2016_H5N2,0.210191,0.060264,-0.062548,0.10934,PA
2679_A/duck/Hunan/S4101/2,A/duck/Hunan/S4101/2011_H5N2,0.157506,0.058144,-0.120134,0.108249,PA
2680_A/duck/Hunan/S4120/2,A/duck/Hunan/S4120/2011_H5N2,0.161097,0.05556,-0.120983,0.11058,PA
2681_A/duck/Jiangsu/m234/,A/duck/Jiangsu/m234/2012_H5N2,0.12221,0.062414,-0.023643,0.084231,PA
2682_A/duck/Kaohsiung/150,A/duck/Kaohsiung/15010213/2015_H5N2,0.168183,0.108923,-0.147988,0.179403,PA
2683_A/duck/Nantou/15A343,A/duck/Nantou/15A3437/2015_H5N2,0.170128,0.093719,-0.128603,0.176726,PA
2684_A/duck/Nantou/17A024,A/duck/Nantou/17A0243/2017_H5N2,0.163943,0.108508,-0.161819,0.17643,PA
2685_A/duck/Pingtung/1501,A/duck/Pingtung/15010444/2015_H5N2,0.164214,0.105322,-0.152881,0.176904,PA
2686_A/duck/Pingtung/17A0,A/duck/Pingtung/17A0160/2017_H5N2,0.170418,0.114179,-0.154222,0.173866,PA
2687_A/duck/Pingtung/18A0,A/duck/Pingtung/18A00003-11-20T/2018_H5N2,0.165451,0.116462,-0.175446,0.19151,PA
2688_A/duck/Pingtung/18A0,A/duck/Pingtung/18A00076-11-20T/2018_H5N2,0.176071,0.086873,-0.159249,0.147865,PA
2689_A/duck/Pingtung/18X0,A/duck/Pingtung/18X00077/2018_H5N2,0.14795,0.075946,-0.109122,0.138497,PA
2690_A/duck/Taichung/1501,A/duck/Taichung/15010400-1/2015_H5N2,0.160215,0.107813,-0.142495,0.16791,PA
2691_A/duck/Tainan/160100,A/duck/Tainan/16010020-1/2016_H5N2,0.168237,0.104125,-0.139072,0.183488,PA
2692_A/duck/Taipei/05WB83,A/duck/Taipei/05WB830-1-5-E2/2005_H5N2,0.168365,0.135297,-0.145085,0.148997,PA
2693_A/duck/Taiwan/01006/,A/duck/Taiwan/01006/2015_H5N2,0.159692,0.100724,-0.150631,0.177263,PA
2694_A/duck/Taiwan/11213/,A/duck/Taiwan/11213/2013_H5N2,0.108587,0.039823,-0.136355,0.125311,PA
2695_A/duck/Taiwan/11254/,A/duck/Taiwan/11254/2013_H5N2,0.10869,0.033403,-0.138761,0.125475,PA
2696_A/duck/Taiwan/DV1238,A/duck/Taiwan/DV1238/2009_H5N2,0.155611,0.103371,-0.106935,0.162149,PA
2697_A/duck/Taiwan/DV1241,A/duck/Taiwan/DV1241/2009_H5N2,0.155611,0.103371,-0.106935,0.162149,PA
2698_A/duck/Taiwan/DV1242,A/duck/Taiwan/DV1242/2009_H5N2,0.155611,0.103371,-0.106935,0.162149,PA
2699_A/duck/Taoyuan/16010,A/duck/Taoyuan/16010023-1/2016_H5N2,0.169483,0.118124,-0.142902,0.173491,PA
2700_A/duck/Yilan/17A0092,A/duck/Yilan/17A0092/2017_H5N2,0.163423,0.105181,-0.159884,0.173717,PA
2701_A/duck/Yunlin/150102,A/duck/Yunlin/15010244-1/2015_H5N2,0.161732,0.106854,-0.144926,0.170256,PA
2702_A/duck/Yunlin/150103,A/duck/Yunlin/15010310-4/2015_H5N2,0.163973,0.111675,-0.148852,0.175988,PA
2703_A/duck/Yunlin/150103,A/duck/Yunlin/15010318-2/2015_H5N2,0.165571,0.107655,-0.150266,0.172751,PA
2704_A/duck/Yunlin/150103,A/duck/Yunlin/15010369-1/2015_H5N2,0.1647,0.110167,-0.14789,0.172749,PA
2705_A/duck/Yunlin/150700,A/duck/Yunlin/15070002-2/2015_H5N2,0.167223,0.11361,-0.136525,0.175676,PA
2706_A/duck/Yunlin/15A501,A/duck/Yunlin/15A5019/2015_H5N2,0.161377,0.094883,-0.135395,0.159759,PA
2707_A/duck/Yunlin/171100,A/duck/Yunlin/17110001/2017_H5N2,0.167943,0.112834,-0.150851,0.174758,PA
2708_A/duck/Yunlin/17A008,A/duck/Yunlin/17A0086/2017_H5N2,0.16261,0.106171,-0.157919,0.173766,PA
2709_A/duck/Yunlin/17A068,A/duck/Yunlin/17A0686/2017_H5N2,0.156652,0.126827,-0.155026,0.172377,PA
2710_A/duck/Yunlin/180600,A/duck/Yunlin/18060007-3/2018_H5N2,0.177308,0.108293,-0.154855,0.185931,PA
2711_A/duck/Yunlin/18X000,A/duck/Yunlin/18X00007-3/2018_H5N2,0.156278,0.077325,-0.074935,0.166493,PA
2712_A/duck/Zhejiang/1026,A/duck/Zhejiang/1026109/2015_H5N2,0.187539,0.073127,-0.077685,0.094927,PA
2713_A/duck/Zhejiang/6DK1,A/duck/Zhejiang/6DK19/2013_H5N2,0.144668,0.085617,-0.052459,0.105102,PA
2714_A/duck/Zhejiang/7270,A/duck/Zhejiang/727041/2014_H5N2,0.134314,0.067224,-0.076131,0.114677,PA
2715_A/duck/Zhejiang/7713,A/duck/Zhejiang/77138/2014_H5N2,0.16462,0.097628,-0.06243,0.139107,PA
2716_A/goose/Changhua/150,A/goose/Changhua/15040008/2015_H5N2,0.159325,0.10533,-0.142476,0.170188,PA
2717_A/goose/Chiayi/15010,A/goose/Chiayi/15010008-3/2015_H5N2,0.167105,0.105155,-0.153692,0.168749,PA
2718_A/goose/Chiayi/15010,A/goose/Chiayi/15010016-1/2015_H5N2,0.162399,0.09713,-0.151342,0.170488,PA
2719_A/goose/Chiayi/16010,A/goose/Chiayi/16010017-2/2016_H5N2,0.169122,0.103585,-0.139581,0.181647,PA
2720_A/goose/Chiayi/16040,A/goose/Chiayi/16040003-1/2016_H5N2,0.169252,0.114906,-0.135185,0.158818,PA
2721_A/goose/Chiayi/16040,A/goose/Chiayi/16040005/2016_H5N2,0.169252,0.114906,-0.135185,0.158818,PA
2722_A/goose/Chiayi/17020,A/goose/Chiayi/17020027-1/2017_H5N2,0.15617,0.11044,-0.161391,0.169385,PA
2723_A/goose/Chiayi/17040,A/goose/Chiayi/17040014/2017_H5N2,0.143884,0.110611,-0.13201,0.15967,PA
2724_A/goose/Chiayi/18010,A/goose/Chiayi/18010006/2018_H5N2,0.167985,0.104922,-0.159991,0.189553,PA
2725_A/goose/Chiayi/18020,A/goose/Chiayi/18020014-1/2018_H5N2,0.171508,0.115101,-0.146887,0.184087,PA
2726_A/goose/Chiayi/18020,A/goose/Chiayi/18020014-2/2018_H5N2,0.170857,0.115588,-0.146454,0.178891,PA
2727_A/goose/China/1106/2,A/goose/China/1106/2016_H5N2,0.184512,0.071448,-0.050879,0.094982,PA
2728_A/goose/Eastern_Chin,A/goose/Eastern_China/1112/2011_H5N2,0.122555,0.051705,-0.051251,0.089662,PA
2729_A/goose/Pingtung/150,A/goose/Pingtung/15010007-4/2015_H5N2,0.164375,0.105996,-0.147563,0.175299,PA
2730_A/goose/Pingtung/150,A/goose/Pingtung/15010037-1/2015_H5N2,0.164334,0.104497,-0.148501,0.176358,PA
2731_A/goose/Tainan/17030,A/goose/Tainan/17030022-1/2017_H5N2,0.155494,0.10016,-0.159769,0.175273,PA
2732_A/goose/Tainan/17030,A/goose/Tainan/17030024-1/2017_H5N2,0.156078,0.106138,-0.147182,0.172065,PA
2733_A/goose/Tainan/18010,A/goose/Tainan/18010022-1/2018_H5N2,0.156123,0.110186,-0.153772,0.176928,PA
2734_A/goose/Tainan/18050,A/goose/Tainan/18050014-1/2018_H5N2,0.159797,0.122492,-0.170103,0.179302,PA
2735_A/goose/Taiwan/01022,A/goose/Taiwan/01022/2015_H5N2,0.160519,0.108433,-0.152491,0.174569,PA
2736_A/goose/Taiwan/01023,A/goose/Taiwan/01023/2015_H5N2,0.164446,0.099422,-0.150754,0.170477,PA
2737_A/goose/Taiwan/01031,A/goose/Taiwan/01031/2015_H5N2,0.161912,0.104714,-0.144541,0.171913,PA
2738_A/goose/Taiwan/01040,A/goose/Taiwan/01040/2015_H5N2,0.167774,0.106282,-0.152271,0.174962,PA
2739_A/goose/Taoyuan/1812,A/goose/Taoyuan/18120002-2/2018_H5N2,0.151501,0.063615,-0.104576,0.169434,PA
2740_A/goose/Yunlin/15010,A/goose/Yunlin/15010005/2015_H5N2,0.165002,0.109569,-0.149154,0.173924,PA
2741_A/goose/Yunlin/15010,A/goose/Yunlin/15010009-1/2015_H5N2,0.164658,0.108668,-0.148828,0.173807,PA
2742_A/goose/Yunlin/15010,A/goose/Yunlin/15010010-2/2015_H5N2,0.164658,0.108668,-0.148828,0.173807,PA
2743_A/goose/Yunlin/15010,A/goose/Yunlin/15010011-1/2015_H5N2,0.164658,0.108668,-0.148828,0.173807,PA
2744_A/goose/Yunlin/15010,A/goose/Yunlin/15010029-1/2015_H5N2,0.164658,0.108668,-0.148828,0.173807,PA
2745_A/goose/Yunlin/16020,A/goose/Yunlin/16020008-4/2016_H5N2,0.169004,0.113719,-0.143403,0.177809,PA
2746_A/goose/Yunlin/16020,A/goose/Yunlin/16020011-1/2016_H5N2,0.169984,0.111921,-0.1401,0.165698,PA
2747_A/goose/Yunlin/16040,A/goose/Yunlin/16040002-2/2016_H5N2,0.16016,0.114977,-0.136622,0.175041,PA
2748_A/goose/Yunlin/17100,A/goose/Yunlin/17100005/2017_H5N2,0.15335,0.115245,-0.15303,0.176161,PA
2749_A/goose/Yunlin/18030,A/goose/Yunlin/18030020-2/2018_H5N2,0.168785,0.09803,-0.163521,0.16896,PA
2750_A/goose/Yunlin/18030,A/goose/Yunlin/18030020-3/2018_H5N2,0.168785,0.09803,-0.163521,0.16896,PA
2751_A/goose/Yunlin/18040,A/goose/Yunlin/18040002-3/2018_H5N2,0.171426,0.113924,-0.156571,0.171658,PA
2752_A/goose/Yunlin/18040,A/goose/Yunlin/18040018-2/2018_H5N2,0.163866,0.133676,-0.165982,0.184386,PA
2753_A/goose/Yunlin/18090,A/goose/Yunlin/18090002-3/2018_H5N2,0.151997,0.131854,-0.153467,0.176562,PA
2754_A/goose/Yunlin/18090,A/goose/Yunlin/18090006-1/2018_H5N2,0.152376,0.066071,-0.122247,0.14454,PA
2755_A/goose/Yunlin/18110,A/goose/Yunlin/18110002-3/2018_H5N2,0.153179,0.060986,-0.100187,0.170364,PA
2756_A/goose/Zhejiang/771,A/goose/Zhejiang/77166/2014_H5N2,0.164762,0.096743,-0.062496,0.136896,PA
2757_A/goose/Zhejiang/771,A/goose/Zhejiang/77167/2014_H5N2,0.163589,0.106543,-0.063464,0.140288,PA
2758_A/goose/Zhejiang/771,A/goose/Zhejiang/77168/2014_H5N2,0.163589,0.106543,-0.063464,0.140288,PA
2759_A/green-winged_teal/,A/green-winged_teal/Xianghai/430/2011_H5N2,0.161609,0.0753,-0.168353,0.127207,PA
2760_A/heron/Yilan/17DB00,A/heron/Yilan/17DB0001/2017_H5N2,0.157543,0.10659,-0.163936,0.181997,PA
2761_A/little_grebe/Xiang,A/little_grebe/Xianghai/429/2011_H5N2,0.149169,0.09509,-0.151309,0.109728,PA
2762_A/night_heron/Taiwan,A/night_heron/Taiwan/A289/2015_H5N2,0.164658,0.108668,-0.148828,0.173807,PA
2763_A/parrot/Guangdong/2,A/parrot/Guangdong/258/2004_H5N2,0.091369,0.078981,-0.091459,0.088816,PA
2764_A/spot-billed_duck/X,A/spot-billed_duck/Xianghai/427/2011_H5N2,0.133788,0.095416,-0.122967,0.14326,PA
2765_A/thrush/Taipei_City,A/thrush/Taipei_City/15120021/2015_H5N2,0.157542,0.110363,-0.14358,0.179592,PA
2766_A/thrush/Taiwan/A234,A/thrush/Taiwan/A234/2015_H5N2,0.164181,0.10656,-0.148046,0.169184,PA
2767_A/turkey/Changhua/16,A/turkey/Changhua/16010011-1/2016_H5N2,0.171172,0.113822,-0.141361,0.164574,PA
2768_A/turkey/Chiayi/1801,A/turkey/Chiayi/18010013-3/2018_H5N2,0.151797,0.111401,-0.149785,0.178683,PA
2769_A/turkey/Yunlin/1506,A/turkey/Yunlin/15060049-1/2015_H5N2,0.148973,0.09961,-0.150921,0.165637,PA
2770_A/turkey/Yunlin/1802,A/turkey/Yunlin/18020020-2/2018_H5N2,0.159843,0.109986,-0.15304,0.174802,PA
2771_A/turkey/Yunlin/1811,A/turkey/Yunlin/18110001-3/2018_H5N2,0.166802,0.126677,-0.156792,0.186837,PA
2772_A/turkey/Yunlin/1812,A/turkey/Yunlin/18120005-2/2018_H5N2,0.151146,0.057006,-0.104445,0.173283,PA
2773_A/chicken/Beijing/BJ,A/chicken/Beijing/BJ7/2014,0.08937,-0.088877,-0.010824,0.130293,PB1
2774_A/chicken/CH/a556/20,A/chicken/CH/a556/2015,0.077313,-0.026183,0.111891,0.045492,PB1
2775_A/chicken/Changhua/1,A/chicken/Changhua/15010120-1/2015,0.028898,-0.003535,0.004261,0.157819,PB1
2776_A/chicken/Changhua/1,A/chicken/Changhua/15010288/2015,0.028898,-0.003535,0.004261,0.157819,PB1
2777_A/chicken/Changhua/1,A/chicken/Changhua/15010324-2/2015,0.031448,-0.00579,0.003754,0.158908,PB1
2778_A/chicken/Changhua/1,A/chicken/Changhua/15010361-1/2015,0.028175,-0.003094,0.003309,0.148952,PB1
2779_A/chicken/Changhua/1,A/chicken/Changhua/15010362-2/2015,0.026647,-0.001621,0.002967,0.155096,PB1
2780_A/chicken/Changhua/1,A/chicken/Changhua/15010363-2/2015,0.030478,-0.002729,0.007703,0.158824,PB1
2781_A/chicken/Changhua/1,A/chicken/Changhua/15050013-1/2015,0.029073,-0.008477,0.010487,0.161533,PB1
2782_A/chicken/Changhua/1,A/chicken/Changhua/15060027-2/2015,0.027495,-0.012815,0.009813,0.158027,PB1
2783_A/chicken/Changhua/1,A/chicken/Changhua/15060037-1/2015,0.035634,-0.012643,0.007158,0.167918,PB1
2784_A/chicken/Changhua/1,A/chicken/Changhua/15120008/2015,0.033184,-0.014259,0.014896,0.144677,PB1
2785_A/chicken/Changhua/1,A/chicken/Changhua/16010060-2/2016,0.04445,-0.019527,0.027635,0.155936,PB1
2786_A/chicken/Changhua/1,A/chicken/Changhua/17060006/2017,0.040416,-0.027434,0.031815,0.14184,PB1
2787_A/chicken/Changhua/1,A/chicken/Changhua/18040008-1/2018,0.027532,-0.03033,0.032504,0.151151,PB1
2788_A/chicken/Chiayi/150,A/chicken/Chiayi/15010287-2/2015,0.030085,-0.000868,0.001443,0.158968,PB1
2789_A/chicken/Chiayi/150,A/chicken/Chiayi/15010409-2/2015,0.028976,-0.002125,0.003668,0.154745,PB1
2790_A/chicken/Chiayi/170,A/chicken/Chiayi/17040009-2/2017,0.043256,-0.021969,0.027175,0.149778,PB1
2791_A/chicken/Chiayi/181,A/chicken/Chiayi/18120003-1/2018,0.068735,-0.036377,-0.025132,0.141904,PB1
2792_A/chicken/Chiping/03,A/chicken/Chiping/0321/2014,0.086106,-0.077926,-0.021802,0.126747,PB1
2793_A/chicken/GY/a451/20,A/chicken/GY/a451/2015,0.062577,-0.010615,0.100994,0.036971,PB1
2794_A/chicken/Hebei/3/20,A/chicken/Hebei/3/2013,0.075559,-0.075446,-0.023493,0.119838,PB1
2795_A/chicken/Heilongjia,A/chicken/Heilongjiang/S7/2014,0.057436,-0.012764,-0.011286,0.087095,PB1
2796_A/chicken/Henan/Q7/2,A/chicken/Henan/Q7/2013,0.084845,-0.092073,-0.022396,0.121324,PB1
2797_A/chicken/Hsinchu/16,A/chicken/Hsinchu/16080004-2/2016,0.053815,-0.024165,0.030503,0.157632,PB1
2798_A/chicken/Jiangsu/10,A/chicken/Jiangsu/1001/2013,0.107639,-0.052206,0.031397,0.129991,PB1
2799_A/chicken/Jiangsu/XZ,A/chicken/Jiangsu/XZ216/2014,0.078298,-0.086066,-0.006019,0.129501,PB1
2800_A/chicken/Kaohsiung/,A/chicken/Kaohsiung/17040007/2017,0.034049,-0.025353,0.024774,0.153581,PB1
2801_A/chicken/Kaohsiung/,A/chicken/Kaohsiung/17100002/2017,0.044627,-0.022696,0.022364,0.152788,PB1
2802_A/chicken/Kaohsiung/,A/chicken/Kaohsiung/18080004-1/2018,0.088392,0.001033,-0.009692,0.102034,PB1
2803_A/chicken/Kaohsiung/,A/chicken/Kaohsiung/18080004-2/2018,0.089699,-0.002011,-0.011632,0.099282,PB1
2804_A/chicken/New_Taipei,A/chicken/New_Taipei_City/17040002-2/2017,0.031123,-0.023474,0.030892,0.153125,PB1
2805_A/chicken/New_Taipei,A/chicken/New_Taipei_City/18010021-3/2018,0.038672,-0.029595,0.023277,0.154292,PB1
2806_A/chicken/PH/A2821/2,A/chicken/PH/A2821/2013,0.099483,-0.115428,0.064884,0.060666,PB1
2807_A/chicken/Pingtung/1,A/chicken/Pingtung/15050006-1/2015,0.036503,0.006584,-0.006053,0.160661,PB1
2808_A/chicken/Pingtung/1,A/chicken/Pingtung/16020009-3/2016,0.042267,0.003282,0.007142,0.152685,PB1
2809_A/chicken/Pingtung/1,A/chicken/Pingtung/18010017-1/2018,0.043225,-0.036059,0.026576,0.150266,PB1
2810_A/chicken/Pingtung/1,A/chicken/Pingtung/18020015-1/2018,0.042336,-0.026539,0.013394,0.161549,PB1
2811_A/chicken/PT/a158/20,A/chicken/PT/a158/2015,0.083919,-0.020877,0.112159,0.036187,PB1
2812_A/chicken/Qingdao/1/,A/chicken/Qingdao/1/2014,0.07844,-0.080418,-0.016096,0.122303,PB1
2813_A/chicken/SC/a688/20,A/chicken/SC/a688/2015,0.066315,-0.058858,0.087581,0.093493,PB1
2814_A/chicken/Shandong/S,A/chicken/Shandong/S3/2014,0.07844,-0.080418,-0.016096,0.122303,PB1
2815_A/chicken/Shijiazhua,A/chicken/Shijiazhuang/1209/2013,0.063313,-0.092321,-0.006273,0.093778,PB1
2816_A/chicken/Taichung/1,A/chicken/Taichung/15010399/2015,0.026647,-0.001621,0.002967,0.155096,PB1
2817_A/chicken/Taichung/1,A/chicken/Taichung/16040032-3/2016,0.046092,-0.0207,0.011618,0.164672,PB1
2818_A/chicken/Taichung/1,A/chicken/Taichung/16050044-2/2016,0.036431,0.001142,0.013894,0.15293,PB1
2819_A/chicken/Tainan/160,A/chicken/Tainan/16040035-1/2016,0.024159,-0.013675,-0.011927,0.146987,PB1
2820_A/chicken/Taipei_Cit,A/chicken/Taipei_City/18010007-3/2018,0.033311,-0.025637,0.013627,0.154178,PB1
2821_A/chicken/Taipei_Cit,A/chicken/Taipei_City/18010008-3/2018,0.037361,-0.028341,0.014146,0.154431,PB1
2822_A/chicken/Taiwan/010,A/chicken/Taiwan/0101/2012,0.076936,-0.100898,0.076682,0.074199,PB1
2823_A/chicken/Taiwan/050,A/chicken/Taiwan/0502/2012,0.069059,-0.099495,0.063933,0.043882,PB1
2824_A/chicken/Taiwan/683,A/chicken/Taiwan/683/2012,0.079184,-0.007995,0.073976,0.071772,PB1
2825_A/chicken/Taiwan/168,A/chicken/Taiwan/1682/2013,0.103347,-0.034795,0.155888,0.080902,PB1
2826_A/chicken/Taiwan/169,A/chicken/Taiwan/1692/2013,0.101135,-0.034355,0.155384,0.081445,PB1
2827_A/chicken/Taiwan/170,A/chicken/Taiwan/1704/2013,0.103347,-0.034795,0.155888,0.080902,PB1
2828_A/chicken/Taiwan/171,A/chicken/Taiwan/1711/2013,0.102825,-0.036165,0.156384,0.080724,PB1
2829_A/chicken/Taiwan/259,A/chicken/Taiwan/2593/2012,0.081046,-0.007647,0.084352,0.071124,PB1
2830_A/chicken/Taiwan/294,A/chicken/Taiwan/2948/2013,0.080943,-0.009752,0.083437,0.066348,PB1
2831_A/chicken/Taiwan/444,A/chicken/Taiwan/4443/2013,0.08116,-0.09598,0.072456,0.057582,PB1
2832_A/chicken/Taiwan/735,A/chicken/Taiwan/7350/2013,0.068837,-0.093166,0.056531,0.037189,PB1
2833_A/chicken/Taiwan/898,A/chicken/Taiwan/8988/2013,0.083211,-0.008794,0.081512,0.06922,PB1
2834_A/chicken/Taiwan/899,A/chicken/Taiwan/8994/2013,0.083712,-0.008673,0.081031,0.069851,PB1
2835_A/chicken/Taiwan/899,A/chicken/Taiwan/8996/2013,0.084245,-0.007275,0.080525,0.070032,PB1
2836_A/chicken/Taiwan/A1/,A/chicken/Taiwan/A1/2019,0.079739,-0.003296,0.103884,0.056162,PB1
2837_A/chicken/Taiwan/A19,A/chicken/Taiwan/A1997/2012,0.066681,-0.105983,0.062193,0.045289,PB1
2838_A/chicken/Taiwan/D2/,A/chicken/Taiwan/D2/2019,0.104968,-0.006999,-0.019323,0.103257,PB1
2839_A/chicken/Taiwan/D9/,A/chicken/Taiwan/D9/2019,0.105125,-0.007824,-0.018677,0.102055,PB1
2840_A/chicken/Taiwan/u7/,A/chicken/Taiwan/u7/2016,0.033675,-0.023608,0.025492,0.156491,PB1
2841_A/chicken/TC/a504/20,A/chicken/TC/a504/2015,0.071548,-0.021322,0.118597,0.037925,PB1
2842_A/chicken/TY/a665/20,A/chicken/TY/a665/2015,0.083216,-0.023324,0.112321,0.044243,PB1
2843_A/chicken/YL/A3190/2,A/chicken/YL/A3190/2014,-0.002256,-0.051447,0.12466,0.053555,PB1
2844_A/chicken/Yunlin/150,A/chicken/Yunlin/15020048-1/2015,0.02736,0.005564,0.001708,0.158686,PB1
2845_A/chicken/Yunlin/150,A/chicken/Yunlin/15040002-2/2015,0.023801,-0.010758,0.003424,0.146713,PB1
2846_A/chicken/Yunlin/150,A/chicken/Yunlin/15040027/2015,0.02492,-0.012788,0.014893,0.147722,PB1
2847_A/chicken/Yunlin/150,A/chicken/Yunlin/15050037-2/2015,0.027205,-0.009309,0.009575,0.148306,PB1
2848_A/chicken/Yunlin/150,A/chicken/Yunlin/15050039-2/2015,0.025432,-0.01268,0.002934,0.150179,PB1
2849_A/chicken/Yunlin/150,A/chicken/Yunlin/15060014-1/2015,0.029443,-0.011038,0.004006,0.151333,PB1
2850_A/chicken/Yunlin/150,A/chicken/Yunlin/15080024/2015,0.026205,-0.002693,0.00771,0.15453,PB1
2851_A/chicken/Yunlin/160,A/chicken/Yunlin/16010001-1/2016,0.028676,-0.014158,0.006335,0.16612,PB1
2852_A/chicken/Yunlin/160,A/chicken/Yunlin/16010008-1/2016,0.032718,-0.010252,0.000561,0.160526,PB1
2853_A/chicken/Yunlin/160,A/chicken/Yunlin/16050053/2016,0.047391,-0.020547,0.012642,0.164524,PB1
2854_A/chicken/Yunlin/170,A/chicken/Yunlin/17010014/2017,0.035002,-0.02346,0.02597,0.154663,PB1
2855_A/chicken/Yunlin/170,A/chicken/Yunlin/17020094-1/2017,0.038719,-0.013211,0.02601,0.147408,PB1
2856_A/chicken/Yunlin/170,A/chicken/Yunlin/17020095-2/2017,0.053931,-0.01216,0.053175,0.143599,PB1
2857_A/chicken/Yunlin/170,A/chicken/Yunlin/17030001-1/2017,0.042036,-0.022634,0.022685,0.156686,PB1
2858_A/chicken/Yunlin/170,A/chicken/Yunlin/17030007-1/2017,0.017409,-0.026087,0.028327,0.156329,PB1
2859_A/chicken/Yunlin/170,A/chicken/Yunlin/17030010-1/2017,0.032406,-0.024916,0.030375,0.152418,PB1
2860_A/chicken/Yunlin/170,A/chicken/Yunlin/17030014-1/2017,0.056907,-0.024631,0.01461,0.16767,PB1
2861_A/chicken/Yunlin/170,A/chicken/Yunlin/17030020-2/2017,0.052047,-0.016535,0.016422,0.144154,PB1
2862_A/chicken/Yunlin/170,A/chicken/Yunlin/17030021-1/2017,0.047009,-0.025626,0.024198,0.15972,PB1
2863_A/chicken/Yunlin/170,A/chicken/Yunlin/17030032-2/2017,0.04072,-0.008486,0.047803,0.149711,PB1
2864_A/chicken/Yunlin/170,A/chicken/Yunlin/17030065-2/2017,0.038738,-0.020248,0.030169,0.15973,PB1
2865_A/chicken/Yunlin/170,A/chicken/Yunlin/17040003-1/2017,0.033893,-0.044989,0.041379,0.144191,PB1
2866_A/chicken/Yunlin/170,A/chicken/Yunlin/17040004-2/2017,0.039508,-0.020825,0.022728,0.15622,PB1
2867_A/chicken/Yunlin/170,A/chicken/Yunlin/17040011-1/2017,0.04028,-0.021629,0.024176,0.153588,PB1
2868_A/chicken/Yunlin/170,A/chicken/Yunlin/17060019/2017,0.042873,-0.031525,0.023114,0.141653,PB1
2869_A/chicken/Yunlin/170,A/chicken/Yunlin/17070010/2017,0.030543,-0.034174,0.021214,0.142755,PB1
2870_A/chicken/Yunlin/180,A/chicken/Yunlin/18010001-2/2018,0.029864,-0.026682,0.02466,0.157423,PB1
2871_A/chicken/Yunlin/180,A/chicken/Yunlin/18010003-3/2018,0.029089,-0.026509,0.030054,0.160016,PB1
2872_A/chicken/Yunlin/180,A/chicken/Yunlin/18010023-1/2018,0.044209,-0.02483,0.019348,0.153916,PB1
2873_A/chicken/Yunlin/180,A/chicken/Yunlin/18020003-2/2018,0.030678,-0.02879,0.032244,0.141551,PB1
2874_A/chicken/Yunlin/180,A/chicken/Yunlin/18020004-1/2018,0.032943,-0.027676,0.033918,0.140109,PB1
2875_A/chicken/Yunlin/180,A/chicken/Yunlin/18020005-2/2018,0.027902,-0.032289,0.030147,0.138812,PB1
2876_A/chicken/Yunlin/180,A/chicken/Yunlin/18020008-2/2018,0.04142,-0.025936,0.017588,0.15218,PB1
2877_A/chicken/Yunlin/180,A/chicken/Yunlin/18030002-1/2018,0.034877,-0.030856,0.026167,0.148406,PB1
2878_A/chicken/Yunlin/180,A/chicken/Yunlin/18050013-1/2018,0.035356,-0.036986,0.018329,0.147852,PB1
2879_A/chicken/Yunlin/180,A/chicken/Yunlin/18060001-2/2018,0.0354,-0.035397,0.019323,0.14673,PB1
2880_A/chicken/Yunlin/180,A/chicken/Yunlin/18080006-1/2018,0.041109,-0.020456,0.018506,0.152528,PB1
2881_A/chicken/Zhejiang/1,A/chicken/Zhejiang/194/2016,0.048427,-0.008011,-0.015729,0.073531,PB1
2882_A/chicken/Zhejiang/2,A/chicken/Zhejiang/209/2016,0.100827,-0.075176,0.038183,0.085539,PB1
2883_A/chicken/Zhejiang/2,A/chicken/Zhejiang/217/2016,0.061316,-0.040125,0.039717,0.093849,PB1
2884_A/chicken/Zhejiang/2,A/chicken/Zhejiang/232/2016,0.080914,-0.067131,0.039648,0.09198,PB1
2885_A/chicken/Zhejiang/7,A/chicken/Zhejiang/7450/2015,0.098007,-0.043655,0.031587,0.069499,PB1
2886_A/chicken/Zhejiang/8,A/chicken/Zhejiang/81643/2015,0.101139,-0.040673,0.046652,0.07506,PB1
2887_A/chicken/Zhejiang/5,A/chicken/Zhejiang/514135/2015,0.065239,-0.048736,0.013885,0.111787,PB1
2888_A/chicken/Zhejiang/7,A/chicken/Zhejiang/727079/2014,0.112086,-0.026488,0.022183,0.117223,PB1
2889_A/chicken/Zhejiang/7,A/chicken/Zhejiang/727159/2014,0.100238,-0.046208,0.044885,0.149288,PB1
2890_A/duck/Changhua/15A0,A/duck/Changhua/15A03431-1-20T/2015,0.032985,-0.006563,0.012639,0.159415,PB1
2891_A/duck/Changhua/15A0,A/duck/Changhua/15A03473-1-20T/2015,0.03694,-0.006697,0.010595,0.153516,PB1
2892_A/duck/China/YD1516/,A/duck/China/YD1516/2016,0.087196,-0.066587,0.025564,0.089491,PB1
2893_A/duck/Eastern_China,A/duck/Eastern_China/L0230/2010,0.084611,-0.013461,0.013411,0.094892,PB1
2894_A/duck/Eastern_China,A/duck/Eastern_China/L0321/2010,0.07991,-0.011586,0.022252,0.109432,PB1
2895_A/duck/Eastern_China,A/duck/Eastern_China/S0131/2014,0.083876,-0.036552,0.043477,0.07935,PB1
2896_A/duck/Eastern_China,A/duck/Eastern_China/S0808/2014,0.094532,-0.050576,0.000365,0.078508,PB1
2897_A/duck/Hebei/3/2011|,A/duck/Hebei/3/2011,0.064996,-0.047813,0.005047,0.076583,PB1
2898_A/duck/Hsinchu/15020,A/duck/Hsinchu/15020216/2015,0.025011,-0.009865,0.005869,0.150411,PB1
2899_A/duck/Hubei/03.06__,A/duck/Hubei/03.06__WHWTZ0107-O/2015(Mixed),0.074873,-0.049071,0.006327,0.124059,PB1
2900_A/duck/Hubei/SZY250/,A/duck/Hubei/SZY250/2016,0.087531,-0.071241,0.038826,0.084648,PB1
2901_A/duck/Hunan/S4101/2,A/duck/Hunan/S4101/2011,0.076317,-0.030727,0.003818,0.156831,PB1
2902_A/duck/Hunan/S4120/2,A/duck/Hunan/S4120/2011,0.074116,-0.030077,0.0013,0.159559,PB1
2903_A/duck/Jiangsu/m234/,A/duck/Jiangsu/m234/2012,0.101597,-0.035353,-0.0048,0.153728,PB1
2904_A/duck/Kaohsiung/150,A/duck/Kaohsiung/15010213/2015,0.030932,-0.006753,0.00592,0.154546,PB1
2905_A/duck/Nantou/15A343,A/duck/Nantou/15A3437/2015,0.03694,-0.006697,0.010595,0.153516,PB1
2906_A/duck/Nantou/17A024,A/duck/Nantou/17A0243/2017,0.031365,-0.024971,0.031068,0.153439,PB1
2907_A/duck/Pingtung/17A0,A/duck/Pingtung/17A0160/2017,0.034958,-0.025049,0.024975,0.155785,PB1
2908_A/duck/Pingtung/18A0,A/duck/Pingtung/18A00003-11-20T/2018,0.050633,-0.036624,0.017171,0.151966,PB1
2909_A/duck/Pingtung/18A0,A/duck/Pingtung/18A00076-11-20T/2018,0.04026,-0.034854,0.043798,0.162319,PB1
2910_A/duck/Pingtung/18X0,A/duck/Pingtung/18X00077/2018,0.078818,-0.009047,-0.01946,0.111028,PB1
2911_A/duck/Pingtung/1501,A/duck/Pingtung/15010444/2015,0.029843,-0.008972,0.011288,0.153094,PB1
2912_A/duck/Taichung/1501,A/duck/Taichung/15010400-1/2015,0.028976,-0.002125,0.003668,0.154745,PB1
2913_A/duck/Tainan/160100,A/duck/Tainan/16010024-1/2016,0.035097,-0.007114,0.013818,0.150394,PB1
2914_A/duck/Taipei/05WB83,A/duck/Taipei/05WB830-1-5-E2/2005,0.048194,-0.020176,-0.039255,0.117114,PB1
2915_A/duck/Taiwan/01006/,A/duck/Taiwan/01006/2015,0.029048,-0.004326,0.004881,0.156666,PB1
2916_A/duck/Taiwan/11213/,A/duck/Taiwan/11213/2013,0.08631,-0.034838,-0.040641,0.157062,PB1
2917_A/duck/Taiwan/11254/,A/duck/Taiwan/11254/2013,0.081672,-0.037158,-0.050908,0.156024,PB1
2918_A/duck/Taiwan/a043/2,A/duck/Taiwan/a043/2015,0.03653,-0.007831,-0.009246,0.15484,PB1
2919_A/duck/Taiwan/DV1238,A/duck/Taiwan/DV1238/2009,0.060313,-0.027365,-0.010985,0.091251,PB1
2920_A/duck/Taiwan/DV1241,A/duck/Taiwan/DV1241/2009,0.060313,-0.027365,-0.010985,0.091251,PB1
2921_A/duck/Taiwan/DV1242,A/duck/Taiwan/DV1242/2009,0.060313,-0.027365,-0.010985,0.091251,PB1
2922_A/duck/Taoyuan/16010,A/duck/Taoyuan/16010023-1/2016,0.020857,-0.003606,0.019607,0.155417,PB1
2923_A/duck/Yilan/17A0092,A/duck/Yilan/17A0092/2017,0.041012,-0.019879,0.018085,0.148432,PB1
2924_A/duck/Yunlin/15A501,A/duck/Yunlin/15A5019/2015,0.025109,-0.006792,0.011083,0.159621,PB1
2925_A/duck/Yunlin/17A008,A/duck/Yunlin/17A0086/2017,0.040152,-0.015443,0.026113,0.145549,PB1
2926_A/duck/Yunlin/17A068,A/duck/Yunlin/17A0686/2017,0.044627,-0.022696,0.022364,0.152788,PB1
2927_A/duck/Yunlin/18X000,A/duck/Yunlin/18X00007-3/2018,0.061911,-0.017855,-0.002272,0.105902,PB1
2928_A/duck/Yunlin/150102,A/duck/Yunlin/15010244-1/2015,0.025578,-0.001515,0.006955,0.15461,PB1
2929_A/duck/Yunlin/150103,A/duck/Yunlin/15010310-4/2015,0.026647,-0.001621,0.002967,0.155096,PB1
2930_A/duck/Yunlin/150103,A/duck/Yunlin/15010318-2/2015,0.023863,-0.004091,0.001423,0.162377,PB1
2931_A/duck/Yunlin/150103,A/duck/Yunlin/15010369-1/2015,0.026691,-0.000032,0.003961,0.153974,PB1
2932_A/duck/Yunlin/150700,A/duck/Yunlin/15070002-2/2015,0.029917,-0.001205,0.009149,0.155602,PB1
2933_A/duck/Yunlin/171100,A/duck/Yunlin/17110001/2017,0.039388,-0.021288,0.009383,0.149344,PB1
2934_A/duck/Yunlin/180600,A/duck/Yunlin/18060007-3/2018,0.039674,-0.01665,0.020743,0.153869,PB1
2935_A/duck/Zhejiang/7713,A/duck/Zhejiang/77138/2014,0.057992,-0.005925,0.007236,0.070503,PB1
2936_A/duck/Zhejiang/7270,A/duck/Zhejiang/727041/2014,0.076961,-0.063818,0.010472,0.122572,PB1
2937_A/duck/Zhejiang/1026,A/duck/Zhejiang/1026109/2015,0.087606,-0.05177,0.038647,0.078807,PB1
2938_A/Environment/Shando,A/Environment/Shandong/WS15/2022,0.081049,-0.07319,0.06148,0.083424,PB1
2939_A/Environment/Shando,A/Environment/Shandong/WS16/2022,0.081049,-0.07319,0.06148,0.083424,PB1
2940_A/Environment/Shando,A/Environment/Shandong/WS19/2022,0.082404,-0.072939,0.06248,0.078969,PB1
2941_A/goose/Changhua/150,A/goose/Changhua/15040008/2015,0.023997,0.001991,0.008629,0.154569,PB1
2942_A/goose/Chiayi/15010,A/goose/Chiayi/15010008-3/2015,0.028377,-0.004905,0.004757,0.157642,PB1
2943_A/goose/Chiayi/15010,A/goose/Chiayi/15010016-1/2015,0.032727,-0.005216,0.010217,0.153113,PB1
2944_A/goose/Chiayi/16010,A/goose/Chiayi/16010017-2/2016,0.03579,-0.005185,0.013776,0.148704,PB1
2945_A/goose/Chiayi/16040,A/goose/Chiayi/16040003-1/2016,0.031123,-0.007614,0.00649,0.161127,PB1
2946_A/goose/Chiayi/16040,A/goose/Chiayi/16040005/2016,0.031079,-0.009204,0.005495,0.162249,PB1
2947_A/goose/Chiayi/17020,A/goose/Chiayi/17020027-1/2017,0.03538,-0.030602,0.025565,0.154424,PB1
2948_A/goose/Chiayi/17040,A/goose/Chiayi/17040014/2017,0.029267,-0.018147,-0.0009,0.155414,PB1
2949_A/goose/Chiayi/18010,A/goose/Chiayi/18010006/2018,0.040506,-0.023193,0.013228,0.159392,PB1
2950_A/goose/Chiayi/18020,A/goose/Chiayi/18020014-2/2018,0.028969,-0.027792,0.00769,0.155804,PB1
2951_A/goose/China/1106/2,A/goose/China/1106/2016,0.093317,-0.066168,0.047972,0.079665,PB1
2952_A/goose/Pingtung/150,A/goose/Pingtung/15010007-4/2015,0.030357,-0.006734,0.008678,0.15435,PB1
2953_A/goose/Pingtung/150,A/goose/Pingtung/15010037-1/2015,0.030878,-0.005365,0.008182,0.154528,PB1
2954_A/goose/Shandong/01.,A/goose/Shandong/01.01_JY-GS/2015(H5N2),0.094021,-0.064998,0.048142,0.076547,PB1
2955_A/goose/Shandong/01.,A/goose/Shandong/01.07_JQ-GS/2015(H5N2),0.089344,-0.024964,0.037061,0.080042,PB1
2956_A/goose/Shandong/04.,A/goose/Shandong/04.22_GT/2015(H5N2),0.094059,-0.061338,0.048873,0.077654,PB1
2957_A/goose/Tainan/17030,A/goose/Tainan/17030022-1/2017,0.03725,-0.025236,0.03226,0.157034,PB1
2958_A/goose/Tainan/17030,A/goose/Tainan/17030024-1/2017,0.039671,-0.02638,0.026924,0.154994,PB1
2959_A/goose/Tainan/18010,A/goose/Tainan/18010022-1/2018,0.03173,-0.021773,0.010832,0.150442,PB1
2960_A/goose/Tainan/18050,A/goose/Tainan/18050014-1/2018,0.033162,-0.028602,0.034324,0.149039,PB1
2961_A/goose/Taiwan/01022,A/goose/Taiwan/01022/2015,0.024204,-0.003531,0.002124,0.150882,PB1
2962_A/goose/Taiwan/01023,A/goose/Taiwan/01023/2015,0.031667,-0.004648,0.011531,0.155649,PB1
2963_A/goose/Taiwan/01031,A/goose/Taiwan/01031/2015,0.029554,0.000322,0.003894,0.157698,PB1
2964_A/goose/Taiwan/01040,A/goose/Taiwan/01040/2015,0.029566,-0.003051,0.004061,0.151913,PB1
2965_A/goose/Taoyuan/1812,A/goose/Taoyuan/18120002-2/2018,0.073246,-0.031149,-0.041452,0.152244,PB1
2966_A/goose/Yunlin/15010,A/goose/Yunlin/15010005/2015,0.028898,-0.003535,0.004261,0.157819,PB1
2967_A/goose/Yunlin/15010,A/goose/Yunlin/15010009-1/2015,0.028898,-0.003535,0.004261,0.157819,PB1
2968_A/goose/Yunlin/15010,A/goose/Yunlin/15010010-2/2015,0.028898,-0.003535,0.004261,0.157819,PB1
2969_A/goose/Yunlin/15010,A/goose/Yunlin/15010011-1/2015,0.028898,-0.003535,0.004261,0.157819,PB1
2970_A/goose/Yunlin/16020,A/goose/Yunlin/16020008-4/2016,0.031841,-0.015141,0.0017,0.16206,PB1
2971_A/goose/Yunlin/16020,A/goose/Yunlin/16020011-1/2016,0.030361,-0.009343,0.005995,0.156795,PB1
2972_A/goose/Yunlin/16040,A/goose/Yunlin/16040002-2/2016,0.046826,-0.017266,0.012887,0.163591,PB1
2973_A/goose/Yunlin/17100,A/goose/Yunlin/17100005/2017,0.029263,-0.021351,0.044474,0.136279,PB1
2974_A/goose/Yunlin/18030,A/goose/Yunlin/18030020-2/2018,0.079651,-0.002369,-0.01688,0.118845,PB1
2975_A/goose/Yunlin/18030,A/goose/Yunlin/18030020-3/2018,0.079651,-0.002369,-0.01688,0.118845,PB1
2976_A/goose/Yunlin/18040,A/goose/Yunlin/18040002-3/2018,0.049193,-0.004616,0.017473,0.147013,PB1
2977_A/goose/Yunlin/18040,A/goose/Yunlin/18040018-2/2018,0.027929,-0.027272,0.032373,0.155176,PB1
2978_A/goose/Yunlin/18090,A/goose/Yunlin/18090002-3/2018,0.031591,-0.027688,0.02818,0.158659,PB1
2979_A/goose/Yunlin/18090,A/goose/Yunlin/18090006-1/2018,0.099395,0.006534,-0.011622,0.106685,PB1
2980_A/goose/Yunlin/18110,A/goose/Yunlin/18110002-3/2018,0.081048,-0.047361,-0.018953,0.146091,PB1
2981_A/goose/Zhejiang/771,A/goose/Zhejiang/77166/2014,0.059452,-0.006139,0.006264,0.074159,PB1
2982_A/goose/Zhejiang/771,A/goose/Zhejiang/77167/2014,0.059452,-0.006139,0.006264,0.074159,PB1
2983_A/goose/Zhejiang/771,A/goose/Zhejiang/77168/2014,0.059452,-0.006139,0.006264,0.074159,PB1
2984_A/heron/Taiwan/17DB0,A/heron/Taiwan/17DB0001/2017,0.039336,-0.02372,0.020882,0.159806,PB1
2985_A/parrot/Guangdong/2,A/parrot/Guangdong/258/2004,0.143003,-0.023495,-0.027679,0.057161,PB1
2986_A/Pigeon/Shandong/WS,A/Pigeon/Shandong/WS17/2022,0.078085,-0.069709,0.060063,0.083835,PB1
2987_A/Taiwan/DV413/2006|,A/Taiwan/DV413/2006,0.069175,-0.043642,-0.04129,0.107124,PB1
2988_A/Taiwan/DV518/2006|,A/Taiwan/DV518/2006,0.068539,-0.044412,-0.035872,0.107396,PB1
2989_A/thrush/Taiwan/1512,A/thrush/Taiwan/15120021/2015,0.032718,-0.010252,0.000561,0.160526,PB1
2990_A/turkey/Changhua/16,A/turkey/Changhua/16010011-1/2016,0.032637,-0.011624,0.003728,0.159839,PB1
2991_A/turkey/Chiayi/1801,A/turkey/Chiayi/18010013-3/2018,0.034631,-0.021694,0.006837,0.155312,PB1
2992_A/turkey/Yunlin/1506,A/turkey/Yunlin/15060049-1/2015,0.024175,-0.010446,-0.000209,0.149996,PB1
2993_A/turkey/Yunlin/1802,A/turkey/Yunlin/18020020-2/2018,0.042192,-0.024411,0.006218,0.156112,PB1
2994_A/turkey/Yunlin/1811,A/turkey/Yunlin/18110001-3/2018,0.024703,-0.04636,0.050369,0.147734,PB1
2995_A/turkey/Yunlin/1812,A/turkey/Yunlin/18120005-2/2018,0.08031,-0.03896,-0.024099,0.151151,PB1
2996_A/whooper_swan/Henan,A/whooper_swan/Henan/T578/2019,0.069719,-0.015218,-0.031608,0.13733,PB1
2997_A/whooper_swan/Henan,A/whooper_swan/Henan/T874/2018,0.069719,-0.015218,-0.031608,0.13733,PB1
2998_A/whooper_swan/Henan,A/whooper_swan/Henan/T880/2018,0.069719,-0.015218,-0.031608,0.13733,PB1
2999_A/whooper_swan/Henan,A/whooper_swan/Henan/T886/2018,0.069719,-0.015218,-0.031608,0.13733,PB1
3000_A/whooper_swan/Henan,A/whooper_swan/Henan/T888/2018,0.069719,-0.015218,-0.031608,0.13733,PB1
3001_A/whooper_swan/Henan,A/whooper_swan/Henan/Y120/2018,0.069719,-0.015218,-0.031608,0.13733,PB1
3002_A/whooper_swan/Shanx,A/whooper_swan/Shanxi/SX116/2020,0.051423,-0.024788,-0.034666,0.138432,PB1
3003_A/wildfowl/China/472,A/wildfowl/China/472/2014,0.115906,-0.026143,-0.022966,0.100424,PB1
3004_A/Taiwan/DV413/2006_,A/Taiwan/DV413/2006_H5N2,0.069175,-0.043642,-0.04129,0.107124,PB1
3005_A/Taiwan/DV518/2006_,A/Taiwan/DV518/2006_H5N2,0.068539,-0.044412,-0.035872,0.107396,PB1
3006_A/baikal_teal/Xiangh,A/baikal_teal/Xianghai/426/2011_H5N2,0.064295,-0.015917,-0.008386,0.138715,PB1
3007_A/canvasback/Xiangha,A/canvasback/Xianghai/428/2011_H5N2,0.06906,-0.00119,-0.014337,0.141236,PB1
3008_A/chicken/Beijing/BJ,A/chicken/Beijing/BJ7/2014_H5N2,0.08937,-0.088877,-0.010824,0.130293,PB1
3009_A/chicken/CH/a556/20,A/chicken/CH/a556/2015_H5N2,0.077313,-0.026183,0.111891,0.045492,PB1
3010_A/chicken/Changhua/1,A/chicken/Changhua/15010120-1/2015_H5N2,0.028898,-0.003535,0.004261,0.157819,PB1
3011_A/chicken/Changhua/1,A/chicken/Changhua/15010288/2015_H5N2,0.028898,-0.003535,0.004261,0.157819,PB1
3012_A/chicken/Changhua/1,A/chicken/Changhua/15010324-2/2015_H5N2,0.031448,-0.00579,0.003754,0.158908,PB1
3013_A/chicken/Changhua/1,A/chicken/Changhua/15010361-1/2015_H5N2,0.028175,-0.003094,0.003309,0.148952,PB1
3014_A/chicken/Changhua/1,A/chicken/Changhua/15010362-2/2015_H5N2,0.026647,-0.001621,0.002967,0.155096,PB1
3015_A/chicken/Changhua/1,A/chicken/Changhua/15010363-2/2015_H5N2,0.030478,-0.002729,0.007703,0.158824,PB1
3016_A/chicken/Changhua/1,A/chicken/Changhua/15050013-1/2015_H5N2,0.029073,-0.008477,0.010487,0.161533,PB1
3017_A/chicken/Changhua/1,A/chicken/Changhua/15060027-2/2015_H5N2,0.027495,-0.012815,0.009813,0.158027,PB1
3018_A/chicken/Changhua/1,A/chicken/Changhua/15060037-1/2015_H5N2,0.035634,-0.012643,0.007158,0.167918,PB1
3019_A/chicken/Changhua/1,A/chicken/Changhua/15120008/2015_H5N2,0.033184,-0.014259,0.014896,0.144677,PB1
3020_A/chicken/Changhua/1,A/chicken/Changhua/16010060-2/2016_H5N2,0.04445,-0.019527,0.027635,0.155936,PB1
3021_A/chicken/Changhua/1,A/chicken/Changhua/17060006/2017_H5N2,0.040416,-0.027434,0.031815,0.14184,PB1
3022_A/chicken/Changhua/1,A/chicken/Changhua/18040008-1/2018_H5N2,0.027532,-0.03033,0.032504,0.151151,PB1
3023_A/chicken/Chiayi/150,A/chicken/Chiayi/15010287-2/2015_H5N2,0.030085,-0.000868,0.001443,0.158968,PB1
3024_A/chicken/Chiayi/150,A/chicken/Chiayi/15010409-2/2015_H5N2,0.028976,-0.002125,0.003668,0.154745,PB1
3025_A/chicken/Chiayi/170,A/chicken/Chiayi/17040009-2/2017_H5N2,0.043256,-0.021969,0.027175,0.149778,PB1
3026_A/chicken/Chiayi/181,A/chicken/Chiayi/18120003-1/2018_H5N2,0.068735,-0.036377,-0.025132,0.141904,PB1
3027_A/chicken/Chiping/03,A/chicken/Chiping/0321/2014_H5N2,0.086106,-0.077926,-0.021802,0.126747,PB1
3028_A/chicken/Eastern_Ch,A/chicken/Eastern_China/HF9/2018_H5N2,0.120338,-0.035101,-0.007803,0.118175,PB1
3029_A/chicken/Eastern_Ch,A/chicken/Eastern_China/QY5/2018_H5N2,0.119199,-0.039089,-0.001737,0.121231,PB1
3030_A/chicken/GY/a451/20,A/chicken/GY/a451/2015_H5N2,0.062577,-0.010615,0.100994,0.036971,PB1
3031_A/chicken/Hebei/1102,A/chicken/Hebei/1102-MA/2010_H5N2,0.105496,-0.058937,0.014829,0.123768,PB1
3032_A/chicken/Hebei/1102,A/chicken/Hebei/1102/2010_H5N2,0.105496,-0.058937,0.014829,0.123768,PB1
3033_A/chicken/Hebei/3/20,A/chicken/Hebei/3/2013_H5N2,0.075559,-0.075446,-0.023493,0.119838,PB1
3034_A/chicken/Heilongjia,A/chicken/Heilongjiang/S7/2014_H5N2,0.057436,-0.012764,-0.011286,0.087095,PB1
3035_A/chicken/Henan/Q7/2,A/chicken/Henan/Q7/2013_H5N2,0.084845,-0.092073,-0.022396,0.121324,PB1
3036_A/chicken/Hsinchu/16,A/chicken/Hsinchu/16080004-2/2016_H5N2,0.053815,-0.024165,0.030503,0.157632,PB1
3037_A/chicken/Jiangsu/10,A/chicken/Jiangsu/1001/2013_H5N2,0.107639,-0.052206,0.031397,0.129991,PB1
3038_A/chicken/Jiangsu/XZ,A/chicken/Jiangsu/XZ216/2014_H5N2,0.078298,-0.086066,-0.006019,0.129501,PB1
3039_A/chicken/Kaohsiung/,A/chicken/Kaohsiung/17040007/2017_H5N2,0.034049,-0.025353,0.024774,0.153581,PB1
3040_A/chicken/Kaohsiung/,A/chicken/Kaohsiung/17100002/2017_H5N2,0.044627,-0.022696,0.022364,0.152788,PB1
3041_A/chicken/Kaohsiung/,A/chicken/Kaohsiung/18080004-1/2018_H5N2,0.088392,0.001033,-0.009692,0.102034,PB1
3042_A/chicken/Kaohsiung/,A/chicken/Kaohsiung/18080004-2/2018_H5N2,0.089699,-0.002011,-0.011632,0.099282,PB1
3043_A/chicken/New_Taipei,A/chicken/New_Taipei_City/17040002-2/2017_H5N2,0.031123,-0.023474,0.030892,0.153125,PB1
3044_A/chicken/New_Taipei,A/chicken/New_Taipei_City/18010021-3/2018_H5N2,0.038672,-0.029595,0.023277,0.154292,PB1
3045_A/chicken/PH/A2821/2,A/chicken/PH/A2821/2013_H5N2,0.099483,-0.115428,0.064884,0.060666,PB1
3046_A/chicken/PT/a158/20,A/chicken/PT/a158/2015_H5N2,0.083919,-0.020877,0.112159,0.036187,PB1
3047_A/chicken/Pingtung/1,A/chicken/Pingtung/15050006-1/2015_H5N2,0.036503,0.006584,-0.006053,0.160661,PB1
3048_A/chicken/Pingtung/1,A/chicken/Pingtung/16020009-3/2016_H5N2,0.042267,0.003282,0.007142,0.152685,PB1
3049_A/chicken/Pingtung/1,A/chicken/Pingtung/18010017-1/2018_H5N2,0.043225,-0.036059,0.026576,0.150266,PB1
3050_A/chicken/Pingtung/1,A/chicken/Pingtung/18020015-1/2018_H5N2,0.042336,-0.026539,0.013394,0.161549,PB1
3051_A/chicken/Qingdao/1/,A/chicken/Qingdao/1/2014_H5N2,0.07844,-0.080418,-0.016096,0.122303,PB1
3052_A/chicken/SC/a688/20,A/chicken/SC/a688/2015_H5N2,0.066315,-0.058858,0.087581,0.093493,PB1
3053_A/chicken/Shandong/S,A/chicken/Shandong/S3/2014_H5N2,0.07844,-0.080418,-0.016096,0.122303,PB1
3054_A/chicken/Shijiazhua,A/chicken/Shijiazhuang/1209/2013_H5N2,0.063313,-0.092321,-0.006273,0.093778,PB1
3055_A/chicken/TC/a504/20,A/chicken/TC/a504/2015_H5N2,0.071548,-0.021322,0.118597,0.037925,PB1
3056_A/chicken/TY/a665/20,A/chicken/TY/a665/2015_H5N2,0.083216,-0.023324,0.112321,0.044243,PB1
3057_A/chicken/Taichung/1,A/chicken/Taichung/15010399/2015_H5N2,0.026647,-0.001621,0.002967,0.155096,PB1
3058_A/chicken/Taichung/1,A/chicken/Taichung/16040032-3/2016_H5N2,0.046092,-0.0207,0.011618,0.164672,PB1
3059_A/chicken/Taichung/1,A/chicken/Taichung/16050044-2/2016_H5N2,0.036431,0.001142,0.013894,0.15293,PB1
3060_A/chicken/Tainan/160,A/chicken/Tainan/16040035-1/2016_H5N2,0.024159,-0.013675,-0.011927,0.146987,PB1
3061_A/chicken/Taipei_Cit,A/chicken/Taipei_City/18010007-3/2018_H5N2,0.033311,-0.025637,0.013627,0.154178,PB1
3062_A/chicken/Taipei_Cit,A/chicken/Taipei_City/18010008-3/2018_H5N2,0.037361,-0.028341,0.014146,0.154431,PB1
3063_A/chicken/Taiwan/010,A/chicken/Taiwan/0101/2012_H5N2,0.076936,-0.100898,0.076682,0.074199,PB1
3064_A/chicken/Taiwan/050,A/chicken/Taiwan/0502/2012_H5N2,0.069059,-0.099495,0.063933,0.043882,PB1
3065_A/chicken/Taiwan/168,A/chicken/Taiwan/1682/2013_H5N2,0.103347,-0.034795,0.155888,0.080902,PB1
3066_A/chicken/Taiwan/169,A/chicken/Taiwan/1692/2013_H5N2,0.101135,-0.034355,0.155384,0.081445,PB1
3067_A/chicken/Taiwan/170,A/chicken/Taiwan/1704/2013_H5N2,0.103347,-0.034795,0.155888,0.080902,PB1
3068_A/chicken/Taiwan/171,A/chicken/Taiwan/1711/2013_H5N2,0.102825,-0.036165,0.156384,0.080724,PB1
3069_A/chicken/Taiwan/259,A/chicken/Taiwan/2593/2012_H5N2,0.081046,-0.007647,0.084352,0.071124,PB1
3070_A/chicken/Taiwan/294,A/chicken/Taiwan/2948/2013_H5N2,0.080943,-0.009752,0.083437,0.066348,PB1
3071_A/chicken/Taiwan/444,A/chicken/Taiwan/4443/2013_H5N2,0.08116,-0.09598,0.072456,0.057582,PB1
3072_A/chicken/Taiwan/683,A/chicken/Taiwan/683/2012_H5N2,0.079184,-0.007995,0.073976,0.071772,PB1
3073_A/chicken/Taiwan/735,A/chicken/Taiwan/7350/2013_H5N2,0.068837,-0.093166,0.056531,0.037189,PB1
3074_A/chicken/Taiwan/898,A/chicken/Taiwan/8988/2013_H5N2,0.083211,-0.008794,0.081512,0.06922,PB1
3075_A/chicken/Taiwan/899,A/chicken/Taiwan/8994/2013_H5N2,0.083712,-0.008673,0.081031,0.069851,PB1
3076_A/chicken/Taiwan/899,A/chicken/Taiwan/8996/2013_H5N2,0.084245,-0.007275,0.080525,0.070032,PB1
3077_A/chicken/Taiwan/A1/,A/chicken/Taiwan/A1/2019_H5N2,0.079739,-0.003296,0.103884,0.056162,PB1
3078_A/chicken/Taiwan/A19,A/chicken/Taiwan/A1997/2012_H5N2,0.066681,-0.105983,0.062193,0.045289,PB1
3079_A/chicken/Taiwan/D2/,A/chicken/Taiwan/D2/2019_H5N2,0.104968,-0.006999,-0.019323,0.103257,PB1
3080_A/chicken/Taiwan/D9/,A/chicken/Taiwan/D9/2019_H5N2,0.105125,-0.007824,-0.018677,0.102055,PB1
3081_A/chicken/Tibet/LZ01,A/chicken/Tibet/LZ01/2010_H5N2,0.134922,-0.086296,-0.022319,0.130282,PB1
3082_A/chicken/Wuhan/WHJF,A/chicken/Wuhan/WHJF/2014_H5N2,0.057594,-0.047121,-0.02053,0.130384,PB1
3083_A/chicken/YL/A3190/2,A/chicken/YL/A3190/2014_H5N2,-0.002256,-0.051447,0.12466,0.053555,PB1
3084_A/chicken/Yunlin/150,A/chicken/Yunlin/15020048-1/2015_H5N2,0.02736,0.005564,0.001708,0.158686,PB1
3085_A/chicken/Yunlin/150,A/chicken/Yunlin/15040002-2/2015_H5N2,0.023801,-0.010758,0.003424,0.146713,PB1
3086_A/chicken/Yunlin/150,A/chicken/Yunlin/15040027/2015_H5N2,0.02492,-0.012788,0.014893,0.147722,PB1
3087_A/chicken/Yunlin/150,A/chicken/Yunlin/15050037-2/2015_H5N2,0.027205,-0.009309,0.009575,0.148306,PB1
3088_A/chicken/Yunlin/150,A/chicken/Yunlin/15050039-2/2015_H5N2,0.025432,-0.01268,0.002934,0.150179,PB1
3089_A/chicken/Yunlin/150,A/chicken/Yunlin/15060014-1/2015_H5N2,0.029443,-0.011038,0.004006,0.151333,PB1
3090_A/chicken/Yunlin/150,A/chicken/Yunlin/15080024/2015_H5N2,0.026205,-0.002693,0.00771,0.15453,PB1
3091_A/chicken/Yunlin/160,A/chicken/Yunlin/16010001-1/2016_H5N2,0.028676,-0.014158,0.006335,0.16612,PB1
3092_A/chicken/Yunlin/160,A/chicken/Yunlin/16010008-1/2016_H5N2,0.032718,-0.010252,0.000561,0.160526,PB1
3093_A/chicken/Yunlin/160,A/chicken/Yunlin/16050053/2016_H5N2,0.047391,-0.020547,0.012642,0.164524,PB1
3094_A/chicken/Yunlin/170,A/chicken/Yunlin/17010014/2017_H5N2,0.035002,-0.02346,0.02597,0.154663,PB1
3095_A/chicken/Yunlin/170,A/chicken/Yunlin/17020094-1/2017_H5N2,0.038719,-0.013211,0.02601,0.147408,PB1
3096_A/chicken/Yunlin/170,A/chicken/Yunlin/17020095-2/2017_H5N2,0.053931,-0.01216,0.053175,0.143599,PB1
3097_A/chicken/Yunlin/170,A/chicken/Yunlin/17030001-1/2017_H5N2,0.042036,-0.022634,0.022685,0.156686,PB1
3098_A/chicken/Yunlin/170,A/chicken/Yunlin/17030007-1/2017_H5N2,0.017409,-0.026087,0.028327,0.156329,PB1
3099_A/chicken/Yunlin/170,A/chicken/Yunlin/17030010-1/2017_H5N2,0.032406,-0.024916,0.030375,0.152418,PB1
3100_A/chicken/Yunlin/170,A/chicken/Yunlin/17030014-1/2017_H5N2,0.056907,-0.024631,0.01461,0.16767,PB1
3101_A/chicken/Yunlin/170,A/chicken/Yunlin/17030020-2/2017_H5N2,0.052047,-0.016535,0.016422,0.144154,PB1
3102_A/chicken/Yunlin/170,A/chicken/Yunlin/17030021-1/2017_H5N2,0.047009,-0.025626,0.024198,0.15972,PB1
3103_A/chicken/Yunlin/170,A/chicken/Yunlin/17030032-2/2017_H5N2,0.04072,-0.008486,0.047803,0.149711,PB1
3104_A/chicken/Yunlin/170,A/chicken/Yunlin/17030065-2/2017_H5N2,0.038738,-0.020248,0.030169,0.15973,PB1
3105_A/chicken/Yunlin/170,A/chicken/Yunlin/17040003-1/2017_H5N2,0.033893,-0.044989,0.041379,0.144191,PB1
3106_A/chicken/Yunlin/170,A/chicken/Yunlin/17040004-2/2017_H5N2,0.039508,-0.020825,0.022728,0.15622,PB1
3107_A/chicken/Yunlin/170,A/chicken/Yunlin/17040011-1/2017_H5N2,0.04028,-0.021629,0.024176,0.153588,PB1
3108_A/chicken/Yunlin/170,A/chicken/Yunlin/17060019/2017_H5N2,0.042873,-0.031525,0.023114,0.141653,PB1
3109_A/chicken/Yunlin/170,A/chicken/Yunlin/17070010/2017_H5N2,0.030543,-0.034174,0.021214,0.142755,PB1
3110_A/chicken/Yunlin/180,A/chicken/Yunlin/18010001-2/2018_H5N2,0.029864,-0.026682,0.02466,0.157423,PB1
3111_A/chicken/Yunlin/180,A/chicken/Yunlin/18010023-1/2018_H5N2,0.044209,-0.02483,0.019348,0.153916,PB1
3112_A/chicken/Yunlin/180,A/chicken/Yunlin/18020003-2/2018_H5N2,0.030678,-0.02879,0.032244,0.141551,PB1
3113_A/chicken/Yunlin/180,A/chicken/Yunlin/18020004-1/2018_H5N2,0.032943,-0.027676,0.033918,0.140109,PB1
3114_A/chicken/Yunlin/180,A/chicken/Yunlin/18020005-2/2018_H5N2,0.027902,-0.032289,0.030147,0.138812,PB1
3115_A/chicken/Yunlin/180,A/chicken/Yunlin/18020008-2/2018_H5N2,0.04142,-0.025936,0.017588,0.15218,PB1
3116_A/chicken/Yunlin/180,A/chicken/Yunlin/18030002-1/2018_H5N2,0.034877,-0.030856,0.026167,0.148406,PB1
3117_A/chicken/Yunlin/180,A/chicken/Yunlin/18050013-1/2018_H5N2,0.035356,-0.036986,0.018329,0.147852,PB1
3118_A/chicken/Yunlin/180,A/chicken/Yunlin/18060001-2/2018_H5N2,0.0354,-0.035397,0.019323,0.14673,PB1
3119_A/chicken/Yunlin/180,A/chicken/Yunlin/18080006-1/2018_H5N2,0.041109,-0.020456,0.018506,0.152528,PB1
3120_A/chicken/Zhejiang/1,A/chicken/Zhejiang/194/2016_H5N2,0.048427,-0.008011,-0.015729,0.073531,PB1
3121_A/chicken/Zhejiang/2,A/chicken/Zhejiang/209/2016_H5N2,0.100827,-0.075176,0.038183,0.085539,PB1
3122_A/chicken/Zhejiang/2,A/chicken/Zhejiang/217/2016_H5N2,0.061316,-0.040125,0.039717,0.093849,PB1
3123_A/chicken/Zhejiang/2,A/chicken/Zhejiang/232/2016_H5N2,0.080914,-0.067131,0.039648,0.09198,PB1
3124_A/chicken/Zhejiang/5,A/chicken/Zhejiang/514135/2015_H5N2,0.065239,-0.048736,0.013885,0.111787,PB1
3125_A/chicken/Zhejiang/7,A/chicken/Zhejiang/727079/2014_H5N2,0.112086,-0.026488,0.022183,0.117223,PB1
3126_A/chicken/Zhejiang/7,A/chicken/Zhejiang/727159/2014_H5N2,0.100238,-0.046208,0.044885,0.149288,PB1
3127_A/chicken/Zhejiang/7,A/chicken/Zhejiang/7450/2015_H5N2,0.098007,-0.043655,0.031587,0.069499,PB1
3128_A/chicken/Zhejiang/8,A/chicken/Zhejiang/81643/2015_H5N2,0.101139,-0.040673,0.046652,0.07506,PB1
3129_A/duck/Changhua/15A0,A/duck/Changhua/15A03431-1-20T/2015_H5N2,0.032985,-0.006563,0.012639,0.159415,PB1
3130_A/duck/Changhua/15A0,A/duck/Changhua/15A03473-1-20T/2015_H5N2,0.03694,-0.006697,0.010595,0.153516,PB1
3131_A/duck/China/YD1516/,A/duck/China/YD1516/2016_H5N2,0.087196,-0.066587,0.025564,0.089491,PB1
3132_A/duck/Eastern_China,A/duck/Eastern_China/1111/2011_H5N2,0.083952,-0.023782,0.025058,0.109621,PB1
3133_A/duck/Eastern_China,A/duck/Eastern_China/L0230/2010_H5N2,0.084611,-0.013461,0.013411,0.094892,PB1
3134_A/duck/Eastern_China,A/duck/Eastern_China/L0321/2010_H5N2,0.07991,-0.011586,0.022252,0.109432,PB1
3135_A/duck/Eastern_China,A/duck/Eastern_China/S0131/2014_H5N2,0.083876,-0.036552,0.043477,0.07935,PB1
3136_A/duck/Eastern_China,A/duck/Eastern_China/S0808/2014_H5N2,0.094532,-0.050576,0.000365,0.078508,PB1
3137_A/duck/Hebei/0908/20,A/duck/Hebei/0908/2009_H5N2,0.087699,-0.01798,-0.009293,0.14749,PB1
3138_A/duck/Hong_Kong/342,A/duck/Hong_Kong/342/1978_H5N2,0.067087,-0.034154,-0.004699,0.113793,PB1
3139_A/duck/Hsinchu/15020,A/duck/Hsinchu/15020216/2015_H5N2,0.025011,-0.009865,0.005869,0.150411,PB1
3140_A/duck/Hubei/SZY250/,A/duck/Hubei/SZY250/2016_H5N2,0.087531,-0.071241,0.038826,0.084648,PB1
3141_A/duck/Hunan/S4101/2,A/duck/Hunan/S4101/2011_H5N2,0.076317,-0.030727,0.003818,0.156831,PB1
3142_A/duck/Hunan/S4120/2,A/duck/Hunan/S4120/2011_H5N2,0.074116,-0.030077,0.0013,0.159559,PB1
3143_A/duck/Jiangsu/m234/,A/duck/Jiangsu/m234/2012_H5N2,0.101597,-0.035353,-0.0048,0.153728,PB1
3144_A/duck/Kaohsiung/150,A/duck/Kaohsiung/15010213/2015_H5N2,0.030932,-0.006753,0.00592,0.154546,PB1
3145_A/duck/Nantou/15A343,A/duck/Nantou/15A3437/2015_H5N2,0.03694,-0.006697,0.010595,0.153516,PB1
3146_A/duck/Nantou/17A024,A/duck/Nantou/17A0243/2017_H5N2,0.031365,-0.024971,0.031068,0.153439,PB1
3147_A/duck/Pingtung/1501,A/duck/Pingtung/15010444/2015_H5N2,0.029843,-0.008972,0.011288,0.153094,PB1
3148_A/duck/Pingtung/17A0,A/duck/Pingtung/17A0160/2017_H5N2,0.034958,-0.025049,0.024975,0.155785,PB1
3149_A/duck/Pingtung/18A0,A/duck/Pingtung/18A00003-11-20T/2018_H5N2,0.050633,-0.036624,0.017171,0.151966,PB1
3150_A/duck/Pingtung/18A0,A/duck/Pingtung/18A00076-11-20T/2018_H5N2,0.04026,-0.034854,0.043798,0.162319,PB1
3151_A/duck/Pingtung/18X0,A/duck/Pingtung/18X00077/2018_H5N2,0.078818,-0.009047,-0.01946,0.111028,PB1
3152_A/duck/Taichung/1501,A/duck/Taichung/15010400-1/2015_H5N2,0.028976,-0.002125,0.003668,0.154745,PB1
3153_A/duck/Tainan/160100,A/duck/Tainan/16010020-1/2016_H5N2,0.035097,-0.007114,0.013818,0.150394,PB1
3154_A/duck/Taipei/05WB83,A/duck/Taipei/05WB830-1-5-E2/2005_H5N2,0.048194,-0.020176,-0.039255,0.117114,PB1
3155_A/duck/Taiwan/01006/,A/duck/Taiwan/01006/2015_H5N2,0.029048,-0.004326,0.004881,0.156666,PB1
3156_A/duck/Taiwan/11213/,A/duck/Taiwan/11213/2013_H5N2,0.08631,-0.034838,-0.040641,0.157062,PB1
3157_A/duck/Taiwan/11254/,A/duck/Taiwan/11254/2013_H5N2,0.081672,-0.037158,-0.050908,0.156024,PB1
3158_A/duck/Taiwan/DV1238,A/duck/Taiwan/DV1238/2009_H5N2,0.060313,-0.027365,-0.010985,0.091251,PB1
3159_A/duck/Taiwan/DV1241,A/duck/Taiwan/DV1241/2009_H5N2,0.060313,-0.027365,-0.010985,0.091251,PB1
3160_A/duck/Taiwan/DV1242,A/duck/Taiwan/DV1242/2009_H5N2,0.060313,-0.027365,-0.010985,0.091251,PB1
3161_A/duck/Taoyuan/16010,A/duck/Taoyuan/16010023-1/2016_H5N2,0.020857,-0.003606,0.019607,0.155417,PB1
3162_A/duck/Yilan/17A0092,A/duck/Yilan/17A0092/2017_H5N2,0.041012,-0.019879,0.018085,0.148432,PB1
3163_A/duck/Yunlin/150102,A/duck/Yunlin/15010244-1/2015_H5N2,0.025578,-0.001515,0.006955,0.15461,PB1
3164_A/duck/Yunlin/150103,A/duck/Yunlin/15010310-4/2015_H5N2,0.026647,-0.001621,0.002967,0.155096,PB1
3165_A/duck/Yunlin/150103,A/duck/Yunlin/15010318-2/2015_H5N2,0.023863,-0.004091,0.001423,0.162377,PB1
3166_A/duck/Yunlin/150103,A/duck/Yunlin/15010369-1/2015_H5N2,0.026691,-0.000032,0.003961,0.153974,PB1
3167_A/duck/Yunlin/150700,A/duck/Yunlin/15070002-2/2015_H5N2,0.029917,-0.001205,0.009149,0.155602,PB1
3168_A/duck/Yunlin/15A501,A/duck/Yunlin/15A5019/2015_H5N2,0.025109,-0.006792,0.011083,0.159621,PB1
3169_A/duck/Yunlin/171100,A/duck/Yunlin/17110001/2017_H5N2,0.039388,-0.021288,0.009383,0.149344,PB1
3170_A/duck/Yunlin/17A008,A/duck/Yunlin/17A0086/2017_H5N2,0.040152,-0.015443,0.026113,0.145549,PB1
3171_A/duck/Yunlin/17A068,A/duck/Yunlin/17A0686/2017_H5N2,0.044627,-0.022696,0.022364,0.152788,PB1
3172_A/duck/Yunlin/180600,A/duck/Yunlin/18060007-3/2018_H5N2,0.039674,-0.01665,0.020743,0.153869,PB1
3173_A/duck/Yunlin/18X000,A/duck/Yunlin/18X00007-3/2018_H5N2,0.061911,-0.017855,-0.002272,0.105902,PB1
3174_A/duck/Zhejiang/1026,A/duck/Zhejiang/1026109/2015_H5N2,0.087606,-0.05177,0.038647,0.078807,PB1
3175_A/duck/Zhejiang/6DK1,A/duck/Zhejiang/6DK19/2013_H5N2,0.034603,-0.073487,-0.016379,0.122932,PB1
3176_A/duck/Zhejiang/7270,A/duck/Zhejiang/727041/2014_H5N2,0.076961,-0.063818,0.010472,0.122572,PB1
3177_A/duck/Zhejiang/7713,A/duck/Zhejiang/77138/2014_H5N2,0.057992,-0.005925,0.007236,0.070503,PB1
3178_A/goose/Changhua/150,A/goose/Changhua/15040008/2015_H5N2,0.023997,0.001991,0.008629,0.154569,PB1
3179_A/goose/Chiayi/15010,A/goose/Chiayi/15010008-3/2015_H5N2,0.028377,-0.004905,0.004757,0.157642,PB1
3180_A/goose/Chiayi/15010,A/goose/Chiayi/15010016-1/2015_H5N2,0.032727,-0.005216,0.010217,0.153113,PB1
3181_A/goose/Chiayi/16010,A/goose/Chiayi/16010017-2/2016_H5N2,0.03579,-0.005185,0.013776,0.148704,PB1
3182_A/goose/Chiayi/16040,A/goose/Chiayi/16040003-1/2016_H5N2,0.031123,-0.007614,0.00649,0.161127,PB1
3183_A/goose/Chiayi/16040,A/goose/Chiayi/16040005/2016_H5N2,0.031079,-0.009204,0.005495,0.162249,PB1
3184_A/goose/Chiayi/17020,A/goose/Chiayi/17020027-1/2017_H5N2,0.03538,-0.030602,0.025565,0.154424,PB1
3185_A/goose/Chiayi/17040,A/goose/Chiayi/17040014/2017_H5N2,0.029267,-0.018147,-0.0009,0.155414,PB1
3186_A/goose/Chiayi/18010,A/goose/Chiayi/18010006/2018_H5N2,0.040506,-0.023193,0.013228,0.159392,PB1
3187_A/goose/Chiayi/18020,A/goose/Chiayi/18020014-1/2018_H5N2,0.028969,-0.027792,0.00769,0.155804,PB1
3188_A/goose/Chiayi/18020,A/goose/Chiayi/18020014-2/2018_H5N2,0.028969,-0.027792,0.00769,0.155804,PB1
3189_A/goose/China/1106/2,A/goose/China/1106/2016_H5N2,0.093317,-0.066168,0.047972,0.079665,PB1
3190_A/goose/Eastern_Chin,A/goose/Eastern_China/1112/2011_H5N2,0.072917,-0.018366,0.012776,0.101457,PB1
3191_A/goose/Pingtung/150,A/goose/Pingtung/15010007-4/2015_H5N2,0.030357,-0.006734,0.008678,0.15435,PB1
3192_A/goose/Pingtung/150,A/goose/Pingtung/15010037-1/2015_H5N2,0.030878,-0.005365,0.008182,0.154528,PB1
3193_A/goose/Tainan/17030,A/goose/Tainan/17030022-1/2017_H5N2,0.03725,-0.025236,0.03226,0.157034,PB1
3194_A/goose/Tainan/17030,A/goose/Tainan/17030024-1/2017_H5N2,0.039671,-0.02638,0.026924,0.154994,PB1
3195_A/goose/Tainan/18010,A/goose/Tainan/18010022-1/2018_H5N2,0.03173,-0.021773,0.010832,0.150442,PB1
3196_A/goose/Tainan/18050,A/goose/Tainan/18050014-1/2018_H5N2,0.033162,-0.028602,0.034324,0.149039,PB1
3197_A/goose/Taiwan/01022,A/goose/Taiwan/01022/2015_H5N2,0.024204,-0.003531,0.002124,0.150882,PB1
3198_A/goose/Taiwan/01023,A/goose/Taiwan/01023/2015_H5N2,0.031667,-0.004648,0.011531,0.155649,PB1
3199_A/goose/Taiwan/01031,A/goose/Taiwan/01031/2015_H5N2,0.029554,0.000322,0.003894,0.157698,PB1
3200_A/goose/Taiwan/01040,A/goose/Taiwan/01040/2015_H5N2,0.029566,-0.003051,0.004061,0.151913,PB1
3201_A/goose/Taoyuan/1812,A/goose/Taoyuan/18120002-2/2018_H5N2,0.073246,-0.031149,-0.041452,0.152244,PB1
3202_A/goose/Yunlin/15010,A/goose/Yunlin/15010005/2015_H5N2,0.028898,-0.003535,0.004261,0.157819,PB1
3203_A/goose/Yunlin/15010,A/goose/Yunlin/15010009-1/2015_H5N2,0.028898,-0.003535,0.004261,0.157819,PB1
3204_A/goose/Yunlin/15010,A/goose/Yunlin/15010010-2/2015_H5N2,0.028898,-0.003535,0.004261,0.157819,PB1
3205_A/goose/Yunlin/15010,A/goose/Yunlin/15010011-1/2015_H5N2,0.028898,-0.003535,0.004261,0.157819,PB1
3206_A/goose/Yunlin/15010,A/goose/Yunlin/15010029-1/2015_H5N2,0.029939,-0.004862,0.003939,0.156853,PB1
3207_A/goose/Yunlin/16020,A/goose/Yunlin/16020008-4/2016_H5N2,0.031841,-0.015141,0.0017,0.16206,PB1
3208_A/goose/Yunlin/16020,A/goose/Yunlin/16020011-1/2016_H5N2,0.030361,-0.009343,0.005995,0.156795,PB1
3209_A/goose/Yunlin/16040,A/goose/Yunlin/16040002-2/2016_H5N2,0.046826,-0.017266,0.012887,0.163591,PB1
3210_A/goose/Yunlin/17100,A/goose/Yunlin/17100005/2017_H5N2,0.029263,-0.021351,0.044474,0.136279,PB1
3211_A/goose/Yunlin/18030,A/goose/Yunlin/18030020-2/2018_H5N2,0.079651,-0.002369,-0.01688,0.118845,PB1
3212_A/goose/Yunlin/18030,A/goose/Yunlin/18030020-3/2018_H5N2,0.079651,-0.002369,-0.01688,0.118845,PB1
3213_A/goose/Yunlin/18040,A/goose/Yunlin/18040002-3/2018_H5N2,0.049193,-0.004616,0.017473,0.147013,PB1
3214_A/goose/Yunlin/18040,A/goose/Yunlin/18040018-2/2018_H5N2,0.027929,-0.027272,0.032373,0.155176,PB1
3215_A/goose/Yunlin/18090,A/goose/Yunlin/18090002-3/2018_H5N2,0.031591,-0.027688,0.02818,0.158659,PB1
3216_A/goose/Yunlin/18090,A/goose/Yunlin/18090006-1/2018_H5N2,0.099395,0.006534,-0.011622,0.106685,PB1
3217_A/goose/Yunlin/18110,A/goose/Yunlin/18110002-3/2018_H5N2,0.081048,-0.047361,-0.018953,0.146091,PB1
3218_A/goose/Zhejiang/771,A/goose/Zhejiang/77166/2014_H5N2,0.059452,-0.006139,0.006264,0.074159,PB1
3219_A/goose/Zhejiang/771,A/goose/Zhejiang/77167/2014_H5N2,0.059452,-0.006139,0.006264,0.074159,PB1
3220_A/goose/Zhejiang/771,A/goose/Zhejiang/77168/2014_H5N2,0.059452,-0.006139,0.006264,0.074159,PB1
3221_A/green-winged_teal/,A/green-winged_teal/Xianghai/430/2011_H5N2,0.071506,-0.007472,-0.007736,0.1486,PB1
3222_A/heron/Yilan/17DB00,A/heron/Yilan/17DB0001/2017_H5N2,0.039336,-0.02372,0.020882,0.159806,PB1
3223_A/little_grebe/Xiang,A/little_grebe/Xianghai/429/2011_H5N2,0.098023,0.023406,0.025766,0.123541,PB1
3224_A/night_heron/Taiwan,A/night_heron/Taiwan/A289/2015_H5N2,0.028898,-0.003535,0.004261,0.157819,PB1
3225_A/parrot/Guangdong/2,A/parrot/Guangdong/258/2004_H5N2,0.143003,-0.023495,-0.027679,0.057161,PB1
3226_A/spot-billed_duck/X,A/spot-billed_duck/Xianghai/427/2011_H5N2,0.066234,-0.015235,-0.000661,0.145556,PB1
3227_A/thrush/Taipei_City,A/thrush/Taipei_City/15120021/2015_H5N2,0.032718,-0.010252,0.000561,0.160526,PB1
3228_A/thrush/Taiwan/A234,A/thrush/Taiwan/A234/2015_H5N2,0.033416,-0.002828,0.00841,0.150745,PB1
3229_A/turkey/Changhua/16,A/turkey/Changhua/16010011-1/2016_H5N2,0.032637,-0.011624,0.003728,0.159839,PB1
3230_A/turkey/Chiayi/1801,A/turkey/Chiayi/18010013-3/2018_H5N2,0.034631,-0.021694,0.006837,0.155312,PB1
3231_A/turkey/Yunlin/1506,A/turkey/Yunlin/15060049-1/2015_H5N2,0.024175,-0.010446,-0.000209,0.149996,PB1
3232_A/turkey/Yunlin/1802,A/turkey/Yunlin/18020020-2/2018_H5N2,0.042192,-0.024411,0.006218,0.156112,PB1
3233_A/turkey/Yunlin/1811,A/turkey/Yunlin/18110001-3/2018_H5N2,0.024703,-0.04636,0.050369,0.147734,PB1
3234_A/turkey/Yunlin/1812,A/turkey/Yunlin/18120005-2/2018_H5N2,0.08031,-0.03896,-0.024099,0.151151,PB1
3235_A/chicken/Beijing/BJ,A/chicken/Beijing/BJ7/2014,0.117808,0.059968,0.083394,0.075535,PB2
3236_A/chicken/CH/a556/20,A/chicken/CH/a556/2015,0.068676,-0.059404,0.105863,0.036792,PB2
3237_A/chicken/Changhua/1,A/chicken/Changhua/15010120-1/2015,0.084121,0.021506,0.096124,0.08567,PB2
3238_A/chicken/Changhua/1,A/chicken/Changhua/15010288/2015,0.089504,0.021354,0.092251,0.089002,PB2
3239_A/chicken/Changhua/1,A/chicken/Changhua/15010324-2/2015,0.095479,0.031733,0.093316,0.081063,PB2
3240_A/chicken/Changhua/1,A/chicken/Changhua/15010361-1/2015,0.091258,0.037512,0.095386,0.099142,PB2
3241_A/chicken/Changhua/1,A/chicken/Changhua/15010362-2/2015,0.09117,0.0374,0.099323,0.09608,PB2
3242_A/chicken/Changhua/1,A/chicken/Changhua/15010363-2/2015,0.100481,0.036543,0.082093,0.099038,PB2
3243_A/chicken/Changhua/1,A/chicken/Changhua/15050013-1/2015,0.097663,0.039414,0.08976,0.094574,PB2
3244_A/chicken/Changhua/1,A/chicken/Changhua/15060027-2/2015,0.097663,0.039414,0.08976,0.094574,PB2
3245_A/chicken/Changhua/1,A/chicken/Changhua/15060037-1/2015,0.097663,0.039414,0.08976,0.094574,PB2
3246_A/chicken/Changhua/1,A/chicken/Changhua/15120008/2015,0.089738,0.024012,0.087918,0.08427,PB2
3247_A/chicken/Changhua/1,A/chicken/Changhua/16010060-2/2016,0.092067,0.053403,0.082693,0.107782,PB2
3248_A/chicken/Changhua/1,A/chicken/Changhua/17060006/2017,0.093244,0.029579,0.095051,0.09931,PB2
3249_A/chicken/Changhua/1,A/chicken/Changhua/18040008-1/2018,0.110593,0.040321,0.085643,0.106709,PB2
3250_A/chicken/Chiayi/150,A/chicken/Chiayi/15010287-2/2015,0.089504,0.021354,0.092251,0.089002,PB2
3251_A/chicken/Chiayi/150,A/chicken/Chiayi/15010409-2/2015,0.091544,0.035184,0.094715,0.09555,PB2
3252_A/chicken/Chiayi/170,A/chicken/Chiayi/17040009-2/2017,0.098333,0.042907,0.068299,0.10252,PB2
3253_A/chicken/Chiayi/181,A/chicken/Chiayi/18120003-1/2018,0.169915,-0.013484,0.071545,0.050392,PB2
3254_A/chicken/Chiping/03,A/chicken/Chiping/0321/2014,0.129945,0.062111,0.081915,0.070693,PB2
3255_A/chicken/GY/a451/20,A/chicken/GY/a451/2015,0.073238,-0.058154,0.106702,0.037951,PB2
3256_A/chicken/Hebei/3/20,A/chicken/Hebei/3/2013,0.164274,0.078255,0.063512,0.082361,PB2
3257_A/chicken/Heilongjia,A/chicken/Heilongjiang/S7/2014,0.075989,-0.027387,0.114554,0.03193,PB2
3258_A/chicken/Henan/Q7/2,A/chicken/Henan/Q7/2013,0.134538,0.063473,0.083909,0.063522,PB2
3259_A/chicken/Hsinchu/16,A/chicken/Hsinchu/16080004-2/2016,0.09154,0.039448,0.081848,0.098267,PB2
3260_A/chicken/Jiangsu/10,A/chicken/Jiangsu/1001/2013,0.123606,0.069099,0.059585,0.073095,PB2
3261_A/chicken/Jiangsu/XZ,A/chicken/Jiangsu/XZ216/2014,0.129073,0.056844,0.080926,0.07419,PB2
3262_A/chicken/Kaohsiung/,A/chicken/Kaohsiung/17040007/2017,0.102631,0.04182,0.076967,0.106854,PB2
3263_A/chicken/Kaohsiung/,A/chicken/Kaohsiung/17100002/2017,0.105554,0.039159,0.073254,0.115627,PB2
3264_A/chicken/Kaohsiung/,A/chicken/Kaohsiung/18080004-1/2018,0.126814,0.051112,0.047036,0.068305,PB2
3265_A/chicken/Kaohsiung/,A/chicken/Kaohsiung/18080004-2/2018,0.126814,0.051112,0.047036,0.068305,PB2
3266_A/chicken/New_Taipei,A/chicken/New_Taipei_City/17040002-2/2017,0.108713,0.03943,0.074669,0.117403,PB2
3267_A/chicken/New_Taipei,A/chicken/New_Taipei_City/18010021-3/2018,0.094651,0.035432,0.084239,0.10322,PB2
3268_A/chicken/PH/A2821/2,A/chicken/PH/A2821/2013,0.063838,-0.054478,0.100317,0.011681,PB2
3269_A/chicken/Pingtung/1,A/chicken/Pingtung/15050006-1/2015,0.089425,0.027411,0.08655,0.088964,PB2
3270_A/chicken/Pingtung/1,A/chicken/Pingtung/16020009-3/2016,0.091206,0.022307,0.094774,0.092137,PB2
3271_A/chicken/Pingtung/1,A/chicken/Pingtung/18010017-1/2018,0.115656,0.037632,0.089381,0.106431,PB2
3272_A/chicken/Pingtung/1,A/chicken/Pingtung/18020015-1/2018,0.095748,0.035416,0.084372,0.106763,PB2
3273_A/chicken/PT/a158/20,A/chicken/PT/a158/2015,0.07019,-0.060533,0.109205,0.041539,PB2
3274_A/chicken/Qingdao/1/,A/chicken/Qingdao/1/2014,0.130891,0.060912,0.081673,0.073892,PB2
3275_A/chicken/SC/a688/20,A/chicken/SC/a688/2015,0.091532,-0.041379,0.124774,-0.017913,PB2
3276_A/chicken/Shandong/S,A/chicken/Shandong/S3/2014,0.128578,0.062038,0.079586,0.074204,PB2
3277_A/chicken/Shijiazhua,A/chicken/Shijiazhuang/1209/2013,0.125113,0.106865,0.076969,0.05254,PB2
3278_A/chicken/Taichung/1,A/chicken/Taichung/15010399/2015,0.094217,0.037,0.09487,0.099971,PB2
3279_A/chicken/Taichung/1,A/chicken/Taichung/16040032-3/2016,0.089394,0.01621,0.091566,0.086355,PB2
3280_A/chicken/Taichung/1,A/chicken/Taichung/16050044-2/2016,0.086034,0.014404,0.089935,0.094003,PB2
3281_A/chicken/Tainan/160,A/chicken/Tainan/16040035-1/2016,0.088998,0.029453,0.074704,0.096284,PB2
3282_A/chicken/Taipei_Cit,A/chicken/Taipei_City/18010007-3/2018,0.09654,0.02704,0.081351,0.104869,PB2
3283_A/chicken/Taipei_Cit,A/chicken/Taipei_City/18010008-3/2018,0.09752,0.033525,0.081968,0.096851,PB2
3284_A/chicken/Taiwan/010,A/chicken/Taiwan/0101/2012,0.086384,-0.028499,0.113804,0.012086,PB2
3285_A/chicken/Taiwan/050,A/chicken/Taiwan/0502/2012,0.058774,-0.05427,0.098717,0.026173,PB2
3286_A/chicken/Taiwan/683,A/chicken/Taiwan/683/2012,0.065651,-0.04998,0.107996,0.004468,PB2
3287_A/chicken/Taiwan/168,A/chicken/Taiwan/1682/2013,0.105714,-0.024465,0.111775,0.01208,PB2
3288_A/chicken/Taiwan/169,A/chicken/Taiwan/1692/2013,0.106637,-0.022396,0.110479,0.011492,PB2
3289_A/chicken/Taiwan/170,A/chicken/Taiwan/1704/2013,0.105714,-0.024465,0.111775,0.01208,PB2
3290_A/chicken/Taiwan/171,A/chicken/Taiwan/1711/2013,0.108681,-0.022397,0.113807,0.010838,PB2
3291_A/chicken/Taiwan/259,A/chicken/Taiwan/2593/2012,0.063251,-0.07527,0.092537,0.020458,PB2
3292_A/chicken/Taiwan/294,A/chicken/Taiwan/2948/2013,0.063251,-0.07527,0.092537,0.020458,PB2
3293_A/chicken/Taiwan/444,A/chicken/Taiwan/4443/2013,0.055071,-0.076288,0.10398,0.010068,PB2
3294_A/chicken/Taiwan/735,A/chicken/Taiwan/7350/2013,0.049705,-0.076225,0.089998,0.009033,PB2
3295_A/chicken/Taiwan/898,A/chicken/Taiwan/8988/2013,0.075167,-0.072416,0.098271,0.022833,PB2
3296_A/chicken/Taiwan/899,A/chicken/Taiwan/8994/2013,0.07476,-0.072307,0.097554,0.023611,PB2
3297_A/chicken/Taiwan/899,A/chicken/Taiwan/8996/2013,0.075167,-0.072416,0.098271,0.022833,PB2
3298_A/chicken/Taiwan/A1/,A/chicken/Taiwan/A1/2019,0.098774,-0.062934,0.114491,0.010557,PB2
3299_A/chicken/Taiwan/A19,A/chicken/Taiwan/A1997/2012,0.086447,-0.006729,0.157199,0.009261,PB2
3300_A/chicken/Taiwan/D2/,A/chicken/Taiwan/D2/2019,0.145459,0.058991,0.031523,0.07082,PB2
3301_A/chicken/Taiwan/D9/,A/chicken/Taiwan/D9/2019,0.145459,0.058991,0.031523,0.07082,PB2
3302_A/chicken/Taiwan/u7/,A/chicken/Taiwan/u7/2016,0.094539,0.039822,0.080825,0.105,PB2
3303_A/chicken/TC/a504/20,A/chicken/TC/a504/2015,0.069631,-0.061771,0.107622,0.036807,PB2
3304_A/chicken/TY/a665/20,A/chicken/TY/a665/2015,0.077448,-0.064257,0.116029,0.043537,PB2
3305_A/chicken/YL/A3190/2,A/chicken/YL/A3190/2014,0.076219,-0.01324,0.148629,0.020029,PB2
3306_A/chicken/Yunlin/150,A/chicken/Yunlin/15020048-1/2015,0.08556,0.038109,0.09206,0.107068,PB2
3307_A/chicken/Yunlin/150,A/chicken/Yunlin/15040002-2/2015,0.085998,0.026278,0.088137,0.084291,PB2
3308_A/chicken/Yunlin/150,A/chicken/Yunlin/15040027/2015,0.091288,0.028308,0.090895,0.088089,PB2
3309_A/chicken/Yunlin/150,A/chicken/Yunlin/15050037-2/2015,0.095013,0.027525,0.084016,0.091793,PB2
3310_A/chicken/Yunlin/150,A/chicken/Yunlin/15050039-2/2015,0.097635,0.029682,0.087263,0.089348,PB2
3311_A/chicken/Yunlin/150,A/chicken/Yunlin/15060014-1/2015,0.099897,0.031516,0.092662,0.08336,PB2
3312_A/chicken/Yunlin/150,A/chicken/Yunlin/15080024/2015,0.08968,-0.00046,0.092071,0.081843,PB2
3313_A/chicken/Yunlin/160,A/chicken/Yunlin/16010001-1/2016,0.099343,0.038253,0.092531,0.098239,PB2
3314_A/chicken/Yunlin/160,A/chicken/Yunlin/16010008-1/2016,0.085029,0.020011,0.092801,0.096806,PB2
3315_A/chicken/Yunlin/160,A/chicken/Yunlin/16050053/2016,0.088193,0.016388,0.089388,0.087818,PB2
3316_A/chicken/Yunlin/170,A/chicken/Yunlin/17010014/2017,0.10828,0.035175,0.06209,0.121904,PB2
3317_A/chicken/Yunlin/170,A/chicken/Yunlin/17020094-1/2017,0.101078,0.042058,0.072147,0.108216,PB2
3318_A/chicken/Yunlin/170,A/chicken/Yunlin/17020095-2/2017,0.096862,0.033725,0.075435,0.106916,PB2
3319_A/chicken/Yunlin/170,A/chicken/Yunlin/17030001-1/2017,0.103569,0.034658,0.076964,0.110319,PB2
3320_A/chicken/Yunlin/170,A/chicken/Yunlin/17030007-1/2017,0.09239,0.038898,0.08536,0.112635,PB2
3321_A/chicken/Yunlin/170,A/chicken/Yunlin/17030010-1/2017,0.104582,0.045726,0.072865,0.113148,PB2
3322_A/chicken/Yunlin/170,A/chicken/Yunlin/17030014-1/2017,0.103338,0.030102,0.069182,0.116405,PB2
3323_A/chicken/Yunlin/170,A/chicken/Yunlin/17030020-2/2017,0.102594,0.037383,0.072359,0.111725,PB2
3324_A/chicken/Yunlin/170,A/chicken/Yunlin/17030021-1/2017,0.102487,0.032547,0.075188,0.114182,PB2
3325_A/chicken/Yunlin/170,A/chicken/Yunlin/17030032-2/2017,0.093636,0.036628,0.09242,0.105809,PB2
3326_A/chicken/Yunlin/170,A/chicken/Yunlin/17030065-2/2017,0.088286,0.031307,0.08647,0.116881,PB2
3327_A/chicken/Yunlin/170,A/chicken/Yunlin/17040003-1/2017,0.090076,0.035353,0.083396,0.113902,PB2
3328_A/chicken/Yunlin/170,A/chicken/Yunlin/17040004-2/2017,0.102377,0.033301,0.078293,0.105731,PB2
3329_A/chicken/Yunlin/170,A/chicken/Yunlin/17040011-1/2017,0.105719,0.033792,0.078674,0.10636,PB2
3330_A/chicken/Yunlin/170,A/chicken/Yunlin/17060019/2017,0.100956,0.043169,0.082862,0.110621,PB2
3331_A/chicken/Yunlin/170,A/chicken/Yunlin/17070010/2017,0.101023,0.044983,0.074096,0.105751,PB2
3332_A/chicken/Yunlin/180,A/chicken/Yunlin/18010001-2/2018,0.091971,0.043041,0.078614,0.11391,PB2
3333_A/chicken/Yunlin/180,A/chicken/Yunlin/18010003-3/2018,0.090613,0.043227,0.074776,0.110336,PB2
3334_A/chicken/Yunlin/180,A/chicken/Yunlin/18010023-1/2018,0.104639,0.034898,0.08792,0.096741,PB2
3335_A/chicken/Yunlin/180,A/chicken/Yunlin/18020003-2/2018,0.108726,0.033125,0.068088,0.112294,PB2
3336_A/chicken/Yunlin/180,A/chicken/Yunlin/18020004-1/2018,0.108726,0.033125,0.068088,0.112294,PB2
3337_A/chicken/Yunlin/180,A/chicken/Yunlin/18020005-2/2018,0.106855,0.035068,0.072045,0.107194,PB2
3338_A/chicken/Yunlin/180,A/chicken/Yunlin/18020008-2/2018,0.103218,0.035293,0.086104,0.097617,PB2
3339_A/chicken/Yunlin/180,A/chicken/Yunlin/18030002-1/2018,0.091121,0.043189,0.070347,0.094763,PB2
3340_A/chicken/Yunlin/180,A/chicken/Yunlin/18050013-1/2018,0.092451,0.043416,0.092491,0.084838,PB2
3341_A/chicken/Yunlin/180,A/chicken/Yunlin/18060001-2/2018,0.096016,0.049813,0.080689,0.087474,PB2
3342_A/chicken/Yunlin/180,A/chicken/Yunlin/18080006-1/2018,0.086532,0.027664,0.059846,0.094178,PB2
3343_A/chicken/Zhejiang/1,A/chicken/Zhejiang/194/2016,0.112006,0.074392,0.074844,0.033099,PB2
3344_A/chicken/Zhejiang/2,A/chicken/Zhejiang/209/2016,0.102684,0.079868,0.021413,0.065532,PB2
3345_A/chicken/Zhejiang/2,A/chicken/Zhejiang/217/2016,0.112056,0.076198,0.075974,0.031824,PB2
3346_A/chicken/Zhejiang/2,A/chicken/Zhejiang/232/2016,0.103539,0.085522,0.007607,0.058088,PB2
3347_A/chicken/Zhejiang/7,A/chicken/Zhejiang/7450/2015,0.09837,0.091509,0.017515,0.0648,PB2
3348_A/chicken/Zhejiang/8,A/chicken/Zhejiang/81643/2015,0.096537,0.093269,0.015717,0.068318,PB2
3349_A/chicken/Zhejiang/5,A/chicken/Zhejiang/514135/2015,0.126721,0.061928,0.071392,0.037905,PB2
3350_A/chicken/Zhejiang/7,A/chicken/Zhejiang/727079/2014,0.067074,-0.02269,0.110095,0.032421,PB2
3351_A/chicken/Zhejiang/7,A/chicken/Zhejiang/727159/2014,0.067074,-0.02269,0.110095,0.032421,PB2
3352_A/duck/Changhua/15A0,A/duck/Changhua/15A03431-1-20T/2015,0.09558,0.039593,0.096828,0.092795,PB2
3353_A/duck/Changhua/15A0,A/duck/Changhua/15A03473-1-20T/2015,0.090002,0.025277,0.094501,0.099162,PB2
3354_A/duck/China/YD1516/,A/duck/China/YD1516/2016,0.1108,0.094971,0.018411,0.068948,PB2
3355_A/duck/Eastern_China,A/duck/Eastern_China/L0230/2010,0.124303,0.052335,0.027937,0.065626,PB2
3356_A/duck/Eastern_China,A/duck/Eastern_China/L0321/2010,0.111233,0.026287,0.05707,0.051398,PB2
3357_A/duck/Eastern_China,A/duck/Eastern_China/S0131/2014,0.107093,0.006124,0.029203,0.049642,PB2
3358_A/duck/Eastern_China,A/duck/Eastern_China/S0808/2014,0.107705,0.044219,0.054797,0.031477,PB2
3359_A/duck/Hebei/3/2011|,A/duck/Hebei/3/2011,0.092716,0.058546,0.033241,0.064826,PB2
3360_A/duck/Hsinchu/15020,A/duck/Hsinchu/15020216/2015,0.091288,0.028308,0.090895,0.088089,PB2
3361_A/duck/Hubei/03.06__,A/duck/Hubei/03.06__WHWTZ0107-O/2015(Mixed),0.090378,-0.018475,0.051346,0.074626,PB2
3362_A/duck/Hubei/SZY250/,A/duck/Hubei/SZY250/2016,0.113481,0.079922,0.027602,0.069847,PB2
3363_A/duck/Hunan/S4101/2,A/duck/Hunan/S4101/2011,0.164236,0.012771,0.079852,0.052015,PB2
3364_A/duck/Hunan/S4120/2,A/duck/Hunan/S4120/2011,0.151497,0.01284,0.075849,0.054147,PB2
3365_A/duck/Jiangsu/m234/,A/duck/Jiangsu/m234/2012,0.118574,0.044937,-0.007216,0.060116,PB2
3366_A/duck/Kaohsiung/150,A/duck/Kaohsiung/15010213/2015,0.093858,0.028221,0.090782,0.0952,PB2
3367_A/duck/Nantou/15A343,A/duck/Nantou/15A3437/2015,0.090002,0.025277,0.094501,0.099162,PB2
3368_A/duck/Nantou/17A024,A/duck/Nantou/17A0243/2017,0.102868,0.040569,0.077947,0.105031,PB2
3369_A/duck/Pingtung/17A0,A/duck/Pingtung/17A0160/2017,0.102631,0.04182,0.076967,0.106854,PB2
3370_A/duck/Pingtung/18A0,A/duck/Pingtung/18A00003-11-20T/2018,0.110665,0.030098,0.083968,0.101731,PB2
3371_A/duck/Pingtung/18A0,A/duck/Pingtung/18A00076-11-20T/2018,0.099636,0.041157,0.086801,0.110714,PB2
3372_A/duck/Pingtung/18X0,A/duck/Pingtung/18X00077/2018,0.125565,0.053311,0.05732,0.06887,PB2
3373_A/duck/Pingtung/1501,A/duck/Pingtung/15010444/2015,0.09611,0.03002,0.094793,0.092513,PB2
3374_A/duck/Taichung/1501,A/duck/Taichung/15010400-1/2015,0.092967,0.035426,0.093926,0.098738,PB2
3375_A/duck/Tainan/160100,A/duck/Tainan/16010024-1/2016,0.080914,0.017831,0.086616,0.072705,PB2
3376_A/duck/Taipei/05WB83,A/duck/Taipei/05WB830-1-5-E2/2005,0.107959,-0.030208,0.098507,0.083914,PB2
3377_A/duck/Taiwan/01006/,A/duck/Taiwan/01006/2015,0.093294,0.027946,0.094885,0.094595,PB2
3378_A/duck/Taiwan/11213/,A/duck/Taiwan/11213/2013,0.129985,0.019535,0.020988,0.080362,PB2
3379_A/duck/Taiwan/11254/,A/duck/Taiwan/11254/2013,0.11895,0.02652,0.0271,0.07398,PB2
3380_A/duck/Taiwan/a043/2,A/duck/Taiwan/a043/2015,0.09227,0.028666,0.094377,0.091305,PB2
3381_A/duck/Taiwan/DV1238,A/duck/Taiwan/DV1238/2009,0.149833,0.015974,0.059961,0.064276,PB2
3382_A/duck/Taiwan/DV1241,A/duck/Taiwan/DV1241/2009,0.149833,0.015974,0.059961,0.064276,PB2
3383_A/duck/Taiwan/DV1242,A/duck/Taiwan/DV1242/2009,0.149833,0.015974,0.059961,0.064276,PB2
3384_A/duck/Taoyuan/16010,A/duck/Taoyuan/16010023-1/2016,0.086612,0.012033,0.100439,0.098851,PB2
3385_A/duck/Yilan/17A0092,A/duck/Yilan/17A0092/2017,0.109333,0.036186,0.077624,0.115735,PB2
3386_A/duck/Yunlin/15A501,A/duck/Yunlin/15A5019/2015,0.093454,0.023613,0.103822,0.077876,PB2
3387_A/duck/Yunlin/17A008,A/duck/Yunlin/17A0086/2017,0.098173,0.035119,0.076472,0.108923,PB2
3388_A/duck/Yunlin/17A068,A/duck/Yunlin/17A0686/2017,0.108283,0.042478,0.077857,0.114825,PB2
3389_A/duck/Yunlin/18X000,A/duck/Yunlin/18X00007-3/2018,0.058381,0.105654,0.061787,0.005301,PB2
3390_A/duck/Yunlin/150102,A/duck/Yunlin/15010244-1/2015,0.095076,0.037546,0.093597,0.099199,PB2
3391_A/duck/Yunlin/150103,A/duck/Yunlin/15010310-4/2015,0.096174,0.036841,0.093605,0.100754,PB2
3392_A/duck/Yunlin/150103,A/duck/Yunlin/15010318-2/2015,0.090427,0.028085,0.091845,0.093199,PB2
3393_A/duck/Yunlin/150103,A/duck/Yunlin/15010369-1/2015,0.095076,0.037546,0.093597,0.099199,PB2
3394_A/duck/Yunlin/150700,A/duck/Yunlin/15070002-2/2015,0.089458,0.013532,0.093301,0.089815,PB2
3395_A/duck/Yunlin/171100,A/duck/Yunlin/17110001/2017,0.094954,0.02953,0.073481,0.104371,PB2
3396_A/duck/Yunlin/180600,A/duck/Yunlin/18060007-3/2018,0.093569,0.023514,0.066435,0.098476,PB2
3397_A/duck/Zhejiang/7713,A/duck/Zhejiang/77138/2014,0.080074,-0.07175,0.090736,0.034441,PB2
3398_A/duck/Zhejiang/7270,A/duck/Zhejiang/727041/2014,0.058519,-0.03962,0.109871,0.028722,PB2
3399_A/duck/Zhejiang/1026,A/duck/Zhejiang/1026109/2015,0.109455,0.090587,0.025473,0.060653,PB2
3400_A/Environment/Shando,A/Environment/Shandong/WS15/2022,0.066935,-0.035882,0.088503,0.100482,PB2
3401_A/Environment/Shando,A/Environment/Shandong/WS16/2022,0.072361,-0.034723,0.099386,0.102196,PB2
3402_A/Environment/Shando,A/Environment/Shandong/WS19/2022,0.069875,-0.031727,0.097193,0.088493,PB2
3403_A/goose/Changhua/150,A/goose/Changhua/15040008/2015,0.089855,0.03746,0.091192,0.106734,PB2
3404_A/goose/Chiayi/15010,A/goose/Chiayi/15010008-3/2015,0.093472,0.034393,0.093455,0.087513,PB2
3405_A/goose/Chiayi/15010,A/goose/Chiayi/15010016-1/2015,0.099019,0.035625,0.086545,0.095898,PB2
3406_A/goose/Chiayi/16010,A/goose/Chiayi/16010017-2/2016,0.077602,0.016527,0.085656,0.077332,PB2
3407_A/goose/Chiayi/16040,A/goose/Chiayi/16040003-1/2016,0.095968,0.020058,0.098444,0.0851,PB2
3408_A/goose/Chiayi/16040,A/goose/Chiayi/16040005/2016,0.095968,0.020058,0.098444,0.0851,PB2
3409_A/goose/Chiayi/17020,A/goose/Chiayi/17020027-1/2017,0.106718,0.046467,0.075948,0.110946,PB2
3410_A/goose/Chiayi/17040,A/goose/Chiayi/17040014/2017,0.087723,0.020642,0.098045,0.094776,PB2
3411_A/goose/Chiayi/18010,A/goose/Chiayi/18010006/2018,0.095365,0.031865,0.072432,0.100279,PB2
3412_A/goose/Chiayi/18020,A/goose/Chiayi/18020014-2/2018,0.092776,0.029102,0.071931,0.115246,PB2
3413_A/goose/China/1106/2,A/goose/China/1106/2016,0.106319,0.088348,0.012395,0.057053,PB2
3414_A/goose/Pingtung/150,A/goose/Pingtung/15010007-4/2015,0.093907,0.029987,0.091887,0.093953,PB2
3415_A/goose/Pingtung/150,A/goose/Pingtung/15010037-1/2015,0.095005,0.029282,0.091895,0.095508,PB2
3416_A/goose/Shandong/01.,A/goose/Shandong/01.01_JY-GS/2015(H5N2),0.095219,0.084885,0.012913,0.067533,PB2
3417_A/goose/Shandong/01.,A/goose/Shandong/01.07_JQ-GS/2015(H5N2),0.104727,0.083627,0.005979,0.073911,PB2
3418_A/goose/Shandong/04.,A/goose/Shandong/04.22_GT/2015(H5N2),0.094246,0.081798,0.040689,0.072267,PB2
3419_A/goose/Tainan/17030,A/goose/Tainan/17030022-1/2017,0.103758,0.037534,0.079385,0.110772,PB2
3420_A/goose/Tainan/17030,A/goose/Tainan/17030024-1/2017,0.095138,0.04521,0.076799,0.10326,PB2
3421_A/goose/Tainan/18010,A/goose/Tainan/18010022-1/2018,0.088814,0.03915,0.080163,0.101127,PB2
3422_A/goose/Tainan/18050,A/goose/Tainan/18050014-1/2018,0.118782,0.04812,0.078784,0.115147,PB2
3423_A/goose/Taiwan/01022,A/goose/Taiwan/01022/2015,0.093893,0.038759,0.096195,0.096982,PB2
3424_A/goose/Taiwan/01023,A/goose/Taiwan/01023/2015,0.092501,0.023679,0.089198,0.09053,PB2
3425_A/goose/Taiwan/01031,A/goose/Taiwan/01031/2015,0.093903,0.027659,0.088978,0.085312,PB2
3426_A/goose/Taiwan/01040,A/goose/Taiwan/01040/2015,0.093763,0.031101,0.093747,0.093045,PB2
3427_A/goose/Taoyuan/1812,A/goose/Taoyuan/18120002-2/2018,0.155747,0.020941,0.049556,0.064346,PB2
3428_A/goose/Yunlin/15010,A/goose/Yunlin/15010005/2015,0.087008,0.028135,0.094793,0.0923,PB2
3429_A/goose/Yunlin/15010,A/goose/Yunlin/15010009-1/2015,0.094952,0.027721,0.095204,0.088167,PB2
3430_A/goose/Yunlin/15010,A/goose/Yunlin/15010010-2/2015,0.089691,0.027852,0.094171,0.092102,PB2
3431_A/goose/Yunlin/15010,A/goose/Yunlin/15010011-1/2015,0.087796,0.035622,0.094515,0.09002,PB2
3432_A/goose/Yunlin/16020,A/goose/Yunlin/16020008-4/2016,0.088378,0.012297,0.090232,0.087024,PB2
3433_A/goose/Yunlin/16020,A/goose/Yunlin/16020011-1/2016,0.09898,0.015388,0.08895,0.07569,PB2
3434_A/goose/Yunlin/16040,A/goose/Yunlin/16040002-2/2016,0.089394,0.01621,0.091566,0.086355,PB2
3435_A/goose/Yunlin/17100,A/goose/Yunlin/17100005/2017,0.093957,0.034771,0.089156,0.123943,PB2
3436_A/goose/Yunlin/18030,A/goose/Yunlin/18030020-2/2018,0.10728,0.048157,0.096506,0.109005,PB2
3437_A/goose/Yunlin/18030,A/goose/Yunlin/18030020-3/2018,0.10728,0.048157,0.096506,0.109005,PB2
3438_A/goose/Yunlin/18040,A/goose/Yunlin/18040002-3/2018,0.098761,0.034911,0.084567,0.112191,PB2
3439_A/goose/Yunlin/18040,A/goose/Yunlin/18040018-2/2018,0.100972,0.03081,0.090591,0.10223,PB2
3440_A/goose/Yunlin/18090,A/goose/Yunlin/18090002-3/2018,0.096665,0.039145,0.067006,0.09141,PB2
3441_A/goose/Yunlin/18090,A/goose/Yunlin/18090006-1/2018,0.130056,0.053009,0.053528,0.060395,PB2
3442_A/goose/Yunlin/18110,A/goose/Yunlin/18110002-3/2018,0.185472,-0.015048,0.054221,0.04337,PB2
3443_A/goose/Zhejiang/771,A/goose/Zhejiang/77166/2014,0.079837,-0.070499,0.089756,0.036263,PB2
3444_A/goose/Zhejiang/771,A/goose/Zhejiang/77167/2014,0.080074,-0.07175,0.090736,0.034441,PB2
3445_A/goose/Zhejiang/771,A/goose/Zhejiang/77168/2014,0.080074,-0.07175,0.090736,0.034441,PB2
3446_A/heron/Taiwan/17DB0,A/heron/Taiwan/17DB0001/2017,0.095658,0.039149,0.085769,0.112329,PB2
3447_A/parrot/Guangdong/2,A/parrot/Guangdong/258/2004,0.14095,0.077958,0.038556,0.012763,PB2
3448_A/Pigeon/Shandong/WS,A/Pigeon/Shandong/WS17/2022,0.075058,-0.03128,0.093532,0.091369,PB2
3449_A/Taiwan/DV413/2006|,A/Taiwan/DV413/2006,0.05933,0.028653,0.076295,0.054192,PB2
3450_A/Taiwan/DV518/2006|,A/Taiwan/DV518/2006,0.073405,0.029973,0.076978,0.051928,PB2
3451_A/thrush/Taiwan/1512,A/thrush/Taiwan/15120021/2015,0.08702,0.02617,0.09634,0.099337,PB2
3452_A/turkey/Changhua/16,A/turkey/Changhua/16010011-1/2016,0.087382,0.014072,0.08834,0.081668,PB2
3453_A/turkey/Chiayi/1801,A/turkey/Chiayi/18010013-3/2018,0.094913,0.032847,0.08411,0.098061,PB2
3454_A/turkey/Yunlin/1506,A/turkey/Yunlin/15060049-1/2015,0.09228,0.027339,0.085509,0.088658,PB2
3455_A/turkey/Yunlin/1802,A/turkey/Yunlin/18020020-2/2018,0.095944,0.038845,0.076753,0.098178,PB2
3456_A/turkey/Yunlin/1811,A/turkey/Yunlin/18110001-3/2018,0.110886,0.030933,0.084616,0.105232,PB2
3457_A/turkey/Yunlin/1812,A/turkey/Yunlin/18120005-2/2018,0.170935,-0.01318,0.058453,0.045196,PB2
3458_A/whooper_swan/Henan,A/whooper_swan/Henan/T578/2019,0.161475,0.056799,0.019407,0.081992,PB2
3459_A/whooper_swan/Henan,A/whooper_swan/Henan/T874/2018,0.161475,0.056799,0.019407,0.081992,PB2
3460_A/whooper_swan/Henan,A/whooper_swan/Henan/T880/2018,0.161475,0.056799,0.019407,0.081992,PB2
3461_A/whooper_swan/Henan,A/whooper_swan/Henan/T886/2018,0.161475,0.056799,0.019407,0.081992,PB2
3462_A/whooper_swan/Henan,A/whooper_swan/Henan/T888/2018,0.161475,0.056799,0.019407,0.081992,PB2
3463_A/whooper_swan/Henan,A/whooper_swan/Henan/Y120/2018,0.161475,0.056799,0.019407,0.081992,PB2
3464_A/whooper_swan/Shanx,A/whooper_swan/Shanxi/SX116/2020,0.104546,0.013235,0.149299,0.039824,PB2
3465_A/wildfowl/China/472,A/wildfowl/China/472/2014,0.111829,0.029556,0.020829,0.067104,PB2
3466_A/Taiwan/DV413/2006_,A/Taiwan/DV413/2006_H5N2,0.05933,0.028653,0.076295,0.054192,PB2
3467_A/Taiwan/DV518/2006_,A/Taiwan/DV518/2006_H5N2,0.073405,0.029973,0.076978,0.051928,PB2
3468_A/baikal_teal/Xiangh,A/baikal_teal/Xianghai/426/2011_H5N2,0.069868,0.059834,0.058761,0.067065,PB2
3469_A/canvasback/Xiangha,A/canvasback/Xianghai/428/2011_H5N2,0.10159,0.030757,0.02548,0.039345,PB2
3470_A/chicken/Beijing/BJ,A/chicken/Beijing/BJ7/2014_H5N2,0.117808,0.059968,0.083394,0.075535,PB2
3471_A/chicken/CH/a556/20,A/chicken/CH/a556/2015_H5N2,0.068676,-0.059404,0.105863,0.036792,PB2
3472_A/chicken/Changhua/1,A/chicken/Changhua/15010120-1/2015_H5N2,0.084121,0.021506,0.096124,0.08567,PB2
3473_A/chicken/Changhua/1,A/chicken/Changhua/15010288/2015_H5N2,0.089504,0.021354,0.092251,0.089002,PB2
3474_A/chicken/Changhua/1,A/chicken/Changhua/15010324-2/2015_H5N2,0.095479,0.031733,0.093316,0.081063,PB2
3475_A/chicken/Changhua/1,A/chicken/Changhua/15010361-1/2015_H5N2,0.091258,0.037512,0.095386,0.099142,PB2
3476_A/chicken/Changhua/1,A/chicken/Changhua/15010362-2/2015_H5N2,0.09117,0.0374,0.099323,0.09608,PB2
3477_A/chicken/Changhua/1,A/chicken/Changhua/15010363-2/2015_H5N2,0.100481,0.036543,0.082093,0.099038,PB2
3478_A/chicken/Changhua/1,A/chicken/Changhua/15050013-1/2015_H5N2,0.097663,0.039414,0.08976,0.094574,PB2
3479_A/chicken/Changhua/1,A/chicken/Changhua/15060027-2/2015_H5N2,0.097663,0.039414,0.08976,0.094574,PB2
3480_A/chicken/Changhua/1,A/chicken/Changhua/15060037-1/2015_H5N2,0.097663,0.039414,0.08976,0.094574,PB2
3481_A/chicken/Changhua/1,A/chicken/Changhua/15120008/2015_H5N2,0.089738,0.024012,0.087918,0.08427,PB2
3482_A/chicken/Changhua/1,A/chicken/Changhua/16010060-2/2016_H5N2,0.092067,0.053403,0.082693,0.107782,PB2
3483_A/chicken/Changhua/1,A/chicken/Changhua/17060006/2017_H5N2,0.093244,0.029579,0.095051,0.09931,PB2
3484_A/chicken/Changhua/1,A/chicken/Changhua/18040008-1/2018_H5N2,0.110593,0.040321,0.085643,0.106709,PB2
3485_A/chicken/Chiayi/150,A/chicken/Chiayi/15010287-2/2015_H5N2,0.089504,0.021354,0.092251,0.089002,PB2
3486_A/chicken/Chiayi/150,A/chicken/Chiayi/15010409-2/2015_H5N2,0.091544,0.035184,0.094715,0.09555,PB2
3487_A/chicken/Chiayi/170,A/chicken/Chiayi/17040009-2/2017_H5N2,0.098333,0.042907,0.068299,0.10252,PB2
3488_A/chicken/Chiayi/181,A/chicken/Chiayi/18120003-1/2018_H5N2,0.169915,-0.013484,0.071545,0.050392,PB2
3489_A/chicken/Chiping/03,A/chicken/Chiping/0321/2014_H5N2,0.129945,0.062111,0.081915,0.070693,PB2
3490_A/chicken/Eastern_Ch,A/chicken/Eastern_China/HF9/2018_H5N2,0.083932,0.042067,0.071782,0.032551,PB2
3491_A/chicken/Eastern_Ch,A/chicken/Eastern_China/QY5/2018_H5N2,0.092167,0.043167,0.076849,0.032374,PB2
3492_A/chicken/GY/a451/20,A/chicken/GY/a451/2015_H5N2,0.073238,-0.058154,0.106702,0.037951,PB2
3493_A/chicken/Hebei/1102,A/chicken/Hebei/1102-MA/2010_H5N2,0.134182,0.031121,0.067226,0.042874,PB2
3494_A/chicken/Hebei/1102,A/chicken/Hebei/1102/2010_H5N2,0.136559,0.032453,0.067042,0.041662,PB2
3495_A/chicken/Hebei/3/20,A/chicken/Hebei/3/2013_H5N2,0.164274,0.078255,0.063512,0.082361,PB2
3496_A/chicken/Heilongjia,A/chicken/Heilongjiang/S7/2014_H5N2,0.075989,-0.027387,0.114554,0.03193,PB2
3497_A/chicken/Henan/Q7/2,A/chicken/Henan/Q7/2013_H5N2,0.134538,0.063473,0.083909,0.063522,PB2
3498_A/chicken/Hsinchu/16,A/chicken/Hsinchu/16080004-2/2016_H5N2,0.09154,0.039448,0.081848,0.098267,PB2
3499_A/chicken/Jiangsu/10,A/chicken/Jiangsu/1001/2013_H5N2,0.123606,0.069099,0.059585,0.073095,PB2
3500_A/chicken/Jiangsu/XZ,A/chicken/Jiangsu/XZ216/2014_H5N2,0.129073,0.056844,0.080926,0.07419,PB2
3501_A/chicken/Kaohsiung/,A/chicken/Kaohsiung/17040007/2017_H5N2,0.102631,0.04182,0.076967,0.106854,PB2
3502_A/chicken/Kaohsiung/,A/chicken/Kaohsiung/17100002/2017_H5N2,0.105554,0.039159,0.073254,0.115627,PB2
3503_A/chicken/Kaohsiung/,A/chicken/Kaohsiung/18080004-1/2018_H5N2,0.126814,0.051112,0.047036,0.068305,PB2
3504_A/chicken/Kaohsiung/,A/chicken/Kaohsiung/18080004-2/2018_H5N2,0.126814,0.051112,0.047036,0.068305,PB2
3505_A/chicken/New_Taipei,A/chicken/New_Taipei_City/17040002-2/2017_H5N2,0.108713,0.03943,0.074669,0.117403,PB2
3506_A/chicken/New_Taipei,A/chicken/New_Taipei_City/18010021-3/2018_H5N2,0.094651,0.035432,0.084239,0.10322,PB2
3507_A/chicken/PH/A2821/2,A/chicken/PH/A2821/2013_H5N2,0.063838,-0.054478,0.100317,0.011681,PB2
3508_A/chicken/PT/a158/20,A/chicken/PT/a158/2015_H5N2,0.07019,-0.060533,0.109205,0.041539,PB2
3509_A/chicken/Pingtung/1,A/chicken/Pingtung/15050006-1/2015_H5N2,0.089425,0.027411,0.08655,0.088964,PB2
3510_A/chicken/Pingtung/1,A/chicken/Pingtung/16020009-3/2016_H5N2,0.091206,0.022307,0.094774,0.092137,PB2
3511_A/chicken/Pingtung/1,A/chicken/Pingtung/18010017-1/2018_H5N2,0.115656,0.037632,0.089381,0.106431,PB2
3512_A/chicken/Pingtung/1,A/chicken/Pingtung/18020015-1/2018_H5N2,0.095748,0.035416,0.084372,0.106763,PB2
3513_A/chicken/Qingdao/1/,A/chicken/Qingdao/1/2014_H5N2,0.130891,0.060912,0.081673,0.073892,PB2
3514_A/chicken/SC/a688/20,A/chicken/SC/a688/2015_H5N2,0.091532,-0.041379,0.124774,-0.017913,PB2
3515_A/chicken/Shandong/S,A/chicken/Shandong/S3/2014_H5N2,0.128578,0.062038,0.079586,0.074204,PB2
3516_A/chicken/Shijiazhua,A/chicken/Shijiazhuang/1209/2013_H5N2,0.125113,0.106865,0.076969,0.05254,PB2
3517_A/chicken/TC/a504/20,A/chicken/TC/a504/2015_H5N2,0.069631,-0.061771,0.107622,0.036807,PB2
3518_A/chicken/TY/a665/20,A/chicken/TY/a665/2015_H5N2,0.077448,-0.064257,0.116029,0.043537,PB2
3519_A/chicken/Taichung/1,A/chicken/Taichung/15010399/2015_H5N2,0.094217,0.037,0.09487,0.099971,PB2
3520_A/chicken/Taichung/1,A/chicken/Taichung/16040032-3/2016_H5N2,0.089394,0.01621,0.091566,0.086355,PB2
3521_A/chicken/Taichung/1,A/chicken/Taichung/16050044-2/2016_H5N2,0.086034,0.014404,0.089935,0.094003,PB2
3522_A/chicken/Tainan/160,A/chicken/Tainan/16040035-1/2016_H5N2,0.088998,0.029453,0.074704,0.096284,PB2
3523_A/chicken/Taipei_Cit,A/chicken/Taipei_City/18010007-3/2018_H5N2,0.09654,0.02704,0.081351,0.104869,PB2
3524_A/chicken/Taipei_Cit,A/chicken/Taipei_City/18010008-3/2018_H5N2,0.09752,0.033525,0.081968,0.096851,PB2
3525_A/chicken/Taiwan/010,A/chicken/Taiwan/0101/2012_H5N2,0.086384,-0.028499,0.113804,0.012086,PB2
3526_A/chicken/Taiwan/050,A/chicken/Taiwan/0502/2012_H5N2,0.058774,-0.05427,0.098717,0.026173,PB2
3527_A/chicken/Taiwan/168,A/chicken/Taiwan/1682/2013_H5N2,0.105714,-0.024465,0.111775,0.01208,PB2
3528_A/chicken/Taiwan/169,A/chicken/Taiwan/1692/2013_H5N2,0.106637,-0.022396,0.110479,0.011492,PB2
3529_A/chicken/Taiwan/170,A/chicken/Taiwan/1704/2013_H5N2,0.105714,-0.024465,0.111775,0.01208,PB2
3530_A/chicken/Taiwan/171,A/chicken/Taiwan/1711/2013_H5N2,0.108681,-0.022397,0.113807,0.010838,PB2
3531_A/chicken/Taiwan/259,A/chicken/Taiwan/2593/2012_H5N2,0.063251,-0.07527,0.092537,0.020458,PB2
3532_A/chicken/Taiwan/294,A/chicken/Taiwan/2948/2013_H5N2,0.063251,-0.07527,0.092537,0.020458,PB2
3533_A/chicken/Taiwan/444,A/chicken/Taiwan/4443/2013_H5N2,0.055071,-0.076288,0.10398,0.010068,PB2
3534_A/chicken/Taiwan/683,A/chicken/Taiwan/683/2012_H5N2,0.065651,-0.04998,0.107996,0.004468,PB2
3535_A/chicken/Taiwan/735,A/chicken/Taiwan/7350/2013_H5N2,0.049705,-0.076225,0.089998,0.009033,PB2
3536_A/chicken/Taiwan/898,A/chicken/Taiwan/8988/2013_H5N2,0.075167,-0.072416,0.098271,0.022833,PB2
3537_A/chicken/Taiwan/899,A/chicken/Taiwan/8994/2013_H5N2,0.07476,-0.072307,0.097554,0.023611,PB2
3538_A/chicken/Taiwan/899,A/chicken/Taiwan/8996/2013_H5N2,0.075167,-0.072416,0.098271,0.022833,PB2
3539_A/chicken/Taiwan/A1/,A/chicken/Taiwan/A1/2019_H5N2,0.098774,-0.062934,0.114491,0.010557,PB2
3540_A/chicken/Taiwan/A19,A/chicken/Taiwan/A1997/2012_H5N2,0.086447,-0.006729,0.157199,0.009261,PB2
3541_A/chicken/Taiwan/D2/,A/chicken/Taiwan/D2/2019_H5N2,0.145459,0.058991,0.031523,0.07082,PB2
3542_A/chicken/Taiwan/D9/,A/chicken/Taiwan/D9/2019_H5N2,0.145459,0.058991,0.031523,0.07082,PB2
3543_A/chicken/Tibet/LZ01,A/chicken/Tibet/LZ01/2010_H5N2,0.043138,-0.008028,0.062118,-0.028498,PB2
3544_A/chicken/Wuhan/WHJF,A/chicken/Wuhan/WHJF/2014_H5N2,0.128097,0.037073,0.034605,0.066786,PB2
3545_A/chicken/YL/A3190/2,A/chicken/YL/A3190/2014_H5N2,0.076219,-0.01324,0.148629,0.020029,PB2
3546_A/chicken/Yunlin/150,A/chicken/Yunlin/15020048-1/2015_H5N2,0.08556,0.038109,0.09206,0.107068,PB2
3547_A/chicken/Yunlin/150,A/chicken/Yunlin/15040002-2/2015_H5N2,0.085998,0.026278,0.088137,0.084291,PB2
3548_A/chicken/Yunlin/150,A/chicken/Yunlin/15040027/2015_H5N2,0.091288,0.028308,0.090895,0.088089,PB2
3549_A/chicken/Yunlin/150,A/chicken/Yunlin/15050037-2/2015_H5N2,0.095013,0.027525,0.084016,0.091793,PB2
3550_A/chicken/Yunlin/150,A/chicken/Yunlin/15050039-2/2015_H5N2,0.097635,0.029682,0.087263,0.089348,PB2
3551_A/chicken/Yunlin/150,A/chicken/Yunlin/15060014-1/2015_H5N2,0.099897,0.031516,0.092662,0.08336,PB2
3552_A/chicken/Yunlin/150,A/chicken/Yunlin/15080024/2015_H5N2,0.08968,-0.00046,0.092071,0.081843,PB2
3553_A/chicken/Yunlin/160,A/chicken/Yunlin/16010001-1/2016_H5N2,0.099343,0.038253,0.092531,0.098239,PB2
3554_A/chicken/Yunlin/160,A/chicken/Yunlin/16010008-1/2016_H5N2,0.085029,0.020011,0.092801,0.096806,PB2
3555_A/chicken/Yunlin/160,A/chicken/Yunlin/16050053/2016_H5N2,0.088193,0.016388,0.089388,0.087818,PB2
3556_A/chicken/Yunlin/170,A/chicken/Yunlin/17010014/2017_H5N2,0.10828,0.035175,0.06209,0.121904,PB2
3557_A/chicken/Yunlin/170,A/chicken/Yunlin/17020094-1/2017_H5N2,0.101078,0.042058,0.072147,0.108216,PB2
3558_A/chicken/Yunlin/170,A/chicken/Yunlin/17020095-2/2017_H5N2,0.096862,0.033725,0.075435,0.106916,PB2
3559_A/chicken/Yunlin/170,A/chicken/Yunlin/17030001-1/2017_H5N2,0.103569,0.034658,0.076964,0.110319,PB2
3560_A/chicken/Yunlin/170,A/chicken/Yunlin/17030007-1/2017_H5N2,0.09239,0.038898,0.08536,0.112635,PB2
3561_A/chicken/Yunlin/170,A/chicken/Yunlin/17030010-1/2017_H5N2,0.104582,0.045726,0.072865,0.113148,PB2
3562_A/chicken/Yunlin/170,A/chicken/Yunlin/17030014-1/2017_H5N2,0.103338,0.030102,0.069182,0.116405,PB2
3563_A/chicken/Yunlin/170,A/chicken/Yunlin/17030020-2/2017_H5N2,0.102594,0.037383,0.072359,0.111725,PB2
3564_A/chicken/Yunlin/170,A/chicken/Yunlin/17030021-1/2017_H5N2,0.102487,0.032547,0.075188,0.114182,PB2
3565_A/chicken/Yunlin/170,A/chicken/Yunlin/17030032-2/2017_H5N2,0.093636,0.036628,0.09242,0.105809,PB2
3566_A/chicken/Yunlin/170,A/chicken/Yunlin/17030065-2/2017_H5N2,0.088286,0.031307,0.08647,0.116881,PB2
3567_A/chicken/Yunlin/170,A/chicken/Yunlin/17040003-1/2017_H5N2,0.090076,0.035353,0.083396,0.113902,PB2
3568_A/chicken/Yunlin/170,A/chicken/Yunlin/17040004-2/2017_H5N2,0.102377,0.033301,0.078293,0.105731,PB2
3569_A/chicken/Yunlin/170,A/chicken/Yunlin/17040011-1/2017_H5N2,0.105719,0.033792,0.078674,0.10636,PB2
3570_A/chicken/Yunlin/170,A/chicken/Yunlin/17060019/2017_H5N2,0.100956,0.043169,0.082862,0.110621,PB2
3571_A/chicken/Yunlin/170,A/chicken/Yunlin/17070010/2017_H5N2,0.101023,0.044983,0.074096,0.105751,PB2
3572_A/chicken/Yunlin/180,A/chicken/Yunlin/18010001-2/2018_H5N2,0.091971,0.043041,0.078614,0.11391,PB2
3573_A/chicken/Yunlin/180,A/chicken/Yunlin/18010023-1/2018_H5N2,0.104639,0.034898,0.08792,0.096741,PB2
3574_A/chicken/Yunlin/180,A/chicken/Yunlin/18020003-2/2018_H5N2,0.108726,0.033125,0.068088,0.112294,PB2
3575_A/chicken/Yunlin/180,A/chicken/Yunlin/18020004-1/2018_H5N2,0.108726,0.033125,0.068088,0.112294,PB2
3576_A/chicken/Yunlin/180,A/chicken/Yunlin/18020005-2/2018_H5N2,0.106855,0.035068,0.072045,0.107194,PB2
3577_A/chicken/Yunlin/180,A/chicken/Yunlin/18020008-2/2018_H5N2,0.103218,0.035293,0.086104,0.097617,PB2
3578_A/chicken/Yunlin/180,A/chicken/Yunlin/18030002-1/2018_H5N2,0.091121,0.043189,0.070347,0.094763,PB2
3579_A/chicken/Yunlin/180,A/chicken/Yunlin/18050013-1/2018_H5N2,0.092451,0.043416,0.092491,0.084838,PB2
3580_A/chicken/Yunlin/180,A/chicken/Yunlin/18060001-2/2018_H5N2,0.096016,0.049813,0.080689,0.087474,PB2
3581_A/chicken/Yunlin/180,A/chicken/Yunlin/18080006-1/2018_H5N2,0.086532,0.027664,0.059846,0.094178,PB2
3582_A/chicken/Zhejiang/1,A/chicken/Zhejiang/194/2016_H5N2,0.112006,0.074392,0.074844,0.033099,PB2
3583_A/chicken/Zhejiang/2,A/chicken/Zhejiang/209/2016_H5N2,0.102684,0.079868,0.021413,0.065532,PB2
3584_A/chicken/Zhejiang/2,A/chicken/Zhejiang/217/2016_H5N2,0.112056,0.076198,0.075974,0.031824,PB2
3585_A/chicken/Zhejiang/2,A/chicken/Zhejiang/232/2016_H5N2,0.103539,0.085522,0.007607,0.058088,PB2
3586_A/chicken/Zhejiang/5,A/chicken/Zhejiang/514135/2015_H5N2,0.126721,0.061928,0.071392,0.037905,PB2
3587_A/chicken/Zhejiang/7,A/chicken/Zhejiang/727079/2014_H5N2,0.067074,-0.02269,0.110095,0.032421,PB2
3588_A/chicken/Zhejiang/7,A/chicken/Zhejiang/727159/2014_H5N2,0.067074,-0.02269,0.110095,0.032421,PB2
3589_A/chicken/Zhejiang/7,A/chicken/Zhejiang/7450/2015_H5N2,0.09837,0.091509,0.017515,0.0648,PB2
3590_A/chicken/Zhejiang/8,A/chicken/Zhejiang/81643/2015_H5N2,0.096537,0.093269,0.015717,0.068318,PB2
3591_A/duck/Changhua/15A0,A/duck/Changhua/15A03431-1-20T/2015_H5N2,0.09558,0.039593,0.096828,0.092795,PB2
3592_A/duck/Changhua/15A0,A/duck/Changhua/15A03473-1-20T/2015_H5N2,0.090002,0.025277,0.094501,0.099162,PB2
3593_A/duck/China/YD1516/,A/duck/China/YD1516/2016_H5N2,0.1108,0.094971,0.018411,0.068948,PB2
3594_A/duck/Eastern_China,A/duck/Eastern_China/1111/2011_H5N2,0.105376,0.040884,0.049399,0.048088,PB2
3595_A/duck/Eastern_China,A/duck/Eastern_China/L0230/2010_H5N2,0.124303,0.052335,0.027937,0.065626,PB2
3596_A/duck/Eastern_China,A/duck/Eastern_China/L0321/2010_H5N2,0.111233,0.026287,0.05707,0.051398,PB2
3597_A/duck/Eastern_China,A/duck/Eastern_China/S0131/2014_H5N2,0.107093,0.006124,0.029203,0.049642,PB2
3598_A/duck/Eastern_China,A/duck/Eastern_China/S0808/2014_H5N2,0.107705,0.044219,0.054797,0.031477,PB2
3599_A/duck/Hebei/0908/20,A/duck/Hebei/0908/2009_H5N2,0.101638,-0.027427,0.071148,0.084686,PB2
3600_A/duck/Hong_Kong/342,A/duck/Hong_Kong/342/1978_H5N2,0.114412,0.052003,0.041609,0.045508,PB2
3601_A/duck/Hsinchu/15020,A/duck/Hsinchu/15020216/2015_H5N2,0.091288,0.028308,0.090895,0.088089,PB2
3602_A/duck/Hubei/SZY250/,A/duck/Hubei/SZY250/2016_H5N2,0.113481,0.079922,0.027602,0.069847,PB2
3603_A/duck/Hunan/S4101/2,A/duck/Hunan/S4101/2011_H5N2,0.164236,0.012771,0.079852,0.052015,PB2
3604_A/duck/Hunan/S4120/2,A/duck/Hunan/S4120/2011_H5N2,0.151497,0.01284,0.075849,0.054147,PB2
3605_A/duck/Jiangsu/m234/,A/duck/Jiangsu/m234/2012_H5N2,0.118574,0.044937,-0.007216,0.060116,PB2
3606_A/duck/Kaohsiung/150,A/duck/Kaohsiung/15010213/2015_H5N2,0.093858,0.028221,0.090782,0.0952,PB2
3607_A/duck/Nantou/15A343,A/duck/Nantou/15A3437/2015_H5N2,0.090002,0.025277,0.094501,0.099162,PB2
3608_A/duck/Nantou/17A024,A/duck/Nantou/17A0243/2017_H5N2,0.102868,0.040569,0.077947,0.105031,PB2
3609_A/duck/Pingtung/1501,A/duck/Pingtung/15010444/2015_H5N2,0.09611,0.03002,0.094793,0.092513,PB2
3610_A/duck/Pingtung/17A0,A/duck/Pingtung/17A0160/2017_H5N2,0.102631,0.04182,0.076967,0.106854,PB2
3611_A/duck/Pingtung/18A0,A/duck/Pingtung/18A00003-11-20T/2018_H5N2,0.110665,0.030098,0.083968,0.101731,PB2
3612_A/duck/Pingtung/18A0,A/duck/Pingtung/18A00076-11-20T/2018_H5N2,0.099636,0.041157,0.086801,0.110714,PB2
3613_A/duck/Pingtung/18X0,A/duck/Pingtung/18X00077/2018_H5N2,0.125565,0.053311,0.05732,0.06887,PB2
3614_A/duck/Taichung/1501,A/duck/Taichung/15010400-1/2015_H5N2,0.092967,0.035426,0.093926,0.098738,PB2
3615_A/duck/Tainan/160100,A/duck/Tainan/16010020-1/2016_H5N2,0.080914,0.017831,0.086616,0.072705,PB2
3616_A/duck/Taipei/05WB83,A/duck/Taipei/05WB830-1-5-E2/2005_H5N2,0.107959,-0.030208,0.098507,0.083914,PB2
3617_A/duck/Taiwan/01006/,A/duck/Taiwan/01006/2015_H5N2,0.093294,0.027946,0.094885,0.094595,PB2
3618_A/duck/Taiwan/11213/,A/duck/Taiwan/11213/2013_H5N2,0.129985,0.019535,0.020988,0.080362,PB2
3619_A/duck/Taiwan/11254/,A/duck/Taiwan/11254/2013_H5N2,0.11895,0.02652,0.0271,0.07398,PB2
3620_A/duck/Taiwan/DV1238,A/duck/Taiwan/DV1238/2009_H5N2,0.149833,0.015974,0.059961,0.064276,PB2
3621_A/duck/Taiwan/DV1241,A/duck/Taiwan/DV1241/2009_H5N2,0.149833,0.015974,0.059961,0.064276,PB2
3622_A/duck/Taiwan/DV1242,A/duck/Taiwan/DV1242/2009_H5N2,0.149833,0.015974,0.059961,0.064276,PB2
3623_A/duck/Taoyuan/16010,A/duck/Taoyuan/16010023-1/2016_H5N2,0.086612,0.012033,0.100439,0.098851,PB2
3624_A/duck/Yilan/17A0092,A/duck/Yilan/17A0092/2017_H5N2,0.109333,0.036186,0.077624,0.115735,PB2
3625_A/duck/Yunlin/150102,A/duck/Yunlin/15010244-1/2015_H5N2,0.095076,0.037546,0.093597,0.099199,PB2
3626_A/duck/Yunlin/150103,A/duck/Yunlin/15010310-4/2015_H5N2,0.096174,0.036841,0.093605,0.100754,PB2
3627_A/duck/Yunlin/150103,A/duck/Yunlin/15010318-2/2015_H5N2,0.090427,0.028085,0.091845,0.093199,PB2
3628_A/duck/Yunlin/150103,A/duck/Yunlin/15010369-1/2015_H5N2,0.095076,0.037546,0.093597,0.099199,PB2
3629_A/duck/Yunlin/150700,A/duck/Yunlin/15070002-2/2015_H5N2,0.089458,0.013532,0.093301,0.089815,PB2
3630_A/duck/Yunlin/15A501,A/duck/Yunlin/15A5019/2015_H5N2,0.093454,0.023613,0.103822,0.077876,PB2
3631_A/duck/Yunlin/171100,A/duck/Yunlin/17110001/2017_H5N2,0.094954,0.02953,0.073481,0.104371,PB2
3632_A/duck/Yunlin/17A008,A/duck/Yunlin/17A0086/2017_H5N2,0.098173,0.035119,0.076472,0.108923,PB2
3633_A/duck/Yunlin/17A068,A/duck/Yunlin/17A0686/2017_H5N2,0.108283,0.042478,0.077857,0.114825,PB2
3634_A/duck/Yunlin/180600,A/duck/Yunlin/18060007-3/2018_H5N2,0.093569,0.023514,0.066435,0.098476,PB2
3635_A/duck/Yunlin/18X000,A/duck/Yunlin/18X00007-3/2018_H5N2,0.058381,0.105654,0.061787,0.005301,PB2
3636_A/duck/Zhejiang/1026,A/duck/Zhejiang/1026109/2015_H5N2,0.109455,0.090587,0.025473,0.060653,PB2
3637_A/duck/Zhejiang/6DK1,A/duck/Zhejiang/6DK19/2013_H5N2,0.041923,-0.01079,0.126219,0.023242,PB2
3638_A/duck/Zhejiang/7270,A/duck/Zhejiang/727041/2014_H5N2,0.058519,-0.03962,0.109871,0.028722,PB2
3639_A/duck/Zhejiang/7713,A/duck/Zhejiang/77138/2014_H5N2,0.080074,-0.07175,0.090736,0.034441,PB2
3640_A/goose/Changhua/150,A/goose/Changhua/15040008/2015_H5N2,0.089855,0.03746,0.091192,0.106734,PB2
3641_A/goose/Chiayi/15010,A/goose/Chiayi/15010008-3/2015_H5N2,0.093472,0.034393,0.093455,0.087513,PB2
3642_A/goose/Chiayi/15010,A/goose/Chiayi/15010016-1/2015_H5N2,0.099019,0.035625,0.086545,0.095898,PB2
3643_A/goose/Chiayi/16010,A/goose/Chiayi/16010017-2/2016_H5N2,0.077602,0.016527,0.085656,0.077332,PB2
3644_A/goose/Chiayi/16040,A/goose/Chiayi/16040003-1/2016_H5N2,0.095968,0.020058,0.098444,0.0851,PB2
3645_A/goose/Chiayi/16040,A/goose/Chiayi/16040005/2016_H5N2,0.095968,0.020058,0.098444,0.0851,PB2
3646_A/goose/Chiayi/17020,A/goose/Chiayi/17020027-1/2017_H5N2,0.106718,0.046467,0.075948,0.110946,PB2
3647_A/goose/Chiayi/17040,A/goose/Chiayi/17040014/2017_H5N2,0.087723,0.020642,0.098045,0.094776,PB2
3648_A/goose/Chiayi/18010,A/goose/Chiayi/18010006/2018_H5N2,0.095365,0.031865,0.072432,0.100279,PB2
3649_A/goose/Chiayi/18020,A/goose/Chiayi/18020014-1/2018_H5N2,0.092776,0.029102,0.071931,0.115246,PB2
3650_A/goose/Chiayi/18020,A/goose/Chiayi/18020014-2/2018_H5N2,0.092776,0.029102,0.071931,0.115246,PB2
3651_A/goose/China/1106/2,A/goose/China/1106/2016_H5N2,0.106319,0.088348,0.012395,0.057053,PB2
3652_A/goose/Eastern_Chin,A/goose/Eastern_China/1112/2011_H5N2,0.112,0.051135,0.039002,0.054282,PB2
3653_A/goose/Pingtung/150,A/goose/Pingtung/15010007-4/2015_H5N2,0.093907,0.029987,0.091887,0.093953,PB2
3654_A/goose/Pingtung/150,A/goose/Pingtung/15010037-1/2015_H5N2,0.095005,0.029282,0.091895,0.095508,PB2
3655_A/goose/Tainan/17030,A/goose/Tainan/17030022-1/2017_H5N2,0.103758,0.037534,0.079385,0.110772,PB2
3656_A/goose/Tainan/17030,A/goose/Tainan/17030024-1/2017_H5N2,0.095138,0.04521,0.076799,0.10326,PB2
3657_A/goose/Tainan/18010,A/goose/Tainan/18010022-1/2018_H5N2,0.088814,0.03915,0.080163,0.101127,PB2
3658_A/goose/Tainan/18050,A/goose/Tainan/18050014-1/2018_H5N2,0.118782,0.04812,0.078784,0.115147,PB2
3659_A/goose/Taiwan/01022,A/goose/Taiwan/01022/2015_H5N2,0.093893,0.038759,0.096195,0.096982,PB2
3660_A/goose/Taiwan/01023,A/goose/Taiwan/01023/2015_H5N2,0.092501,0.023679,0.089198,0.09053,PB2
3661_A/goose/Taiwan/01031,A/goose/Taiwan/01031/2015_H5N2,0.093903,0.027659,0.088978,0.085312,PB2
3662_A/goose/Taiwan/01040,A/goose/Taiwan/01040/2015_H5N2,0.093763,0.031101,0.093747,0.093045,PB2
3663_A/goose/Taoyuan/1812,A/goose/Taoyuan/18120002-2/2018_H5N2,0.155747,0.020941,0.049556,0.064346,PB2
3664_A/goose/Yunlin/15010,A/goose/Yunlin/15010005/2015_H5N2,0.087008,0.028135,0.094793,0.0923,PB2
3665_A/goose/Yunlin/15010,A/goose/Yunlin/15010009-1/2015_H5N2,0.094952,0.027721,0.095204,0.088167,PB2
3666_A/goose/Yunlin/15010,A/goose/Yunlin/15010010-2/2015_H5N2,0.089691,0.027852,0.094171,0.092102,PB2
3667_A/goose/Yunlin/15010,A/goose/Yunlin/15010011-1/2015_H5N2,0.087796,0.035622,0.094515,0.09002,PB2
3668_A/goose/Yunlin/15010,A/goose/Yunlin/15010029-1/2015_H5N2,0.090184,0.029145,0.093704,0.09227,PB2
3669_A/goose/Yunlin/16020,A/goose/Yunlin/16020008-4/2016_H5N2,0.088378,0.012297,0.090232,0.087024,PB2
3670_A/goose/Yunlin/16020,A/goose/Yunlin/16020011-1/2016_H5N2,0.09898,0.015388,0.08895,0.07569,PB2
3671_A/goose/Yunlin/16040,A/goose/Yunlin/16040002-2/2016_H5N2,0.089394,0.01621,0.091566,0.086355,PB2
3672_A/goose/Yunlin/17100,A/goose/Yunlin/17100005/2017_H5N2,0.093957,0.034771,0.089156,0.123943,PB2
3673_A/goose/Yunlin/18030,A/goose/Yunlin/18030020-2/2018_H5N2,0.10728,0.048157,0.096506,0.109005,PB2
3674_A/goose/Yunlin/18030,A/goose/Yunlin/18030020-3/2018_H5N2,0.10728,0.048157,0.096506,0.109005,PB2
3675_A/goose/Yunlin/18040,A/goose/Yunlin/18040002-3/2018_H5N2,0.098761,0.034911,0.084567,0.112191,PB2
3676_A/goose/Yunlin/18040,A/goose/Yunlin/18040018-2/2018_H5N2,0.100972,0.03081,0.090591,0.10223,PB2
3677_A/goose/Yunlin/18090,A/goose/Yunlin/18090002-3/2018_H5N2,0.096665,0.039145,0.067006,0.09141,PB2
3678_A/goose/Yunlin/18090,A/goose/Yunlin/18090006-1/2018_H5N2,0.130056,0.053009,0.053528,0.060395,PB2
3679_A/goose/Yunlin/18110,A/goose/Yunlin/18110002-3/2018_H5N2,0.185472,-0.015048,0.054221,0.04337,PB2
3680_A/goose/Zhejiang/771,A/goose/Zhejiang/77166/2014_H5N2,0.079837,-0.070499,0.089756,0.036263,PB2
3681_A/goose/Zhejiang/771,A/goose/Zhejiang/77167/2014_H5N2,0.080074,-0.07175,0.090736,0.034441,PB2
3682_A/goose/Zhejiang/771,A/goose/Zhejiang/77168/2014_H5N2,0.080074,-0.07175,0.090736,0.034441,PB2
3683_A/green-winged_teal/,A/green-winged_teal/Xianghai/430/2011_H5N2,0.106827,0.046107,0.058532,0.059127,PB2
3684_A/heron/Yilan/17DB00,A/heron/Yilan/17DB0001/2017_H5N2,0.095658,0.039149,0.085769,0.112329,PB2
3685_A/little_grebe/Xiang,A/little_grebe/Xianghai/429/2011_H5N2,0.09587,0.112677,0.053945,-0.004851,PB2
3686_A/night_heron/Taiwan,A/night_heron/Taiwan/A289/2015_H5N2,0.091705,0.020835,0.093127,0.090485,PB2
3687_A/parrot/Guangdong/2,A/parrot/Guangdong/258/2004_H5N2,0.14095,0.077958,0.038556,0.012763,PB2
3688_A/spot-billed_duck/X,A/spot-billed_duck/Xianghai/427/2011_H5N2,0.050971,0.062572,0.054182,0.0705,PB2
3689_A/thrush/Taipei_City,A/thrush/Taipei_City/15120021/2015_H5N2,0.08702,0.02617,0.09634,0.099337,PB2
3690_A/thrush/Taiwan/A234,A/thrush/Taiwan/A234/2015_H5N2,0.090941,0.029427,0.095115,0.093335,PB2
3691_A/turkey/Changhua/16,A/turkey/Changhua/16010011-1/2016_H5N2,0.087382,0.014072,0.08834,0.081668,PB2
3692_A/turkey/Chiayi/1801,A/turkey/Chiayi/18010013-3/2018_H5N2,0.094913,0.032847,0.08411,0.098061,PB2
3693_A/turkey/Yunlin/1506,A/turkey/Yunlin/15060049-1/2015_H5N2,0.09228,0.027339,0.085509,0.088658,PB2
3694_A/turkey/Yunlin/1802,A/turkey/Yunlin/18020020-2/2018_H5N2,0.095944,0.038845,0.076753,0.098178,PB2
3695_A/turkey/Yunlin/1811,A/turkey/Yunlin/18110001-3/2018_H5N2,0.110886,0.030933,0.084616,0.105232,PB2
3696_A/turkey/Yunlin/1812,A/turkey/Yunlin/18120005-2/2018_H5N2,0.170935,-0.01318,0.058453,0.045196,PB2
