label,Isolate,Axis1,Axis2,Axis3,Axis4,Host,Subtype
1_A/Indonesia/5/2005_,A/Indonesia/5/2005,0.028662,0.011741,-0.028503,0.027196,Human,N1
2_A/Hong_Kong/483/1997,A/Hong Kong/483/1997,0.026335,0.007279,0.00586,-0.000351,Human,N1
3_A/Hong_Kong/482/97_,A/Hong Kong/482/97,0.027216,0.000812,0.018354,0.000555,Human,N1
4_A/Chicken/HongKong/F,A/Chicken/HongKong/FY150/01,0.050433,0.021917,0.018196,0.036186,Avian,N1
5_A/Chicken/HongKong/Y,A/Chicken/HongKong/YU822.2/01,0.03485,0.014411,-0.016063,0.008517,Avian,N1
6_A/Chicken/HongKong/Y,A/Chicken/HongKong/YU562/01,0.046609,0.018889,-0.001155,0.010218,Avian,N1
7_A/Pheasant/Hong_Kong,A/Pheasant/Hong Kong/FY155/01,0.043972,0.020658,0.012024,0.015846,Avian,N1
8_A/Hong_Kong/486/97_,A/Hong Kong/486/97,0.028258,0.001967,0.017838,0.002701,Human,N1
9_A/Thailand/16/2004_,A/Thailand/16/2004,0.036239,0.009324,-0.017435,0.020644,Human,N1
10_A/Hong_Kong/538/97_,A/Hong Kong/538/97,0.02454,0.002282,0.01724,0.002351,Human,N1
11_A/chicken/Indonesia/,A/chicken/Indonesia/7/2003,0.033303,0.013911,-0.027076,0.023019,Avian,N1
12_A/chicken/Korea/ES/0,A/chicken/Korea/ES/03,0.031626,-0.00907,-0.02447,0.004815,Avian,N1
13_A/Hong_Kong/156/97_,A/Hong Kong/156/97,0.027121,0.003621,0.013075,0.004626,Human,N1
14_A/whooper_swan/Mongo,A/whooper swan/Mongolia/244/2005,0.032325,0.009241,-0.027082,0.033255,Avian,N1
15_A/Vietnam/UT3062/200,A/Vietnam/UT3062/2004,0.033828,0.022682,-0.017805,0.014603,Human,N1
16_A/Anas_crecca/Hubei/,A/Anas_crecca/Hubei/Chenhu1623-5/2014_H5N6,-0.04719,0.007338,-0.011519,-0.037362,Avian,N6
17_A/Anas_crecca/Hubei/,A/Anas_crecca/Hubei/Chenhu1623-5/2014,-0.045262,0.009207,-0.013843,-0.038213,Avian,N6
18_A/Anas_platyrhynchos,A/Anas_platyrhynchos/Chongming/H5N1_1/2024,0.034107,0.039375,0.020865,0.019504,Avian,N1
19_A/Anas_platyrhynchos,A/Anas_platyrhynchos/Jiujiang/H5N1/2024,0.032848,0.037784,0.020043,0.017813,Avian,N1
20_A/Anhui/1/2005|EPI_I,A/Anhui/1/2005,0.017387,-0.00231,-0.021623,0.011442,Human,N1
21_A/Anhui/1/2006|EPI_I,A/Anhui/1/2006,0.013558,-0.002508,-0.029965,0.001795,Human,N1
22_A/Anhui/2/2005|EPI_I,A/Anhui/2/2005,0.015452,-0.00302,-0.024305,0.012787,Human,N1
23_A/Anhui/2021-00011/2,A/Anhui/2021-00011/2020,-0.041039,0.007133,-0.006204,0.015606,Human,N6
24_A/Anhui/33163/2016|E,A/Anhui/33163/2016,-0.0122,0.003483,0.032921,0.022636,Human,N6
25_A/Anser_albifrons/Hu,A/Anser_albifrons/Hubei/Chenhu586/2013_H5N3,0.016507,0.032108,0.021132,-0.013236,Avian,Others
26_A/Anser_cygnoides/Ch,A/Anser_cygnoides/China/P126/2015,-0.028473,0.012618,-0.036407,-0.018803,Avian,N1
27_A/Anser_cygnoides/Hu,A/Anser_cygnoides/Hubei/FW44/2016,0.045734,0.031974,0.000196,0.007852,Avian,N8
28_A/Anser_fabalis/Huna,A/Anser_fabalis/Hunan/03.09__YYDTH0007/2015(H5N6),-0.032416,0.002576,-0.01405,-0.038047,Avian,N6
29_A/Anser_fabalis/Jiuj,A/Anser_fabalis/Jiujiang/H5N1/2024,0.033212,0.037731,0.019461,0.017279,Avian,N1
30_A/bar_headed_goose/T,A/bar_headed_goose/Tibet/T1707/2021,0.03504,0.049668,0.029331,0.004387,Avian,N8
31_A/Bar-headed_Goose/Q,A/Bar-headed_Goose/Qinghai/A11/2016,0.043428,0.033506,-0.008451,0.001411,Avian,N8
32_A/Bar-headed_Goose/Q,A/Bar-headed_Goose/Qinghai/A13/2016,0.044898,0.040865,-0.004149,0.001042,Avian,N8
33_A/Bar-headed_Goose/Q,A/Bar-headed_Goose/Qinghai/a15/2016,0.044847,0.036055,-0.00618,0.002227,Avian,N8
34_A/Bar-headed_Goose/Q,A/Bar-headed_Goose/Qinghai/A16/2016,0.046981,0.038564,-0.006085,0.000892,Avian,N8
35_A/Bar-headed_Goose/Q,A/Bar-headed_Goose/Qinghai/A17/2016,0.042865,0.039315,-0.005457,0.003284,Avian,N8
36_A/Bar-headed_Goose/Q,A/Bar-headed_Goose/Qinghai/A19/2016,0.043304,0.039257,-0.003536,-0.000895,Avian,N8
37_A/Bar-headed_Goose/Q,A/Bar-headed_Goose/Qinghai/A20/2016,0.044394,0.038742,-0.003582,0.002486,Avian,N8
38_A/Bar-headed_Goose/Q,A/Bar-headed_Goose/Qinghai/A22/2016,0.045062,0.038924,-0.006557,-0.003509,Avian,N8
39_A/Bar-headed_Goose/Q,A/Bar-headed_Goose/Qinghai/A23/2016,0.04228,0.039314,-0.004386,0.001627,Avian,N8
40_A/Bar-headed_Goose/Q,A/Bar-headed_Goose/Qinghai/a24/2016,0.043153,0.037662,-0.004481,0.001136,Avian,N8
41_A/Bar-headed_Goose/Q,A/Bar-headed_Goose/Qinghai/a26/2016,0.042174,0.038009,-0.005032,0.002146,Avian,N8
42_A/Bar-headed_Goose/Q,A/Bar-headed_Goose/Qinghai/a27/2016,0.043145,0.039728,-0.006962,0.001285,Avian,N8
43_A/Bar-headed_Goose/Q,A/Bar-headed_Goose/Qinghai/a32/2016,0.044412,0.039672,-0.004291,0.003891,Avian,N8
44_A/Bar-headed_Goose/Q,A/Bar-headed_Goose/Qinghai/a43/2016,0.042924,0.038551,-0.005663,0.001991,Avian,N8
45_A/Bar-headed_Goose/Q,A/Bar-headed_Goose/Qinghai/a45/2016,0.043719,0.037863,-0.003554,0.003135,Avian,N8
46_A/Bar-headed_Goose/Q,A/Bar-headed_Goose/Qinghai/a61/2016,0.043478,0.040007,-0.003967,0.002556,Avian,N8
47_A/Bar-headed_Goose/Q,A/Bar-headed_Goose/Qinghai/a88/2016,0.044808,0.040557,-0.005709,0.000475,Avian,N8
48_A/Bar-headed_Goose/Q,A/Bar-headed_Goose/Qinghai/a91/2016,0.045255,0.038858,-0.006413,0.003226,Avian,N8
49_A/Bar-headed_Goose/Q,A/Bar-headed_Goose/Qinghai/a92/2016,0.043261,0.037881,-0.006184,0.001858,Avian,N8
50_A/Bar-headed_Goose/Q,A/Bar-headed_Goose/Qinghai/a93/2016,0.045763,0.038548,-0.003328,0.000829,Avian,N8
51_A/Bar-headed_Goose/Q,A/Bar-headed_Goose/Qinghai/a113/2016,0.043582,0.037317,-0.006061,0.002776,Avian,N8
52_A/Bar-headed_Goose/Q,A/Bar-headed_Goose/Qinghai/a114/2016,0.043059,0.039225,-0.005106,0.003855,Avian,N8
53_A/Bar-headed_Goose/Q,A/Bar-headed_Goose/Qinghai/a115/2016,0.045036,0.033684,-0.010328,0.003834,Avian,N8
54_A/Bar-headed_Goose/Q,A/Bar-headed_Goose/Qinghai/a210/2017,0.041439,0.028255,0.002678,0.007185,Avian,N8
55_A/Bar-headed_Goose/Q,A/Bar-headed_Goose/Qinghai/a218/2017,0.039741,0.031699,0.00404,0.004599,Avian,N8
56_A/Bar-headed_Goose/Q,A/Bar-headed_Goose/Qinghai/a237/2017,0.039,0.028465,0.003939,0.008025,Avian,N8
57_A/Bar-headed_Goose/Q,A/Bar-headed_Goose/Qinghai/a765/2017,0.043118,0.031713,0.001935,0.008206,Avian,N8
58_A/Bar-headed_Goose/Q,A/Bar-headed_Goose/Qinghai/a893/2017,0.041404,0.03142,0.0006,0.009969,Avian,N8
59_A/Bar-headed_Goose/Q,A/Bar-headed_Goose/Qinghai/B11/2016,0.04326,0.038448,-0.006585,0.00084,Avian,N8
60_A/Bar-headed_Goose/Q,A/Bar-headed_Goose/Qinghai/B12/2016,0.044265,0.040345,-0.004066,-0.000134,Avian,N8
61_A/Bar-headed_Goose/Q,A/Bar-headed_Goose/Qinghai/B34/2016,0.04531,0.041539,-0.003529,0.0013,Avian,N8
62_A/Bar-headed_Goose/Q,A/Bar-headed_Goose/Qinghai/B44/2016,0.043642,0.040729,-0.007088,0.00033,Avian,N8
63_A/Bar-headed_Goose/Q,A/Bar-headed_Goose/Qinghai/B51/2016,0.04566,0.03797,-0.005258,0.001223,Avian,N8
64_A/Bar-headed_Goose/Q,A/Bar-headed_Goose/Qinghai/B54/2016,0.042179,0.038131,-0.006884,-0.000949,Avian,N8
65_A/Bar-headed_Goose/Q,A/Bar-headed_Goose/Qinghai/B655/2017,0.039229,0.031116,0.003582,0.005361,Avian,N8
66_A/Bar-headed_Goose/Q,A/Bar-headed_Goose/Qinghai/BTY1-B/2016,0.041639,0.038933,-0.004069,0.002033,Avian,N8
67_A/Bar-headed_Goose/Q,A/Bar-headed_Goose/Qinghai/BTY2/2015_H5N1,0.017767,0.003664,-0.015816,-0.010772,Avian,N1
68_A/Bar-headed_Goose/Q,A/Bar-headed_Goose/Qinghai/BTY2-B/2016,0.04517,0.038652,-0.005373,-0.00004,Avian,N8
69_A/Bar-headed_Goose/Q,A/Bar-headed_Goose/Qinghai/BTY2-LU/2016,0.044568,0.038526,-0.00347,0.00127,Avian,N8
70_A/Bar-headed_Goose/Q,A/Bar-headed_Goose/Qinghai/BTY3-B/2016,0.041208,0.040256,-0.003665,0.000791,Avian,N8
71_A/Bar-headed_Goose/Q,A/Bar-headed_Goose/Qinghai/BTY3-LU/2016,0.042117,0.040896,-0.005754,0.000741,Avian,N8
72_A/Bar-headed_Goose/Q,A/Bar-headed_Goose/Qinghai/BTY4-B/2016,0.041209,0.041525,-0.005824,-0.000144,Avian,N8
73_A/Bar-headed_Goose/Q,A/Bar-headed_Goose/Qinghai/BTY4-LU/2016,0.040992,0.040825,-0.006614,0.001733,Avian,N8
74_A/Bar-headed_Goose/Q,A/Bar-headed_Goose/Qinghai/BTY5-B/2016,0.042007,0.039547,-0.004994,0.000842,Avian,N8
75_A/Bar-headed_Goose/Q,A/Bar-headed_Goose/Qinghai/BTY6-B/2016,0.044068,0.037067,-0.001758,0.004673,Avian,N8
76_A/Bar-headed_Goose/Q,A/Bar-headed_Goose/Qinghai/BTY6-LU/2016,0.045206,0.038554,-0.002754,0.00169,Avian,N8
77_A/Bar-headed_Goose/Q,A/Bar-headed_Goose/Qinghai/BTY7-B/2016,0.046622,0.036271,-0.004731,0.001557,Avian,N8
78_A/Bar-headed_Goose/Q,A/Bar-headed_Goose/Qinghai/BTY7-LU1/2016,0.045246,0.036995,-0.003275,0.002222,Avian,N8
79_A/Bar-headed_Goose/Q,A/Bar-headed_Goose/Qinghai/BTY7-LU2/2016,0.044959,0.037721,-0.00588,0.002869,Avian,N8
80_A/Bar-headed_Goose/Q,A/Bar-headed_Goose/Qinghai/BTY8-B/2016,0.045095,0.039324,-0.004517,-0.00011,Avian,N8
81_A/Bar-headed_Goose/Q,A/Bar-headed_Goose/Qinghai/BTY8-LU/2016,0.043403,0.0385,-0.004966,0.000382,Avian,N8
82_A/Bar-headed_Goose/Q,A/Bar-headed_Goose/Qinghai/BTY9-B/2016,0.042441,0.040902,-0.002854,-0.000054,Avian,N8
83_A/Bar-headed_Goose/Q,A/Bar-headed_Goose/Qinghai/BTY9-LU/2016,0.042725,0.041207,-0.002394,0.000499,Avian,N8
84_A/Bar-headed_Goose/Q,A/Bar-headed_Goose/Qinghai/BTY10-B/2016,0.043829,0.038957,-0.005032,0.002015,Avian,N8
85_A/Bar-headed_Goose/Q,A/Bar-headed_Goose/Qinghai/BTY10-LU/2016,0.042694,0.038464,-0.003679,0.001689,Avian,N8
86_A/Bar-headed_Goose/Q,A/Bar-headed_Goose/Qinghai/BTY11-B/2016,0.042474,0.037587,-0.005145,0.001925,Avian,N8
87_A/Bar-headed_Goose/Q,A/Bar-headed_Goose/Qinghai/BTY11-LU/2016,0.044007,0.037743,-0.005522,0.000674,Avian,N8
88_A/Bar-headed_Goose/Q,A/Bar-headed_Goose/Qinghai/BTY12-B/2016,0.038677,0.038347,-0.00524,0.001095,Avian,N8
89_A/Bar-headed_Goose/Q,A/Bar-headed_Goose/Qinghai/BTY12-LU/2016,0.040103,0.038063,-0.005155,0.000516,Avian,N8
90_A/Bar-headed_Goose/Q,A/Bar-headed_Goose/Qinghai/BTY13-B/2016,0.04436,0.036299,-0.004926,0.002199,Avian,N8
91_A/Bar-headed_Goose/Q,A/Bar-headed_Goose/Qinghai/BTY13-LU/2016,0.043951,0.03649,-0.004641,0.004147,Avian,N8
92_A/Bar-headed_Goose/Q,A/Bar-headed_Goose/Qinghai/BTY14-B/2016,0.043683,0.038668,-0.005467,0.001072,Avian,N8
93_A/Bar-headed_Goose/Q,A/Bar-headed_Goose/Qinghai/BTY14-LU/2016,0.043855,0.040852,-0.004009,-0.000896,Avian,N8
94_A/Bar-headed_Goose/Q,A/Bar-headed_Goose/Qinghai/BTY15-B/2016,0.043888,0.036433,-0.005705,0.003286,Avian,N8
95_A/Bar-headed_Goose/Q,A/Bar-headed_Goose/Qinghai/BTY15-LU/2016,0.043057,0.038485,-0.005982,0.002791,Avian,N8
96_A/Bar-headed_Goose/Q,A/Bar-headed_Goose/Qinghai/BTY16-B/2016,0.044778,0.035427,-0.005866,0.001874,Avian,N8
97_A/Bar-headed_Goose/Q,A/Bar-headed_Goose/Qinghai/BTY16-LU/2016,0.044836,0.03647,-0.004124,0.002635,Avian,N8
98_A/Bar-headed_Goose/Q,A/Bar-headed_Goose/Qinghai/BTY17-B/2016,0.040673,0.038743,-0.005593,0.000315,Avian,N8
99_A/Bar-headed_Goose/Q,A/Bar-headed_Goose/Qinghai/BTY17-LU/2016,0.042402,0.039693,-0.004996,0.001702,Avian,N8
100_A/Bar-headed_Goose/Q,A/Bar-headed_Goose/Qinghai/BTY18-B/2016,0.043851,0.037855,-0.00223,0.001944,Avian,N8
101_A/Bar-headed_Goose/Q,A/Bar-headed_Goose/Qinghai/BTY18-LU/2016,0.042703,0.038359,-0.002526,0.00089,Avian,N8
102_A/Bar-headed_Goose/Q,A/Bar-headed_Goose/Qinghai/HDT001/2016,0.043799,0.038892,-0.006538,0.001132,Avian,N8
103_A/Bar-headed_Goose/Q,A/Bar-headed_Goose/Qinghai/p2/2016,0.04183,0.038743,-0.004259,0.00154,Avian,N8
104_A/Bar-headed_Goose/Q,A/Bar-headed_Goose/Qinghai/p9/2016,0.042765,0.038417,-0.006661,0.001596,Avian,N8
105_A/Bar-headed_Goose/Q,A/Bar-headed_Goose/Qinghai/p18/2016,0.042723,0.037505,-0.006564,0.001232,Avian,N8
106_A/Bar-headed_goose/Q,A/Bar-headed_goose/Qinghai/X402/2015_H5N6,-0.05679,-0.007018,0.001425,0.008327,Avian,N6
107_A/Bar-headed_goose/Q,A/Bar-headed_goose/Qinghai/X417/2015_H5N6,-0.059077,-0.005987,-0.000726,0.009136,Avian,N6
108_A/Bar-headed_goose/Q,A/Bar-headed_goose/Qinghai/X418-1/2015_H5N6,-0.059478,-0.007567,0.001634,0.010298,Avian,N6
109_A/Bar-headed_goose/Q,A/Bar-headed_goose/Qinghai/X418-2/2015_H5N6,-0.05766,-0.007778,0.001411,0.007314,Avian,N6
110_A/Bar-headed_goose/Q,A/Bar-headed_goose/Qinghai/X424/2015_H5N6,-0.058304,-0.008464,-0.000035,0.00805,Avian,N6
111_A/Bar-headed_goose/Q,A/Bar-headed_goose/Qinghai/X428/2015_H5N6,-0.058892,-0.007301,0.000656,0.009021,Avian,N6
112_A/Bar-headed_goose/Q,A/Bar-headed_goose/Qinghai/X430/2015_H5N6,-0.058092,-0.007761,0.000756,0.008539,Avian,N6
113_A/Bar-headed_goose/Q,A/Bar-headed_goose/Qinghai/X437/2015_H5N6,-0.057065,-0.007844,0.000298,0.008635,Avian,N6
114_A/Bar-headed_Goose/Q,A/Bar-headed_Goose/Qinghai/XX13/2016,0.045372,0.037396,-0.004201,0.001964,Avian,N8
115_A/Bar-headed_Goose/Q,A/Bar-headed_Goose/Qinghai/XX22/2016,0.04554,0.038788,-0.005818,0.004493,Avian,N8
116_A/Bar-headed_Goose/Q,A/Bar-headed_Goose/Qinghai/XX76/2016,0.041359,0.039122,-0.004038,0.001416,Avian,N8
117_A/Bar-headed_Goose/Q,A/Bar-headed_Goose/Qinghai/XX111/2016,0.044768,0.037224,-0.005323,0.001817,Avian,N8
118_A/Bar-headed_Goose/Q,A/Bar-headed_Goose/Qinghai/XX446/2016,0.045994,0.039178,-0.005955,0.003108,Avian,N8
119_A/Bar-headed_Goose/Q,A/Bar-headed_Goose/Qinghai/XX782/2016,0.045004,0.038917,-0.002348,0.001304,Avian,N8
120_A/Bar-headed_Goose/Q,A/Bar-headed_Goose/Qinghai/XXI122/2016,0.04672,0.039772,-0.000789,0.002565,Avian,N8
121_A/Bar-headed_Goose/T,A/Bar-headed_Goose/Tibet/XZ6/2021,0.033938,0.048299,0.023155,0.006792,Avian,N8
122_A/Bar-headed_Goose/T,A/Bar-headed_Goose/Tibet/XZ71/2021,0.034835,0.049348,0.029261,0.003565,Avian,N8
123_A/Bar-headed_Goose/T,A/Bar-headed_Goose/Tibet/XZ81/2021,0.033455,0.045983,0.03051,0.005487,Avian,N8
124_A/Bar-headed_Goose/T,A/Bar-headed_Goose/Tibet/XZ181/2021,0.032133,0.049979,0.026076,0.00604,Avian,N8
125_A/Bar-headed_Goose/T,A/Bar-headed_Goose/Tibet/XZ901/2021,0.024993,0.022366,0.038773,0.025534,Avian,N1
126_A/Bar-headed_Goose/T,A/Bar-headed_Goose/Tibet/XZ1131/2021,0.025207,0.023545,0.039586,0.025809,Avian,N1
127_A/Bar-headed_Goose/T,A/Bar-headed_Goose/Tibet/XZQ5-1/2021,0.035143,0.048661,0.029353,0.00511,Avian,N8
128_A/Bar-headed_Goose/T,A/Bar-headed_Goose/Tibet/XZQ7/2021,0.034637,0.047965,0.029005,0.005003,Avian,N8
129_A/Bar-headed_Goose/T,A/Bar-headed_Goose/Tibet/XZQ8-1/2021,0.034407,0.047558,0.02903,0.004467,Avian,N8
130_A/Bar-headed_Goose/T,A/Bar-headed_Goose/Tibet/XZQ9-1/2021,0.034627,0.048107,0.030111,0.004682,Avian,N8
131_A/Bar-headed_Goose/T,A/Bar-headed_Goose/Tibet/XZQ10-1/2021,0.034186,0.047602,0.030002,0.003983,Avian,N8
132_A/Bar-headed_Goose/T,A/Bar-headed_Goose/Tibet/XZQ13-1/2021,0.033536,0.051199,0.027578,0.005338,Avian,N8
133_A/Bar-headed_Goose/T,A/Bar-headed_Goose/Tibet/XZQ17-1/2021,0.032619,0.049883,0.025025,0.006211,Avian,N8
134_A/Bar-headed_Goose/T,A/Bar-headed_Goose/Tibet/XZQ18-1/2021,0.034387,0.047311,0.024756,0.006988,Avian,N8
135_A/bean_goose/Hubei/B,A/bean_goose/Hubei/BQ11/2020,0.034433,0.051789,0.023545,0.004674,Avian,N8
136_A/Bean_Goose/Hubei/c,A/Bean_Goose/Hubei/chenhu__XVI311-2_/2016_H5N8,0.037161,0.032257,0.00275,0.01143,Avian,N8
137_A/Bean_goose/Hubei/C,A/Bean_goose/Hubei/CH-i119/2017,0.045234,0.037096,-0.004033,0.002281,Avian,N8
138_A/Bean_goose/Hubei/C,A/Bean_goose/Hubei/CH-i122/2017_H5N8,0.047618,0.038842,-0.001447,-0.001316,Avian,N8
139_A/Bean_goose/Hubei/C,A/Bean_goose/Hubei/CH-I225/2017,-0.055969,-0.001663,-0.005931,0.016623,Avian,N6
140_A/Bean_goose/Hubei/C,A/Bean_goose/Hubei/CH-i320/2017_H5N8,0.041244,0.039778,-0.005087,0.00248,Avian,N8
141_A/black_chicken/Jian,A/black_chicken/Jiangxi/10129/2014,-0.047015,0.010643,-0.014577,-0.039555,Avian,N6
142_A/Black_faced_Spoonb,A/Black_faced_Spoonbill/AFCD-HKU-22-21944-01009/2022,0.035391,0.015716,0.02893,0.02278,Avian,N1
143_A/Black_Faced_Spoonb,A/Black_Faced_Spoonbill/Hong_Kong/AFCD-HKU-21-17198.01012/2021,0.022914,0.025327,0.045904,0.016865,Avian,N1
144_A/Black_Faced_Spoonb,A/Black_Faced_Spoonbill/Hong_Kong/AFCD-HKU-22-21429-01012/2022,0.035052,0.007324,0.031151,0.018599,Avian,N1
145_A/black_swan/Beijing,A/black_swan/Beijing/1/2021,0.034709,0.054003,0.023315,0.000717,Avian,N8
146_A/black-backed_gull/,A/black-backed_gull/Shandong/SC189/2021,0.034639,0.054236,0.018231,0.00363,Avian,N8
147_A/Black-necked_Grebe,A/Black-necked_Grebe/Inner_Mongolia/Anal_swab4/2015_H5N1,0.015057,0.000648,-0.018421,-0.01086,Avian,N1
148_A/Black-necked_Grebe,A/Black-necked_Grebe/Inner_Mongolia/Brain1/2015_H5N1,0.007377,0.003278,-0.017491,-0.014632,Avian,N1
149_A/Black-necked_Grebe,A/Black-necked_Grebe/Inner_Mongolia/Brain3/2015_H5N1,0.011228,0.001642,-0.020164,-0.012054,Avian,N1
150_A/Black-necked_Grebe,A/Black-necked_Grebe/Inner_Mongolia/Liver3/2015_H5N1,0.008864,0.003053,-0.018394,-0.013516,Avian,N1
151_A/Black-necked_Grebe,A/Black-necked_Grebe/Inner_Mongolia/Lung2/2015_H5N1,0.00833,0.003669,-0.017221,-0.013229,Avian,N1
152_A/Black-necked_Grebe,A/Black-necked_Grebe/Inner_Mongolia/Lung3-2/2015_H5N1,0.008864,0.003053,-0.018394,-0.013516,Avian,N1
153_A/Black-necked_Grebe,A/Black-necked_Grebe/Inner_Mongolia/Oropharynx_swab3/2015_H5N1,0.009256,0.002478,-0.019362,-0.013915,Avian,N1
154_A/Black-necked_Grebe,A/Black-necked_Grebe/Inner_Mongolia/Trachea3/2015_H5N1,0.010078,0.002402,-0.018103,-0.014431,Avian,N1
155_A/Brown-headed_Gull/,A/Brown-headed_Gull/Qinghai/ZTO1-B/2016,0.045149,0.040415,-0.008269,0.003164,Avian,N8
156_A/Brown-headed_Gull/,A/Brown-headed_Gull/Qinghai/ZTO1-LU/2016,0.045669,0.038384,-0.007854,0.000727,Avian,N8
157_A/Brown-headed_Gull/,A/Brown-headed_Gull/Qinghai/ZTO3-B/2016,0.046323,0.038774,-0.004008,-0.001055,Avian,N8
158_A/Brown-headed_Gull/,A/Brown-headed_Gull/Qinghai/ZTO3-LU/2016,0.045232,0.038672,-0.003678,-0.00011,Avian,N8
159_A/Brown-headed_Gull/,A/Brown-headed_Gull/Qinghai/ZTO4-B/2016,0.04502,0.037983,-0.004979,0.001837,Avian,N8
160_A/Brown-headed_Gull/,A/Brown-headed_Gull/Qinghai/ZTO5-B/2016,0.042275,0.040139,-0.005729,0.001408,Avian,N8
161_A/Brown-headed_Gull/,A/Brown-headed_Gull/Qinghai/ZTO5-K/2016,0.040639,0.039664,-0.006143,0.001745,Avian,N8
162_A/Brown-headed_Gull/,A/Brown-headed_Gull/Qinghai/ZTO6-MU/2016,0.043383,0.03792,-0.005546,-0.000901,Avian,N8
163_A/Brown-headed_Gull/,A/Brown-headed_Gull/Qinghai/ZTO6-SP/2016,0.044629,0.036581,-0.004696,0.003556,Avian,N8
164_A/brown-headed_gull/,A/brown-headed_gull/Tibet/1-1/2021,0.034496,0.047887,0.03011,0.005136,Avian,N8
165_A/Brown-headed_Gull/,A/Brown-headed_Gull/Tibet/XZ19/2021,0.032399,0.049925,0.025993,0.005729,Avian,N8
166_A/Brown-headed_Gull/,A/Brown-headed_Gull/Tibet/XZQ15-2/2021,0.030567,0.053867,0.031384,0.005074,Avian,N8
167_A/Brown-headed_Gull/,A/Brown-headed_Gull/Tibet/XZQ16-2/2021,0.030595,0.052842,0.0308,0.005885,Avian,N8
168_A/canine/China/GX30/,A/canine/China/GX30/2023,0.015717,0.034808,0.041525,0.012662,Nonhuman Mammal,N6
169_A/cat/Sichuan/SC18/2,A/cat/Sichuan/SC18/2014,-0.045114,0.017203,-0.007621,-0.039052,Nonhuman Mammal,N6
170_A/cat/Zhejiang/C1/20,A/cat/Zhejiang/C1/2016,-0.009129,0.011615,0.027572,0.006219,Nonhuman Mammal,N6
171_A/cat/Zhejiang/C2/20,A/cat/Zhejiang/C2/2016,-0.014155,0.012717,0.026654,0.01198,Nonhuman Mammal,N6
172_A/Changsha/1/2014|EP,A/Changsha/1/2014,-0.056636,-0.00449,-0.007255,-0.016647,Human,N6
173_A/chicken/Anhui/S174,A/chicken/Anhui/S1740/2022(H5N1),0.036625,0.031855,0.028488,-0.000288,Avian,N1
174_A/chicken/Beijing/BJ,A/chicken/Beijing/BJ7/2014,0.031356,0.006769,-0.001665,-0.00593,Avian,N2
175_A/chicken/CH/a556/20,A/chicken/CH/a556/2015,0.046214,-0.01434,-0.030675,0.022003,Avian,N2
176_A/chicken/Changhua/1,A/chicken/Changhua/15010120-1/2015,0.041827,-0.050615,0.024078,-0.015934,Avian,N2
177_A/chicken/Changhua/1,A/chicken/Changhua/15010288/2015,0.042192,-0.048691,0.023395,-0.015637,Avian,N2
178_A/chicken/Changhua/1,A/chicken/Changhua/15010324-2/2015,0.041853,-0.048277,0.022751,-0.017662,Avian,N2
179_A/chicken/Changhua/1,A/chicken/Changhua/15010361-1/2015,0.042331,-0.046468,0.026006,-0.015532,Avian,N2
180_A/chicken/Changhua/1,A/chicken/Changhua/15010362-2/2015,0.040919,-0.046284,0.024355,-0.017117,Avian,N2
181_A/chicken/Changhua/1,A/chicken/Changhua/15010363-2/2015,0.042359,-0.048787,0.022607,-0.015321,Avian,N2
182_A/chicken/Changhua/1,A/chicken/Changhua/15040036-1/2015,0.025813,-0.031652,-0.040115,0.024136,Avian,N8
183_A/chicken/Changhua/1,A/chicken/Changhua/15040037-2/2015,0.0252,-0.032152,-0.043847,0.032084,Avian,N8
184_A/chicken/Changhua/1,A/chicken/Changhua/15040042/2015,0.027118,-0.030327,-0.043931,0.029053,Avian,N8
185_A/chicken/Changhua/1,A/chicken/Changhua/15040043-1/2015,0.024691,-0.030412,-0.043908,0.030473,Avian,N8
186_A/chicken/Changhua/1,A/chicken/Changhua/15050013-1/2015,0.041805,-0.04419,0.023805,-0.01411,Avian,N2
187_A/chicken/Changhua/1,A/chicken/Changhua/15050038-1/2015,0.023438,-0.037015,-0.033217,0.001961,Avian,N8
188_A/chicken/Changhua/1,A/chicken/Changhua/15060027-2/2015,0.041061,-0.044966,0.026297,-0.014744,Avian,N2
189_A/chicken/Changhua/1,A/chicken/Changhua/15060029/2015,0.025623,-0.037336,-0.035389,0.001268,Avian,N8
190_A/chicken/Changhua/1,A/chicken/Changhua/15060037-1/2015,0.042544,-0.043704,0.023055,-0.015545,Avian,N2
191_A/chicken/Changhua/1,A/chicken/Changhua/15120008/2015,0.040472,-0.046901,0.019268,-0.008459,Avian,N2
192_A/chicken/Changhua/1,A/chicken/Changhua/16010060-2/2016,0.046432,-0.052158,0.028929,-0.014362,Avian,N2
193_A/chicken/Changhua/1,A/chicken/Changhua/17060006/2017,0.0457,-0.047664,0.024129,-0.014858,Avian,N2
194_A/chicken/Changhua/1,A/chicken/Changhua/18040008-1/2018,0.04118,-0.034598,0.024189,-0.016404,Avian,N2
195_A/chicken/Chiayi/150,A/chicken/Chiayi/15010287-2/2015,0.043217,-0.050424,0.024303,-0.014284,Avian,N2
196_A/chicken/Chiayi/150,A/chicken/Chiayi/15010409-2/2015,0.0414,-0.049573,0.025333,-0.013538,Avian,N2
197_A/chicken/Chiayi/150,A/chicken/Chiayi/15010454-1/2015,0.023672,-0.035687,-0.034624,0.002922,Avian,N8
198_A/chicken/Chiayi/170,A/chicken/Chiayi/17040009-2/2017,0.043703,-0.047535,0.024147,-0.015112,Avian,N2
199_A/chicken/Chiayi/181,A/chicken/Chiayi/18120003-1/2018,0.049849,0.004098,0.012648,-0.017764,Avian,N2
200_A/chicken/China/007/,A/chicken/China/007/2019,-0.052485,-0.00816,-0.007936,0.021841,Avian,N6
201_A/chicken/China/Cang,A/chicken/China/Cangzhou03/2023,0.030557,0.043065,0.025625,0.016408,Avian,N1
202_A/chicken/China/E93/,A/chicken/China/E93/2012,0.033336,-0.000316,-0.035399,0.01032,Avian,N1
203_A/chicken/China/E96/,A/chicken/China/E96/2012,0.032805,-0.002725,-0.032321,0.012317,Avian,N1
204_A/chicken/Chiping/03,A/chicken/Chiping/0321/2014,0.040317,0.001605,-0.002141,-0.003964,Avian,N2
205_A/chicken/chongqing/,A/chicken/chongqing/H1/2021,-0.013909,0.006882,0.026045,0.022841,Avian,N6
206_A/chicken/Chongqing/,A/chicken/Chongqing/SD001/2021,-0.014072,0.009441,0.02772,0.022442,Avian,N6
207_A/chicken/Dongguan/2,A/chicken/Dongguan/2690/2013,-0.055193,-0.000038,-0.009789,-0.019832,Avian,N6
208_A/chicken/Dongguan/3,A/chicken/Dongguan/3363/2013,-0.057933,-0.00293,-0.009104,-0.020577,Avian,N6
209_A/chicken/Dongguan/4,A/chicken/Dongguan/4259/2013,-0.055388,0.001193,-0.01078,-0.019808,Avian,N6
210_A/chicken/Fujian/05.,A/chicken/Fujian/05.07_FZHC11K-O/2015(Mixed),-0.044189,0.003651,-0.018531,-0.014508,Avian,N6
211_A/chicken/Fujian/09.,A/chicken/Fujian/09.16_GT101/2014(Mixed),-0.04748,0.005635,-0.018857,-0.015757,Avian,N6
212_A/chicken/Fujian/10.,A/chicken/Fujian/10.08_FZH102/2014(Mixed),-0.051076,-0.001102,-0.00785,-0.015609,Avian,N6
213_A/chicken/Fujian/11.,A/chicken/Fujian/11.23_FZHX0007-O/2017,-0.042149,-0.001762,0.018649,0.029722,Avian,N6
214_A/chicken/Gansu/5/20,A/chicken/Gansu/5/2012,0.034605,-0.005086,-0.039851,0.008709,Avian,N1
215_A/chicken/Gansu/6/20,A/chicken/Gansu/6/2012,0.035268,0.004919,-0.037794,0.004986,Avian,N1
216_A/chicken/Ganzhou/GZ,A/chicken/Ganzhou/GZ27/2015,-0.042649,-0.003383,0.011663,-0.001313,Avian,N6
217_A/chicken/Guangdong/,A/chicken/Guangdong/04.15_SZBAXQ019/2015(H5N6),-0.017087,0.009697,0.021198,0.012259,Avian,N6
218_A/chicken/Guangdong/,A/chicken/Guangdong/10.16_SZLGKQHY-072/2015,-0.024188,0.012808,0.012118,0.011365,Avian,N6
219_A/chicken/Guangdong/,A/chicken/Guangdong/GD1602/2016,-0.005965,0.005841,0.030718,-0.001859,Avian,N6
220_A/chicken/Guangdong/,A/chicken/Guangdong/MG170989/2021,-0.025961,0.014549,0.025898,0.029947,Avian,N6
221_A/chicken/Guangdong/,A/chicken/Guangdong/MG171127/2021,-0.025646,0.013861,0.026995,0.029731,Avian,N6
222_A/chicken/Guangdong/,A/chicken/Guangdong/MG171361/2021,-0.026007,0.014233,0.022855,0.02288,Avian,N6
223_A/chicken/Guangdong/,A/chicken/Guangdong/MG171771/2021,-0.000833,0.009556,0.024487,0.014343,Avian,N6
224_A/chicken/Guangdong/,A/chicken/Guangdong/MG173168/2022,-0.017582,0.021365,-0.00544,0.00375,Avian,N6
225_A/chicken/Guangdong/,A/chicken/Guangdong/MG173169/2022,0.015544,0.033512,0.040821,0.01164,Avian,N6
226_A/chicken/Guangxi/04,A/chicken/Guangxi/04.10_NM140/2015(H5N6),-0.041952,-0.003934,0.005131,0.000057,Avian,N6
227_A/chicken/Guangxi/16,A/chicken/Guangxi/16/2019,-0.014846,-0.003881,-0.006436,0.031025,Avian,N6
228_A/chicken/Guangxi/S2,A/chicken/Guangxi/S2039/2009,0.001665,0.02782,-0.036269,0.002922,Avian,N1
229_A/chicken/Guizhou/8.,A/chicken/Guizhou/8.26_ZYLJJ014-O/2018,-0.011732,0.023441,0.012187,0.023174,Avian,N6
230_A/chicken/GY/a451/20,A/chicken/GY/a451/2015,0.044423,-0.014968,-0.027283,0.027495,Avian,N2
231_A/Chicken/Hangzhou/E,A/Chicken/Hangzhou/E1149/2021,-0.01564,0.040216,0.046542,0.006273,Avian,N6
232_A/chicken/Hebei/3/20,A/chicken/Hebei/3/2013,0.039892,0.010292,-0.010658,-0.003089,Avian,N2
233_A/chicken/Heilongjia,A/chicken/Heilongjiang/S7/2014,-0.004708,-0.005925,-0.027236,-0.023686,Avian,N2
234_A/chicken/Henan/Q7/2,A/chicken/Henan/Q7/2013,0.043142,0.011519,0.00171,-0.010809,Avian,N2
235_A/chicken/Hsinchu/16,A/chicken/Hsinchu/16080004-2/2016,0.042578,-0.044766,0.028277,-0.016138,Avian,N2
236_A/chicken/Hubei/03.0,A/chicken/Hubei/03.06__WHWTZ0115-O/2015(H5N6),-0.006438,0.007919,0.03817,0.014936,Avian,N6
237_A/chicken/Hubei/03.0,A/chicken/Hubei/03.06__WHWTZ0148-O/2015(H5N6),-0.03426,0.005101,-0.011811,-0.032972,Avian,N6
238_A/chicken/Hubei/2856,A/chicken/Hubei/2856/2007,0.016877,0.00993,-0.013372,-0.016695,Avian,N1
239_A/chicken/Hubei/ZYSJ,A/chicken/Hubei/ZYSJF11/2016,-0.013934,0.005254,0.034886,0.013387,Avian,N6
240_A/chicken/Hubei/ZYSJ,A/chicken/Hubei/ZYSJF16/2016,-0.013484,0.006274,0.034084,0.015119,Avian,N6
241_A/chicken/Hubei/ZYSJ,A/chicken/Hubei/ZYSJF38/2016,-0.01474,0.00559,0.033774,0.013926,Avian,N6
242_A/Chicken/Huizhou/16,A/Chicken/Huizhou/16274/2016(H5N6),-0.059473,-0.012308,0.016917,0.017341,Avian,N6
243_A/chicken/Hunan/02.0,A/chicken/Hunan/02.06_YYGK37J3-OC/2018,-0.053468,-0.011412,0.015466,0.027598,Avian,N6
244_A/chicken/Hunan/03.0,A/chicken/Hunan/03.07_YYGK40L3-OC/2018,-0.020912,0.007774,0.018117,0.021473,Avian,N6
245_A/chicken/Hunan/03.0,A/chicken/Hunan/03.07_YYGK74L3-OC/2018,-0.042145,-0.009591,0.017359,0.029234,Avian,N6
246_A/chicken/Hunan/3.07,A/chicken/Hunan/3.07_YYGK81L3-OC/2018,-0.02024,0.009349,0.018911,0.021397,Avian,N6
247_A/chicken/Hunan/04.1,A/chicken/Hunan/04.14_YYGK607-P/2015(H5N6),-0.052584,0.001821,-0.01227,-0.026932,Avian,N6
248_A/chicken/Hunan/04.1,A/chicken/Hunan/04.14_YYKG0533-Z-O/2015(H5N6),-0.033751,0.011994,-0.012703,-0.039805,Avian,N6
249_A/chicken/Hunan/04.1,A/chicken/Hunan/04.14_YYXS0812-O/2015(Mixed),-0.055684,-0.003885,-0.000729,0.009592,Avian,N6
250_A/chicken/Hunan/12.0,A/chicken/Hunan/12.07__YYGK114-P/2013(H5N6),-0.036214,0.017034,-0.014718,-0.039505,Avian,N6
251_A/chicken/Hunan/12.0,A/chicken/Hunan/12.07_YYGKY67-P/2013(Mixed),-0.029266,0.010347,-0.01115,-0.039201,Avian,N6
252_A/chicken/Hunan/12.2,A/chicken/Hunan/12.27_YYGK19J2-C/2016,-0.012838,0.012286,0.011892,0.013053,Avian,N6
253_A/chicken/Hunan/12.2,A/chicken/Hunan/12.27_YYGK55J2-O/2016,-0.039603,-0.02644,-0.001837,0.035161,Avian,N6
254_A/chicken/Hunan/12.2,A/chicken/Hunan/12.27_YYGKK148-OC/2016,-0.036998,-0.023856,0.005627,0.026134,Avian,N6
255_A/chicken/Hunan/12.2,A/chicken/Hunan/12.28_YYGK034-P/2013(H5N6),-0.053754,0.001906,-0.007679,-0.020861,Avian,N6
256_A/chicken/Hunan/1793,A/chicken/Hunan/1793/2007,0.033982,0.007209,-0.001156,0.013549,Avian,N1
257_A/chicken/Hunan/3157,A/chicken/Hunan/3157/2006,0.015769,0.006193,-0.015653,-0.021555,Avian,N1
258_A/chicken/Hunan/HN40,A/chicken/Hunan/HN40/2015,-0.060986,0.007468,-0.011627,-0.028939,Avian,N6
259_A/chicken/Hunan/HN58,A/chicken/Hunan/HN58/2015,-0.054526,0.004013,-0.010491,-0.030407,Avian,N6
260_A/chicken/Hunan/HN75,A/chicken/Hunan/HN75/2015,-0.051233,0.003103,-0.011672,-0.017906,Avian,N6
261_A/chicken/Hunan/HN15,A/chicken/Hunan/HN158/2015,-0.062328,-0.000334,0.01663,0.003909,Avian,N6
262_A/chicken/Hunan/HN24,A/chicken/Hunan/HN244/2015,-0.059408,-0.006898,0.014151,0.004266,Avian,N6
263_A/chicken/Hunan/HN24,A/chicken/Hunan/HN245/2015,-0.05711,-0.005296,0.018044,0.008354,Avian,N6
264_A/chicken/Hunan/HN24,A/chicken/Hunan/HN247/2015,-0.059787,-0.005186,0.01587,0.006532,Avian,N6
265_A/chicken/Hunan/HN24,A/chicken/Hunan/HN248/2015,-0.060125,-0.005361,0.011225,0.006225,Avian,N6
266_A/chicken/Hunan/HN24,A/chicken/Hunan/HN249/2015,-0.059816,-0.008687,0.014312,0.003926,Avian,N6
267_A/chicken/Hunan/HN25,A/chicken/Hunan/HN250/2015,-0.057282,-0.006857,0.020208,0.008605,Avian,N6
268_A/chicken/Hunan/HN25,A/chicken/Hunan/HN251/2015,-0.059095,-0.003997,0.017273,0.005105,Avian,N6
269_A/chicken/Hunan/HN25,A/chicken/Hunan/HN252/2015,-0.059362,-0.005241,0.01337,0.010593,Avian,N6
270_A/chicken/Hunan/HN25,A/chicken/Hunan/HN254/2015,-0.059439,-0.006212,0.015156,0.009647,Avian,N6
271_A/chicken/Hunan/HN25,A/chicken/Hunan/HN255/2015,-0.057371,-0.007576,0.015737,0.005932,Avian,N6
272_A/chicken/Hunan/HN26,A/chicken/Hunan/HN263/2015,-0.055071,-0.007406,0.010645,0.005343,Avian,N6
273_A/chicken/Hunan/HN26,A/chicken/Hunan/HN264/2015,-0.057431,-0.004734,0.009529,0.005068,Avian,N6
274_A/chicken/Hunan/HN26,A/chicken/Hunan/HN265/2015,-0.056405,-0.003446,0.010735,0.004712,Avian,N6
275_A/chicken/Hunan/HN26,A/chicken/Hunan/HN266/2015,-0.057935,-0.00534,0.009302,0.003631,Avian,N6
276_A/chicken/Hunan/HN30,A/chicken/Hunan/HN301/2015,-0.045105,-0.005442,0.006015,0.014268,Avian,N6
277_A/chicken/Hunan/HN30,A/chicken/Hunan/HN302/2015,-0.050586,-0.005289,0.005028,0.010616,Avian,N6
278_A/chicken/Hunan/HN30,A/chicken/Hunan/HN303/2015,-0.049906,-0.005225,0.008307,0.011496,Avian,N6
279_A/chicken/Hunan/HN30,A/chicken/Hunan/HN304/2015,-0.050522,-0.005644,0.009213,0.011027,Avian,N6
280_A/chicken/Hunan/HN30,A/chicken/Hunan/HN305/2015,-0.050286,-0.006372,0.007371,0.01168,Avian,N6
281_A/chicken/Hunan/HN30,A/chicken/Hunan/HN306/2015,-0.051023,-0.006816,0.012501,0.012219,Avian,N6
282_A/chicken/Hunan/HN30,A/chicken/Hunan/HN307/2015,-0.049709,-0.002872,0.008234,0.009176,Avian,N6
283_A/chicken/Hunan/HN30,A/chicken/Hunan/HN308/2015,-0.051442,-0.002136,0.010993,0.011682,Avian,N6
284_A/chicken/Hunan/S100,A/chicken/Hunan/S10029/2018(H5N1),0.007774,0.014995,-0.052404,-0.003043,Avian,N1
285_A/chicken/Jiangsu/03,A/chicken/Jiangsu/03.17_WX006-P/2015(H5N1),0.027196,0.022567,-0.001248,-0.002237,Avian,N1
286_A/chicken/Jiangsu/92,A/chicken/Jiangsu/927/2013,0.012792,0.007436,-0.02855,-0.0075,Avian,N1
287_A/chicken/Jiangsu/10,A/chicken/Jiangsu/1001/2013,0.040361,-0.002152,0.002052,0.002552,Avian,N2
288_A/chicken/Jiangsu/24,A/chicken/Jiangsu/2477/2014,0.007193,0.005214,-0.011666,-0.015681,Avian,N1
289_A/chicken/Jiangsu/k0,A/chicken/Jiangsu/k0402/2010,0.025635,0.021021,-0.019402,0.006507,Avian,N1
290_A/chicken/Jiangsu/SE,A/chicken/Jiangsu/SE2228/2017(H5N1),0.007404,0.002419,-0.013613,-0.009576,Avian,N1
291_A/chicken/Jiangsu/WX,A/chicken/Jiangsu/WXBING2/2014,-0.05637,-0.006896,-0.008082,-0.020032,Avian,N6
292_A/chicken/Jiangsu/WX,A/chicken/Jiangsu/WXS7393/2014,-0.057441,-0.00513,-0.006692,-0.022825,Avian,N6
293_A/chicken/Jiangsu/XZ,A/chicken/Jiangsu/XZ216/2014,0.038462,0.004598,0.002957,-0.015263,Avian,N2
294_A/chicken/Jiangsu/YB,A/chicken/Jiangsu/YB7/2015,0.023294,0.025316,0.008095,-0.006033,Avian,N1
295_A/chicken/Jiangxi/01,A/chicken/Jiangxi/01.14_NCJD125-P/2015(H5N6),-0.015569,0.006915,0.038977,0.015923,Avian,N6
296_A/chicken/Jiangxi/02,A/chicken/Jiangxi/02.05_YGYXG023-P/2015(H5N6),-0.053495,-0.00619,-0.013205,-0.020325,Avian,N6
297_A/chicken/Jiangxi/02,A/chicken/Jiangxi/02.05_YGYXG035-P/2015(H5N6),-0.01605,0.013834,0.035098,0.018328,Avian,N6
298_A/chicken/Jiangxi/04,A/chicken/Jiangxi/04.01__NCDZT0040-O/2015(H5N6),-0.01333,0.008087,0.037501,0.018655,Avian,N6
299_A/chicken/Jiangxi/04,A/chicken/Jiangxi/04.01__NCDZT0042-O/2015(H5N6),-0.017284,0.005459,0.037502,0.017551,Avian,N6
300_A/chicken/Jiangxi/04,A/chicken/Jiangxi/04.01__NCDZT0175-P/2015(H5N6),-0.018494,0.005983,0.03447,0.016467,Avian,N6
301_A/chicken/Jiangxi/04,A/chicken/Jiangxi/04.01__NCDZT0291-P/2015(H5N6),-0.016648,0.006928,0.036564,0.01685,Avian,N6
302_A/chicken/Jiangxi/04,A/chicken/Jiangxi/04.01__NCJD0119-O/2015(H5N6),-0.042147,0.011923,-0.009445,-0.038718,Avian,N6
303_A/chicken/Jiangxi/04,A/chicken/Jiangxi/04.01__NCJD0137-O/2015(H5N6),-0.002205,0.02254,0.029936,0.007055,Avian,N6
304_A/chicken/Jiangxi/04,A/chicken/Jiangxi/04.01_NCDZT0192-P/2015(H5N6),-0.017394,0.007738,0.037136,0.017026,Avian,N6
305_A/chicken/Jiangxi/04,A/chicken/Jiangxi/04.01_NCDZT0203-P/2015(H5N6),-0.018221,0.005214,0.036404,0.017766,Avian,N6
306_A/chicken/Jiangxi/04,A/chicken/Jiangxi/04.01_NCDZT0238-P/2015(H5N6),-0.016668,0.004994,0.033041,0.018441,Avian,N6
307_A/chicken/Jiangxi/04,A/chicken/Jiangxi/04.01_NCDZT0279-P/2015(H5N6),-0.014945,0.007962,0.038317,0.016949,Avian,N6
308_A/chicken/Jiangxi/04,A/chicken/Jiangxi/04.01_NCDZT0285-P/2015(H5N6),-0.016591,0.005377,0.038154,0.01542,Avian,N6
309_A/chicken/Jiangxi/04,A/chicken/Jiangxi/04.01_NCDZT0299-P/2015(Mixed),-0.000505,0.006473,0.029341,0.005276,Avian,Others
310_A/chicken/Jiangxi/04,A/chicken/Jiangxi/04.01_NCJD131-1-O/2015(H5N6),-0.018032,0.008965,0.04166,0.006934,Avian,N6
311_A/chicken/Jiangxi/05,A/chicken/Jiangxi/05.06__NCDZT0039B-P/2015(H5N6),-0.013252,0.007847,0.035243,0.016769,Avian,N6
312_A/chicken/Jiangxi/10,A/chicken/Jiangxi/10.30_NCDZT17B3-OC/2017,0.020435,0.011703,-0.000894,0.002014,Avian,N6
313_A/chicken/Jiangxi/12,A/chicken/Jiangxi/12.05_NCDZT007/2014(H5N6),-0.017222,0.002421,0.045394,0.002261,Avian,N6
314_A/chicken/Jiangxi/12,A/chicken/Jiangxi/12.05_NCDZT0012/2014(H5N6),-0.019001,0.010095,0.038013,-0.004394,Avian,N6
315_A/chicken/Jiangxi/12,A/chicken/Jiangxi/12.05_NCDZT0020/2014(H5N6),-0.021737,0.003399,0.043435,0.005555,Avian,N6
316_A/chicken/Jiangxi/12,A/chicken/Jiangxi/12.05_NCDZT0032/2014(H5N6),-0.026634,0.006691,0.034457,0.003124,Avian,N6
317_A/chicken/Jiangxi/12,A/chicken/Jiangxi/12.05_NCNP006/2014(H5N6),-0.022279,0.006396,0.036448,-0.005025,Avian,N6
318_A/chicken/Jiangxi/25,A/chicken/Jiangxi/25/2011,-0.00462,0.026933,-0.054701,0.004797,Avian,N1
319_A/Chicken/Jiangxi/45,A/Chicken/Jiangxi/45093/2016,-0.014307,0.004394,0.035369,0.013717,Avian,N6
320_A/chicken/Jiangxi/S4,A/chicken/Jiangxi/S40653/2021(H5N1),0.037692,0.030452,0.027328,0.000716,Avian,N1
321_A/chicken/Jilin/04.1,A/chicken/Jilin/04.11_CCHSL007/2015(Mixed),-0.053695,0.006172,-0.016516,-0.019964,Avian,N6
322_A/chicken/Jilin/04.1,A/chicken/Jilin/04.12_MHK001-O/2015(H5N1),0.015003,0.008726,-0.01226,-0.030519,Avian,N1
323_A/chicken/Jilin/04.1,A/chicken/Jilin/04.12_MHK002-O/2015(H5N1),0.014724,0.009626,-0.011738,-0.030371,Avian,N1
324_A/chicken/Jilin/04.1,A/chicken/Jilin/04.12_MHK003-O/2015(H5N1),0.014984,0.00924,-0.011932,-0.030284,Avian,N1
325_A/chicken/Jilin/04.1,A/chicken/Jilin/04.12_MHK004-O/2015(Mixed),0.015064,0.00853,-0.012152,-0.030287,Avian,N1
326_A/chicken/Jilin/04.2,A/chicken/Jilin/04.25_MHK009/2015(H5N1),0.011884,0.012427,-0.011348,-0.031704,Avian,N1
327_A/chicken/Jilin/S125,A/chicken/Jilin/S1255/2019(H5N1),0.001493,0.008777,-0.026683,-0.016325,Avian,N1
328_A/chicken/Jilin/S127,A/chicken/Jilin/S1271/2019(H5N1),0.000853,0.011423,-0.028666,-0.014565,Avian,N1
329_A/chicken/Kaohsiung/,A/chicken/Kaohsiung/16MB0889/2016,0.034927,-0.023508,-0.004161,-0.012218,Avian,N8
330_A/chicken/Kaohsiung/,A/chicken/Kaohsiung/16010047/2016,0.039852,-0.019206,-0.01238,-0.012939,Avian,N8
331_A/chicken/Kaohsiung/,A/chicken/Kaohsiung/16020017-2/2016,0.0374,-0.020726,-0.008005,-0.011559,Avian,N8
332_A/chicken/Kaohsiung/,A/chicken/Kaohsiung/16040021-1/2016,0.034927,-0.023508,-0.004161,-0.012218,Avian,N8
333_A/chicken/Kaohsiung/,A/chicken/Kaohsiung/16070003/2016,0.034275,-0.021939,-0.006432,-0.013857,Avian,N8
334_A/chicken/Kaohsiung/,A/chicken/Kaohsiung/16120012/2016,0.03931,-0.017892,-0.014089,-0.010381,Avian,N8
335_A/chicken/Kaohsiung/,A/chicken/Kaohsiung/17030023/2017,0.034193,-0.017065,-0.013376,-0.011057,Avian,N8
336_A/chicken/Kaohsiung/,A/chicken/Kaohsiung/17040007/2017,0.045136,-0.04991,0.025249,-0.016989,Avian,N2
337_A/chicken/Kaohsiung/,A/chicken/Kaohsiung/17100002/2017,0.041422,-0.044265,0.026426,-0.016475,Avian,N2
338_A/chicken/Kaohsiung/,A/chicken/Kaohsiung/18080004-1/2018,0.044645,-0.047506,0.014458,-0.013599,Avian,N2
339_A/chicken/Kaohsiung/,A/chicken/Kaohsiung/18080004-2/2018,0.042202,-0.046488,0.013034,-0.015309,Avian,N2
340_A/chicken/Liaoning/S,A/chicken/Liaoning/S4092/2011,0.031391,-0.002912,-0.038554,0.012219,Avian,N1
341_A/chicken/Liaoning/S,A/chicken/Liaoning/SD035/2018(H5N1),-0.005198,0.01555,-0.018654,-0.016422,Avian,N1
342_A/chicken/Miaoli/150,A/chicken/Miaoli/15010421-1/2015,0.028232,-0.032212,-0.039357,0.030767,Avian,N8
343_A/chicken/Nantou/161,A/chicken/Nantou/16110023-1/2016,0.030791,-0.02588,-0.005456,-0.015203,Avian,N8
344_A/chicken/New_Taipei,A/chicken/New_Taipei_City/16110019-1/2016,0.034338,-0.016806,-0.010038,-0.013441,Avian,N8
345_A/chicken/New_Taipei,A/chicken/New_Taipei_City/16110020-2/2016,0.036355,-0.019401,-0.01011,-0.012809,Avian,N8
346_A/chicken/New_Taipei,A/chicken/New_Taipei_City/17040002-2/2017,0.039717,-0.052404,0.021738,-0.022008,Avian,N2
347_A/chicken/New_Taipei,A/chicken/New_Taipei_City/17050004-2/2017,0.038576,-0.024824,-0.008071,-0.015361,Avian,N8
348_A/chicken/New_Taipei,A/chicken/New_Taipei_City/17090001/2017,0.037953,-0.025034,-0.008014,-0.009457,Avian,N8
349_A/chicken/New_Taipei,A/chicken/New_Taipei_City/17090002/2017,0.03783,-0.026249,-0.011158,-0.009086,Avian,N8
350_A/chicken/New_Taipei,A/chicken/New_Taipei_City/17090003/2017,0.038526,-0.023859,-0.009517,-0.009174,Avian,N8
351_A/chicken/New_Taipei,A/chicken/New_Taipei_City/18010021-3/2018,0.049819,-0.042404,0.016413,-0.021219,Avian,N2
352_A/chicken/Ningxia/2/,A/chicken/Ningxia/2/2012,0.030327,-0.006578,-0.040502,0.003102,Avian,N1
353_A/chicken/Ningxia/22,A/chicken/Ningxia/222/2012,0.031059,-0.00679,-0.039623,0.002947,Avian,N1
354_A/chicken/PH/A2821/2,A/chicken/PH/A2821/2013,0.030429,-0.021295,-0.027243,0.035808,Avian,N2
355_A/chicken/Pingtung/1,A/chicken/Pingtung/15050006-1/2015,0.043409,-0.046946,0.023248,-0.012521,Avian,N2
356_A/chicken/Pingtung/1,A/chicken/Pingtung/16020009-3/2016,0.044911,-0.036273,0.019163,-0.022795,Avian,N2
357_A/chicken/Pingtung/1,A/chicken/Pingtung/18010017-1/2018,0.046282,-0.055451,0.019919,-0.015134,Avian,N2
358_A/chicken/Pingtung/1,A/chicken/Pingtung/18020015-1/2018,0.048601,-0.041067,0.018976,-0.028937,Avian,N2
359_A/chicken/PT/a158/20,A/chicken/PT/a158/2015,0.049068,-0.014121,-0.028063,0.022617,Avian,N2
360_A/chicken/Qingdao/1/,A/chicken/Qingdao/1/2014,0.043317,0.004455,-0.005795,-0.007713,Avian,N2
361_A/chicken/SC/a688/20,A/chicken/SC/a688/2015,0.050898,-0.020249,-0.034825,0.030699,Avian,N2
362_A/chicken/Shaanxi/SD,A/chicken/Shaanxi/SD001/2021,-0.016614,0.008412,0.024729,0.023294,Avian,N6
363_A/chicken/Shandong/1,A/chicken/Shandong/12.03_YA-CK/2014(H5N1),0.025748,0.022295,0.003676,-0.004889,Avian,N1
364_A/Chicken/Shandong/J,A/Chicken/Shandong/J01/2009,0.0168,0.015609,-0.034917,-0.006141,Avian,N1
365_A/Chicken/Shandong/J,A/Chicken/Shandong/J02/2009,0.03838,0.00044,-0.032056,0.009243,Avian,N1
366_A/Chicken/Shandong/J,A/Chicken/Shandong/J03/2009,0.035045,-0.007416,-0.030448,0.008074,Avian,N1
367_A/Chicken/Shandong/J,A/Chicken/Shandong/J04/2009,0.034111,-0.016889,-0.03307,0.01023,Avian,N1
368_A/Chicken/Shandong/J,A/Chicken/Shandong/J06/2009,0.018441,0.025219,-0.032503,0.004999,Avian,N1
369_A/chicken/Shandong/K,A/chicken/Shandong/KD02699/2013,0.028044,-0.00867,-0.046452,0.021331,Avian,N8
370_A/chicken/Shandong/S,A/chicken/Shandong/S3/2014,0.043108,0.004084,-0.003158,-0.007435,Avian,N2
371_A/chicken/Shanghai/S,A/chicken/Shanghai/S1123/2019(H5N1),0.008011,-0.007165,-0.019487,-0.011799,Avian,N1
372_A/chicken/Shanghai/S,A/chicken/Shanghai/S4030/2017(H5N1),0.009289,-0.001464,-0.014845,-0.013958,Avian,N1
373_A/chicken/Shanxi/04.,A/chicken/Shanxi/04.28_TGRL024-O/2018,-0.029164,-0.028149,-0.000992,0.034344,Avian,N6
374_A/chicken/Shanxi/12.,A/chicken/Shanxi/12.01_TGYL014-C/2016,-0.035653,-0.009307,0.002477,0.023769,Avian,N6
375_A/chicken/Shenzhen/4,A/chicken/Shenzhen/433/2013,-0.05717,-0.000476,-0.012141,-0.018098,Avian,N6
376_A/chicken/Shenzhen/5,A/chicken/Shenzhen/552/2013,-0.056766,0.000593,-0.008673,-0.023233,Avian,N6
377_A/chicken/Shenzhen/7,A/chicken/Shenzhen/715/2013,-0.05717,-0.000476,-0.012141,-0.018098,Avian,N6
378_A/chicken/Shenzhen/1,A/chicken/Shenzhen/1061/2013,-0.052288,0.00001,-0.011418,-0.016283,Avian,N6
379_A/chicken/Shenzhen/1,A/chicken/Shenzhen/1845/2013,-0.045012,0.012495,-0.014448,-0.039187,Avian,N6
380_A/chicken/Shenzhen/2,A/chicken/Shenzhen/2269/2013,-0.051028,0.000211,-0.011353,-0.02369,Avian,N6
381_A/chicken/Shenzhen/2,A/chicken/Shenzhen/2396/2013,-0.057477,0.000089,-0.009596,-0.02317,Avian,N6
382_A/chicken/Shenzhen/2,A/chicken/Shenzhen/2464/2013,-0.056733,0.000485,-0.010519,-0.021638,Avian,N6
383_A/chicken/Shijiazhua,A/chicken/Shijiazhuang/1209/2013,0.030464,0.007115,-0.000689,-0.004617,Avian,N2
384_A/chicken/Sichuan/k1,A/chicken/Sichuan/k141/2017,-0.049705,-0.00965,0.018249,0.026646,Avian,N6
385_A/chicken/Sichuan/NC,A/chicken/Sichuan/NCJPL1/2014,-0.049467,0.015344,-0.008264,-0.043849,Avian,N6
386_A/Chicken/Suzhou/j5/,A/Chicken/Suzhou/j5/2019,-0.050977,-0.009245,-0.005376,0.020361,Avian,N6
387_A/Chicken/Suzhou/j6/,A/Chicken/Suzhou/j6/2019,-0.050065,-0.010259,-0.005017,0.01971,Avian,N6
388_A/chicken/Taichung/1,A/chicken/Taichung/15010399/2015,0.041326,-0.048114,0.023831,-0.014721,Avian,N2
389_A/chicken/Taichung/1,A/chicken/Taichung/16040032-3/2016,0.039302,-0.045188,0.019902,-0.008583,Avian,N2
390_A/chicken/Taichung/1,A/chicken/Taichung/16050044-2/2016,0.040523,-0.039519,0.018483,-0.013342,Avian,N2
391_A/chicken/Taichung/1,A/chicken/Taichung/16110017-3/2016,0.008017,-0.025833,-0.019259,0.003985,Avian,N8
392_A/chicken/Tainan/150,A/chicken/Tainan/15020214/2015,0.044716,-0.018573,-0.009635,-0.017774,Avian,N8
393_A/chicken/Tainan/160,A/chicken/Tainan/16040035-1/2016,0.037701,-0.041231,0.016892,-0.017631,Avian,N2
394_A/chicken/Tainan/170,A/chicken/Tainan/17030058-1/2017,0.041543,-0.016503,-0.007118,-0.014054,Avian,N8
395_A/chicken/Taipei_Cit,A/chicken/Taipei_City/17090004/2017,0.036592,-0.026891,-0.008536,-0.010704,Avian,N8
396_A/chicken/Taipei_Cit,A/chicken/Taipei_City/18010007-3/2018,0.043435,-0.048394,0.016447,-0.015419,Avian,N2
397_A/chicken/Taipei_Cit,A/chicken/Taipei_City/18010008-3/2018,0.041647,-0.048929,0.021279,-0.019303,Avian,N2
398_A/chicken/Taipei/160,A/chicken/Taipei/16060022-4/2016,0.037472,-0.021223,-0.005723,-0.011848,Avian,N8
399_A/chicken/Taipei/160,A/chicken/Taipei/16060023-1/2016,0.036912,-0.02079,-0.006059,-0.012394,Avian,N8
400_A/chicken/Taipei/161,A/chicken/Taipei/16120021/2016,0.041006,-0.013702,-0.01375,-0.014413,Avian,N8
401_A/chicken/Taipei/170,A/chicken/Taipei/17050005-1/2017,0.038355,-0.024188,-0.002917,-0.016666,Avian,N8
402_A/chicken/Taipei/170,A/chicken/Taipei/17050008-3/2017,0.038533,-0.024794,-0.006167,-0.014343,Avian,N8
403_A/chicken/Taipei/170,A/chicken/Taipei/17050009-3/2017,0.041057,-0.025161,-0.001994,-0.012741,Avian,N8
404_A/chicken/Taishun/TS,A/chicken/Taishun/TS2/2016,-0.026402,-0.003063,0.007849,0.019966,Avian,N6
405_A/chicken/Taishun/TS,A/chicken/Taishun/TS90/2016,-0.017249,0.004749,0.027153,0.017639,Avian,N6
406_A/chicken/Taiwan/010,A/chicken/Taiwan/0101/2012,0.044026,-0.012869,-0.018238,0.012708,Avian,N2
407_A/chicken/Taiwan/050,A/chicken/Taiwan/0502/2012,0.032928,-0.017222,-0.024501,0.040056,Avian,N2
408_A/chicken/Taiwan/683,A/chicken/Taiwan/683/2012,0.03439,-0.014392,-0.018401,0.028749,Avian,N2
409_A/chicken/Taiwan/011,A/chicken/Taiwan/01174/2015,0.018154,-0.010767,-0.008118,-0.021128,Avian,Others
410_A/chicken/Taiwan/168,A/chicken/Taiwan/1682/2013,0.044318,-0.001599,-0.024146,0.014158,Avian,N2
411_A/chicken/Taiwan/169,A/chicken/Taiwan/1692/2013,0.041894,-0.002158,-0.023493,0.015238,Avian,N2
412_A/chicken/Taiwan/170,A/chicken/Taiwan/1704/2013,0.042774,-0.002857,-0.025607,0.01471,Avian,N2
413_A/chicken/Taiwan/171,A/chicken/Taiwan/1711/2013,0.041973,-0.00207,-0.026009,0.015505,Avian,N2
414_A/chicken/Taiwan/259,A/chicken/Taiwan/2593/2012,0.037441,-0.007709,-0.023973,0.02209,Avian,N2
415_A/chicken/Taiwan/294,A/chicken/Taiwan/2948/2013,0.038603,-0.010434,-0.027388,0.021609,Avian,N2
416_A/chicken/Taiwan/444,A/chicken/Taiwan/4443/2013,0.031484,-0.007275,-0.030284,0.035069,Avian,N2
417_A/chicken/Taiwan/735,A/chicken/Taiwan/7350/2013,0.029566,-0.008628,-0.031775,0.029215,Avian,N2
418_A/chicken/Taiwan/898,A/chicken/Taiwan/8988/2013,0.037625,-0.003115,-0.023758,0.025163,Avian,N2
419_A/chicken/Taiwan/899,A/chicken/Taiwan/8994/2013,0.03881,-0.000259,-0.0234,0.023057,Avian,N2
420_A/chicken/Taiwan/899,A/chicken/Taiwan/8996/2013,0.038768,-0.001208,-0.023884,0.024878,Avian,N2
421_A/chicken/Taiwan/A1/,A/chicken/Taiwan/A1/2019,0.034446,-0.036057,-0.048381,0.025472,Avian,N2
422_A/chicken/Taiwan/a17,A/chicken/Taiwan/a174/2015,0.017772,-0.00722,-0.008165,-0.025082,Avian,Others
423_A/chicken/Taiwan/A19,A/chicken/Taiwan/A1997/2012,0.03509,-0.006687,-0.025924,0.038854,Avian,N2
424_A/chicken/Taiwan/D2/,A/chicken/Taiwan/D2/2019,0.030467,-0.042695,0.013384,-0.012256,Avian,N2
425_A/chicken/Taiwan/D9/,A/chicken/Taiwan/D9/2019,0.031216,-0.044037,0.013059,-0.012763,Avian,N2
426_A/chicken/Taiwan/u7/,A/chicken/Taiwan/u7/2016,0.047107,-0.049488,0.023953,-0.019253,Avian,N2
427_A/chicken/Taiwan/x37,A/chicken/Taiwan/x37/2016,0.036451,-0.015337,-0.005136,-0.017275,Avian,N8
428_A/chicken/TC/a504/20,A/chicken/TC/a504/2015,0.047748,-0.01625,-0.02718,0.025891,Avian,N2
429_A/chicken/TY/a665/20,A/chicken/TY/a665/2015,0.049029,-0.01481,-0.024395,0.024618,Avian,N2
430_A/chicken/Wuxi/7157/,A/chicken/Wuxi/7157/2015,-0.053204,0.002056,0.006288,0.000285,Avian,N6
431_A/chicken/Wuxi/7765/,A/chicken/Wuxi/7765/2016,-0.049495,0.011857,0.004167,-0.031429,Avian,N6
432_A/chicken/Wuxi/SC739,A/chicken/Wuxi/SC7393/2015,-0.057438,-0.004891,-0.007988,-0.02198,Avian,N6
433_A/chicken/Wuxi/WX-32,A/chicken/Wuxi/WX-32/2013,0.011564,0.009122,-0.020182,-0.003634,Avian,N1
434_A/chicken/Wuxi/WX-33,A/chicken/Wuxi/WX-33/2013,0.010193,0.013095,-0.026441,-0.004358,Avian,N1
435_A/chicken/Xinjiang/S,A/chicken/Xinjiang/S1016/2019(H5N1),0.007301,-0.008044,-0.021312,-0.012016,Avian,N1
436_A/chicken/Xinjiang/S,A/chicken/Xinjiang/S1081/2019(H5N1),0.003188,-0.008492,-0.021107,-0.013567,Avian,N1
437_A/chicken/Xinjiang/S,A/chicken/Xinjiang/S1170/2019(H5N1),0.005301,-0.005026,-0.019778,-0.011241,Avian,N1
438_A/Chicken/Xuzhou/470,A/Chicken/Xuzhou/470/2017,-0.05111,-0.0053,0.00483,0.019264,Avian,N6
439_A/chicken/Xuzhou/XZ6,A/chicken/Xuzhou/XZ6/2016,-0.052826,-0.003454,-0.005329,-0.017382,Avian,N6
440_A/Chicken/Yangzhou/f,A/Chicken/Yangzhou/f6/2018,-0.027686,-0.010245,0.015744,0.004972,Avian,N6
441_A/Chicken/Yangzhou/f,A/Chicken/Yangzhou/f9/2018,-0.026945,-0.007344,0.017438,0.006158,Avian,N6
442_A/Chicken/Yangzhou/f,A/Chicken/Yangzhou/f14/2018,-0.028948,-0.009582,0.0153,0.004218,Avian,N6
443_A/chicken/Yangzhou/Y,A/chicken/Yangzhou/YD1/2014,-0.043543,-0.000029,-0.013987,-0.034875,Avian,N6
444_A/chicken/YL/A3190/2,A/chicken/YL/A3190/2014,0.037768,-0.026622,-0.004731,0.025937,Avian,N2
445_A/chicken/Yuhang/1/2,A/chicken/Yuhang/1/2013,0.004285,0.013085,0.027497,-0.016347,Avian,Others
446_A/chicken/Yuhang/2/2,A/chicken/Yuhang/2/2013,0.011369,0.004329,0.024413,-0.011532,Avian,Others
447_A/chicken/Yunlin/150,A/chicken/Yunlin/15020048-1/2015,0.039167,-0.047333,0.025574,-0.016475,Avian,N2
448_A/chicken/Yunlin/150,A/chicken/Yunlin/15040002-2/2015,0.043335,-0.048547,0.024008,-0.011239,Avian,N2
449_A/chicken/Yunlin/150,A/chicken/Yunlin/15040027/2015,0.042989,-0.049819,0.022892,-0.01422,Avian,N2
450_A/chicken/Yunlin/150,A/chicken/Yunlin/15050012/2015,0.026538,-0.03143,-0.041578,0.023629,Avian,N8
451_A/chicken/Yunlin/150,A/chicken/Yunlin/15050037-2/2015,0.044566,-0.051316,0.022113,-0.01079,Avian,N2
452_A/chicken/Yunlin/150,A/chicken/Yunlin/15050039-2/2015,0.042023,-0.048178,0.025708,-0.009741,Avian,N2
453_A/chicken/Yunlin/150,A/chicken/Yunlin/15060014-1/2015,0.044464,-0.047503,0.021266,-0.010868,Avian,N2
454_A/chicken/Yunlin/150,A/chicken/Yunlin/15080024/2015,0.039085,-0.047564,0.017123,-0.012524,Avian,N2
455_A/chicken/Yunlin/160,A/chicken/Yunlin/16010001-1/2016,0.046653,-0.044851,0.022437,-0.018444,Avian,N2
456_A/chicken/Yunlin/160,A/chicken/Yunlin/16010008-1/2016,0.040187,-0.04101,0.022206,-0.020724,Avian,N2
457_A/chicken/Yunlin/160,A/chicken/Yunlin/16020038/2016,0.023808,-0.030736,-0.038985,0.002148,Avian,N8
458_A/chicken/Yunlin/160,A/chicken/Yunlin/16050053/2016,0.040942,-0.045511,0.022517,-0.009845,Avian,N2
459_A/chicken/Yunlin/170,A/chicken/Yunlin/17010001/2017,0.019608,-0.032638,-0.025519,0.001884,Avian,N8
460_A/chicken/Yunlin/170,A/chicken/Yunlin/17010014/2017,0.048783,-0.051593,0.027723,-0.018427,Avian,N2
461_A/chicken/Yunlin/170,A/chicken/Yunlin/17020094-1/2017,0.043441,-0.051765,0.023957,-0.017898,Avian,N2
462_A/chicken/Yunlin/170,A/chicken/Yunlin/17020095-2/2017,0.046597,-0.045958,0.027687,-0.014934,Avian,N2
463_A/chicken/Yunlin/170,A/chicken/Yunlin/17030001-1/2017,0.042342,-0.051406,0.023589,-0.016705,Avian,N2
464_A/chicken/Yunlin/170,A/chicken/Yunlin/17030007-1/2017,0.044777,-0.045557,0.029968,-0.022438,Avian,N2
465_A/chicken/Yunlin/170,A/chicken/Yunlin/17030010-1/2017,0.043352,-0.052866,0.026196,-0.019553,Avian,N2
466_A/chicken/Yunlin/170,A/chicken/Yunlin/17030014-1/2017,0.037814,-0.051283,0.026015,-0.017834,Avian,N2
467_A/chicken/Yunlin/170,A/chicken/Yunlin/17030020-2/2017,0.04191,-0.052705,0.023663,-0.017718,Avian,N2
468_A/chicken/Yunlin/170,A/chicken/Yunlin/17030021-1/2017,0.03964,-0.050537,0.028081,-0.01666,Avian,N2
469_A/chicken/Yunlin/170,A/chicken/Yunlin/17030032-2/2017,0.051338,-0.051762,0.028291,-0.017946,Avian,N2
470_A/chicken/Yunlin/170,A/chicken/Yunlin/17030065-2/2017,0.046433,-0.051501,0.022133,-0.016974,Avian,N2
471_A/chicken/Yunlin/170,A/chicken/Yunlin/17040003-1/2017,0.045992,-0.048227,0.024982,-0.019262,Avian,N2
472_A/chicken/Yunlin/170,A/chicken/Yunlin/17040004-2/2017,0.041485,-0.052171,0.023334,-0.018429,Avian,N2
473_A/chicken/Yunlin/170,A/chicken/Yunlin/17040011-1/2017,0.044664,-0.058443,0.021234,-0.013402,Avian,N2
474_A/chicken/Yunlin/170,A/chicken/Yunlin/17060019/2017,0.044231,-0.046354,0.024392,-0.017535,Avian,N2
475_A/chicken/Yunlin/170,A/chicken/Yunlin/17070010/2017,0.043533,-0.050655,0.022471,-0.015186,Avian,N2
476_A/chicken/Yunlin/180,A/chicken/Yunlin/18010001-2/2018,0.044158,-0.046704,0.022396,-0.016346,Avian,N2
477_A/chicken/Yunlin/180,A/chicken/Yunlin/18010003-3/2018,0.042102,-0.050317,0.022773,-0.014251,Avian,N2
478_A/chicken/Yunlin/180,A/chicken/Yunlin/18010023-1/2018,0.046378,-0.042225,0.027079,-0.01055,Avian,N2
479_A/chicken/Yunlin/180,A/chicken/Yunlin/18020003-2/2018,0.045801,-0.046393,0.027552,-0.014836,Avian,N2
480_A/chicken/Yunlin/180,A/chicken/Yunlin/18020004-1/2018,0.045742,-0.046302,0.027059,-0.013399,Avian,N2
481_A/chicken/Yunlin/180,A/chicken/Yunlin/18020005-2/2018,0.045122,-0.046882,0.029354,-0.013487,Avian,N2
482_A/chicken/Yunlin/180,A/chicken/Yunlin/18020008-2/2018,0.045627,-0.042801,0.025882,-0.011827,Avian,N2
483_A/chicken/Yunlin/180,A/chicken/Yunlin/18030002-1/2018,0.046576,-0.045799,0.026223,-0.012227,Avian,N2
484_A/chicken/Yunlin/180,A/chicken/Yunlin/18050013-1/2018,0.045839,-0.044237,0.021326,-0.014479,Avian,N2
485_A/chicken/Yunlin/180,A/chicken/Yunlin/18060001-2/2018,0.044727,-0.044152,0.021543,-0.014231,Avian,N2
486_A/chicken/Yunlin/180,A/chicken/Yunlin/18080006-1/2018,0.041017,-0.057855,0.009808,-0.008075,Avian,N2
487_A/chicken/Yunnan/1/2,A/chicken/Yunnan/1/2014,-0.027782,0.014652,-0.04704,-0.013716,Avian,N1
488_A/chicken/Yunnan/02.,A/chicken/Yunnan/02.09_DQXY008L/2015(H5N6),-0.003466,0.016354,0.031232,0.00678,Avian,N6
489_A/chicken/Yunnan/03.,A/chicken/Yunnan/03.15_DQJT0054-Z-P/2015(H5N6),-0.045972,-0.000998,-0.011034,-0.029334,Avian,N6
490_A/chicken/Yunnan/03.,A/chicken/Yunnan/03.16__DQJT0068-O/2015(H5N6),0.001974,0.024385,0.032513,0.007368,Avian,N6
491_A/chicken/Yunnan/03.,A/chicken/Yunnan/03.16_DQJT069-O/2015(H5N6),-0.058098,-0.006622,-0.000694,0.00986,Avian,N6
492_A/chicken/Yunnan/03.,A/chicken/Yunnan/03.16_DQXYL0034-O/2015(H5N6),-0.003114,0.017329,0.034377,0.007227,Avian,N6
493_A/chicken/Yunnan/03.,A/chicken/Yunnan/03.16_DQXYL057-O/2015(H5N6),-0.057653,-0.005915,0.000015,0.00987,Avian,N6
494_A/chicken/Yunnan/07.,A/chicken/Yunnan/07.11_DQENM005/2015(H5N6),-0.054061,-0.003202,0.006571,0.002452,Avian,N6
495_A/Chicken/Yunnan/YN-,A/Chicken/Yunnan/YN-8/2016__(H5N6),-0.036858,0.011445,0.011835,0.001611,Avian,N6
496_A/Chicken/Yunnan/YN-,A/Chicken/Yunnan/YN-11/2016__(H5N6),-0.04493,-0.002404,0.008795,0.009664,Avian,N6
497_A/Chicken/Yunnan/YN-,A/Chicken/Yunnan/YN-12/2016__(H5N6),-0.038729,0.004977,-0.005302,-0.012216,Avian,N6
498_A/chicken/Zhejiang/1,A/chicken/Zhejiang/194/2016,0.00029,-0.001561,-0.008853,0.015614,Avian,N2
499_A/chicken/Zhejiang/2,A/chicken/Zhejiang/209/2016,0.03557,-0.036632,-0.028896,0.041396,Avian,N2
500_A/chicken/Zhejiang/2,A/chicken/Zhejiang/217/2016,0.010493,-0.008115,-0.015077,0.012349,Avian,N2
501_A/chicken/Zhejiang/2,A/chicken/Zhejiang/232/2016,0.03253,-0.040456,-0.024769,0.047143,Avian,N2
502_A/chicken/Zhejiang/7,A/chicken/Zhejiang/7450/2015,0.032082,-0.038407,-0.026401,0.046462,Avian,N2
503_A/chicken/Zhejiang/8,A/chicken/Zhejiang/81643/2015,0.031569,-0.036385,-0.026819,0.046897,Avian,N2
504_A/chicken/Zhejiang/5,A/chicken/Zhejiang/514135/2015,0.009171,-0.018196,0.009329,0.017625,Avian,N2
505_A/chicken/Zhejiang/7,A/chicken/Zhejiang/727022/2014,-0.059968,0.00356,-0.011981,-0.025671,Avian,N6
506_A/chicken/Zhejiang/7,A/chicken/Zhejiang/727026/2014,-0.057218,0.001778,-0.011377,-0.021478,Avian,N6
507_A/chicken/Zhejiang/7,A/chicken/Zhejiang/727079/2014,0.019736,0.009037,-0.023685,-0.019034,Avian,N2
508_A/chicken/Zhejiang/7,A/chicken/Zhejiang/727155/2014,-0.059587,0.006447,-0.013973,-0.025557,Avian,N6
509_A/chicken/Zhejiang/7,A/chicken/Zhejiang/727159/2014,0.017527,-0.017397,-0.017969,-0.018716,Avian,N2
510_A/chickenl/Jiangxi/E,A/chickenl/Jiangxi/E84/2014_(H5N6),-0.050783,-0.007265,-0.010597,-0.016533,Avian,N6
511_A/Chlidonias_hybrida,A/Chlidonias_hybrida/Hubei/55/2020,0.031721,0.054112,0.024018,0.005468,Avian,N8
512_A/Commom_Teal/Ningxi,A/Commom_Teal/Ningxia/474-9/2015,-0.051176,0.011608,-0.016094,-0.01754,Avian,N6
513_A/common_coot/Shando,A/common_coot/Shandong/SC197/2021,0.03058,0.053657,0.020954,0.000027,Avian,N8
514_A/common_crane/Yunna,A/common_crane/Yunnan-Huize/27/2021(H5N8),0.037978,0.050059,0.021583,0.009774,Avian,N8
515_A/common_pochard/Nin,A/common_pochard/Ningxia/243/2020,0.042933,0.045111,0.005261,-0.013012,Avian,N8
516_A/common_teal/Ningxi,A/common_teal/Ningxia/105/2020,0.032568,0.049802,0.02432,0.003097,Avian,N8
517_A/common_teal/Ningxi,A/common_teal/Ningxia/181/2020,0.043931,0.045412,0.006443,-0.01234,Avian,N8
518_A/common_teal/Ningxi,A/common_teal/Ningxia/189/2020,0.042703,0.045063,0.004158,-0.012118,Avian,N8
519_A/common_teal/Ningxi,A/common_teal/Ningxia/237/2020,0.043786,0.04639,0.003821,-0.013233,Avian,N8
520_A/common_teal/Ningxi,A/common_teal/Ningxia/245/2020,0.042041,0.044826,0.004535,-0.011879,Avian,N8
521_A/common_teal/Ningxi,A/common_teal/Ningxia/253/2020,0.042859,0.045018,0.005097,-0.010317,Avian,N8
522_A/common_teal/Shaanx,A/common_teal/Shaanxi/SXY1-1/2020,0.031966,0.050454,0.025348,0.003789,Avian,N8
523_A/condor/Guangdong/1,A/condor/Guangdong/139/2003,0.019635,0.000854,-0.024194,0.010069,Avian,N1
524_A/Copsychus_saularis,A/Copsychus_saularis/Guangdong/SW8/2014,-0.057812,0.004051,-0.012018,-0.016307,Avian,N6
525_A/Curlew/Hong_Kong/A,A/Curlew/Hong_Kong/AFCD-HKU-22-01095.01009/2022,0.019924,0.019775,0.04763,0.006147,Avian,N1
526_A/Cygnus_atratus/Hub,A/Cygnus_atratus/Hubei/2Z2-O/2016,0.042827,0.045819,-0.006158,-0.003515,Avian,N8
527_A/Cygnus_atratus/Hub,A/Cygnus_atratus/Hubei/HF-1/2016,0.041687,0.044981,-0.002804,-0.00296,Avian,N8
528_A/Cygnus_columbianus,A/Cygnus_columbianus/Hubei/49/2020,0.032896,0.048903,0.024061,0.004301,Avian,N8
529_A/Cygnus_columbianus,A/Cygnus_columbianus/Hubei/50/2020,0.033469,0.051567,0.021317,0.003572,Avian,N8
530_A/Cygnus_columbianus,A/Cygnus_columbianus/Hubei/51/2020,0.033397,0.05089,0.02345,0.001814,Avian,N8
531_A/Cygnus_columbianus,A/Cygnus_columbianus/Hubei/52/2020,0.033176,0.051336,0.026123,0.005665,Avian,N8
532_A/Cygnus_columbianus,A/Cygnus_columbianus/Hubei/53/2020,0.034228,0.051289,0.024119,0.004334,Avian,N8
533_A/Cygnus_columbianus,A/Cygnus_columbianus/Hubei/56/2020,0.03549,0.050383,0.023246,0.002363,Avian,N8
534_A/Cygnus_columbianus,A/Cygnus_columbianus/Hubei/116/2020,0.034734,0.047452,0.024585,0.006466,Avian,N8
535_A/Cygnus_columbianus,A/Cygnus_columbianus/Hubei/117/2021,0.024022,0.022552,0.03521,0.02236,Avian,N1
536_A/Cygnus_columbianus,A/Cygnus_columbianus/Hubei/121/2021,0.022878,0.013985,0.029606,0.023368,Avian,N1
537_A/Cygnus_columbianus,A/Cygnus_columbianus/Hubei/123/2021,0.023441,0.023105,0.03548,0.022223,Avian,N1
538_A/Cygnus_columbianus,A/Cygnus_columbianus/Hubei/128/2021,0.024089,0.023648,0.036347,0.02172,Avian,N1
539_A/domestic_green-win,A/domestic_green-winged_teal/Hunan/3450/2006,0.034019,0.021253,-0.014895,0.021699,Avian,N1
540_A/duck/Anhui/AH328/2,A/duck/Anhui/AH328/2015,-0.054211,-0.007181,-0.000867,0.013983,Avian,N6
541_A/duck/Anhui/S4/2016,A/duck/Anhui/S4/2016,-0.055838,-0.011142,-0.001966,0.01324,Avian,N6
542_A/duck/Changhua/15A0,A/duck/Changhua/15A03431-1-20T/2015,0.040101,-0.049252,0.022417,-0.016012,Avian,N2
543_A/duck/Changhua/15A0,A/duck/Changhua/15A03473-1-20T/2015,0.042994,-0.045084,0.027873,-0.01867,Avian,N2
544_A/duck/Chiayi/150800,A/duck/Chiayi/15080023/2015,0.026172,-0.033421,-0.034038,0.001412,Avian,N8
545_A/duck/China/0936/20,A/duck/China/0936/2017,-0.048974,-0.015602,0.00865,0.027827,Avian,N6
546_A/duck/China/0938/20,A/duck/China/0938/2017,-0.007743,-0.026451,0.011407,0.000228,Avian,N6
547_A/duck/China/DK87/20,A/duck/China/DK87/2016,-0.034925,-0.006102,0.011425,0.023157,Avian,N6
548_A/duck/China/E26/201,A/duck/China/E26/2012,0.027734,0.017533,-0.024529,-0.009718,Avian,N1
549_A/duck/China/E53/201,A/duck/China/E53/2012,0.008369,0.014366,-0.031912,-0.006303,Avian,N1
550_A/Duck/China/H5N6/20,A/Duck/China/H5N6/2020,-0.043059,-0.005823,0.003583,-0.00406,Avian,N6
551_A/duck/China/YD1516/,A/duck/China/YD1516/2016,0.0378,-0.037982,-0.02862,0.05355,Avian,N2
552_A/duck/Chongqing/S43,A/duck/Chongqing/S4362/2017,0.02785,0.041774,0.020695,-0.015203,Avian,Others
553_A/duck/Dongguan/2685,A/duck/Dongguan/2685/2013,-0.055683,-0.000189,-0.012553,-0.017464,Avian,N6
554_A/Duck/Dongting/D76-,A/Duck/Dongting/D76-1/2016,0.016804,0.002787,0.029187,-0.007145,Avian,Others
555_A/duck/Eastern_China,A/duck/Eastern_China/008/2008,0.008063,-0.007036,0.001451,0.038759,Avian,Others
556_A/duck/Eastern_China,A/duck/Eastern_China/031/2009,0.006834,-0.013824,-0.01231,0.037227,Avian,Others
557_A/duck/Eastern_China,A/duck/Eastern_China/108/2008,0.005505,0.002497,-0.031546,0.021818,Avian,N1
558_A/duck/Eastern_China,A/duck/Eastern_China/909/2009,0.02027,-0.012768,-0.007331,0.040241,Avian,N1
559_A/duck/Eastern_China,A/duck/Eastern_China/JY/2014,0.04367,0.002039,-0.029877,-0.006014,Avian,N8
560_A/duck/Eastern_China,A/duck/Eastern_China/L0230/2010,0.018491,-0.019321,-0.022971,0.026438,Avian,N2
561_A/duck/Eastern_China,A/duck/Eastern_China/L0321/2010,0.01717,-0.028462,-0.029741,0.014078,Avian,N2
562_A/duck/Eastern_China,A/duck/Eastern_China/L0405/2010,0.033742,-0.016938,-0.040884,0.022112,Avian,N8
563_A/duck/Eastern_China,A/duck/Eastern_China/L0423/2011,0.039583,-0.012586,-0.039183,0.021825,Avian,N8
564_A/duck/Eastern_China,A/duck/Eastern_China/L0611/2011,0.039574,-0.011023,-0.034311,0.01891,Avian,N8
565_A/duck/Eastern_China,A/duck/Eastern_China/L0722/2012,0.041719,-0.009503,-0.037308,0.021869,Avian,N8
566_A/duck/Eastern_China,A/duck/Eastern_China/L1021/2012,0.036899,0.005773,-0.029463,0.011719,Avian,N8
567_A/duck/Eastern_China,A/duck/Eastern_China/L1120/2012,0.038541,-0.010559,-0.049197,0.022377,Avian,N8
568_A/duck/Eastern_China,A/duck/Eastern_China/S0131/2014,0.033796,-0.022874,-0.044383,0.037744,Avian,N2
569_A/duck/Eastern_China,A/duck/Eastern_China/S0215/2014,0.04783,0.00744,-0.017516,-0.014343,Avian,N8
570_A/duck/Eastern_China,A/duck/Eastern_China/S0322/2014,-0.037604,-0.012432,-0.017104,-0.013797,Avian,N6
571_A/duck/Eastern_China,A/duck/Eastern_China/S0711/2014,-0.041006,0.013293,-0.010144,-0.044824,Avian,N6
572_A/duck/Eastern_China,A/duck/Eastern_China/S0808/2014,0.023199,-0.030527,-0.034717,0.014321,Avian,N2
573_A/duck/Eastern_China,A/duck/Eastern_China/S0908/2014,-0.045653,-0.003205,-0.011714,-0.018229,Avian,N6
574_A/duck/Eastern_China,A/duck/Eastern_China/S1109/2014,0.037271,0.022061,-0.008565,-0.024876,Avian,N8
575_A/duck/Eastern_China,A/duck/Eastern_China/S1210/2013,0.039642,0.006244,-0.025057,-0.01104,Avian,N8
576_A/duck/Fujian/1.17_F,A/duck/Fujian/1.17_FZHX0123-C/2017,-0.034039,-0.01038,0.003533,0.020153,Avian,N6
577_A/duck/Fujian/03.18_,A/duck/Fujian/03.18_GTFJ-15-10/2015(Mixed),-0.052865,-0.003818,-0.012541,-0.015095,Avian,N6
578_A/duck/Fujian/05.07_,A/duck/Fujian/05.07_FZHMD4K-O/2015(Mixed),-0.046744,0.00258,-0.019454,-0.013063,Avian,N6
579_A/duck/Fujian/05.07_,A/duck/Fujian/05.07_FZHMD12AK-O/2015(Mixed),-0.044822,0.003697,-0.019499,-0.012274,Avian,N6
580_A/duck/Fujian/05.07_,A/duck/Fujian/05.07_FZHMDK14-O/2015(H5N6),-0.044822,0.003697,-0.019499,-0.012274,Avian,N6
581_A/duck/Fujian/10.26_,A/duck/Fujian/10.26_FZHX0002-O/2017,-0.041998,-0.01102,0.008415,0.02463,Avian,N6
582_A/duck/Fujian/10.26_,A/duck/Fujian/10.26_FZHX0010-O/2017,-0.043668,-0.012672,0.008942,0.020178,Avian,N6
583_A/duck/Fujian/11.3_F,A/duck/Fujian/11.3_FZHX1132-O/2016,-0.04514,-0.019377,0.006882,0.028286,Avian,N6
584_A/duck/Fujian/11.3_F,A/duck/Fujian/11.3_FZHX1141-C/2016,-0.045825,-0.019493,0.003026,0.026463,Avian,N6
585_A/duck/Fujian/11.23_,A/duck/Fujian/11.23_FZHX0009-C/2017,-0.040053,-0.000551,0.014006,0.027414,Avian,N6
586_A/duck/Fujian/11.23_,A/duck/Fujian/11.23_FZHX0014-C/2017,-0.03818,-0.016754,0.002152,0.028655,Avian,N6
587_A/duck/Fujian/11.23_,A/duck/Fujian/11.23_FZHX0015-C/2017,-0.041486,-0.016009,0.007824,0.021612,Avian,N6
588_A/duck/Fujian/12.7_F,A/duck/Fujian/12.7_FZHX1202-O/2016,-0.046,-0.017664,0.000024,0.016136,Avian,N6
589_A/duck/Fujian/12.7_F,A/duck/Fujian/12.7_FZHX1218-C/2016,-0.052659,-0.022266,0.001868,0.024854,Avian,N6
590_A/duck/Fujian/12.7_F,A/duck/Fujian/12.7_FZHX1219-O/2016,-0.049553,-0.024712,0.002844,0.029198,Avian,N6
591_A/duck/Fujian/12.7_F,A/duck/Fujian/12.7_FZHX1221-C/2016,-0.051191,-0.023461,0.002622,0.028909,Avian,N6
592_A/duck/Fujian/S1233/,A/duck/Fujian/S1233/2018(H5N1),-0.006887,-0.009891,-0.02041,0.017982,Avian,N1
593_A/duck/Fujian/S1273/,A/duck/Fujian/S1273/2018(H5N1),-0.003155,-0.013328,-0.022888,0.017257,Avian,N1
594_A/Duck/Fujian/S4146/,A/Duck/Fujian/S4146/2010,-0.003017,0.024672,-0.044517,-0.003629,Avian,N1
595_A/duck/Guangdong/01.,A/duck/Guangdong/01.01_SZSGXJK001-G/2016,-0.041881,-0.015462,0.003972,0.026657,Avian,N6
596_A/duck/Guangdong/01.,A/duck/Guangdong/01.01_SZSGXJK001-Y_/2016,-0.04303,-0.014353,0.003726,0.027054,Avian,N6
597_A/duck/Guangdong/01.,A/duck/Guangdong/01.01_SZSGXJK002-G/2016,-0.04673,-0.012549,0.003346,0.019516,Avian,N6
598_A/duck/Guangdong/01.,A/duck/Guangdong/01.01_SZSGXJK002-Y/2016,-0.041346,-0.014508,0.004195,0.026241,Avian,N6
599_A/duck/Guangdong/01.,A/duck/Guangdong/01.01_SZSGXJK003-G/2016,-0.038151,-0.014906,0.003211,0.025485,Avian,N6
600_A/duck/Guangdong/01.,A/duck/Guangdong/01.01_SZSGXJK004-Y/2016,-0.040468,-0.015715,0.004761,0.023837,Avian,N6
601_A/duck/Guangdong/01.,A/duck/Guangdong/01.01_SZSGXJK005-G_/2016,-0.042651,-0.017823,0.006296,0.021835,Avian,N6
602_A/duck/Guangdong/01.,A/duck/Guangdong/01.01_SZSGXJK005-Y/2016,-0.040059,-0.015604,0.005011,0.024885,Avian,N6
603_A/duck/Guangdong/01.,A/duck/Guangdong/01.01_SZSGXJK006-G/2016,-0.044697,-0.014833,0.003251,0.021991,Avian,N6
604_A/duck/Guangdong/01.,A/duck/Guangdong/01.01_SZSGXJK006-Y/2016,-0.04046,-0.016162,0.004603,0.023159,Avian,N6
605_A/duck/Guangdong/02.,A/duck/Guangdong/02.11_DGCP092-P/2015(Mixed),-0.064694,-0.001749,0.010555,0.006608,Avian,N6
606_A/duck/Guangdong/02.,A/duck/Guangdong/02.11_DGCP093-P/2015(Mixed),-0.060525,-0.001159,0.011784,0.010639,Avian,N6
607_A/duck/Guangdong/02.,A/duck/Guangdong/02.11_DGCP094-P/2015(Mixed),-0.063423,-0.002176,0.009388,0.005978,Avian,N6
608_A/duck/Guangdong/02.,A/duck/Guangdong/02.11_DGCP102-P/2015(Mixed),-0.065783,-0.002256,0.011096,0.007077,Avian,N6
609_A/duck/Guangdong/02.,A/duck/Guangdong/02.11_DGCP103-P/2015(Mixed),-0.063464,-0.002785,0.010319,0.004162,Avian,N6
610_A/duck/Guangdong/02.,A/duck/Guangdong/02.11_DGCP104-P/2015(Mixed),-0.064822,-0.003109,0.011716,0.005158,Avian,N6
611_A/duck/Guangdong/03.,A/duck/Guangdong/03.26_DGCP062-P/2015(H5N6),-0.053218,-0.000619,0.009018,0.004759,Avian,N6
612_A/duck/Guangdong/03.,A/duck/Guangdong/03.26_DGCP066-O/2015(H5N6),-0.052174,-0.002167,0.008283,0.004679,Avian,N6
613_A/duck/Guangdong/03.,A/duck/Guangdong/03.26_DGCP074-O/2015(H5N6),-0.052465,-0.003444,0.008926,0.006296,Avian,N6
614_A/duck/Guangdong/03.,A/duck/Guangdong/03.26_DGCP075-O/2015(Mixed),-0.040279,-0.005641,0.019147,-0.000508,Avian,N6
615_A/duck/Guangdong/03.,A/duck/Guangdong/03.26_DGCP076-O/2015(H5N6),-0.051797,-0.003467,0.010029,0.007847,Avian,N6
616_A/duck/Guangdong/03.,A/duck/Guangdong/03.26_DGCP076-P/2015(H5N6),-0.050661,-0.003221,0.0092,0.007136,Avian,N6
617_A/duck/Guangdong/03.,A/duck/Guangdong/03.26_DGCP077-O/2015(H5N6),-0.027427,-0.002528,0.018563,0.007427,Avian,N6
618_A/duck/Guangdong/03.,A/duck/Guangdong/03.26_DGCP078-P/2015(H5N6),-0.050229,-0.002238,0.009228,0.007234,Avian,N6
619_A/duck/Guangdong/03.,A/duck/Guangdong/03.26_DGCP080-P/2015(H5N6),-0.055049,-0.012439,0.00974,0.00232,Avian,N6
620_A/duck/Guangdong/03.,A/duck/Guangdong/03.26_DGCP082-O/2015(H5N6),-0.052385,-0.011833,0.010195,0.00133,Avian,N6
621_A/duck/Guangdong/03.,A/duck/Guangdong/03.26_DGCP084-P/2015(H5N6),-0.048639,-0.001288,0.009301,0.008435,Avian,N6
622_A/duck/Guangdong/03.,A/duck/Guangdong/03.26_DGCP709-P/2015(H5N6),-0.053625,-0.002476,0.009437,0.006809,Avian,N6
623_A/duck/Guangdong/03.,A/duck/Guangdong/03.26_DGCPLB007-O/2015(H5N6),-0.050287,-0.003294,0.007979,0.007467,Avian,N6
624_A/duck/Guangdong/03.,A/duck/Guangdong/03.26_DGCPLB007-P/2015(H5N6),-0.051107,-0.005242,0.007934,0.005539,Avian,N6
625_A/duck/Guangdong/03.,A/duck/Guangdong/03.26_DGCPLB019-P/2015(H5N6),-0.046375,-0.003131,0.010606,0.008779,Avian,N6
626_A/duck/Guangdong/03.,A/duck/Guangdong/03.26_DGCPLB021-O/2015(H5N6),-0.050279,-0.00373,0.009908,0.00895,Avian,N6
627_A/duck/Guangdong/03.,A/duck/Guangdong/03.26_DGCPLB022-O/2015(H5N6),-0.048969,-0.005146,0.008827,0.008465,Avian,N6
628_A/duck/Guangdong/03.,A/duck/Guangdong/03.26_DGCPLB022-P/2015(H5N6),-0.051547,-0.006181,0.008919,0.00714,Avian,N6
629_A/duck/Guangdong/03.,A/duck/Guangdong/03.26_DGCPLB023-O/2015(H5N6),-0.048135,-0.003552,0.008254,0.010956,Avian,N6
630_A/duck/Guangdong/03.,A/duck/Guangdong/03.26_DGCPLB023-P/2015(H5N6),-0.050824,-0.005329,0.009307,0.007434,Avian,N6
631_A/duck/Guangdong/03.,A/duck/Guangdong/03.26_DGCPLB024-O/2015(H5N6),-0.052656,-0.005317,0.009522,0.007991,Avian,N6
632_A/duck/Guangdong/03.,A/duck/Guangdong/03.27_DGQTSJ129-O/2015(Mixed),-0.060558,-0.001521,0.017283,0.003884,Avian,N6
633_A/duck/Guangdong/03.,A/duck/Guangdong/03.27_DGQTSJ131-O/2015(Mixed),-0.056539,-0.002046,0.005392,0.008716,Avian,N6
634_A/duck/Guangdong/03.,A/duck/Guangdong/03.27_DGQTSJ133-O/2015(Mixed),-0.062316,-0.004358,0.017281,0.002659,Avian,N6
635_A/duck/Guangdong/03.,A/duck/Guangdong/03.27_DGQTSJ134-O/2015(Mixed),-0.054555,-0.005147,0.008307,0.003405,Avian,N6
636_A/duck/Guangdong/03.,A/duck/Guangdong/03.27_DGQTXC203-O/2015(Mixed),-0.062875,-0.0027,0.017954,0.003838,Avian,N6
637_A/duck/Guangdong/04.,A/duck/Guangdong/04.15_SZBAXQ019/2015(Mixed),-0.028165,0.000718,0.013413,0.014237,Avian,N6
638_A/duck/Guangdong/04.,A/duck/Guangdong/04.15_SZBAXQ020/2015(H5N6),-0.060715,-0.003143,0.006134,0.010371,Avian,N6
639_A/duck/Guangdong/04.,A/duck/Guangdong/04.15_SZBAXQ021/2015(H5N6),-0.059702,-0.005222,0.003568,0.016449,Avian,N6
640_A/duck/Guangdong/04.,A/duck/Guangdong/04.16_LGDBL001/2015(Mixed),-0.050633,-0.01093,0.005455,0.009283,Avian,N6
641_A/duck/Guangdong/04.,A/duck/Guangdong/04.16_SZLGDBL005/2015(H5N6),-0.049482,-0.010771,0.00865,0.002649,Avian,N6
642_A/duck/Guangdong/04.,A/duck/Guangdong/04.16_SZLGDBL009/2015(H5N6),-0.052,-0.009577,0.003832,0.008623,Avian,N6
643_A/duck/Guangdong/04.,A/duck/Guangdong/04.16_SZLGDBL013/2015(H5N6),-0.049675,-0.003553,0.008325,0.004096,Avian,N6
644_A/duck/Guangdong/04.,A/duck/Guangdong/04.16_SZLGWL002/2015(H5N6),-0.061778,-0.003253,0.018159,0.004814,Avian,N6
645_A/duck/Guangdong/04.,A/duck/Guangdong/04.22_DGCP068-O/2015(H5N6),-0.057467,-0.006292,0.003214,0.010506,Avian,N6
646_A/duck/Guangdong/04.,A/duck/Guangdong/04.22_DGCP071-P/2015(Mixed),-0.060074,-0.005519,0.004526,0.010073,Avian,N6
647_A/duck/Guangdong/04.,A/duck/Guangdong/04.22_DGCP079-O/2015(H5N6),-0.062062,-0.004345,0.016677,0.004048,Avian,N6
648_A/duck/Guangdong/04.,A/duck/Guangdong/04.22_DGCP083-O/2015(Mixed),-0.060734,-0.004547,0.015489,0.0036,Avian,N6
649_A/duck/Guangdong/04.,A/duck/Guangdong/04.22_DGCP084-O/2015(H5N6),-0.061991,-0.003704,0.016624,0.003799,Avian,N6
650_A/duck/Guangdong/04.,A/duck/Guangdong/04.22_DGCPLB018-O/2015(H5N6),-0.031866,0.011449,-0.000189,-0.000629,Avian,N6
651_A/duck/Guangdong/04.,A/duck/Guangdong/04.22_DGCPLB020-O/2015(H5N6),-0.062404,-0.004428,0.007374,0.009355,Avian,N6
652_A/duck/Guangdong/04.,A/duck/Guangdong/04.22_DGCPLB022-O/2015(Mixed),-0.061341,-0.005238,0.008575,0.008699,Avian,N6
653_A/duck/Guangdong/04.,A/duck/Guangdong/04.22_DGCPLB041-P/2015(H5N6),-0.033238,0.01374,-0.000334,-0.001918,Avian,N6
654_A/duck/Guangdong/04.,A/duck/Guangdong/04.22_DGCPLB044-P/2015(H5N6),-0.031821,0.011863,0.001007,-0.00067,Avian,N6
655_A/duck/Guangdong/04.,A/duck/Guangdong/04.23_DGQTSJ121-O/2015(Mixed),-0.055989,-0.001663,0.003667,0.006686,Avian,N6
656_A/duck/Guangdong/04.,A/duck/Guangdong/04.23_DGQTSJ123-O/2015(Mixed),-0.055282,-0.001177,0.004105,0.008647,Avian,N6
657_A/duck/Guangdong/04.,A/duck/Guangdong/04.23_DGQTSJ127-O/2015(Mixed),-0.0431,0.002884,0.025714,0.007342,Avian,N6
658_A/duck/Guangdong/04.,A/duck/Guangdong/04.23_DGQTSJ128-O/2015(Mixed),-0.060774,-0.003115,0.017024,0.006148,Avian,N6
659_A/duck/Guangdong/04.,A/duck/Guangdong/04.23_DGQTSJ134-O/2015(Mixed),-0.05056,-0.005539,0.01101,0.009899,Avian,N6
660_A/duck/Guangdong/04.,A/duck/Guangdong/04.23_DGQTSJ135-O/2015(Mixed),-0.064194,-0.004761,0.016446,0.004431,Avian,N6
661_A/duck/Guangdong/04.,A/duck/Guangdong/04.23_DGQTSJ135-P/2015(Mixed),-0.059995,-0.002715,0.01674,0.005866,Avian,N6
662_A/duck/Guangdong/04.,A/duck/Guangdong/04.23_DGQTSJ138-O/2015(Mixed),-0.062707,-0.003171,0.017351,0.003826,Avian,N6
663_A/duck/Guangdong/04.,A/duck/Guangdong/04.23_DGQTSJ138-P/2015(Mixed),-0.056593,-0.003022,0.017327,0.005114,Avian,N6
664_A/duck/Guangdong/04.,A/duck/Guangdong/04.23_DGQTSJ144-O/2015(Mixed),-0.051898,-0.003427,0.006142,0.009713,Avian,N6
665_A/duck/Guangdong/04.,A/duck/Guangdong/04.23_DGQTSJ145-O/2015(H5N6),-0.060726,-0.008227,0.008635,0.010358,Avian,N6
666_A/duck/Guangdong/04.,A/duck/Guangdong/04.23_DGQTSJ146-O/2015(Mixed),-0.06039,-0.004618,0.017217,0.006712,Avian,N6
667_A/duck/Guangdong/04.,A/duck/Guangdong/04.23_DGQTSJ147-O/2015(Mixed),-0.060636,-0.005484,0.008647,0.009756,Avian,N6
668_A/duck/Guangdong/04.,A/duck/Guangdong/04.23_DGQTSJ148-O/2015(Mixed),-0.058816,-0.007493,0.007518,0.00822,Avian,N6
669_A/duck/Guangdong/04.,A/duck/Guangdong/04.23_DGQTXC183-O/2015(Mixed),-0.052482,-0.004552,0.009982,0.006564,Avian,N6
670_A/duck/Guangdong/04.,A/duck/Guangdong/04.23_DGQTXC185-O/2015(Mixed),-0.050053,-0.002625,0.008438,0.006684,Avian,N6
671_A/duck/Guangdong/04.,A/duck/Guangdong/04.23_DGQTXC186-O/2015(Mixed),-0.049647,-0.005281,0.00931,0.006953,Avian,N6
672_A/duck/Guangdong/04.,A/duck/Guangdong/04.23_DGQTXC187-O/2015(Mixed),-0.047447,-0.001119,0.010978,0.007606,Avian,N6
673_A/duck/Guangdong/04.,A/duck/Guangdong/04.23_DGQTXC187-P/2015(Mixed),-0.048181,-0.002275,0.00983,0.008177,Avian,N6
674_A/duck/Guangdong/04.,A/duck/Guangdong/04.23_DGQTXC188-O/2015(Mixed),-0.061433,-0.004772,0.018292,0.005099,Avian,N6
675_A/duck/Guangdong/04.,A/duck/Guangdong/04.23_DGQTXC188-P/2015(Mixed),-0.05586,-0.001196,0.005955,0.008303,Avian,N6
676_A/duck/Guangdong/04.,A/duck/Guangdong/04.23_DGQTXC201-O/2015(Mixed),-0.048355,-0.003803,0.009914,0.009439,Avian,N6
677_A/duck/Guangdong/04.,A/duck/Guangdong/04.23_DGQTXC202-O/2015(H5N6),-0.058454,-0.015119,0.009017,0.003434,Avian,N6
678_A/duck/Guangdong/04.,A/duck/Guangdong/04.23_DGQTXC202-O/2015(Mixed),-0.06196,-0.002525,0.016188,0.004955,Avian,N6
679_A/duck/Guangdong/04.,A/duck/Guangdong/04.23_DGQTXC203-O/2015(H5N6),-0.046563,-0.005594,0.008671,0.010604,Avian,N6
680_A/duck/Guangdong/04.,A/duck/Guangdong/04.23_DGQTXC204-O/2015(Mixed),-0.063387,-0.003785,0.017403,0.00356,Avian,N6
681_A/duck/Guangdong/04.,A/duck/Guangdong/04.23_DGQTXC204-P/2015(Mixed),-0.056909,-0.00225,0.003336,0.011132,Avian,N6
682_A/duck/Guangdong/04.,A/duck/Guangdong/04.23_DGQTXC205-O/2015(Mixed),-0.057337,-0.00298,0.005371,0.008683,Avian,N6
683_A/duck/Guangdong/04.,A/duck/Guangdong/04.23_DGQTXC206-O/2015(Mixed),-0.049743,-0.002265,0.009907,0.00632,Avian,N6
684_A/duck/Guangdong/04.,A/duck/Guangdong/04.23_DGQTXC207-O/2015(Mixed),-0.057239,-0.001906,0.005443,0.008878,Avian,N6
685_A/duck/Guangdong/04.,A/duck/Guangdong/04.23_DGQTXC207-P/2015(Mixed),-0.053467,-0.002849,0.00559,0.009707,Avian,N6
686_A/duck/Guangdong/04.,A/duck/Guangdong/04.23_DGQTXC213-O/2015(H5N6),-0.066758,-0.008682,0.013333,0.008597,Avian,N6
687_A/duck/Guangdong/04.,A/duck/Guangdong/04.23_DGQTXC213-P/2015(H5N6),-0.064817,-0.008109,0.015332,0.011138,Avian,N6
688_A/duck/Guangdong/04.,A/duck/Guangdong/04.23_DGQTXC227-P/2015(Mixed),-0.057221,-0.004737,0.009599,0.007764,Avian,N6
689_A/duck/Guangdong/04.,A/duck/Guangdong/04.23_DGQTXC229-P/2015(H5N6),-0.060951,-0.006553,0.008805,0.009483,Avian,N6
690_A/duck/Guangdong/04.,A/duck/Guangdong/04.23_DGQTXC230-P/2015(Mixed),-0.056595,-0.006549,0.00986,0.007103,Avian,N6
691_A/duck/Guangdong/04.,A/duck/Guangdong/04.23_DGQTXC231-O/2015(H5N6),-0.06082,-0.007511,0.008673,0.007571,Avian,N6
692_A/duck/Guangdong/04.,A/duck/Guangdong/04.23_DGQTXC231-P/2015(Mixed),-0.06082,-0.007511,0.008673,0.007571,Avian,N6
693_A/duck/Guangdong/04.,A/duck/Guangdong/04.23_DGQTXC232-P/2015(H5N6),-0.058544,-0.00629,0.00872,0.010256,Avian,N6
694_A/duck/Guangdong/04.,A/duck/Guangdong/04.23_DGQTXC233-P/2015(Mixed),-0.05646,-0.003564,0.010856,0.009058,Avian,N6
695_A/duck/Guangdong/04.,A/duck/Guangdong/04.23_DGQTXC235-O/2015(H5N6),-0.054867,-0.00374,0.010497,0.011506,Avian,N6
696_A/duck/Guangdong/04.,A/duck/Guangdong/04.23_DGQTXC236-P/2015(H5N6),-0.062003,-0.007364,0.009609,0.010567,Avian,N6
697_A/duck/Guangdong/11.,A/duck/Guangdong/11.18_SZBJ003-C/2016,-0.032195,-0.013369,0.004925,0.023237,Avian,N6
698_A/duck/Guangdong/11.,A/duck/Guangdong/11.18_SZBJ003-O/2016,-0.032195,-0.013369,0.004925,0.023237,Avian,N6
699_A/duck/Guangdong/11.,A/duck/Guangdong/11.18_SZBJ007-O/2016,-0.031852,-0.012984,0.006129,0.022631,Avian,N6
700_A/duck/Guangdong/KGZ,A/duck/Guangdong/KGZ15783/2021,0.028574,0.048903,0.03383,0.00695,Avian,N8
701_A/duck/Guangdong/KGZ,A/duck/Guangdong/KGZ16007/2021,-0.026077,0.013447,0.027518,0.030358,Avian,N6
702_A/duck/Guangdong/KGZ,A/duck/Guangdong/KGZ16008/2021,-0.025889,0.013442,0.027457,0.030584,Avian,N6
703_A/duck/Guangdong/KGZ,A/duck/Guangdong/KGZ16009/2021,-0.026187,0.013831,0.026639,0.027672,Avian,N6
704_A/duck/Guangdong/KGZ,A/duck/Guangdong/KGZ16012/2021,-0.02679,0.013607,0.026856,0.030847,Avian,N6
705_A/duck/Guangdong/KGZ,A/duck/Guangdong/KGZ16015/2021,0.022829,0.065691,0.01524,0.002102,Avian,N8
706_A/Duck/Guangdong/PO1,A/Duck/Guangdong/PO17281256/MZH/2017-8-21,-0.049782,-0.003897,0.009018,0.026805,Avian,N6
707_A/Duck/Guangdong/PO1,A/Duck/Guangdong/PO17281388/MZH/2017-10-24,-0.05173,-0.006793,0.004829,0.023671,Avian,N6
708_A/Duck/Guangdong/PO1,A/Duck/Guangdong/PO17284260/YJ/2017-7-12,-0.042131,-0.00809,0.005907,0.022953,Avian,N6
709_A/Duck/Guangdong/PO1,A/Duck/Guangdong/PO1707260017/GZH/2017-08-02,-0.04891,-0.005172,0.005949,0.026994,Avian,N6
710_A/Duck/Guangdong/PY5,A/Duck/Guangdong/PY501/2014(H5N6),-0.038659,0.010689,0.00281,-0.031737,Avian,N6
711_A/Duck/Guangdong/PY5,A/Duck/Guangdong/PY503/2014(H5N6),-0.036037,0.010462,-0.010849,-0.029502,Avian,N6
712_A/duck/Guangdong/S12,A/duck/Guangdong/S1269/2021,0.030191,0.045026,0.026398,0.003078,Avian,N8
713_A/duck/Guangdong/S13,A/duck/Guangdong/S1330/2016,-0.038065,-0.01642,0.010146,0.015533,Avian,N6
714_A/duck/Guangdong/S45,A/duck/Guangdong/S4518/2021(H5N1),0.023086,0.019516,0.048023,0.013789,Avian,N1
715_A/duck/Guangdong/S45,A/duck/Guangdong/S4525/2021(H5N1),0.021756,0.018577,0.047076,0.014031,Avian,N1
716_A/duck/Guangdong/S48,A/duck/Guangdong/S4879/2020,-0.005187,0.038829,0.037943,0.011571,Avian,N6
717_A/duck/Guangdong/s14,A/duck/Guangdong/s14044/2014,0.039898,-0.016173,-0.050111,0.019769,Avian,N8
718_A/duck/Guangdong/SE1,A/duck/Guangdong/SE195/2021,-0.018587,-0.010971,-0.002808,0.024072,Avian,N6
719_A/Duck/Guangdong/SS1,A/Duck/Guangdong/SS1A1/2014(H5N6),-0.039619,0.011029,-0.015337,-0.039069,Avian,N6
720_A/duck/Guangdong/wy1,A/duck/Guangdong/wy11/2008,0.0021,-0.02205,-0.012747,0.03066,Avian,Others
721_A/duck/Guangdong/wy1,A/duck/Guangdong/wy19/2008,0.004027,-0.021953,-0.017204,0.03401,Avian,Others
722_A/duck/Guangdong/wy2,A/duck/Guangdong/wy24/2008,0.009568,-0.02176,-0.018843,0.035694,Avian,Others
723_A/Duck/Guangdong/Yan,A/Duck/Guangdong/Yangjiang/PO18284009/2018-01-09,-0.049854,-0.012335,0.004845,0.025063,Avian,N6
724_A/duck/Guangxi/12.25,A/duck/Guangxi/12.25_GLGX-14-08/2014(Mixed),-0.047954,0.004148,-0.007391,-0.025502,Avian,N6
725_A/duck/Guangxi/S1009,A/duck/Guangxi/S10099/2021,0.03431,0.048896,0.021832,0.000955,Avian,N8
726_A/duck/Guangxi/S1026,A/duck/Guangxi/S10263/2021,0.033948,0.048879,0.021028,0.001099,Avian,N8
727_A/duck/Guangxi/S1104,A/duck/Guangxi/S11043/2021,0.03312,0.046946,0.022875,-0.000395,Avian,N8
728_A/duck/Guangxi/S2119,A/duck/Guangxi/S21194/2021,0.029263,0.051032,0.021127,0.001312,Avian,N8
729_A/duck/Guangxi/S3111,A/duck/Guangxi/S31116/2021(H5N6),-0.024302,0.047757,0.033203,0.018103,Avian,N6
730_A/duck/Guangzhou/018,A/duck/Guangzhou/018/2014,-0.055156,-0.000543,-0.009661,-0.020477,Avian,N6
731_A/duck/Guangzhou/021,A/duck/Guangzhou/021/2014,-0.051525,-0.004633,-0.008153,-0.021374,Avian,N6
732_A/duck/Guizhou/7.27_,A/duck/Guizhou/7.27_ZYLJJ017-O/2018,-0.052997,-0.002582,0.015168,0.033089,Avian,N6
733_A/duck/Guizhou/8.26_,A/duck/Guizhou/8.26_ZYLJJ016-O/2018,-0.042437,-0.00192,0.011534,0.030931,Avian,N6
734_A/duck/Guizhou/8.26_,A/duck/Guizhou/8.26_ZYLJJ017-O/2018,-0.048771,-0.001132,0.018134,0.028652,Avian,N6
735_A/duck/Guizhou/S1321,A/duck/Guizhou/S1321/2022(H5N1),0.021035,0.020005,0.04159,0.014977,Avian,N1
736_A/duck/Guizhou/S1711,A/duck/Guizhou/S1711/2024(H5N1),0.026698,0.028498,0.033773,0.015684,Avian,N1
737_A/duck/Guizhou/S4702,A/duck/Guizhou/S4702/2021(H5N6),-0.024265,0.039905,0.055105,0.019617,Avian,N6
738_A/duck/Hainan/12.29_,A/duck/Hainan/12.29_HKPL002-C/2017,-0.047118,-0.006415,0.009624,0.030723,Avian,N6
739_A/duck/Hebei/3/2011|,A/duck/Hebei/3/2011,0.022468,-0.032252,-0.032262,0.02711,Avian,N2
740_A/duck/Hebei/S1070/2,A/duck/Hebei/S1070/2021,0.031649,0.057292,0.020509,0.006053,Avian,N8
741_A/duck/Henan/01.01_L,A/duck/Henan/01.01_LYGL003-O/2017,-0.016644,0.012762,0.015008,0.008907,Avian,N6
742_A/duck/Henan/S1381/2,A/duck/Henan/S1381/2021,0.03353,0.054058,0.022901,0.003442,Avian,N8
743_A/duck/Hsinchu/15020,A/duck/Hsinchu/15020216/2015,0.045027,-0.049959,0.025372,-0.013093,Avian,N2
744_A/duck/Hubei/03.06__,A/duck/Hubei/03.06__WHWTZ0107-O/2015(Mixed),0.040392,0.008535,-0.006243,0.017821,Avian,N2
745_A/duck/Hubei/03.06__,A/duck/Hubei/03.06__WHWTZ0111-O/2015(Mixed),-0.034295,0.001232,-0.014422,-0.037222,Avian,N6
746_A/duck/Hubei/03.06__,A/duck/Hubei/03.06__WHWTZ0123-O/2015(H5N6),-0.032416,0.002576,-0.01405,-0.038047,Avian,N6
747_A/duck/Hubei/03.06__,A/duck/Hubei/03.06__WHWTZ0125-O/2015(H5N6),-0.034644,0.000417,-0.013541,-0.037884,Avian,N6
748_A/duck/Hubei/03.06__,A/duck/Hubei/03.06__WHWTZ0129-P/2015(H5N6),-0.032119,0.001221,-0.012938,-0.037423,Avian,N6
749_A/duck/Hubei/03.06__,A/duck/Hubei/03.06__WHWTZ0150-P/2015(Mixed),-0.038266,0.010984,0.003348,-0.005789,Avian,N6
750_A/duck/Hubei/03.06__,A/duck/Hubei/03.06__WHWTZ0155-P/2015(H5N1),0.023548,0.024141,0.010072,-0.002799,Avian,N1
751_A/duck/HuBei/03.06__,A/duck/HuBei/03.06__WHWTZ0158-P/2015(H5N6),-0.032416,0.002576,-0.01405,-0.038047,Avian,N6
752_A/duck/Hubei/03.06_W,A/duck/Hubei/03.06_WHWTZ0124-O/2015(H5N6),-0.034636,0.001002,-0.013234,-0.037767,Avian,N6
753_A/duck/Hubei/03.06_W,A/duck/Hubei/03.06_WHWTZ0130-O/2015(H5N6),-0.034614,0.000225,-0.014271,-0.037369,Avian,N6
754_A/duck/Hubei/46/2009,A/duck/Hubei/46/2009,0.023223,0.001626,-0.001157,0.031092,Avian,N1
755_A/duck/Hubei/2911/20,A/duck/Hubei/2911/2007,0.016971,-0.001304,-0.007124,-0.028225,Avian,N1
756_A/duck/Hubei/S4465/2,A/duck/Hubei/S4465/2021(H5N1),0.039829,0.029456,0.022729,0.000689,Avian,N1
757_A/duck/Hubei/SE128/2,A/duck/Hubei/SE128/2022(H5N1),0.036046,0.029706,0.024838,-0.000467,Avian,N1
758_A/duck/Hubei/SE220/2,A/duck/Hubei/SE220/2022(H5N1),0.02636,0.018534,0.042199,0.011571,Avian,N1
759_A/duck/Hubei/SZY250/,A/duck/Hubei/SZY250/2016,0.026056,-0.024374,-0.025096,0.044312,Avian,N2
760_A/duck/Hubei/xn/2007,A/duck/Hubei/xn/2007,0.021397,0.006477,-0.019789,0.025784,Avian,N1
761_A/duck/Hunan/1.12_YY,A/duck/Hunan/1.12_YYGK68H3-OC/2018,-0.052859,-0.005134,0.012932,0.032751,Avian,N6
762_A/duck/Hunan/1.12_YY,A/duck/Hunan/1.12_YYGK72H3-OC/2018,-0.051855,-0.005623,0.012795,0.035022,Avian,N6
763_A/duck/Hunan/1.12_YY,A/duck/Hunan/1.12_YYGK74H3-OC/2018,-0.041577,-0.007063,0.008713,0.03464,Avian,N6
764_A/duck/Hunan/01.12_Y,A/duck/Hunan/01.12_YYGK82H3-OC/2018,-0.041473,-0.006916,0.008338,0.035011,Avian,N6
765_A/duck/Hunan/01.16_Y,A/duck/Hunan/01.16_YYFQH128-P/2014(Mixed),-0.038294,0.014473,-0.014349,-0.036184,Avian,N6
766_A/duck/Hunan/01.16_Y,A/duck/Hunan/01.16_YYFQH185-P/2014(H5N6),-0.039659,0.015137,-0.010994,-0.036822,Avian,N6
767_A/duck/Hunan/01.16_Y,A/duck/Hunan/01.16_YYFQH299-P/2014(H5N6),-0.04355,0.013953,-0.009334,-0.041616,Avian,N6
768_A/duck/Hunan/01.16_Y,A/duck/Hunan/01.16_YYFQH303-P/2014(H5N6),-0.043684,0.01409,-0.008962,-0.039505,Avian,N6
769_A/duck/Hunan/01.16_Y,A/duck/Hunan/01.16_YYFQH304-P/2014(H5N6),-0.046242,0.014303,-0.010324,-0.038685,Avian,N6
770_A/duck/Hunan/01.16_Y,A/duck/Hunan/01.16_YYFQH305-P/2014(H5N6),-0.042672,0.013889,-0.00992,-0.038711,Avian,N6
771_A/duck/Hunan/01.16_Y,A/duck/Hunan/01.16_YYFQH306-P/2014(H5N6),-0.042593,0.01221,-0.00941,-0.038734,Avian,N6
772_A/duck/Hunan/01.16_Y,A/duck/Hunan/01.16_YYFQH309-P/2014(H5N6),-0.04264,0.013153,-0.009842,-0.039901,Avian,N6
773_A/duck/Hunan/01.16_Y,A/duck/Hunan/01.16_YYFQH317-P/2014(H5N6),-0.043088,0.012441,-0.010556,-0.039911,Avian,N6
774_A/duck/Hunan/01.16_Y,A/duck/Hunan/01.16_YYFQH319-P/2014(H5N6),-0.044352,0.013657,-0.010533,-0.040219,Avian,N6
775_A/duck/Hunan/01.16_Y,A/duck/Hunan/01.16_YYGK218-P/2014(H5N6),-0.042025,0.013103,-0.00904,-0.04029,Avian,N6
776_A/duck/Hunan/1.17_YY,A/duck/Hunan/1.17_YYGKK80-OC/2017,-0.038905,-0.021026,0.001772,0.027618,Avian,N6
777_A/duck/Hunan/01.21_Y,A/duck/Hunan/01.21_YYFQH009-O/2015(H5N6),-0.037181,0.00806,-0.014318,-0.039839,Avian,N6
778_A/duck/Hunan/01.21_Y,A/duck/Hunan/01.21_YYFQH019-P/2015(H5N6),-0.032066,0.00052,0.016614,-0.025398,Avian,N6
779_A/duck/Hunan/01.21_Y,A/duck/Hunan/01.21_YYFQH024-P/2015(H5N6),-0.036291,0.001045,-0.010963,-0.032805,Avian,N6
780_A/duck/Hunan/01.21_Y,A/duck/Hunan/01.21_YYFQH025-P/2015(H5N6),-0.032389,0.009299,-0.014066,-0.041505,Avian,N6
781_A/duck/Hunan/01.21_Y,A/duck/Hunan/01.21_YYFQH030-O/2015(H5N6),-0.0354,0.00714,-0.013046,-0.036773,Avian,N6
782_A/duck/Hunan/2.06_YY,A/duck/Hunan/2.06_YYGK77J3-OC/2018,-0.054976,-0.012302,0.015403,0.026013,Avian,N6
783_A/duck/Hunan/2.06_YY,A/duck/Hunan/2.06_YYGK78J3-OC/2018,-0.050093,-0.005912,0.0158,0.03695,Avian,N6
784_A/duck/Hunan/2.06_YY,A/duck/Hunan/2.06_YYGK84J3-OC/2018,-0.05342,-0.011721,0.015673,0.027941,Avian,N6
785_A/duck/Hunan/2.06_YY,A/duck/Hunan/2.06_YYGK92J3-OC/2018,-0.053399,-0.011348,0.015734,0.027705,Avian,N6
786_A/duck/Hunan/02.07__,A/duck/Hunan/02.07__YYFQHY12Y-O/2015(H5N6),-0.036064,0.008894,-0.014504,-0.03919,Avian,N6
787_A/duck/Hunan/02.07__,A/duck/Hunan/02.07__YYFQHY20Y-O/2015(H5N6),-0.036274,0.00799,-0.013361,-0.041584,Avian,N6
788_A/duck/Hunan/02.07_Y,A/duck/Hunan/02.07_YYFQH026-O/2015(H5N6),-0.034777,0.00094,0.017999,-0.025126,Avian,N6
789_A/duck/Hunan/02.07_Y,A/duck/Hunan/02.07_YYFQH029-O/2015(H5N6),-0.036084,0.009816,-0.011638,-0.040055,Avian,N6
790_A/duck/Hunan/02.07_Y,A/duck/Hunan/02.07_YYFQH032-O/2015(H5N6),-0.03499,-0.000071,0.018161,-0.02477,Avian,N6
791_A/duck/Hunan/02.16_Y,A/duck/Hunan/02.16_YYGK281-P/2014(H5N6),-0.041744,0.013718,-0.009536,-0.040031,Avian,N6
792_A/duck/Hunan/02.26__,A/duck/Hunan/02.26__YYFQH293-P/2014(H5N6),-0.043444,0.012586,-0.009997,-0.040012,Avian,N6
793_A/duck/Hunan/02.26__,A/duck/Hunan/02.26__YYFQH320-P/2014(H5N6),-0.040591,0.014424,-0.009734,-0.040732,Avian,N6
794_A/duck/Hunan/02.26__,A/duck/Hunan/02.26__YYGK251-P/2014(H5N6),-0.041832,0.014241,-0.009579,-0.040252,Avian,N6
795_A/duck/Hunan/02.26__,A/duck/Hunan/02.26__YYGK0255-P/2014(H5N6),-0.039508,0.012277,-0.009864,-0.042237,Avian,N6
796_A/duck/Hunan/02.26_Y,A/duck/Hunan/02.26_YYFQH290-P/2014(H5N6),-0.036665,0.014994,-0.011328,-0.038997,Avian,N6
797_A/duck/Hunan/02.26_Y,A/duck/Hunan/02.26_YYFQH294-P/2014(H5N6),-0.043684,0.01409,-0.008962,-0.039505,Avian,N6
798_A/duck/Hunan/02.26_Y,A/duck/Hunan/02.26_YYFQH308-P/2014(H5N6),-0.042365,0.012704,-0.009662,-0.040317,Avian,N6
799_A/duck/Hunan/02.26_Y,A/duck/Hunan/02.26_YYFQHY291-P/2014(H5N6),-0.033953,0.012726,-0.013473,-0.039249,Avian,N6
800_A/duck/Hunan/02.26_Y,A/duck/Hunan/02.26_YYGK250-P/2014(H5N6),-0.038227,0.015363,-0.014996,-0.039167,Avian,N6
801_A/duck/Hunan/02.26_Y,A/duck/Hunan/02.26_YYGK254-P/2014(H5N6),-0.042003,0.012587,-0.009483,-0.041182,Avian,N6
802_A/duck/Hunan/02.26_Y,A/duck/Hunan/02.26_YYGK263-P/2014(H5N6),-0.037365,0.015402,-0.014975,-0.037069,Avian,N6
803_A/duck/Hunan/02.26_Y,A/duck/Hunan/02.26_YYGK267-P/2014(H5N6),-0.037253,0.014735,-0.013559,-0.03834,Avian,N6
804_A/duck/Hunan/02.26_Y,A/duck/Hunan/02.26_YYGK271-P/2014(H5N6),-0.037767,0.016329,-0.015232,-0.03711,Avian,N6
805_A/duck/Hunan/02.26_Y,A/duck/Hunan/02.26_YYGK276-P/2014(H5N6),-0.038058,0.014956,-0.016528,-0.03777,Avian,N6
806_A/duck/Hunan/02.26_Y,A/duck/Hunan/02.26_YYGKY298-P/2014(H5N6),-0.042958,0.012579,-0.009955,-0.03998,Avian,N6
807_A/duck/Hunan/02.26_Y,A/duck/Hunan/02.26_YYGQH295-P/2014(H5N6),-0.044257,0.014205,-0.008793,-0.038826,Avian,N6
808_A/duck/Hunan/03.07_Y,A/duck/Hunan/03.07_YYGK1L3-OC/2018,0.028406,0.001067,-0.055664,0.00875,Avian,N1
809_A/duck/Hunan/03.07_Y,A/duck/Hunan/03.07_YYGK4L3-OC/2018,-0.040858,-0.015361,0.005493,0.022974,Avian,N6
810_A/duck/Hunan/03.07_Y,A/duck/Hunan/03.07_YYGK25L3-OC/2018,-0.049561,-0.015381,0.017764,0.028199,Avian,N6
811_A/duck/Hunan/03.07_Y,A/duck/Hunan/03.07_YYGK31L3-OC/2018,-0.00929,-0.012762,0.004077,0.018326,Avian,N6
812_A/duck/Hunan/03.09_Y,A/duck/Hunan/03.09_YYFQH0036-P/2015(Mixed),0.001015,0.014757,0.024254,-0.017759,Avian,N6
813_A/duck/Hunan/03.09_Y,A/duck/Hunan/03.09_YYFQH0046-O/2015(Mixed),-0.057154,-0.005218,0.006974,0.008056,Avian,N6
814_A/duck/Hunan/03.09_Y,A/duck/Hunan/03.09_YYFQH0047-O/2015(H5N6),-0.041566,0.001253,-0.01227,-0.02597,Avian,N6
815_A/duck/Hunan/03.24_Y,A/duck/Hunan/03.24_YYGK18M2-O/2017,-0.062964,-0.011489,-0.012262,0.017913,Avian,N6
816_A/duck/Hunan/03.24_Y,A/duck/Hunan/03.24_YYGK21M2-O/2017,-0.06103,-0.012352,-0.011307,0.018028,Avian,N6
817_A/duck/Hunan/03.24_Y,A/duck/Hunan/03.24_YYGK174M2-C/2017,-0.061559,-0.012043,-0.010937,0.018123,Avian,N6
818_A/duck/Hunan/03.24_Y,A/duck/Hunan/03.24_YYGK178M2-C/2017,-0.060222,-0.012472,-0.010467,0.017422,Avian,N6
819_A/duck/Hunan/04.14_Y,A/duck/Hunan/04.14_YYGK067-O/2015(Mixed),-0.029118,0.005136,-0.005821,-0.034409,Avian,N6
820_A/duck/Hunan/04.14_Y,A/duck/Hunan/04.14_YYGK0439-Z-P/2015(Mixed),-0.02876,0.010185,-0.014516,-0.037272,Avian,N6
821_A/duck/Hunan/04.14_Y,A/duck/Hunan/04.14_YYGK451-1-O/2015(Mixed),-0.038326,0.005826,-0.012257,-0.035116,Avian,N6
822_A/duck/Hunan/04.14_Y,A/duck/Hunan/04.14_YYGK460-O/2015(H5N6),-0.035326,0.007567,-0.015783,-0.036325,Avian,N6
823_A/duck/Hunan/04.14_Y,A/duck/Hunan/04.14_YYGK464-O/2015(H5N6),-0.02914,0.003931,-0.006367,-0.033213,Avian,N6
824_A/duck/Hunan/04.14_Y,A/duck/Hunan/04.14_YYGK468-O/2015(H5N6),-0.029416,0.005118,-0.005633,-0.034364,Avian,N6
825_A/duck/Hunan/04.14_Y,A/duck/Hunan/04.14_YYGK472-O/2015(Mixed),-0.029022,0.004351,-0.005724,-0.035554,Avian,N6
826_A/duck/Hunan/04.14_Y,A/duck/Hunan/04.14_YYGK0878-P/2015(H5N6),-0.03544,0.005486,-0.013908,-0.035925,Avian,N6
827_A/duck/Hunan/04.14_Y,A/duck/Hunan/04.14_YYXS877-P/2015(H5N6),-0.03544,0.005486,-0.013908,-0.035925,Avian,N6
828_A/duck/Hunan/04.22_L,A/duck/Hunan/04.22_LDDX037-P/2015(H5N6),-0.066958,-0.000823,0.010312,0.010024,Avian,N6
829_A/duck/Hunan/7.21_YY,A/duck/Hunan/7.21_YYGK41Y1-C/2016,-0.058069,-0.007978,0.000356,0.021196,Avian,N6
830_A/duck/Hunan/11.30_Y,A/duck/Hunan/11.30_YYGK59E3-OC/2017,-0.042895,-0.010721,0.00696,0.023617,Avian,N6
831_A/duck/Hunan/11.30_Y,A/duck/Hunan/11.30_YYGK62E3-OC/2017,-0.048056,-0.010895,0.006334,0.024898,Avian,N6
832_A/duck/Hunan/11.30_Y,A/duck/Hunan/11.30_YYGK63E3-OC/2017,-0.050084,-0.011726,0.00639,0.027844,Avian,N6
833_A/duck/Hunan/11.30_Y,A/duck/Hunan/11.30_YYGK74E3-OC/2017,0.038825,0.040858,-0.003969,-0.00958,Avian,N8
834_A/duck/Hunan/11.30_Y,A/duck/Hunan/11.30_YYGK75E3-OC/2017,-0.012284,0.018154,0.020823,0.001996,Avian,N6
835_A/duck/Hunan/12.07__,A/duck/Hunan/12.07__YYGK44-P/2013(Mixed),0.003876,0.017713,-0.042948,-0.011275,Avian,N1
836_A/duck/Hunan/12.07__,A/duck/Hunan/12.07__YYGK97-P/2013(H5N1),0.009441,0.021549,-0.03603,-0.013555,Avian,N1
837_A/duck/Hunan/12.07__,A/duck/Hunan/12.07__YYGK110-P/2013(H5N6),-0.056148,0.004266,-0.012817,-0.020155,Avian,N6
838_A/duck/Hunan/12.07__,A/duck/Hunan/12.07__YYGK111-P/2013(H5N6),-0.054695,0.002753,0.001466,-0.030995,Avian,N6
839_A/duck/Hunan/12.07__,A/duck/Hunan/12.07__YYGK118-P/2013(H5N6),-0.037728,0.014497,-0.009592,-0.038966,Avian,N6
840_A/duck/Hunan/12.07_Y,A/duck/Hunan/12.07_YGK098-P/2013(H5N6),-0.053712,0.002636,-0.014968,-0.017426,Avian,N6
841_A/duck/Hunan/12.07_Y,A/duck/Hunan/12.07_YYGK007-P/2013(H5N1),0.010914,0.021525,-0.038552,-0.012515,Avian,N1
842_A/duck/Hunan/12.07_Y,A/duck/Hunan/12.07_YYGK032-P/2013(H5N6),-0.045598,0.017538,-0.01093,-0.036978,Avian,N6
843_A/duck/Hunan/12.07_Y,A/duck/Hunan/12.07_YYGK68-P/2013(H5N6),-0.042417,0.013008,-0.01327,-0.039358,Avian,N6
844_A/duck/Hunan/12.07_Y,A/duck/Hunan/12.07_YYGK100-P/2013(H5N1),0.006766,0.018364,-0.046939,-0.007051,Avian,N1
845_A/duck/Hunan/12.07_Y,A/duck/Hunan/12.07_YYGK108-P/2013(H5N6),-0.055824,0.000786,-0.0111,-0.020287,Avian,N6
846_A/duck/Hunan/12.07_Y,A/duck/Hunan/12.07_YYGK113-P/2013(H5N6),-0.055172,0.00208,-0.009378,-0.020237,Avian,N6
847_A/duck/Hunan/12.17__,A/duck/Hunan/12.17__YYFQH0046-1-O/2014(Mixed),-0.057579,-0.006363,0.008947,0.001371,Avian,N6
848_A/duck/Hunan/12.17__,A/duck/Hunan/12.17__YYFQH0072-O/2014(Mixed),-0.058263,-0.006412,0.010028,0.005137,Avian,N6
849_A/duck/Hunan/12.17__,A/duck/Hunan/12.17__YYGK0066-P/2014(H5N6),-0.034814,0.009694,-0.008722,-0.03647,Avian,N6
850_A/duck/Hunan/12.17_Y,A/duck/Hunan/12.17_YYGK014/2014(H5N6),-0.032252,0.015817,-0.013695,-0.040022,Avian,N6
851_A/duck/Hunan/12.17_Y,A/duck/Hunan/12.17_YYGK040/2014(H5N6),-0.034796,0.016462,-0.018748,-0.036839,Avian,N6
852_A/duck/Hunan/12.17_Y,A/duck/Hunan/12.17_YYGK056/2014(H5N6),-0.044007,0.002765,-0.00472,-0.023286,Avian,N6
853_A/duck/Hunan/12.17_Y,A/duck/Hunan/12.17_YYGK0056/2014(H5N6),-0.036368,0.008863,-0.013269,-0.0422,Avian,N6
854_A/duck/Hunan/12.17_Y,A/duck/Hunan/12.17_YYGK0057/2014(H5N6),-0.033033,0.015084,-0.017996,-0.036601,Avian,N6
855_A/duck/Hunan/12.17_Y,A/duck/Hunan/12.17_YYGK0063-O/2014(H5N6),-0.057895,-0.007321,0.010069,0.004477,Avian,N6
856_A/duck/Hunan/12.17_Y,A/duck/Hunan/12.17_YYGK079-1/2014(H5N6),-0.032023,0.011723,-0.012253,-0.039588,Avian,N6
857_A/duck/Hunan/12.17_Y,A/duck/Hunan/12.17_YYGK082/2014(H5N6),-0.045854,0.00213,-0.005267,-0.024008,Avian,N6
858_A/duck/Hunan/12.27_Y,A/duck/Hunan/12.27_YYGK60J2-C/2016,-0.036596,-0.023479,-0.001989,0.033677,Avian,N6
859_A/duck/Hunan/12.27_Y,A/duck/Hunan/12.27_YYGK71J2-O/2016,-0.039489,-0.021799,0.004002,0.025563,Avian,N6
860_A/duck/Hunan/12.27_Y,A/duck/Hunan/12.27_YYGK73J2-O/2016,-0.039612,-0.025854,-0.001494,0.035391,Avian,N6
861_A/duck/Hunan/12.27_Y,A/duck/Hunan/12.27_YYGK81J2-O/2016,-0.040643,-0.023137,0.002181,0.025298,Avian,N6
862_A/duck/Hunan/12.27_Y,A/duck/Hunan/12.27_YYGK86J2-C/2016,-0.037462,-0.023176,-0.002358,0.035167,Avian,N6
863_A/duck/Hunan/12.27_Y,A/duck/Hunan/12.27_YYGK89J2-O/2016,-0.040584,-0.022293,0.002854,0.025498,Avian,N6
864_A/duck/Hunan/12.27_Y,A/duck/Hunan/12.27_YYGK91J2-O/2016,-0.040115,-0.02185,0.002987,0.025349,Avian,N6
865_A/duck/Hunan/12.27_Y,A/duck/Hunan/12.27_YYGK93J2-O/2016,-0.040584,-0.022293,0.002854,0.025498,Avian,N6
866_A/duck/Hunan/12.27_Y,A/duck/Hunan/12.27_YYGK95J2-O/2016,-0.040396,-0.022201,0.003186,0.025344,Avian,N6
867_A/duck/Hunan/12.27_Y,A/duck/Hunan/12.27_YYGK96J2-O/2016,-0.040003,-0.022026,0.003024,0.025199,Avian,N6
868_A/duck/Hunan/12.27_Y,A/duck/Hunan/12.27_YYGK97J2-O/2016,-0.040933,-0.020683,0.003406,0.025903,Avian,N6
869_A/duck/Hunan/12.27_Y,A/duck/Hunan/12.27_YYGK100J2-C/2016,-0.04052,-0.021702,0.003218,0.025539,Avian,N6
870_A/duck/Hunan/193/201,A/duck/Hunan/193/2014,-0.0597,0.000383,-0.009233,-0.029969,Avian,N6
871_A/duck/Hunan/233/201,A/duck/Hunan/233/2014,-0.050409,-0.004183,-0.014844,-0.016579,Avian,N6
872_A/duck/Hunan/316/200,A/duck/Hunan/316/2005,0.01645,-0.002948,-0.026081,0.004659,Avian,N1
873_A/duck/Hunan/689/200,A/duck/Hunan/689/2006,0.016568,0.001391,-0.017324,-0.026582,Avian,N1
874_A/duck/Hunan/3315/20,A/duck/Hunan/3315/2006,0.020053,-0.004048,-0.015839,-0.004381,Avian,N1
875_A/duck/Hunan/HN05/20,A/duck/Hunan/HN05/2014,-0.059031,0.002851,-0.009698,-0.025992,Avian,N6
876_A/duck/Hunan/HN13/20,A/duck/Hunan/HN13/2015,-0.046687,-0.007249,-0.000566,-0.026786,Avian,N6
877_A/duck/Hunan/HN16/20,A/duck/Hunan/HN16/2015,-0.051872,0.001144,-0.01079,-0.026015,Avian,N6
878_A/duck/Hunan/HN29/20,A/duck/Hunan/HN29/2015,-0.060681,0.006894,-0.010206,-0.031035,Avian,N6
879_A/duck/Hunan/HN42/20,A/duck/Hunan/HN42/2015,-0.048971,0.005156,-0.01465,-0.014107,Avian,N6
880_A/duck/Hunan/HN45/20,A/duck/Hunan/HN45/2015,-0.061029,0.006997,-0.010516,-0.031828,Avian,N6
881_A/duck/Hunan/HN53/20,A/duck/Hunan/HN53/2015,-0.061223,0.008545,-0.007961,-0.02984,Avian,N6
882_A/duck/Hunan/HN54/20,A/duck/Hunan/HN54/2015,-0.061636,0.007534,-0.009725,-0.031092,Avian,N6
883_A/duck/Hunan/HN59/20,A/duck/Hunan/HN59/2015,-0.061005,0.008059,-0.010766,-0.031524,Avian,N6
884_A/duck/Hunan/HN60/20,A/duck/Hunan/HN60/2015,-0.061978,0.008417,-0.00905,-0.029508,Avian,N6
885_A/duck/Hunan/HN61/20,A/duck/Hunan/HN61/2015,-0.060909,0.007026,-0.011067,-0.030935,Avian,N6
886_A/duck/Hunan/HN64/20,A/duck/Hunan/HN64/2015,-0.061063,0.006636,-0.010161,-0.033096,Avian,N6
887_A/duck/Hunan/HN66/20,A/duck/Hunan/HN66/2015,-0.061824,0.006805,-0.0091,-0.029385,Avian,N6
888_A/duck/Hunan/HN67/20,A/duck/Hunan/HN67/2015,-0.058429,0.009261,-0.009971,-0.030608,Avian,N6
889_A/duck/Hunan/HN71/20,A/duck/Hunan/HN71/2015,-0.050143,0.005984,-0.015326,-0.016043,Avian,N6
890_A/duck/Hunan/HN72/20,A/duck/Hunan/HN72/2015,-0.052876,0.001125,-0.009029,-0.024576,Avian,N6
891_A/duck/Hunan/HN74/20,A/duck/Hunan/HN74/2015,-0.050443,0.001007,-0.014729,-0.014566,Avian,N6
892_A/duck/Hunan/HN76/20,A/duck/Hunan/HN76/2015,-0.053455,0.000805,-0.008819,-0.024168,Avian,N6
893_A/duck/Hunan/HN78/20,A/duck/Hunan/HN78/2015,-0.06042,0.006181,-0.010961,-0.031392,Avian,N6
894_A/duck/Hunan/HN80/20,A/duck/Hunan/HN80/2015,-0.051463,0.003438,-0.014203,-0.015941,Avian,N6
895_A/duck/Hunan/HN162/2,A/duck/Hunan/HN162/2015,-0.055193,-0.003069,0.015259,0.008567,Avian,N6
896_A/duck/Hunan/HN163/2,A/duck/Hunan/HN163/2015,-0.062032,-0.007792,0.015901,0.012194,Avian,N6
897_A/duck/Hunan/HN167/2,A/duck/Hunan/HN167/2015,-0.053521,-0.004351,0.012873,0.009598,Avian,N6
898_A/duck/Hunan/HN171/2,A/duck/Hunan/HN171/2015,-0.057862,-0.005501,0.015113,0.005868,Avian,N6
899_A/duck/Hunan/HN172/2,A/duck/Hunan/HN172/2015,-0.057538,-0.005374,0.018793,0.007529,Avian,N6
900_A/duck/Hunan/HN174/2,A/duck/Hunan/HN174/2015,-0.058586,-0.004718,0.018594,0.007813,Avian,N6
901_A/duck/Hunan/HN176/2,A/duck/Hunan/HN176/2015,-0.049679,-0.010681,0.012241,0.01189,Avian,N6
902_A/duck/Hunan/HN177/2,A/duck/Hunan/HN177/2015,-0.057822,-0.00496,0.016959,0.008159,Avian,N6
903_A/duck/Hunan/HN178/2,A/duck/Hunan/HN178/2015,-0.058259,-0.005857,0.017261,0.007194,Avian,N6
904_A/duck/Hunan/HN182/2,A/duck/Hunan/HN182/2015,-0.060756,-0.006685,0.018969,0.004008,Avian,N6
905_A/duck/Hunan/HN183/2,A/duck/Hunan/HN183/2015,-0.059168,-0.002084,0.015825,0.004513,Avian,N6
906_A/duck/Hunan/HN186/2,A/duck/Hunan/HN186/2015,-0.057638,-0.005254,0.016855,0.007523,Avian,N6
907_A/duck/Hunan/HN190/2,A/duck/Hunan/HN190/2015,-0.057696,-0.004384,0.019646,0.007052,Avian,N6
908_A/duck/Hunan/HN191/2,A/duck/Hunan/HN191/2015,-0.06065,-0.007162,0.019221,0.008047,Avian,N6
909_A/duck/Hunan/HN192/2,A/duck/Hunan/HN192/2015,-0.057578,-0.004986,0.018328,0.007475,Avian,N6
910_A/duck/Hunan/HN194/2,A/duck/Hunan/HN194/2015,-0.059531,-0.003679,0.019104,0.006537,Avian,N6
911_A/duck/Hunan/HN195/2,A/duck/Hunan/HN195/2015,-0.058676,-0.003972,0.018404,0.005858,Avian,N6
912_A/duck/Hunan/HN197/2,A/duck/Hunan/HN197/2015,-0.057241,-0.004645,0.016835,0.009112,Avian,N6
913_A/duck/Hunan/HN201/2,A/duck/Hunan/HN201/2015,-0.058872,-0.006235,0.015108,0.009102,Avian,N6
914_A/duck/Hunan/HN204/2,A/duck/Hunan/HN204/2015,-0.060409,-0.008614,0.017665,0.005536,Avian,N6
915_A/duck/Hunan/HN205/2,A/duck/Hunan/HN205/2015,-0.05756,-0.004015,0.019079,0.006091,Avian,N6
916_A/duck/Hunan/HN206/2,A/duck/Hunan/HN206/2015,-0.056909,-0.00243,0.011678,0.00601,Avian,N6
917_A/duck/Hunan/HN207/2,A/duck/Hunan/HN207/2015,-0.056465,-0.001627,0.01339,0.008985,Avian,N6
918_A/duck/Hunan/HN208/2,A/duck/Hunan/HN208/2015,-0.05908,-0.003013,0.017849,0.007065,Avian,N6
919_A/duck/Hunan/HN209/2,A/duck/Hunan/HN209/2015,-0.057677,-0.003498,0.017414,0.006841,Avian,N6
920_A/duck/Hunan/HN210/2,A/duck/Hunan/HN210/2015,-0.057067,-0.004238,0.017725,0.006168,Avian,N6
921_A/duck/Hunan/HN212/2,A/duck/Hunan/HN212/2015,-0.057567,-0.006133,0.018301,0.007239,Avian,N6
922_A/duck/Hunan/HN214/2,A/duck/Hunan/HN214/2015,-0.055001,-0.002876,-0.000722,0.011902,Avian,N6
923_A/duck/Hunan/HN215/2,A/duck/Hunan/HN215/2015,-0.058127,-0.006568,0.016411,0.007053,Avian,N6
924_A/duck/Hunan/HN216/2,A/duck/Hunan/HN216/2015,-0.059259,-0.002376,0.012138,0.008384,Avian,N6
925_A/duck/Hunan/HN217/2,A/duck/Hunan/HN217/2015,-0.059777,-0.00524,0.017265,0.00878,Avian,N6
926_A/duck/Hunan/HN220/2,A/duck/Hunan/HN220/2015,-0.058585,-0.005245,0.016215,0.00573,Avian,N6
927_A/duck/Hunan/HN221/2,A/duck/Hunan/HN221/2015,-0.058821,-0.007095,0.018925,0.005835,Avian,N6
928_A/duck/Hunan/HN224/2,A/duck/Hunan/HN224/2015,-0.058375,-0.005859,0.0177,0.005167,Avian,N6
929_A/duck/Hunan/HN227/2,A/duck/Hunan/HN227/2015,-0.059136,-0.008017,0.017942,0.007761,Avian,N6
930_A/duck/Hunan/HN230/2,A/duck/Hunan/HN230/2015,-0.057833,-0.005294,0.017803,0.00708,Avian,N6
931_A/duck/Hunan/HN232/2,A/duck/Hunan/HN232/2015,-0.023663,0.011533,0.018852,0.002701,Avian,N6
932_A/duck/Hunan/HN234/2,A/duck/Hunan/HN234/2015,-0.041728,-0.000527,-0.002056,0.01018,Avian,N6
933_A/duck/Hunan/HN236/2,A/duck/Hunan/HN236/2015,-0.052872,-0.004261,-0.000224,0.012819,Avian,N6
934_A/duck/Hunan/HN238/2,A/duck/Hunan/HN238/2015,-0.055538,-0.006655,-0.000048,0.011463,Avian,N6
935_A/duck/Hunan/HN239/2,A/duck/Hunan/HN239/2015,-0.058432,-0.000722,-0.015706,-0.020432,Avian,N6
936_A/duck/Hunan/HN240/2,A/duck/Hunan/HN240/2015,-0.042494,-0.000415,0.008199,0.026105,Avian,N6
937_A/duck/Hunan/HN241/2,A/duck/Hunan/HN241/2015,-0.060967,-0.000027,-0.012623,-0.026742,Avian,N6
938_A/duck/Hunan/HN242/2,A/duck/Hunan/HN242/2015,-0.055164,-0.002821,0.0001,0.012472,Avian,N6
939_A/duck/Hunan/HN278/2,A/duck/Hunan/HN278/2015,-0.050036,-0.00678,-0.005534,-0.016987,Avian,N6
940_A/duck/Hunan/HN285/2,A/duck/Hunan/HN285/2015,-0.053116,-0.008175,0.002233,-0.015731,Avian,N6
941_A/duck/Hunan/HN288/2,A/duck/Hunan/HN288/2015,-0.051704,-0.00429,-0.002943,-0.015336,Avian,N6
942_A/duck/Hunan/HN333/2,A/duck/Hunan/HN333/2015,-0.058885,-0.005198,0.007665,0.006751,Avian,N6
943_A/duck/Hunan/HN334/2,A/duck/Hunan/HN334/2015,-0.058602,-0.006177,0.008169,0.004915,Avian,N6
944_A/duck/Hunan/HN335/2,A/duck/Hunan/HN335/2015,-0.054982,-0.002901,-0.00085,0.004432,Avian,N6
945_A/duck/Hunan/HN336/2,A/duck/Hunan/HN336/2015,-0.058338,-0.005372,0.007564,0.003228,Avian,N6
946_A/duck/Hunan/HN339/2,A/duck/Hunan/HN339/2015,-0.058289,-0.00173,0.008235,0.001302,Avian,N6
947_A/duck/Hunan/HN341/2,A/duck/Hunan/HN341/2015,-0.057571,-0.004339,0.008389,0.003393,Avian,N6
948_A/duck/Hunan/HN342/2,A/duck/Hunan/HN342/2015,-0.057157,-0.004712,0.006305,0.003651,Avian,N6
949_A/duck/Hunan/HN343/2,A/duck/Hunan/HN343/2015,-0.059442,-0.004293,0.008014,0.001861,Avian,N6
950_A/duck/Hunan/S4020/2,A/duck/Hunan/S4020/2008,0.012564,0.022889,-0.040106,-0.008485,Avian,N1
951_A/duck/Hunan/S4030/2,A/duck/Hunan/S4030/2011,0.002008,0.014178,-0.034163,-0.010915,Avian,N1
952_A/duck/Hunan/S4101/2,A/duck/Hunan/S4101/2011,0.044678,0.008372,-0.015438,-0.005748,Avian,N2
953_A/duck/Hunan/S4120/2,A/duck/Hunan/S4120/2011,0.045128,0.003585,-0.014369,-0.003946,Avian,N2
954_A/duck/Hunan/S4150/2,A/duck/Hunan/S4150/2011,0.018039,0.033017,-0.025101,-0.003904,Avian,N1
955_A/duck/Hunan/S4220/2,A/duck/Hunan/S4220/2011,0.001013,0.023395,-0.03789,-0.008178,Avian,N1
956_A/duck/Hunan/S40199/,A/duck/Hunan/S40199/2021(H5N6),-0.003361,0.013198,0.027461,0.010316,Avian,N6
957_A/duck/Hunan/S40268/,A/duck/Hunan/S40268/2021(H5N6),-0.017967,0.033276,0.04383,0.017471,Avian,N6
958_A/duck/Jiangsu/m234/,A/duck/Jiangsu/m234/2012,0.027231,-0.028884,-0.024608,0.021979,Avian,N2
959_A/duck/Jiangsu/S4439,A/duck/Jiangsu/S4439/2017(H5N1),0.015457,-0.003594,-0.01368,-0.013288,Avian,N1
960_A/duck/Jiangsu/SE112,A/duck/Jiangsu/SE1128/2018(H5N1),0.005927,-0.008665,-0.016795,-0.009029,Avian,N1
961_A/duck/Jiangxi/01.11,A/duck/Jiangxi/01.11_NCNP101G2-OC/2017,-0.055506,-0.005674,0.011821,0.024553,Avian,N6
962_A/duck/Jiangxi/01.14,A/duck/Jiangxi/01.14_NCJD034-P/2015(Mixed),-0.032316,0.003581,0.008798,0.006071,Avian,N6
963_A/duck/Jiangxi/01.14,A/duck/Jiangxi/01.14_NCJD054-P/2015(H5N6),-0.053206,-0.006025,-0.013936,-0.020441,Avian,N6
964_A/duck/Jiangxi/01.14,A/duck/Jiangxi/01.14_NCJD064-P/2015(Mixed),-0.056384,-0.005768,-0.011551,-0.018673,Avian,N6
965_A/duck/Jiangxi/02.05,A/duck/Jiangxi/02.05_YGYXG038-P/2015(H5N6),-0.051957,-0.006279,-0.015665,-0.018695,Avian,N6
966_A/duck/Jiangxi/02.06,A/duck/Jiangxi/02.06_NCJD036-P/2015(H5N6),-0.051202,-0.004316,-0.014647,-0.020785,Avian,N6
967_A/duck/Jiangxi/02.06,A/duck/Jiangxi/02.06_NCJD039-P/2015(H5N6),-0.049386,-0.003685,-0.003783,-0.018367,Avian,N6
968_A/duck/Jiangxi/2.28_,A/duck/Jiangxi/2.28_NCNP25K3-OC/2018,-0.05125,-0.014421,0.010569,0.027444,Avian,N6
969_A/duck/Jiangxi/2.28N,A/duck/Jiangxi/2.28NCNP23K3-OC/2018,-0.05125,-0.014421,0.010569,0.027444,Avian,N6
970_A/duck/Jiangxi/03.11,A/duck/Jiangxi/03.11_NCHJX-15-06/2015(Mixed),-0.046722,-0.012482,-0.019714,-0.017768,Avian,N6
971_A/duck/Jiangxi/04.01,A/duck/Jiangxi/04.01__NCDZT0312-O/2015(H5N6),-0.018851,0.004116,0.042569,0.005692,Avian,N6
972_A/duck/Jiangxi/04.01,A/duck/Jiangxi/04.01__NCDZT0334-P/2015(H5N6),-0.019914,0.009035,0.044502,0.00562,Avian,N6
973_A/duck/Jiangxi/04.01,A/duck/Jiangxi/04.01_NCDZT0304-O/2015(Mixed),-0.021054,0.016139,-0.010639,-0.034965,Avian,N6
974_A/duck/Jiangxi/05.07,A/duck/Jiangxi/05.07__NCJD0067A-P/2015(H5N6),-0.011002,0.010429,0.042976,0.022335,Avian,N6
975_A/duck/Jiangxi/5.26_,A/duck/Jiangxi/5.26_NCDZT80Q2-OC/2017,-0.049653,0.001667,0.02122,0.01071,Avian,N6
976_A/duck/Jiangxi/11.17,A/duck/Jiangxi/11.17_NCNP30Y2-O/2016,-0.044791,0.001954,-0.001963,0.015002,Avian,N6
977_A/duck/Jiangxi/11.17,A/duck/Jiangxi/11.17_NCNP48Y2-C/2016,-0.044535,0.00104,-0.002191,0.014757,Avian,N6
978_A/duck/Jiangxi/11.29,A/duck/Jiangxi/11.29_NCDZT71H2-O/2016,-0.040085,-0.017866,0.00532,0.030494,Avian,N6
979_A/duck/Jiangxi/11.29,A/duck/Jiangxi/11.29_NCNP22D3-OC/2017,-0.036701,-0.022322,-0.003442,0.036086,Avian,N6
980_A/duck/Jiangxi/11.29,A/duck/Jiangxi/11.29_NCNP39D3-OC/2017,-0.058716,-0.007193,0.013556,0.014304,Avian,N6
981_A/duck/Jiangxi/34/20,A/duck/Jiangxi/34/2011,0.004489,0.035047,-0.050934,-0.005656,Avian,N1
982_A/duck/Jiangxi/35/20,A/duck/Jiangxi/35/2011,0.006033,0.036616,-0.038185,-0.004569,Avian,N1
983_A/duck/Jiangxi/44/20,A/duck/Jiangxi/44/2011,0.013052,0.011406,-0.021299,0.016643,Avian,N1
984_A/duck/Jiangxi/95/20,A/duck/Jiangxi/95/2014,-0.055073,0.001498,-0.011125,-0.018361,Avian,N6
985_A/duck/Jiangxi/120/2,A/duck/Jiangxi/120/2011,0.013141,0.004035,-0.026553,0.014551,Avian,N1
986_A/duck/Jiangxi/130/2,A/duck/Jiangxi/130/2011,0.020829,0.03378,-0.028235,0.002855,Avian,N1
987_A/duck/Jiangxi/13469,A/duck/Jiangxi/13469/2014,-0.041396,0.01207,-0.010455,-0.041661,Avian,N6
988_A/duck/Jiangxi/13475,A/duck/Jiangxi/13475/2014,-0.040479,0.010861,-0.009419,-0.041509,Avian,N6
989_A/duck/Jiangxi/13484,A/duck/Jiangxi/13484/2014,-0.041636,0.01233,-0.008795,-0.042814,Avian,N6
990_A/Duck/Jiangxi/50446,A/Duck/Jiangxi/50446/2016,-0.045238,-0.001237,-0.007147,0.010723,Avian,N6
991_A/Duck/Jiangxi/50455,A/Duck/Jiangxi/50455/2016,-0.054578,-0.00575,0.000475,0.006854,Avian,N6
992_A/duck/Jiangxi/E7/20,A/duck/Jiangxi/E7/2014_(H5N6),-0.0542,-0.007632,-0.01242,-0.016395,Avian,N6
993_A/duck/Jiangxi/F31/2,A/duck/Jiangxi/F31/2014(H5N6),-0.049445,-0.002947,-0.009082,-0.013964,Avian,N6
994_A/duck/Jiangxi/NCDZT,A/duck/Jiangxi/NCDZT1123/2014,-0.056673,-0.009827,-0.014329,-0.023598,Avian,N6
995_A/duck/Jiangxi/NCDZT,A/duck/Jiangxi/NCDZT1126/2014,-0.061679,-0.001908,-0.011421,-0.018763,Avian,N6
996_A/duck/Jiangxi/S1025,A/duck/Jiangxi/S10252/2021,0.035076,0.052163,0.023174,0.00538,Avian,N8
997_A/duck/Jiangxi/S4083,A/duck/Jiangxi/S40833/2021(H5N1),0.037871,0.03208,0.027847,-0.00093,Avian,N1
998_A/duck/Jilin/04.04_S,A/duck/Jilin/04.04_SY002-O/2015(Mixed),0.01368,0.006091,-0.022893,-0.028741,Avian,N1
999_A/duck/Jilin/JL-SIV/,A/duck/Jilin/JL-SIV/2013,0.014945,0.003025,-0.027685,0.002828,Avian,N1
1000_A/duck/Jilin/S1261/2,A/duck/Jilin/S1261/2019(H5N1),0.000985,0.00828,-0.026917,-0.01444,Avian,N1
1001_A/duck/Jilin/S4171/2,A/duck/Jilin/S4171/2019(H5N1),0.000655,0.014671,-0.016564,-0.020978,Avian,N1
1002_A/duck/Kaohsiung/15W,A/duck/Kaohsiung/15WB3298-1-5/2015,0.005296,0.020111,0.003716,-0.028297,Avian,Others
1003_A/duck/Kaohsiung/20W,A/duck/Kaohsiung/20WB0242-154/2020,0.00877,0.020126,0.036219,-0.003482,Avian,Others
1004_A/duck/Kaohsiung/150,A/duck/Kaohsiung/15010213/2015,0.041908,-0.044781,0.023022,-0.018556,Avian,N2
1005_A/duck/Liaoning/LN/2,A/duck/Liaoning/LN/2011,0.011262,-0.003734,-0.010236,0.02131,Avian,Others
1006_A/duck/Nanchang/9789,A/duck/Nanchang/9789/2013,-0.018388,0.020689,-0.038317,-0.016005,Avian,N1
1007_A/duck/Nantou/15A343,A/duck/Nantou/15A3437/2015,0.042994,-0.045084,0.027873,-0.01867,Avian,N2
1008_A/duck/Nantou/17A024,A/duck/Nantou/17A0243/2017,0.046137,-0.049108,0.02341,-0.017078,Avian,N2
1009_A/duck/Ningxia/YG61/,A/duck/Ningxia/YG61/2017,0.015328,0.024682,0.01273,-0.010323,Avian,N6
1010_A/duck/Ningxia/YG71/,A/duck/Ningxia/YG71/2017,0.016176,0.026948,0.016986,-0.001714,Avian,N6
1011_A/duck/Ningxia/YG83/,A/duck/Ningxia/YG83/2017,0.003668,0.02306,0.020629,-0.006243,Avian,N6
1012_A/duck/Pingtung/17A0,A/duck/Pingtung/17A0160/2017,0.045553,-0.050672,0.025286,-0.017568,Avian,N2
1013_A/duck/Pingtung/18A0,A/duck/Pingtung/18A00003-11-20T/2018,0.047082,-0.053025,0.018894,-0.017617,Avian,N2
1014_A/duck/Pingtung/18A0,A/duck/Pingtung/18A00076-11-20T/2018,0.043646,-0.044009,0.01641,-0.012684,Avian,N2
1015_A/duck/Pingtung/18X0,A/duck/Pingtung/18X00077/2018,0.041665,-0.048862,0.015293,-0.01395,Avian,N2
1016_A/duck/Pingtung/1501,A/duck/Pingtung/15010180/2015,0.016502,-0.007702,-0.005674,-0.023976,Avian,Others
1017_A/duck/Pingtung/1501,A/duck/Pingtung/15010444/2015,0.041281,-0.045563,0.021284,-0.013984,Avian,N2
1018_A/duck/Shandong/009/,A/duck/Shandong/009/2008,0.026939,0.017784,0.012589,-0.005118,Avian,N1
1019_A/duck/Shandong/11.1,A/duck/Shandong/11.14_DL-DKd11/2013(H5N8),0.038859,-0.000801,-0.032808,-0.012805,Avian,N8
1020_A/duck/Shandong/11.1,A/duck/Shandong/11.14_RD/2013(H5N8),0.038859,-0.000801,-0.032808,-0.012805,Avian,N8
1021_A/duck/Shandong/Q1/2,A/duck/Shandong/Q1/2013,0.036811,-0.008615,-0.048062,0.025707,Avian,N8
1022_A/duck/Shandong/SD02,A/duck/Shandong/SD0261/2021,-0.006905,0.0325,0.024677,0.010558,Avian,N6
1023_A/duck/Shandong/SD02,A/duck/Shandong/SD0263/2021,-0.008171,0.033265,0.026051,0.009805,Avian,N6
1024_A/Duck/Shandong/Y01/,A/Duck/Shandong/Y01/2009,0.024572,0.020931,-0.029181,-0.000943,Avian,N1
1025_A/Duck/Shandong/Y02/,A/Duck/Shandong/Y02/2009,0.022202,0.019644,-0.029925,-0.004786,Avian,N1
1026_A/duck/Sichuan/04.27,A/duck/Sichuan/04.27_NBXJ71/2014(H5N6),-0.046584,0.007774,-0.00835,-0.037373,Avian,N6
1027_A/duck/Sichuan/04.27,A/duck/Sichuan/04.27_NBXJ79/2014(H5N6),-0.048165,0.015543,-0.006593,-0.045898,Avian,N6
1028_A/duck/Sichuan/04.27,A/duck/Sichuan/04.27_NBXJ711/2014(Mixed),-0.046651,0.015341,-0.00363,-0.039599,Avian,N6
1029_A/duck/Sichuan/04.27,A/duck/Sichuan/04.27_NBXJ717/2014(H5N6),-0.048512,0.015668,-0.008015,-0.046522,Avian,N6
1030_A/duck/Sichuan/04.27,A/duck/Sichuan/04.27_NBXJ720/2014(H5N6),-0.047469,0.012874,-0.004221,-0.042108,Avian,N6
1031_A/duck/Sichuan/04.27,A/duck/Sichuan/04.27_NCXJ073/2014(H5N6),-0.045241,0.008744,-0.007282,-0.036055,Avian,N6
1032_A/duck/Sichuan/NCXJ1,A/duck/Sichuan/NCXJ15/2014,-0.045485,0.007952,-0.008465,-0.037883,Avian,N6
1033_A/duck/Sichuan/NCXJ2,A/duck/Sichuan/NCXJ24/2014,-0.048512,0.015668,-0.008015,-0.046522,Avian,N6
1034_A/duck/Sichuan/NCXN1,A/duck/Sichuan/NCXN10/2014,-0.023546,0.008954,-0.037885,-0.017254,Avian,N1
1035_A/duck/Sichuan/NCXN1,A/duck/Sichuan/NCXN11/2014,-0.026214,0.012927,-0.038397,-0.019714,Avian,N1
1036_A/duck/Sichuan/S1805,A/duck/Sichuan/S1805/2021,-0.014485,0.00726,0.028793,0.024511,Avian,N6
1037_A/duck/Sichuan/SC482,A/duck/Sichuan/SC4822/2021,-0.019109,0.009048,0.025351,0.023814,Avian,N6
1038_A/duck/Sichuan/SC569,A/duck/Sichuan/SC5698/2021,-0.019879,0.010753,0.027011,0.025177,Avian,N6
1039_A/duck/Sichuan/SD002,A/duck/Sichuan/SD002/2021,-0.014408,0.015147,0.030993,0.022428,Avian,N6
1040_A/duck/Taichung/1501,A/duck/Taichung/15010400-1/2015,0.041774,-0.047583,0.023804,-0.015624,Avian,N2
1041_A/duck/Tainan/16WB34,A/duck/Tainan/16WB3443-156-160/2016,0.026329,0.028579,0.028028,-0.012911,Avian,Others
1042_A/duck/Tainan/150104,A/duck/Tainan/15010403/2015,0.021892,-0.036035,-0.036488,0.002333,Avian,N8
1043_A/duck/Tainan/160100,A/duck/Tainan/16010024-1/2016,0.040264,-0.043398,0.019446,-0.01041,Avian,N2
1044_A/duck/Taipei/05WB83,A/duck/Taipei/05WB830-1-5-E2/2005,0.029767,0.021005,0.018637,-0.028584,Avian,N2
1045_A/duck/Taipei/18WB01,A/duck/Taipei/18WB0120-1-5-E1/2018,0.012849,0.020969,0.027623,-0.000583,Avian,Others
1046_A/duck/Taipei/19WB02,A/duck/Taipei/19WB0235-14-16/2019,0.006831,0.020564,0.024141,-0.024558,Avian,Others
1047_A/duck/Taiwan/01006/,A/duck/Taiwan/01006/2015,0.040446,-0.046702,0.022541,-0.015219,Avian,N2
1048_A/duck/Taiwan/11213/,A/duck/Taiwan/11213/2013,0.021309,-0.009844,0.007509,-0.013006,Avian,N2
1049_A/duck/Taiwan/11254/,A/duck/Taiwan/11254/2013,0.027054,-0.011684,0.007075,-0.011523,Avian,N2
1050_A/duck/Taiwan/a043/2,A/duck/Taiwan/a043/2015,0.042283,-0.046941,0.023451,-0.012819,Avian,N2
1051_A/duck/Taiwan/a068/2,A/duck/Taiwan/a068/2015,0.043374,-0.015985,-0.009058,-0.01984,Avian,N8
1052_A/duck/Taiwan/A3400/,A/duck/Taiwan/A3400/2015,0.041817,-0.016697,-0.009075,-0.016267,Avian,N8
1053_A/duck/Taiwan/DV1238,A/duck/Taiwan/DV1238/2009,0.039419,0.011445,-0.000594,-0.021542,Avian,N2
1054_A/duck/Taiwan/DV1241,A/duck/Taiwan/DV1241/2009,0.039138,0.011617,-0.001661,-0.022519,Avian,N2
1055_A/duck/Taiwan/DV1242,A/duck/Taiwan/DV1242/2009,0.038737,0.011804,-0.000346,-0.021438,Avian,N2
1056_A/duck/Taoyuan/16010,A/duck/Taoyuan/16010023-1/2016,0.044073,-0.042651,0.019036,-0.020901,Avian,N2
1057_A/duck/Wuxi/7249/201,A/duck/Wuxi/7249/2015,-0.05304,0.006959,0.009967,0.000625,Avian,N6
1058_A/duck/Xinjiang/12.1,A/duck/Xinjiang/12.18_WLMQXL001-C/2016,0.045479,0.042582,-0.003406,-0.000037,Avian,N8
1059_A/duck/Xinjiang/S106,A/duck/Xinjiang/S1066/2019(H5N1),0.005547,-0.007034,-0.018369,-0.010269,Avian,N1
1060_A/duck/Xinjiang/S112,A/duck/Xinjiang/S1126/2019(H5N1),0.00669,-0.008186,-0.018168,-0.013546,Avian,N1
1061_A/duck/Yilan/17A0092,A/duck/Yilan/17A0092/2017,0.045914,-0.050253,0.024606,-0.019408,Avian,N2
1062_A/duck/Yunlin/15A501,A/duck/Yunlin/15A5019/2015,0.040286,-0.045528,0.020082,-0.014198,Avian,N2
1063_A/duck/Yunlin/17A008,A/duck/Yunlin/17A0086/2017,0.043579,-0.052606,0.022267,-0.017961,Avian,N2
1064_A/duck/Yunlin/17A068,A/duck/Yunlin/17A0686/2017,0.042967,-0.046766,0.028723,-0.01849,Avian,N2
1065_A/duck/Yunlin/18X000,A/duck/Yunlin/18X00007-3/2018,0.020612,-0.00908,-0.011571,0.003981,Avian,N2
1066_A/duck/Yunlin/150102,A/duck/Yunlin/15010244-1/2015,0.040537,-0.048374,0.023713,-0.01555,Avian,N2
1067_A/duck/Yunlin/150102,A/duck/Yunlin/15010277/2015,0.028511,-0.030307,-0.039897,0.032304,Avian,N8
1068_A/duck/Yunlin/150103,A/duck/Yunlin/15010310-4/2015,0.041381,-0.047165,0.024982,-0.016028,Avian,N2
1069_A/duck/Yunlin/150103,A/duck/Yunlin/15010318-2/2015,0.04127,-0.049821,0.024051,-0.014659,Avian,N2
1070_A/duck/Yunlin/150103,A/duck/Yunlin/15010369-1/2015,0.043359,-0.049504,0.026086,-0.014132,Avian,N2
1071_A/duck/Yunlin/150104,A/duck/Yunlin/15010458-1/2015,0.028973,-0.03135,-0.042158,0.031036,Avian,N8
1072_A/duck/Yunlin/150700,A/duck/Yunlin/15070002-2/2015,0.04154,-0.047764,0.02295,-0.015377,Avian,N2
1073_A/duck/Yunlin/171100,A/duck/Yunlin/17110001/2017,0.045212,-0.056499,0.015952,-0.005685,Avian,N2
1074_A/duck/Yunlin/180600,A/duck/Yunlin/18060007-3/2018,0.042889,-0.059071,0.010864,-0.004679,Avian,N2
1075_A/duck/Yunnan/03.15_,A/duck/Yunnan/03.15_DQWGH005-O/2015(H5N6),-0.053567,-0.003977,-0.00027,0.010635,Avian,N6
1076_A/duck/Yunnan/03.16_,A/duck/Yunnan/03.16_DQXYL003-O/2015(H5N6),-0.051665,-0.004579,-0.00002,0.011425,Avian,N6
1077_A/duck/Yunnan/03.16_,A/duck/Yunnan/03.16_DQXYL007-O/2015(Mixed),-0.002722,0.018753,0.032799,-0.007655,Avian,N6
1078_A/duck/Yunnan/03.16_,A/duck/Yunnan/03.16_DQXYL022-O/2015(H5N6),-0.053591,-0.005005,-0.001806,0.013028,Avian,N6
1079_A/duck/Yunnan/03.16_,A/duck/Yunnan/03.16_DQXYL0039-O/2015(H5N6),-0.059434,-0.004793,0.001097,0.010367,Avian,N6
1080_A/duck/Yunnan/07.15_,A/duck/Yunnan/07.15_DQNPH124/2015(H5N6),-0.055572,-0.004882,0.007768,-0.002983,Avian,N6
1081_A/duck/Yunnan/07.15_,A/duck/Yunnan/07.15_DQNPH125/2015(H5N6),-0.051601,-0.004941,0.013105,-0.00503,Avian,N6
1082_A/duck/Yunnan/07.15_,A/duck/Yunnan/07.15_DQNPH127/2015(H5N6),-0.054455,-0.00413,0.013546,-0.006097,Avian,N6
1083_A/duck/Yunnan/07.15_,A/duck/Yunnan/07.15_DQNPH129/2015(H5N6),-0.053781,-0.004295,0.011326,-0.004127,Avian,N6
1084_A/duck/Yunnan/S4318/,A/duck/Yunnan/S4318/2021(H5N6),-0.016346,0.010635,0.033101,0.023904,Avian,N6
1085_A/Duck/Yunnan/YN-2/2,A/Duck/Yunnan/YN-2/2016_(H5N6),-0.052483,-0.006028,0.000532,-0.003904,Avian,N6
1086_A/Duck/Yunnan/YN-4/2,A/Duck/Yunnan/YN-4/2015__(H5N6),-0.048578,0.006572,0.004198,-0.001168,Avian,N6
1087_A/Duck/Yunnan/YN-9/2,A/Duck/Yunnan/YN-9/2016__(H5N6),-0.052588,-0.00886,-0.010244,-0.012325,Avian,N6
1088_A/Duck/Zhanjiang/155,A/Duck/Zhanjiang/15577/2015,-0.060012,-0.002426,0.022985,-0.001608,Avian,N6
1089_A/duck/Zhejiang/02.2,A/duck/Zhejiang/02.28_JHZJ-15-04/2015(Mixed),-0.048404,-0.004307,-0.01614,-0.018386,Avian,N6
1090_A/duck/Zhejiang/6D18,A/duck/Zhejiang/6D18/2013,0.042413,0.002265,-0.032414,-0.015117,Avian,N8
1091_A/duck/Zhejiang/7713,A/duck/Zhejiang/77138/2014,-0.005894,-0.010628,-0.027884,-0.026382,Avian,N2
1092_A/duck/Zhejiang/7270,A/duck/Zhejiang/727041/2014,-0.003645,0.003621,-0.045542,-0.017615,Avian,N2
1093_A/duck/Zhejiang/7271,A/duck/Zhejiang/727158/2014,-0.059659,0.002465,-0.012157,-0.025479,Avian,N6
1094_A/duck/Zhejiang/9250,A/duck/Zhejiang/925019/2014,0.045667,0.003586,-0.019239,-0.01661,Avian,N8
1095_A/duck/Zhejiang/9251,A/duck/Zhejiang/925169/2014,0.042332,0.003636,-0.020652,-0.014171,Avian,N8
1096_A/duck/Zhejiang/1026,A/duck/Zhejiang/1026109/2015,0.031312,-0.03806,-0.025195,0.047929,Avian,N2
1097_A/duck/Zhejiang/1220,A/duck/Zhejiang/1220092/2014,0.000866,0.018784,-0.009968,-0.009829,Avian,N1
1098_A/duck/Zhejiang/S409,A/duck/Zhejiang/S4091/2017(H5N1),0.006765,0.001241,-0.012588,-0.013811,Avian,N1
1099_A/duck/Zhejiang/S485,A/duck/Zhejiang/S4854/2021(H5N6),-0.016312,0.036431,0.045956,0.007288,Avian,N6
1100_A/duck/Zhejiang/W24/,A/duck/Zhejiang/W24/2013,0.043835,0.00178,-0.030206,-0.013977,Avian,N8
1101_A/egret/Jiangsu/SD02,A/egret/Jiangsu/SD021/2021,0.031107,0.053119,0.024005,0.001979,Avian,N8
1102_A/Egret/Shangdong/JN,A/Egret/Shangdong/JN529/2023,-0.01522,0.039256,0.034035,0.013125,Avian,N6
1103_A/environment/Hunan/,A/environment/Hunan/HN261/2015,-0.051102,0.004352,-0.011606,-0.017264,Avian,N6
1104_A/Environment/Shando,A/Environment/Shandong/WS15/2022,0.01852,0.020203,0.02253,0.002417,Avian,N2
1105_A/Environment/Shando,A/Environment/Shandong/WS16/2022,0.021847,0.016934,0.022183,0.005873,Avian,N2
1106_A/Environment/Shando,A/Environment/Shandong/WS19/2022,0.020683,0.014773,0.02452,0.004012,Avian,N2
1107_A/equine/China/61/20,A/equine/China/61/2010,0.014779,-0.001416,-0.034092,0.002768,Nonhuman Mammal,N1
1108_A/equine/China/67/20,A/equine/China/67/2010,0.011641,0.000707,-0.032325,0.000495,Nonhuman Mammal,N1
1109_A/equine/China/68/20,A/equine/China/68/2010,0.012649,-0.007447,-0.033939,0.007792,Nonhuman Mammal,N1
1110_A/eurasian_eagle-owl,A/eurasian_eagle-owl/Henan/SMQ11/2020,0.032787,0.051135,0.026501,0.003262,Avian,N8
1111_A/Eurasian_Teal/Hong,A/Eurasian_Teal/Hong_Kong/AFCD-HKU-23-14009-01020/2023,0.035119,0.014457,0.03657,0.014451,Avian,N1
1112_A/Eurasian_Teal/Hong,A/Eurasian_Teal/Hong_Kong/AFCD-HKU-23-14383-02001/2023,0.035132,0.010987,0.040082,0.0141,Avian,N1
1113_A/Eurasian_Wigeon/Ho,A/Eurasian_Wigeon/Hong_Kong/AFCD-HKU-23-14484-01001/2023,0.03429,0.012024,0.040261,0.013725,Avian,N1
1114_A/Eurasian_Wigeon/Ho,A/Eurasian_Wigeon/Hong_Kong/AFCD-HKU-23-14524-01009/2023,0.03366,0.012397,0.04093,0.014227,Avian,N1
1115_A/Falcated_Duck/Ning,A/Falcated_Duck/Ningxia/484-29/2015,-0.049322,0.014892,-0.010392,-0.013387,Avian,N6
1116_A/Falco_peregrinus/B,A/Falco_peregrinus/Beijing/1/_2022,0.024775,0.009443,0.030908,0.018538,Avian,N1
1117_A/feline/Guangdong/2,A/feline/Guangdong/2/2014(H5N6),-0.066739,-0.010387,0.015126,0.007318,Nonhuman Mammal,N6
1118_A/Fujian/1/2005|EPI_,A/Fujian/1/2005,0.024284,0.011647,-0.009488,0.021324,Human,N1
1119_A/Fujian/1/2007|EPI_,A/Fujian/1/2007,0.006805,-0.005534,-0.03631,0.014703,Human,N1
1120_A/Fujian/1/2024(H5N6,A/Fujian/1/2024(H5N6),0.001913,0.010564,0.009164,0.002958,Human,N6
1121_A/Fujian/2/2024(H5N6,A/Fujian/2/2024(H5N6),0.000629,0.007978,0.010298,0.005462,Human,N6
1122_A/Fujian-Sanyuan/210,A/Fujian-Sanyuan/21099/2017_x_PR8_(CNIC-21099),-0.00397,0.009618,-0.017399,0.025366,Human,N6
1123_A/Fujian-Sanyuan/210,A/Fujian-Sanyuan/21099/2017,-0.00272,0.034567,0.033478,0.002935,Human,N6
1124_A/Gadwall/Ningxia/47,A/Gadwall/Ningxia/472-7/2015,-0.05315,0.006177,-0.011164,-0.023882,Avian,N6
1125_A/Gallinago_Stenura/,A/Gallinago_Stenura/Hong_Kong/AFCD-HKU-23-14383-01014/2023,0.034389,0.011958,0.040053,0.013792,Avian,N1
1126_A/Gallinula_chloropu,A/Gallinula_chloropus/Guangdong/GZ174/2014,-0.05735,0.004552,-0.011567,-0.015351,Avian,N6
1127_A/Goose/_Guangdong_/,A/Goose/_Guangdong_/JG125/2013(H5N6),-0.055459,-0.000592,-0.00942,-0.02197,Avian,N6
1128_A/Goose/_Guangdong_/,A/Goose/_Guangdong_/SSLBY/2015(H5N6),-0.05503,-0.007015,-0.011075,-0.019645,Avian,N6
1129_A/Goose/_Guangdong_/,A/Goose/_Guangdong_/SSZYP/2015(H5N6),-0.056537,-0.002518,-0.012114,-0.018624,Avian,N6
1130_A/goose/Anhui/AH350/,A/goose/Anhui/AH350/2015,-0.05981,-0.007112,0.004125,0.011648,Avian,N6
1131_A/goose/Changhua/150,A/goose/Changhua/15040008/2015,0.041096,-0.047068,0.027131,-0.01907,Avian,N2
1132_A/goose/Chiayi/15010,A/goose/Chiayi/15010008-3/2015,0.042426,-0.046673,0.024088,-0.015255,Avian,N2
1133_A/goose/Chiayi/15010,A/goose/Chiayi/15010016-1/2015,0.040838,-0.046419,0.021556,-0.017175,Avian,N2
1134_A/goose/Chiayi/15020,A/goose/Chiayi/15020022/2015,0.029384,-0.031171,-0.040837,0.02989,Avian,N8
1135_A/goose/Chiayi/16010,A/goose/Chiayi/16010017-2/2016,0.04062,-0.045355,0.018303,-0.011889,Avian,N2
1136_A/goose/Chiayi/16040,A/goose/Chiayi/16040003-1/2016,0.037777,-0.050324,0.0186,-0.011578,Avian,N2
1137_A/goose/Chiayi/16040,A/goose/Chiayi/16040005/2016,0.038381,-0.049877,0.020059,-0.011219,Avian,N2
1138_A/goose/Chiayi/17020,A/goose/Chiayi/17020027-1/2017,0.044244,-0.051485,0.030841,-0.015636,Avian,N2
1139_A/goose/Chiayi/17040,A/goose/Chiayi/17040014/2017,0.033158,-0.053275,0.025472,-0.017525,Avian,N2
1140_A/goose/Chiayi/18010,A/goose/Chiayi/18010006/2018,0.045387,-0.055352,0.020327,-0.006709,Avian,N2
1141_A/goose/Chiayi/18020,A/goose/Chiayi/18020014-2/2018,0.048712,-0.056063,0.019004,-0.009235,Avian,N2
1142_A/goose/China/1/2021,A/goose/China/1/2021,0.033721,0.048741,0.020432,0.000484,Avian,N8
1143_A/goose/China/0701/2,A/goose/China/0701/2018,-0.049364,-0.006488,0.002289,0.02512,Avian,N6
1144_A/goose/China/1106/2,A/goose/China/1106/2016,0.040262,-0.033503,-0.034044,0.049524,Avian,N2
1145_A/goose/China/E43/20,A/goose/China/E43/2012,0.000111,0.023404,-0.043329,0.003241,Avian,N1
1146_A/goose/Chongqing/SD,A/goose/Chongqing/SD003/2021,-0.017321,0.004452,0.026108,0.020113,Avian,N6
1147_A/goose/Eastern_Chin,A/goose/Eastern_China/CZ/2013,0.046533,0.004024,-0.025319,-0.008118,Avian,N8
1148_A/goose/Eastern_Chin,A/goose/Eastern_China/L1204/2012,0.034364,-0.011906,-0.045804,0.022585,Avian,N8
1149_A/goose/Eastern_Chin,A/goose/Eastern_China/L1214/2012,0.03366,-0.006713,-0.032306,0.010496,Avian,N8
1150_A/goose/Eastern_Chin,A/goose/Eastern_China/S0408/2014,0.038754,0.003826,-0.037513,-0.01061,Avian,N8
1151_A/goose/Eastern_Chin,A/goose/Eastern_China/S0513/2013,-0.046615,-0.00873,-0.005878,-0.014104,Avian,N6
1152_A/goose/Fujian/3.15_,A/goose/Fujian/3.15_FZHX0001-O/2018,-0.047244,-0.016338,0.006108,0.031029,Avian,N6
1153_A/goose/Fujian/3.15_,A/goose/Fujian/3.15_FZHX0005-C/2018,-0.046969,-0.015315,0.007627,0.027959,Avian,N6
1154_A/goose/Fujian/3.15_,A/goose/Fujian/3.15_FZHX0007-C/2018,-0.045451,-0.002698,0.015934,0.033034,Avian,N6
1155_A/goose/Fujian/3.15_,A/goose/Fujian/3.15_FZHX0008-C/2018,-0.047624,-0.01206,0.007422,0.026757,Avian,N6
1156_A/goose/Fujian/3.15_,A/goose/Fujian/3.15_FZHX0010-O/2018,-0.048992,0.001779,0.011413,0.024602,Avian,N6
1157_A/goose/Fujian/10.11,A/goose/Fujian/10.11_FZHX1001-C/2016,-0.044984,-0.016537,0.001228,0.025231,Avian,N6
1158_A/goose/Fujian/10.26,A/goose/Fujian/10.26_FZHX0002-C/2017,-0.042685,-0.013356,0.007468,0.022705,Avian,N6
1159_A/goose/Fujian/10.26,A/goose/Fujian/10.26_FZHX0002-O/2017,-0.042646,-0.013286,0.008028,0.022677,Avian,N6
1160_A/goose/Fujian/10.26,A/goose/Fujian/10.26_FZHX0004-C/2017,-0.042054,-0.01415,0.007183,0.021872,Avian,N6
1161_A/goose/Fujian/10.26,A/goose/Fujian/10.26_FZHX0004-O/2017,-0.041419,-0.014358,0.005839,0.021775,Avian,N6
1162_A/goose/Fujian/10.26,A/goose/Fujian/10.26_FZHX0006-C/2017,-0.042054,-0.01415,0.007183,0.021872,Avian,N6
1163_A/goose/Fujian/10.26,A/goose/Fujian/10.26_FZHX0006-O/2017,-0.042054,-0.01415,0.007183,0.021872,Avian,N6
1164_A/goose/Fujian/10.26,A/goose/Fujian/10.26_FZHX0007-O/2017,-0.043044,-0.013758,0.007506,0.022771,Avian,N6
1165_A/goose/Fujian/10.26,A/goose/Fujian/10.26_FZHX0008-C/2017,-0.042054,-0.01415,0.007183,0.021872,Avian,N6
1166_A/goose/Fujian/10.26,A/goose/Fujian/10.26_FZHX0014-O/2017,-0.042685,-0.013356,0.007468,0.022705,Avian,N6
1167_A/goose/Fujian/11.3_,A/goose/Fujian/11.3_FZHX1102-C/2016,-0.045936,-0.020361,0.003742,0.026446,Avian,N6
1168_A/goose/Guangdong/03,A/goose/Guangdong/03.27_DGQTSJ180-O/2015(Mixed),-0.049302,-0.001129,0.010478,0.01026,Avian,N6
1169_A/goose/Guangdong/04,A/goose/Guangdong/04.22_DGCP117-O/2015(H5N6),-0.060049,-0.003226,0.01589,0.008195,Avian,N6
1170_A/goose/Guangdong/04,A/goose/Guangdong/04.22_DGCP118-P/2015(H5N6),-0.032548,0.012307,-0.00101,0.000126,Avian,N6
1171_A/goose/Guangdong/04,A/goose/Guangdong/04.22_DGCP120-P/2015(H5N6),-0.032726,0.013984,-0.002216,-0.001187,Avian,N6
1172_A/goose/Guangdong/04,A/goose/Guangdong/04.22_DGCPLB045-O/2015(H5N6),-0.030374,0.014292,0.000476,-0.00148,Avian,N6
1173_A/goose/Guangdong/04,A/goose/Guangdong/04.23_DGQTXC216-O/2015(Mixed),-0.06205,-0.003627,0.016017,0.00388,Avian,N6
1174_A/goose/Guangdong/04,A/goose/Guangdong/04.23_DGQTXC216-P/2015(H5N6),-0.064035,-0.003684,0.015608,0.003105,Avian,N6
1175_A/goose/Guangdong/04,A/goose/Guangdong/04.23_DGQTXC237-O1/2015(H5N6),-0.060951,-0.006553,0.008805,0.009483,Avian,N6
1176_A/goose/Guangdong/04,A/goose/Guangdong/04.23_DGQTXC237-O/2015(Mixed),-0.045925,-0.010441,0.008844,0.030315,Avian,N6
1177_A/goose/Guangdong/7.,A/goose/Guangdong/7.20_DGCP010-C/2017,-0.048773,-0.014366,0.007841,0.022424,Avian,N6
1178_A/goose/Guangdong/k0,A/goose/Guangdong/k0103/2010,0.006969,-0.013708,-0.009623,0.045407,Avian,Others
1179_A/Goose/Guangdong/PO,A/Goose/Guangdong/PO1707260055/GZH/2017-08-02,-0.056524,-0.006006,0.005656,0.025951,Avian,N6
1180_A/goose/Guangdong/QY,A/goose/Guangdong/QY01/2016,-0.064741,-0.011134,0.008297,0.020568,Avian,N6
1181_A/goose/Guangdong/S2,A/goose/Guangdong/S230/2021,-0.036903,0.002265,0.00446,0.015074,Avian,N6
1182_A/goose/Guangdong/S4,A/goose/Guangdong/S4751/2021(H5N6),-0.005863,0.012501,0.024112,0.018491,Avian,N6
1183_A/goose/Guangdong/s1,A/goose/Guangdong/s13124/2013,0.040389,-0.016998,-0.047586,0.018156,Avian,N8
1184_A/goose/Guangdong/SH,A/goose/Guangdong/SH7/2013(H5N1),-0.025122,0.01241,-0.028934,-0.015788,Avian,N1
1185_A/goose/Guangdong/YJ,A/goose/Guangdong/YJD/2014,-0.048934,0.004886,-0.015576,-0.025248,Avian,N6
1186_A/goose/Guangxi/S206,A/goose/Guangxi/S20601/2021,0.029779,0.050092,0.02096,0.002148,Avian,N8
1187_A/goose/Guizhou/S154,A/goose/Guizhou/S1541/2022(H5N1),0.020425,0.020397,0.038717,0.01302,Avian,N1
1188_A/goose/Henan/01.01_,A/goose/Henan/01.01_LYGL001-O/2017,-0.037514,-0.01486,0.010234,0.021226,Avian,N6
1189_A/goose/Henan/S1315/,A/goose/Henan/S1315/2021,0.037219,0.057953,0.02353,0.001184,Avian,N8
1190_A/goose/Hubei/113/20,A/goose/Hubei/113/2014,-0.051358,0.002915,-0.012322,-0.018666,Avian,N6
1191_A/goose/HuBei/117/20,A/goose/HuBei/117/2014,-0.050268,0.001579,-0.008953,-0.019443,Avian,N6
1192_A/goose/Hunan/81/201,A/goose/Hunan/81/2014,-0.062808,0.003692,-0.012962,-0.031002,Avian,N6
1193_A/goose/Hunan/82/201,A/goose/Hunan/82/2014,-0.061621,0.002324,-0.010166,-0.029591,Avian,N6
1194_A/goose/Hunan/107/20,A/goose/Hunan/107/2014,-0.052891,0.005113,-0.012478,-0.016955,Avian,N6
1195_A/goose/Hunan/109/20,A/goose/Hunan/109/2014,-0.053682,-0.000078,-0.014155,-0.015467,Avian,N6
1196_A/goose/Hunan/110/20,A/goose/Hunan/110/2014,-0.052908,0.003813,-0.01198,-0.01877,Avian,N6
1197_A/goose/Hunan/111/20,A/goose/Hunan/111/2014,-0.055268,0.000837,-0.012048,-0.012542,Avian,N6
1198_A/goose/Hunan/115/20,A/goose/Hunan/115/2014,-0.050719,0.00385,-0.009645,-0.019677,Avian,N6
1199_A/goose/Hunan/116/20,A/goose/Hunan/116/2014,-0.050115,0.004441,-0.01411,-0.020415,Avian,N6
1200_A/goose/Hunan/155/20,A/goose/Hunan/155/2014,-0.061476,0.00362,-0.014559,-0.023688,Avian,N6
1201_A/goose/Hunan/159/20,A/goose/Hunan/159/2014,-0.058235,0.001214,-0.012127,-0.030888,Avian,N6
1202_A/goose/Hunan/160/20,A/goose/Hunan/160/2014,-0.061811,0.002411,-0.013307,-0.02995,Avian,N6
1203_A/goose/Hunan/161/20,A/goose/Hunan/161/2014,-0.064138,0.00491,-0.012622,-0.033743,Avian,N6
1204_A/goose/Hunan/HN11/2,A/goose/Hunan/HN11/2015,-0.05456,-0.005262,0.018277,0.00673,Avian,N6
1205_A/goose/Hunan/HN22/2,A/goose/Hunan/HN22/2015,-0.058507,0.008884,-0.016176,-0.030707,Avian,N6
1206_A/goose/Hunan/HN57/2,A/goose/Hunan/HN57/2015,-0.055761,0.004381,-0.012332,-0.029761,Avian,N6
1207_A/goose/Hunan/HN88/2,A/goose/Hunan/HN88/2015,-0.051134,0.004058,-0.01342,-0.0158,Avian,N6
1208_A/goose/Hunan/HN90/2,A/goose/Hunan/HN90/2015,-0.051091,0.004269,-0.013902,-0.01557,Avian,N6
1209_A/goose/Hunan/HN310/,A/goose/Hunan/HN310/2015,-0.058368,-0.005723,0.010087,0.004967,Avian,N6
1210_A/goose/Hunan/HN311/,A/goose/Hunan/HN311/2015,-0.058697,-0.010017,0.004654,-0.014425,Avian,N6
1211_A/goose/Hunan/HN314/,A/goose/Hunan/HN314/2015,-0.048606,-0.000109,0.003988,0.007261,Avian,N6
1212_A/goose/Hunan/HN315/,A/goose/Hunan/HN315/2015,-0.047033,-0.003149,0.005598,0.008038,Avian,N6
1213_A/goose/Hunan/HN316/,A/goose/Hunan/HN316/2015,-0.048945,-0.000877,0.00634,0.008241,Avian,N6
1214_A/goose/Hunan/HN317/,A/goose/Hunan/HN317/2015,-0.04893,-0.00357,0.005479,0.00931,Avian,N6
1215_A/goose/Hunan/HN318/,A/goose/Hunan/HN318/2015,-0.054316,-0.006736,-0.000994,0.003605,Avian,N6
1216_A/goose/Hunan/HN319/,A/goose/Hunan/HN319/2015,-0.051429,-0.003567,0.004856,0.009253,Avian,N6
1217_A/goose/Hunan/S11288,A/goose/Hunan/S11288/2021,0.03673,0.051213,0.019811,0.003276,Avian,N8
1218_A/goose/Hunan/SE284/,A/goose/Hunan/SE284/2022(H5N1),0.037206,0.014228,0.035457,0.019077,Avian,N1
1219_A/goose/Inner_Mongol,A/goose/Inner_Mongolia/IM-192/2014,0.049455,0.021853,0.01912,0.006352,Avian,N1
1220_A/goose/Jiangsu/k040,A/goose/Jiangsu/k0403/2010,0.033159,0.013588,-0.014497,0.007591,Avian,N1
1221_A/goose/Jiangsu/QD5/,A/goose/Jiangsu/QD5/2014,0.040466,0.00141,-0.025883,-0.008636,Avian,N8
1222_A/goose/Jiangsu/S138,A/goose/Jiangsu/S1385/2021,0.034024,0.052809,0.023233,0.001554,Avian,N8
1223_A/goose/Jiangxi/01.0,A/goose/Jiangxi/01.09_NFJX-15-01/2015(Mixed),-0.053384,0.006629,-0.011997,-0.016095,Avian,N6
1224_A/goose/Jilin/04.04_,A/goose/Jilin/04.04_SY003-O/2015(H5N6),-0.048869,0.001114,-0.010093,-0.019018,Avian,N6
1225_A/goose/Jilin/S4034/,A/goose/Jilin/S4034/2019(H5N1),0.001137,0.010641,-0.027936,-0.011944,Avian,N1
1226_A/goose/Liaoning/S12,A/goose/Liaoning/S1266/2021,0.033471,0.054334,0.019826,0.002016,Avian,N8
1227_A/goose/Pingtung/150,A/goose/Pingtung/15010007-4/2015,0.043337,-0.047932,0.023452,-0.016419,Avian,N2
1228_A/goose/Pingtung/150,A/goose/Pingtung/15010037-1/2015,0.042476,-0.046381,0.022677,-0.016993,Avian,N2
1229_A/goose/Pingtung/150,A/goose/Pingtung/15050014/2015,0.041244,-0.018977,-0.007535,-0.018341,Avian,N8
1230_A/goose/Pingtung/160,A/goose/Pingtung/16010061/2016,0.03777,-0.022812,-0.008863,-0.014613,Avian,N8
1231_A/Goose/Qingyuan/168,A/Goose/Qingyuan/16875/2016,-0.040497,-0.016618,-0.001977,0.027486,Avian,N6
1232_A/goose/Shandong/01.,A/goose/Shandong/01.01_JY-GS/2015(H5N2),0.035211,-0.036646,-0.033193,0.048109,Avian,N2
1233_A/goose/Shandong/01.,A/goose/Shandong/01.07_JQ-GS/2015(H5N2),0.039646,-0.038298,-0.031393,0.04219,Avian,N2
1234_A/goose/Shandong/02.,A/goose/Shandong/02.16_YG-GS/2015(H5N6),-0.058489,0.005324,-0.005175,-0.021708,Avian,N6
1235_A/goose/Shandong/02.,A/goose/Shandong/02.26_GD/2015(H5N6),-0.054176,0.004865,-0.01414,-0.025588,Avian,N6
1236_A/goose/Shandong/03.,A/goose/Shandong/03.10_HZ/2015(H5N1),0.009513,-0.001353,-0.009813,-0.016614,Avian,N1
1237_A/goose/Shandong/03.,A/goose/Shandong/03.16_JNRe-5/2014(H5N6),-0.036237,0.01057,-0.013262,-0.036014,Avian,N6
1238_A/goose/Shandong/04.,A/goose/Shandong/04.22_GT/2015(H5N2),0.035468,-0.036489,-0.027589,0.051322,Avian,N2
1239_A/goose/Shandong/05.,A/goose/Shandong/05.23_AY-GS/2015(Mixed),0.043936,0.004706,-0.022402,-0.013844,Avian,N8
1240_A/goose/Shandong/05.,A/goose/Shandong/05.23_DT-GS/2014(H5N8),0.04331,0.004908,-0.023999,-0.013688,Avian,N8
1241_A/goose/Shandong/06.,A/goose/Shandong/06.14_HZ-GS/2014(Mixed),0.04564,0.004392,-0.02603,-0.012066,Avian,N8
1242_A/goose/Shandong/11.,A/goose/Shandong/11.02_CQ-GS/2014(H5N6),-0.039295,0.014627,-0.009821,-0.041322,Avian,N6
1243_A/goose/Shandong/12.,A/goose/Shandong/12.05_YG-GS/2014(H5N6),-0.060198,0.00583,-0.008162,-0.020039,Avian,N6
1244_A/goose/Shandong/12.,A/goose/Shandong/12.08_YG-GS/2014(H5N8),0.038818,0.009,-0.022423,-0.011003,Avian,N8
1245_A/Goose/Shandong/211,A/Goose/Shandong/21153-3/2021(H5N8),0.032545,0.051265,0.021824,-0.000568,Avian,N8
1246_A/goose/Shandong/GD-,A/goose/Shandong/GD-GS/2014(H5N8),0.047856,0.008672,-0.026054,-0.009983,Avian,N8
1247_A/goose/Shandong/GS/,A/goose/Shandong/GS/2013(H5N1),0.012515,0.009797,-0.028176,-0.006743,Avian,N1
1248_A/goose/Shandong/LQ0,A/goose/Shandong/LQ01694/2013,0.028439,-0.007862,-0.044863,0.023622,Avian,N8
1249_A/goose/Tainan/16040,A/goose/Tainan/16040018-1/2016,0.042288,-0.022273,-0.005297,-0.014506,Avian,N8
1250_A/goose/Tainan/16070,A/goose/Tainan/16070002/2016,0.040197,-0.020726,-0.010152,-0.011935,Avian,N8
1251_A/goose/Tainan/17030,A/goose/Tainan/17030022-1/2017,0.043327,-0.051688,0.028292,-0.019795,Avian,N2
1252_A/goose/Tainan/17030,A/goose/Tainan/17030024-1/2017,0.045379,-0.054142,0.024067,-0.013808,Avian,N2
1253_A/goose/Tainan/18010,A/goose/Tainan/18010022-1/2018,0.040956,-0.047566,0.019921,-0.010228,Avian,N2
1254_A/goose/Tainan/18050,A/goose/Tainan/18050014-1/2018,0.04055,-0.033481,0.022133,-0.016673,Avian,N2
1255_A/goose/Taiwan/01019,A/goose/Taiwan/01019/2015,0.02263,-0.035004,-0.033094,0.003995,Avian,N8
1256_A/goose/Taiwan/01022,A/goose/Taiwan/01022/2015,0.041729,-0.047994,0.024369,-0.017863,Avian,N2
1257_A/goose/Taiwan/01023,A/goose/Taiwan/01023/2015,0.039907,-0.047343,0.019088,-0.016421,Avian,N2
1258_A/goose/Taiwan/01031,A/goose/Taiwan/01031/2015,0.044404,-0.04722,0.024106,-0.015803,Avian,N2
1259_A/goose/Taiwan/01038,A/goose/Taiwan/01038/2015,0.014224,-0.010727,-0.007451,-0.022151,Avian,Others
1260_A/goose/Taiwan/01039,A/goose/Taiwan/01039/2015,0.029784,-0.033229,-0.036166,0.030121,Avian,N8
1261_A/goose/Taiwan/01040,A/goose/Taiwan/01040/2015,0.042453,-0.048567,0.025104,-0.014512,Avian,N2
1262_A/goose/Taiwan/a015/,A/goose/Taiwan/a015/2015,0.023819,-0.032388,-0.035766,0.00228,Avian,N8
1263_A/goose/Taiwan/TNC1/,A/goose/Taiwan/TNC1/2015,0.02904,-0.029991,-0.039493,0.029509,Avian,N8
1264_A/goose/Taiwan/TNC3/,A/goose/Taiwan/TNC3/2015,0.029758,-0.030252,-0.037018,0.030291,Avian,N8
1265_A/goose/Taiwan/TNC4/,A/goose/Taiwan/TNC4/2015,0.023873,-0.036428,-0.037426,0.002342,Avian,N8
1266_A/goose/Taiwan/TNC9/,A/goose/Taiwan/TNC9/2015,0.029219,-0.030832,-0.037276,0.029464,Avian,N8
1267_A/goose/Taiwan/TNC10,A/goose/Taiwan/TNC10/2015,0.028615,-0.030354,-0.039593,0.02956,Avian,N8
1268_A/goose/Taiwan/TNC12,A/goose/Taiwan/TNC12/2015,0.028321,-0.030372,-0.039407,0.029604,Avian,N8
1269_A/goose/Taiwan/TNC14,A/goose/Taiwan/TNC14/2015,0.027851,-0.030158,-0.039407,0.029601,Avian,N8
1270_A/goose/Taiwan/TNO3/,A/goose/Taiwan/TNO3/2015,0.02661,-0.02963,-0.036714,0.029807,Avian,N8
1271_A/goose/Taiwan/TNO9/,A/goose/Taiwan/TNO9/2015,0.023359,-0.036149,-0.037039,0.00248,Avian,N8
1272_A/goose/Taiwan/TNO15,A/goose/Taiwan/TNO15/2015,0.022317,-0.036771,-0.035837,0.001082,Avian,N8
1273_A/goose/Taiwan/TNO17,A/goose/Taiwan/TNO17/2015,0.028187,-0.030496,-0.039921,0.029399,Avian,N8
1274_A/goose/Taoyuan/1501,A/goose/Taoyuan/15010041/2015,0.028232,-0.032212,-0.039357,0.030767,Avian,N8
1275_A/goose/Taoyuan/1812,A/goose/Taoyuan/18120002-2/2018,0.047994,-0.000218,0.010256,-0.017761,Avian,N2
1276_A/goose/Xinjiang/12.,A/goose/Xinjiang/12.18_WLMQXL001-C/2016,-0.030463,-0.002394,0.019294,-0.017667,Avian,N6
1277_A/goose/Xinjiang/12.,A/goose/Xinjiang/12.18_WLMQXL002-O/2016,-0.030244,-0.001387,0.019478,-0.018212,Avian,N6
1278_A/goose/Xinjiang/12.,A/goose/Xinjiang/12.18_WLMQXL003-C/2016,0.043905,0.042078,-0.001166,-0.001684,Avian,N8
1279_A/goose/Xinjiang/12.,A/goose/Xinjiang/12.18_WLMQXL003-O/2016,0.043955,0.040898,-0.000608,-0.000528,Avian,N8
1280_A/goose/Xinjiang/12.,A/goose/Xinjiang/12.18_WLMQXL004-C/2016,0.044366,0.040718,-0.000945,-0.000863,Avian,N8
1281_A/goose/Xinjiang/12.,A/goose/Xinjiang/12.18_WLMQXL004-O/2016,0.044136,0.039269,-0.001092,0.000724,Avian,N8
1282_A/goose/Yangzhou/042,A/goose/Yangzhou/0420/2014,0.043279,0.003977,-0.028886,-0.014115,Avian,N8
1283_A/goose/Yangzhou/YZ5,A/goose/Yangzhou/YZ587/2016,-0.036877,-0.019237,0.00761,0.019637,Avian,N6
1284_A/goose/Yunlin/15010,A/goose/Yunlin/15010005/2015,0.04277,-0.048318,0.02484,-0.015847,Avian,N2
1285_A/goose/Yunlin/15010,A/goose/Yunlin/15010009-1/2015,0.045393,-0.046731,0.024151,-0.015455,Avian,N2
1286_A/goose/Yunlin/15010,A/goose/Yunlin/15010010-2/2015,0.042548,-0.049248,0.024255,-0.015377,Avian,N2
1287_A/goose/Yunlin/15010,A/goose/Yunlin/15010011-1/2015,0.042717,-0.050534,0.026314,-0.012322,Avian,N2
1288_A/goose/Yunlin/15040,A/goose/Yunlin/15040040/2015,0.022861,-0.035843,-0.03394,0.005626,Avian,N8
1289_A/goose/Yunlin/16020,A/goose/Yunlin/16020008-4/2016,0.038894,-0.040996,0.022775,-0.010692,Avian,N2
1290_A/goose/Yunlin/16020,A/goose/Yunlin/16020011-1/2016,0.037554,-0.041803,0.016009,-0.013686,Avian,N2
1291_A/goose/Yunlin/16040,A/goose/Yunlin/16040002-2/2016,0.041899,-0.044085,0.019857,-0.007058,Avian,N2
1292_A/goose/Yunlin/17100,A/goose/Yunlin/17100005/2017,0.044771,-0.055612,0.023115,-0.017526,Avian,N2
1293_A/goose/Yunlin/18030,A/goose/Yunlin/18030020-2/2018,0.027688,-0.026086,0.026298,-0.016586,Avian,N2
1294_A/goose/Yunlin/18030,A/goose/Yunlin/18030020-3/2018,0.029919,-0.025825,0.027369,-0.017544,Avian,N2
1295_A/goose/Yunlin/18040,A/goose/Yunlin/18040002-3/2018,0.040699,-0.037119,0.01979,-0.013544,Avian,N2
1296_A/goose/Yunlin/18040,A/goose/Yunlin/18040018-2/2018,0.043425,-0.040816,0.025552,-0.018931,Avian,N2
1297_A/goose/Yunlin/18090,A/goose/Yunlin/18090002-3/2018,0.041293,-0.03239,0.020397,-0.015836,Avian,N2
1298_A/goose/Yunlin/18090,A/goose/Yunlin/18090006-1/2018,0.040704,-0.045357,0.012255,-0.012707,Avian,N2
1299_A/goose/Yunlin/18110,A/goose/Yunlin/18110002-3/2018,0.053204,0.005211,0.013666,-0.018993,Avian,N2
1300_A/goose/Yunnan/07.14,A/goose/Yunnan/07.14_DQWCK119/2015(H5N6),-0.051079,-0.005052,0.011205,-0.005474,Avian,N6
1301_A/goose/Yunnan/07.14,A/goose/Yunnan/07.14_DQWCK122/2015(H5N6),-0.054104,-0.004833,0.008621,-0.002423,Avian,N6
1302_A/goose/Zhejiang/771,A/goose/Zhejiang/77166/2014,-0.006469,-0.009794,-0.023664,-0.027314,Avian,N2
1303_A/goose/Zhejiang/771,A/goose/Zhejiang/77167/2014,-0.005534,-0.01087,-0.02774,-0.025476,Avian,N2
1304_A/goose/Zhejiang/771,A/goose/Zhejiang/77168/2014,-0.003927,-0.012243,-0.027577,-0.025894,Avian,N2
1305_A/goose/Zhejiang/112,A/goose/Zhejiang/112071/2014,0.017688,0.003439,-0.010596,-0.026024,Avian,N1
1306_A/goose/Zhejiang/112,A/goose/Zhejiang/112080/2014,-0.020827,0.005472,0.000843,-0.028714,Avian,N6
1307_A/goose/Zhejiang/727,A/goose/Zhejiang/727092/2014,-0.058525,0.00455,-0.011351,-0.026245,Avian,N6
1308_A/goose/Zhejiang/727,A/goose/Zhejiang/727098/2014,0.015475,0.005025,-0.026479,-0.006249,Avian,N1
1309_A/goose/Zhejiang/727,A/goose/Zhejiang/727110/2014,-0.05885,0.000572,-0.011638,-0.023666,Avian,N6
1310_A/goose/Zhejiang/925,A/goose/Zhejiang/925036/2014,-0.051569,-0.008241,-0.013657,-0.015088,Avian,N6
1311_A/goose/Zhejiang/925,A/goose/Zhejiang/925037/2014,0.041406,-0.003768,-0.0071,-0.009193,Avian,N8
1312_A/goose/Zhejiang/925,A/goose/Zhejiang/925104/2014,0.045977,0.002347,-0.019729,-0.01278,Avian,N8
1313_A/goose/Zhejiang/925,A/goose/Zhejiang/925105/2014,-0.037678,0.012948,-0.013696,-0.041391,Avian,N6
1314_A/goose/Zhejiang/925,A/goose/Zhejiang/925106/2014,0.001492,-0.011714,0.007221,-0.015665,Avian,N6
1315_A/goose/Zhejiang/925,A/goose/Zhejiang/925108/2014,-0.034415,0.013596,-0.014817,-0.040467,Avian,N6
1316_A/goose/Zhejiang/112,A/goose/Zhejiang/1120132/2014,-0.016417,-0.004712,-0.006973,-0.023167,Avian,N6
1317_A/goose/Zhejiang/S12,A/goose/Zhejiang/S1266/2021,0.032947,0.054033,0.018833,0.004191,Avian,N8
1318_A/Great_black-headed,A/Great_black-headed_Gull/Qinghai/YO1/2015_H5N1,0.017485,0.002982,-0.014385,-0.011769,Avian,N1
1319_A/Great_Black-headed,A/Great_Black-headed_Gull/Qinghai/YO1-B/2016,0.043343,0.037147,-0.0033,-0.000655,Avian,N8
1320_A/Great_black-headed,A/Great_black-headed_Gull/Qinghai/YO6/2015_H5N1,0.018882,0.002869,-0.016418,-0.011074,Avian,N1
1321_A/Great_Cormorant/Hu,A/Great_Cormorant/Hubei/chenhu_V2/2015_mixed,-0.01674,0.013183,0.033067,0.003073,Avian,N6
1322_A/Great_Cormorant/Hu,A/Great_Cormorant/Hubei/chenhu_V9/2015,0.023441,0.023479,0.00171,-0.004353,Avian,N1
1323_A/Great_Cormorant/Hu,A/Great_Cormorant/Hubei/chenhu_V10/2015,0.022745,0.024446,0.001454,-0.00386,Avian,N1
1324_A/Great_Cormorant/Hu,A/Great_Cormorant/Hubei/chenhu_V11/2015,-0.019997,0.01148,0.029878,0.00674,Avian,N6
1325_A/Great_Cormorant/Hu,A/Great_Cormorant/Hubei/VI128/2015_H5N1,0.025832,0.02408,0.006247,0.004101,Avian,N1
1326_A/Great_Cormorant/Hu,A/Great_Cormorant/Hubei/VI132/2015_H5N1,0.025115,0.023719,0.007082,0.003032,Avian,N1
1327_A/Great_Cormorant/Hu,A/Great_Cormorant/Hubei/VI133/2015_H5N1,0.023916,0.022377,0.00617,0.000432,Avian,N1
1328_A/Great_Cormorant/Qi,A/Great_Cormorant/Qinghai/a51/2016,0.046016,0.040702,-0.003285,0.001345,Avian,N8
1329_A/Great_Cormorant/Qi,A/Great_Cormorant/Qinghai/B82/2016,0.043329,0.040385,-0.004708,0.000377,Avian,N8
1330_A/Great_Cormorant/Qi,A/Great_Cormorant/Qinghai/Y01/2016,0.046101,0.03909,-0.005007,0.004392,Avian,N8
1331_A/Great_Crested_Greb,A/Great_Crested_Grebe/Qinghai/a737/2017,0.041949,0.029576,0.001437,0.007096,Avian,N8
1332_A/grebe/Ningxia/SD00,A/grebe/Ningxia/SD001/2021,0.030832,0.055021,0.023714,0.003192,Avian,N8
1333_A/grebe/Shaanxi/SD00,A/grebe/Shaanxi/SD001/2021,0.032303,0.052097,0.026653,0.000158,Avian,N8
1334_A/grebe/Shandong/SC1,A/grebe/Shandong/SC184/2021,0.032463,0.055184,0.020073,-0.000409,Avian,N8
1335_A/green-winged_teal/,A/green-winged_teal/Guangdong/SD004/2021,0.034649,0.050052,0.020591,0.004618,Avian,N8
1336_A/Guangdong/1/2006|E,A/Guangdong/1/2006,0.013519,0.003415,-0.029379,0.001929,Human,N1
1337_A/Guangdong/1/2008|E,A/Guangdong/1/2008,0.009033,-0.001707,-0.022897,-0.008593,Human,N1
1338_A/Guangdong/2/2006|E,A/Guangdong/2/2006,0.007228,-0.002114,-0.03278,0.012136,Human,N1
1339_A/Guangdong/18SF020/,A/Guangdong/18SF020/2018-09-30,-0.050696,-0.007779,0.013071,0.033779,Human,N6
1340_A/Guangdong/12903/20,A/Guangdong/12903/2021,-0.011138,0.017645,0.020816,0.011141,Human,N6
1341_A/Guangdong/lgf/2021,A/Guangdong/lgf/2021,-0.009414,0.018296,0.015525,0.009049,Human,N6
1342_A/Guangxi/1/2005|EPI,A/Guangxi/1/2005,0.013957,-0.007891,-0.022342,0.015694,Human,N1
1343_A/Guangxi/1/2005|EPI,A/Guangxi/1/2005,0.012584,-0.00538,-0.034693,0.003355,Human,N1
1344_A/Guangxi/1/2008|EPI,A/Guangxi/1/2008,0.016179,0.004191,-0.035778,0.002005,Human,N1
1345_A/Guangxi/32797/2018,A/Guangxi/32797/2018,-0.047012,-0.001601,0.013435,0.021566,Human,N6
1346_A/Guangxi/55726/2016,A/Guangxi/55726/2016,-0.045693,-0.013627,0.005729,0.024279,Human,N6
1347_A/Guangzhou/39715/20,A/Guangzhou/39715/2014,-0.054857,-0.003522,-0.009855,-0.018046,Human,N6
1348_A/Guizhou/1/2009|EPI,A/Guizhou/1/2009,0.012138,0.005331,-0.034169,-0.004157,Human,N1
1349_A/GX-guilin/11151/20,A/GX-guilin/11151/2021,-0.02283,0.030132,0.048445,0.018657,Human,N6
1350_A/GX-hechi/01/2021|E,A/GX-hechi/01/2021,-0.022104,0.008027,0.033054,0.029147,Human,N6
1351_A/Hangzhou/01/2021|E,A/Hangzhou/01/2021,-0.015948,0.041063,0.047243,0.005643,Human,N6
1352_A/HeFei04171/2024|EP,A/HeFei04171/2024,-0.000281,0.026905,0.020749,0.000004,Human,N6
1353_A/heron/Kaohsiung/15,A/heron/Kaohsiung/15WB3284-1-5/2015,0.018621,0.013419,0.032612,-0.019681,Avian,Others
1354_A/heron/Taiwan/17DB0,A/heron/Taiwan/17DB0001/2017,0.047291,-0.0474,0.032103,-0.014765,Avian,N2
1355_A/Herring_Gull/Hubei,A/Herring_Gull/Hubei/CH-i149/2017_H5N8,0.046721,0.03475,-0.003217,0.00297,Avian,N8
1356_A/hill_myna/Heilongj,A/hill_myna/Heilongjiang/0704/2012,-0.001095,0.017913,-0.038352,-0.008299,Avian,N1
1357_A/Hong_Kong/5923/201,A/Hong_Kong/5923/2012,-0.008711,0.023194,-0.03522,-0.00818,Human,N1
1358_A/Hubei/29578/2016_x,A/Hubei/29578/2016_x_PR8__(CNIC-HB29578),-0.009477,0.006342,-0.023685,0.020645,Human,N6
1359_A/Hubei/29578/2016|E,A/Hubei/29578/2016,-0.018793,0.011519,0.023886,0.010397,Human,N6
1360_A/Hunan/1/2006|EPI_I,A/Hunan/1/2006,0.012051,-0.001787,-0.031827,0.005495,Human,N1
1361_A/Hunan/1/2008|EPI_I,A/Hunan/1/2008,0.030099,0.002905,-0.007597,0.017059,Human,N1
1362_A/Hunan/2/2009|EPI_I,A/Hunan/2/2009,0.010993,0.005738,-0.035662,0.00255,Human,N1
1363_A/Japanese_white-eye,A/Japanese_white-eye/Taoyuan/Q454/2012,-0.000625,0.019109,-0.038117,-0.01105,Avian,N1
1364_A/Jiangsu/1/2007|EPI,A/Jiangsu/1/2007,0.007927,0.004092,-0.021087,-0.008726,Human,N1
1365_A/Jiangsu/1/2018|EPI,A/Jiangsu/1/2018,-0.040638,-0.008267,0.01452,0.042082,Human,N6
1366_A/Jiangsu/1/2018|EPI,A/Jiangsu/1/2018,-0.041104,-0.008496,0.015294,0.041629,Human,N6
1367_A/Jiangsu/1/2020_(H5,A/Jiangsu/1/2020_(H5N6),0.0069,-0.00038,0.037061,0.014812,Human,N6
1368_A/Jiangsu/1/2020(H5N,A/Jiangsu/1/2020(H5N6),0.0069,-0.00038,0.037061,0.014812,Human,N6
1369_A/Jiangsu/2/2007|EPI,A/Jiangsu/2/2007,0.007927,0.004092,-0.021087,-0.008726,Human,N1
1370_A/Jiangsu/JSSZ01/201,A/Jiangsu/JSSZ01/2018,-0.04037,-0.008124,0.017775,0.041894,Human,N6
1371_A/Jiangxi/1/2005|EPI,A/Jiangxi/1/2005,0.034443,0.010058,-0.010164,0.004926,Human,N1
1372_A/Jiangxi/16791/2022,A/Jiangxi/16791/2022,-0.022179,0.029591,0.04915,0.013898,Human,N6
1373_A/lesser_kestrel/Hei,A/lesser_kestrel/Heilongjiang/194/2007,0.013627,0.004114,-0.010397,-0.026981,Avian,N1
1374_A/lion/Hubei/1-2/201,A/lion/Hubei/1-2/2016,0.032058,0.022917,0.010849,-0.000651,Nonhuman Mammal,N1
1375_A/Luscinia_cyane/Jia,A/Luscinia_cyane/Jiangxi/U2/2016_(H5N6),0.002497,-0.015232,-0.005406,-0.003884,Avian,N6
1376_A/mallard_duck/Shang,A/mallard_duck/Shanghai/SH-9/2013,0.044944,0.003824,-0.029941,-0.007458,Avian,N8
1377_A/mallard/Heilongjia,A/mallard/Heilongjiang/HLJ-69/2013,0.046103,0.030683,0.007019,-0.021143,Avian,N1
1378_A/Mallard/Jiangxi/JX,A/Mallard/Jiangxi/JXH9/2014_(H5N6),-0.015094,0.016315,0.012801,-0.010519,Avian,N6
1379_A/Mallard/Jiangxi/JX,A/Mallard/Jiangxi/JXH22/2014_(H5N6),-0.0277,0.007137,-0.006247,-0.011195,Avian,N6
1380_A/mallard/Ningxia/17,A/mallard/Ningxia/175/2020,0.043638,0.045173,0.004797,-0.014135,Avian,N8
1381_A/mallard/Ningxia/17,A/mallard/Ningxia/176/2020,0.042804,0.046296,0.00175,-0.01524,Avian,N8
1382_A/mallard/Ningxia/23,A/mallard/Ningxia/239/2020,0.042564,0.043762,0.002166,-0.013429,Avian,N8
1383_A/mallard/Ningxia/24,A/mallard/Ningxia/241/2020,0.043011,0.044717,0.003375,-0.013284,Avian,N8
1384_A/mallard/Ningxia/24,A/mallard/Ningxia/247/2020,0.044068,0.045329,0.00506,-0.013249,Avian,N8
1385_A/mallard/Ningxia/24,A/mallard/Ningxia/249/2020,0.041667,0.044263,0.003245,-0.010209,Avian,N8
1386_A/mandarin_duck/Heil,A/mandarin_duck/Heilongjiang/HL-1/2021,0.034967,0.023415,0.039777,0.016852,Avian,N1
1387_A/mandarin_duck/Hena,A/mandarin_duck/Henan/426/2021,0.028768,0.014683,0.034249,0.019766,Avian,N1
1388_A/meerkat/Shanghai/S,A/meerkat/Shanghai/SH-1/2012,0.013844,0.017605,-0.013882,-0.010787,Nonhuman Mammal,N1
1389_A/migratory_waterfow,A/migratory_waterfowl/Hubei/Chenhu1306/2014,-0.046288,0.013724,-0.010437,-0.040335,Avian,N6
1390_A/migratory_waterfow,A/migratory_waterfowl/Hubei/Chenhu1347/2014,-0.045058,0.013465,-0.011493,-0.04039,Avian,N6
1391_A/mink/China/181/201,A/mink/China/181/2019,-0.04793,-0.01536,-0.001677,0.024958,Nonhuman Mammal,N6
1392_A/mink/China/183/201,A/mink/China/183/2019,-0.051105,-0.016377,0.006655,0.023235,Nonhuman Mammal,N6
1393_A/mink/China/191/201,A/mink/China/191/2019,-0.050841,-0.011864,0.006139,0.022507,Nonhuman Mammal,N6
1394_A/mink/China/456/201,A/mink/China/456/2018,-0.043709,-0.001551,0.017353,0.030619,Nonhuman Mammal,N6
1395_A/mink/China/G/2015|,A/mink/China/G/2015,-0.002478,0.019561,-0.057846,0.001706,Nonhuman Mammal,N1
1396_A/mink/China/XB/2015,A/mink/China/XB/2015,0.02845,0.027574,0.011429,-0.005631,Nonhuman Mammal,N1
1397_A/mink/Eastern_China,A/mink/Eastern_China/006/2018,-0.011643,0.017607,0.014947,-0.005392,Nonhuman Mammal,N6
1398_A/mink/Eastern_China,A/mink/Eastern_China/149/2018,-0.060598,-0.000805,0.016909,0.010935,Nonhuman Mammal,N6
1399_A/mink/Eastern_China,A/mink/Eastern_China/528/2018,-0.011425,0.021133,0.016375,-0.01243,Nonhuman Mammal,N6
1400_A/mink/Eastern_China,A/mink/Eastern_China/571/2018,-0.047609,-0.009855,-0.001598,0.024261,Nonhuman Mammal,N6
1401_A/mink/Eastern_China,A/mink/Eastern_China/0712/2018,0.016019,-0.011108,-0.046554,0.000467,Nonhuman Mammal,N1
1402_A/mink/Northern_Chin,A/mink/Northern_China/110/2018,-0.015895,0.033718,0.017562,0.003967,Nonhuman Mammal,N6
1403_A/Muscovy_duck/China,A/Muscovy_duck/China/FJFZ21/H5N6/2020,-0.044883,0.005208,0.005347,0.023314,Avian,N6
1404_A/Muscovy_duck/China,A/Muscovy_duck/China/H5N6/2020,-0.044954,0.005554,0.005124,0.022935,Avian,N6
1405_A/muscovy/duck/Hunan,A/muscovy/duck/Hunan/85/2014,-0.059303,0.002233,-0.012168,-0.032091,Avian,N6
1406_A/muscovy/duck/Hunan,A/muscovy/duck/Hunan/88/2014,-0.06008,0.000179,-0.011899,-0.030362,Avian,N6
1407_A/muscovy/duck/Hunan,A/muscovy/duck/Hunan/89/2014,-0.058024,0.000523,-0.012268,-0.032037,Avian,N6
1408_A/muscovy/duck/Hunan,A/muscovy/duck/Hunan/90/2014,-0.060177,0.002202,-0.013672,-0.033229,Avian,N6
1409_A/muscovy/duck/Hunan,A/muscovy/duck/Hunan/93/2014,-0.062487,0.003246,-0.013721,-0.031751,Avian,N6
1410_A/muscovy/duck/Hunan,A/muscovy/duck/Hunan/94/2014,-0.05599,-0.000911,-0.012711,-0.030771,Avian,N6
1411_A/muscovy/duck/Hunan,A/muscovy/duck/Hunan/101/2014,-0.0521,-0.003507,-0.015757,-0.018214,Avian,N6
1412_A/muscovy/duck/Hunan,A/muscovy/duck/Hunan/102/2014,-0.038657,-0.005622,-0.010452,-0.015588,Avian,N6
1413_A/muscovy/duck/Hunan,A/muscovy/duck/Hunan/103/2014,-0.055275,-0.001978,-0.01526,-0.017384,Avian,N6
1414_A/muscovy/duck/Hunan,A/muscovy/duck/Hunan/104/2014,-0.050613,-0.00056,-0.014365,-0.016492,Avian,N6
1415_A/muscovy/duck/Hunan,A/muscovy/duck/Hunan/125/2014,-0.05093,0.00373,-0.014014,-0.018695,Avian,N6
1416_A/muscovy/duck/Hunan,A/muscovy/duck/Hunan/147/2014,-0.050612,0.005832,-0.01376,-0.012851,Avian,N6
1417_A/muscovy/duck/Hunan,A/muscovy/duck/Hunan/148/2014,-0.053029,0.001964,-0.016484,-0.01616,Avian,N6
1418_A/muscovy/duck/Hunan,A/muscovy/duck/Hunan/167/2014,-0.04944,-0.003526,-0.015388,-0.016647,Avian,N6
1419_A/muscovy/duck/Hunan,A/muscovy/duck/Hunan/183/2014,-0.054809,-0.002066,-0.004419,-0.022777,Avian,N6
1420_A/muscovy/duck/Hunan,A/muscovy/duck/Hunan/216/2014,-0.0527,-0.000566,-0.012699,-0.017556,Avian,N6
1421_A/muscovy/duck/Hunan,A/muscovy/duck/Hunan/229/2014,-0.05173,-0.003036,-0.014169,-0.016176,Avian,N6
1422_A/muscovy/duck/Hunan,A/muscovy/duck/Hunan/232/2014,-0.054079,0.001715,-0.006774,-0.028701,Avian,N6
1423_A/muscovy/duck/Hunan,A/muscovy/duck/Hunan/HN346/2015,-0.056667,-0.00172,0.009803,0.000644,Avian,N6
1424_A/muscovy/duck/Hunan,A/muscovy/duck/Hunan/HN347/2015,-0.057333,-0.005034,0.006294,0.00161,Avian,N6
1425_A/muscovy/duck/Hunan,A/muscovy/duck/Hunan/HN348/2015,-0.058663,-0.005934,0.00752,0.002562,Avian,N6
1426_A/muscovy/duck/Hunan,A/muscovy/duck/Hunan/HN349/2015,-0.059091,-0.005611,0.006087,0.001414,Avian,N6
1427_A/muscovy/duck/Hunan,A/muscovy/duck/Hunan/HN351/2015,-0.058011,-0.004369,0.007914,0.001878,Avian,N6
1428_A/muscovy/duck/Hunan,A/muscovy/duck/Hunan/HN352/2015,-0.057438,-0.005734,0.009743,0.003002,Avian,N6
1429_A/muscovy/duck/Hunan,A/muscovy/duck/Hunan/HN353/2015,-0.059824,-0.005681,0.012936,-0.003104,Avian,N6
1430_A/muscovy/duck/Hunan,A/muscovy/duck/Hunan/HN354/2015,-0.05854,-0.00553,0.008631,0.002412,Avian,N6
1431_A/muscovy/duck/Hunan,A/muscovy/duck/Hunan/HN355/2015,-0.058475,-0.002669,0.006686,0.001213,Avian,N6
1432_A/muscovy/duck/Hunan,A/muscovy/duck/Hunan/HN356/2015,-0.057854,-0.003976,0.008964,0.001873,Avian,N6
1433_A/muscovy/duck/Hunan,A/muscovy/duck/Hunan/HN358/2015,-0.05863,-0.006563,0.005451,0.004657,Avian,N6
1434_A/muscovy/duck/Hunan,A/muscovy/duck/Hunan/HN359/2015,-0.053455,0.011075,-0.00483,-0.012787,Avian,N6
1435_A/muscovy/duck/Hunan,A/muscovy/duck/Hunan/HN360/2015,-0.058661,-0.005501,0.008203,0.002469,Avian,N6
1436_A/muscovy/duck/Hunan,A/muscovy/duck/Hunan/HN364/2015,-0.057793,-0.006071,0.008609,0.002538,Avian,N6
1437_A/muscovy/duck/Hunan,A/muscovy/duck/Hunan/HN365/2015,-0.057674,-0.00053,0.005354,0.000794,Avian,N6
1438_A/muscovy/duck/Hunan,A/muscovy/duck/Hunan/HN366/2015,-0.062573,-0.00081,0.007093,0.003169,Avian,N6
1439_A/muscovy/duck/Hunan,A/muscovy/duck/Hunan/HN368/2015,-0.058044,-0.002316,0.007494,-0.000057,Avian,N6
1440_A/mute_swan/Inner_Mo,A/mute_swan/Inner_Mongolia/w2-1/2020,0.034596,0.05032,0.02737,0.00343,Avian,N8
1441_A/mute_swan/Shandong,A/mute_swan/Shandong/1/2021,0.032123,0.054107,0.021384,0.002968,Avian,N8
1442_A/Nanjing/1/2015|EPI,A/Nanjing/1/2015,0.022875,0.027787,0.006331,0.000239,Human,N1
1443_A/Northern_Pintail/H,A/Northern_Pintail/HK/MP692/2016,-0.032979,-0.007667,0.002538,0.024383,Avian,N6
1444_A/oriental_magpie_ro,A/oriental_magpie_robin/HK/6154/2015,-0.018893,0.008285,0.020379,0.011452,Avian,N6
1445_A/ostrich/Suzhou/097,A/ostrich/Suzhou/097/2003,0.033438,0.015858,-0.014938,0.02043,Avian,N1
1446_A/parrot/Guangdong/2,A/parrot/Guangdong/258/2004,0.023905,0.009414,0.005977,-0.007708,Avian,N2
1447_A/parrot/Guangdong/C,A/parrot/Guangdong/C99/2005,0.032583,0.017349,-0.020094,0.023526,Avian,N1
1448_A/Pavo_cristatus/Chi,A/Pavo_cristatus/China/JS02/2018,-0.039321,-0.010355,0.008212,0.020904,Avian,N6
1449_A/Pavo_cristatus/Chi,A/Pavo_cristatus/China/K10/2018,-0.039321,-0.010355,0.008212,0.020904,Avian,N6
1450_A/Pavo_cristatus/Jia,A/Pavo_cristatus/Jiangxi/JA1/2016,-0.061425,-0.012403,0.018449,0.016493,Avian,N6
1451_A/peacock/Yunnan/1/2,A/peacock/Yunnan/1/2015,0.022021,0.017881,-0.000034,0.009924,Avian,N1
1452_A/peacock/Yunnan/3/2,A/peacock/Yunnan/3/2015,0.024005,0.015354,0.00345,0.010833,Avian,N1
1453_A/Peregrine_Falcon/H,A/Peregrine_Falcon/Hong_Kong/AFCD-HKU-21-013-27/2021,0.03126,0.044706,0.021728,0.005425,Avian,N8
1454_A/Phalacrocorax/Hube,A/Phalacrocorax/Hubei/01.09_V5/2015(H5N6),-0.016224,0.013876,0.034524,0.004319,Avian,N6
1455_A/Phalacrocorax/Hube,A/Phalacrocorax/Hubei/01.09_V7/2015(H5N6),-0.01383,0.014285,0.03578,0.004979,Avian,N6
1456_A/pheasant/Hebei/B02,A/pheasant/Hebei/B02/2021,0.035698,0.051024,0.021794,-0.002193,Avian,N8
1457_A/pigeon/Fujian/1.17,A/pigeon/Fujian/1.17_FZHX0104-O/2017,-0.046847,-0.018712,0.00196,0.028824,Avian,N6
1458_A/pigeon/Guangdong/0,A/pigeon/Guangdong/04.15_SZBAXQ004/2015(H5N6),-0.058708,-0.003822,0.005563,0.013761,Avian,N6
1459_A/pigeon/Guangdong/0,A/pigeon/Guangdong/04.16_SZLGWL006/2015(H5N6),-0.060556,0.001895,0.010814,0.016484,Avian,N6
1460_A/pigeon/Guangdong/0,A/pigeon/Guangdong/04.23_DGQTXC197-O/2015(H5N6),-0.058516,-0.008648,0.007616,0.010781,Avian,N6
1461_A/pigeon/Hainan/1.14,A/pigeon/Hainan/1.14_HKPL006-C/2018,-0.048929,-0.01271,0.001741,0.033034,Avian,N6
1462_A/pigeon/Hubei/RP25/,A/pigeon/Hubei/RP25/2012,0.020085,0.005073,-0.022061,0.030497,Avian,N1
1463_A/Pigeon/Hunan/04.14,A/Pigeon/Hunan/04.14_YYXS0912-O/2015(Mixed),-0.04006,0.011978,-0.0095,-0.036512,Avian,N6
1464_A/pigeon/Jiangsu/12.,A/pigeon/Jiangsu/12.22_TCCX053-P/2014(Mixed),0.014008,0.004463,-0.013903,-0.019005,Avian,N1
1465_A/Pigeon/Jiangxi/02.,A/Pigeon/Jiangxi/02.10__NCDZT0017-P/2015(H5N6),-0.019572,0.002322,0.039233,0.006401,Avian,N6
1466_A/Pigeon/Jiangxi/04.,A/Pigeon/Jiangxi/04.01__NCDZT0352-O/2015(H5N6),-0.01501,0.009242,0.038662,0.017487,Avian,N6
1467_A/pigeon/Jiangxi/S40,A/pigeon/Jiangxi/S40784/2021(H5N1),0.037815,0.03204,0.026612,-0.000153,Avian,N1
1468_A/pigeon/Jilin/04.25,A/pigeon/Jilin/04.25_CCHL018-O/2015(H5N6),-0.052314,0.0049,-0.004698,-0.018881,Avian,N6
1469_A/pigeon/Jilin/04.25,A/pigeon/Jilin/04.25_CCHL019-O/2015(H5N1),0.006999,-0.000073,-0.005471,-0.016489,Avian,N1
1470_A/pigeon/Jilin/S4176,A/pigeon/Jilin/S4176/2019(H5N1),0.001495,0.015121,-0.018877,-0.021207,Avian,N1
1471_A/Pigeon/Shandong/WS,A/Pigeon/Shandong/WS17/2022,0.022929,0.021184,0.027371,0.000497,Avian,N2
1472_A/pigeon/Sichuan/04.,A/pigeon/Sichuan/04.27_NBXJ743/2014(H5N6),-0.04336,0.010274,-0.007873,-0.036303,Avian,N6
1473_A/pigeon/Sichuan/NCX,A/pigeon/Sichuan/NCXN29/2014,-0.025763,0.010964,-0.037767,-0.018604,Avian,N1
1474_A/pigeon/Zhejiang/11,A/pigeon/Zhejiang/112089/2014,0.010995,0.007929,-0.013648,-0.021046,Avian,N1
1475_A/pigeon/Zhejiang/11,A/pigeon/Zhejiang/112090/2014,0.009435,0.002063,-0.012037,-0.014298,Avian,N1
1476_A/pigeon/Zhejiang/72,A/pigeon/Zhejiang/727097/2014,0.015734,0.00624,-0.026216,-0.007977,Avian,N1
1477_A/plateau_pika/Qingh,A/plateau_pika/Qinghai/04/2007,0.023753,0.009667,-0.009842,0.028288,Nonhuman Mammal,N1
1478_A/Quail/Guangxi/GX-2,A/Quail/Guangxi/GX-2/2017__(H5N6),-0.042215,-0.008974,0.001731,0.018181,Avian,N6
1479_A/quail/Jiangsu/k010,A/quail/Jiangsu/k0104/2010,0.006893,-0.002652,-0.010012,0.021311,Avian,Others
1480_A/quail/Jiangxi/B9/2,A/quail/Jiangxi/B9/2015_(H5N6),-0.000954,-0.017242,-0.003088,-0.0058,Avian,N6
1481_A/quail/Nanchang/663,A/quail/Nanchang/6631/2013,-0.015423,0.018967,-0.037439,-0.019084,Avian,N1
1482_A/Quail/Zhanjiang/16,A/Quail/Zhanjiang/16887/2016,-0.038657,-0.026014,-0.001793,0.027561,Avian,N6
1483_A/Quanzhou/2/2024|EP,A/Quanzhou/2/2024,0.001246,0.008075,0.009985,0.004911,Human,N6
1484_A/Shandong/1/2009|EP,A/Shandong/1/2009,0.009782,0.006313,-0.018872,-0.003063,Human,N1
1485_A/Shenzhen/1/2015|EP,A/Shenzhen/1/2015,-0.018269,0.013259,0.018398,-0.001693,Human,N6
1486_A/Shenzhen/1/2016|EP,A/Shenzhen/1/2016,-0.021954,0.008845,0.012002,0.016046,Human,N6
1487_A/Shenzhen/TH001/201,A/Shenzhen/TH001/2015_(H5N6),-0.018588,0.012934,0.017974,-0.000756,Human,N6
1488_A/Shenzhen/TH003/201,A/Shenzhen/TH003/2016(H5N6),-0.019431,0.011129,0.015641,0.024335,Human,N6
1489_A/Shoveller/Ningxia/,A/Shoveller/Ningxia/488-53/2015,-0.049761,0.005693,-0.009472,-0.021548,Avian,N6
1490_A/Sichuan/1/2006|EPI,A/Sichuan/1/2006,0.014795,-0.002897,-0.022952,0.01017,Human,N1
1491_A/Sichuan/2/2006|EPI,A/Sichuan/2/2006,0.018404,-0.001125,-0.025503,0.010488,Human,N1
1492_A/Sichuan/26221/2014,A/Sichuan/26221/2014,-0.045707,0.016015,-0.005201,-0.039195,Human,N6
1493_A/silkie_chicken/Don,A/silkie_chicken/Dongguan/2809/2013,-0.058633,-0.002892,-0.007795,-0.013472,Avian,N6
1494_A/Spatula_querquedul,A/Spatula_querquedula/Chongming/H5N1_1/2024,0.037253,0.040827,0.022951,0.017077,Avian,N1
1495_A/Spoonbill/HK/17-18,A/Spoonbill/HK/17-18259/2017,0.017319,0.024134,0.018901,0.008136,Avian,N6
1496_A/spoonbill/Taiwan/D,A/spoonbill/Taiwan/DB645/2017,0.021164,0.028725,0.021957,0.006134,Avian,N6
1497_A/spot_billed_duck/N,A/spot_billed_duck/Ningxia/YG87/2017,0.020397,0.022389,0.01443,-0.005109,Avian,N6
1498_A/spot-billed_duck/N,A/spot-billed_duck/Ningxia/YG93/2017,0.026271,0.03392,0.016541,-0.0001,Avian,N6
1499_A/Streptopelia_decao,A/Streptopelia_decaocto/Jiangxi/E1/2015(H5N6),-0.029192,0.012295,0.021648,-0.023915,Avian,N6
1500_A/Streptopelia_decao,A/Streptopelia_decaocto/Jiangxi/G6/2016(H5N6),-0.015622,-0.002684,0.008928,-0.020088,Avian,N6
1501_A/Streptopelia_decao,A/Streptopelia_decaocto/Jiangxi/J8/2015_(H5N6),-0.027943,0.011599,0.027269,-0.030613,Avian,N6
1502_A/swan_goose/Jilin/J,A/swan_goose/Jilin/JL01/2014,-0.044166,0.015363,-0.01877,-0.046975,Avian,N6
1503_A/swan/China/ST/2016,A/swan/China/ST/2016,0.041674,0.047602,-0.002915,-0.005322,Avian,N8
1504_A/swan/Hebei/B01/202,A/swan/Hebei/B01/2021,0.028903,0.045846,0.024244,0.001014,Avian,N8
1505_A/swan/Shandong/W376,A/swan/Shandong/W3762/2020,0.034138,0.019745,-0.018694,-0.002461,Avian,N8
1506_A/swine/China/RZ/201,A/swine/China/RZ/2018,-0.046055,-0.008778,0.002394,0.024195,Nonhuman Mammal,N6
1507_A/swine/Guangdong/1/,A/swine/Guangdong/1/2014,-0.056986,-0.001692,-0.010606,-0.021924,Nonhuman Mammal,N6
1508_A/swine/Guangdong/2/,A/swine/Guangdong/2/2014,-0.055928,-0.001358,-0.010584,-0.019872,Nonhuman Mammal,N6
1509_A/swine/Guangdong/G3,A/swine/Guangdong/G3/2015,-0.060538,0.004679,-0.002484,-0.025336,Nonhuman Mammal,N6
1510_A/swine/Shandong/SD1,A/swine/Shandong/SD1/2014,0.034112,0.029589,-0.00684,0.018279,Nonhuman Mammal,N1
1511_A/Syrrhaptes_paradox,A/Syrrhaptes_paradoxus/Guangdong/ZH283/2015,-0.06149,-0.003385,0.008759,-0.002253,Avian,N6
1512_A/Taiwan/DV413/2006|,A/Taiwan/DV413/2006,0.034642,0.007978,-0.010898,-0.012698,Avian,N2
1513_A/Taiwan/DV518/2006|,A/Taiwan/DV518/2006,0.035128,0.007603,-0.012184,-0.013484,Avian,N2
1514_A/thrush/Taiwan/1512,A/thrush/Taiwan/15120021/2015,0.040489,-0.041503,0.021938,-0.020278,Avian,N2
1515_A/tiger/Yunnan/tig14,A/tiger/Yunnan/tig1404/2014,-0.026987,0.012053,-0.024816,-0.012673,Nonhuman Mammal,N1
1516_A/tiger/Yunnan/tig14,A/tiger/Yunnan/tig1412/2014,-0.009147,0.022966,-0.038946,-0.012969,Nonhuman Mammal,N1
1517_A/tiger/Yunnan/tig15,A/tiger/Yunnan/tig1508/2015,0.021913,0.030078,0.006092,0.00085,Nonhuman Mammal,N1
1518_A/tundra_swan/Fujian,A/tundra_swan/Fujian/SD121/2023(H5N1),0.034031,0.014409,0.040692,0.012794,Avian,N1
1519_A/tundra_swan/Hubei/,A/tundra_swan/Hubei/BQ3/2020,0.032248,0.053034,0.019818,0.002846,Avian,N8
1520_A/tundra_swan/Hubei/,A/tundra_swan/Hubei/BQ4/2020,0.032491,0.050227,0.022917,-0.000125,Avian,N8
1521_A/tundra_swan/Hubei/,A/tundra_swan/Hubei/BQ6/2020,0.034376,0.050139,0.023454,0.001921,Avian,N8
1522_A/tundra_swan/Hubei/,A/tundra_swan/Hubei/BQ7/2020,0.03385,0.051114,0.025604,0.004138,Avian,N8
1523_A/tundra_swan/Hubei/,A/tundra_swan/Hubei/BQ8/2020,0.033947,0.051507,0.024546,0.002905,Avian,N8
1524_A/tundra_swan/Hubei/,A/tundra_swan/Hubei/BQ9/2020,0.033652,0.047401,0.026049,0.004824,Avian,N8
1525_A/turkey/Changhua/16,A/turkey/Changhua/16010011-1/2016,0.038147,-0.042952,0.018077,-0.012298,Avian,N2
1526_A/turkey/Chiayi/1702,A/turkey/Chiayi/17020092-2/2017,0.038504,-0.019661,-0.005191,-0.017004,Avian,N8
1527_A/turkey/Chiayi/1801,A/turkey/Chiayi/18010013-3/2018,0.042864,-0.047123,0.019233,-0.013203,Avian,N2
1528_A/turkey/Yunlin/1506,A/turkey/Yunlin/15060049-1/2015,0.04512,-0.046366,0.024601,-0.010577,Avian,N2
1529_A/turkey/Yunlin/1802,A/turkey/Yunlin/18020020-2/2018,0.042077,-0.046097,0.021456,-0.010281,Avian,N2
1530_A/turkey/Yunlin/1811,A/turkey/Yunlin/18110001-3/2018,0.045379,-0.038419,0.01958,-0.017306,Avian,N2
1531_A/turkey/Yunlin/1812,A/turkey/Yunlin/18120005-2/2018,0.051413,0.009292,0.009584,-0.022355,Avian,N2
1532_A/turtle_dove/Guangd,A/turtle_dove/Guangdong/300/2005,0.015367,-0.00284,-0.028999,0.012332,Avian,N1
1533_A/turtle_dove/Hunan/,A/turtle_dove/Hunan/S4004/2020(H5N1),0.027407,0.022478,0.010925,0.00904,Avian,N1
1534_A/Waterfowl/Hubei/Ch,A/Waterfowl/Hubei/Chenhu1306/2014_H5N6,-0.046288,0.013724,-0.010437,-0.040335,Avian,N6
1535_A/Waterfowl/Hubei/Ch,A/Waterfowl/Hubei/Chenhu1347/2014_H5N6,-0.045058,0.013465,-0.011493,-0.04039,Avian,N6
1536_A/whiskered_tern/Hub,A/whiskered_tern/Hubei/BQ10/2020,0.033685,0.049009,0.022775,0.001922,Avian,N8
1537_A/white_naped_crane/,A/white_naped_crane/China/YA3/2018,-0.037382,-0.008289,0.007295,0.024242,Avian,N6
1538_A/White-eyed_Pochard,A/White-eyed_Pochard/Ningxia/480-17/2015,-0.049185,0.017257,-0.013236,-0.015145,Avian,N6
1539_A/whooper_swan/Henan,A/whooper_swan/Henan/8/2021,0.02934,0.014588,0.034604,0.02057,Avian,N1
1540_A/whooper_swan/Henan,A/whooper_swan/Henan/14/2021,0.029672,0.012854,0.034562,0.021443,Avian,N1
1541_A/whooper_swan/Henan,A/whooper_swan/Henan/44/2021,0.030025,0.01358,0.034548,0.021996,Avian,N1
1542_A/whooper_swan/Henan,A/whooper_swan/Henan/45/2021,0.029786,0.013691,0.035008,0.021882,Avian,N1
1543_A/whooper_swan/Henan,A/whooper_swan/Henan/46/2021,0.029263,0.01341,0.034952,0.021755,Avian,N1
1544_A/whooper_swan/Henan,A/whooper_swan/Henan/424/2021,0.029196,0.015104,0.034432,0.019843,Avian,N1
1545_A/whooper_swan/Henan,A/whooper_swan/Henan/SM1/2020,0.034544,0.048707,0.023208,0.002217,Avian,N8
1546_A/whooper_swan/Henan,A/whooper_swan/Henan/SM16/2020,0.032649,0.050769,0.024517,0.002495,Avian,N8
1547_A/whooper_swan/Henan,A/whooper_swan/Henan/SM31/2020,0.032659,0.05002,0.025742,0.001393,Avian,N8
1548_A/whooper_swan/Henan,A/whooper_swan/Henan/SM61/2020,0.039091,0.049761,0.023847,0.003822,Avian,N8
1549_A/whooper_swan/Henan,A/whooper_swan/Henan/SM76/2020,0.030129,0.049905,0.022255,0.001065,Avian,N8
1550_A/whooper_swan/Henan,A/whooper_swan/Henan/SM86/2020,0.033961,0.049516,0.023645,0.001849,Avian,N8
1551_A/whooper_swan/Henan,A/whooper_swan/Henan/SM111/2020,0.032891,0.051552,0.024727,0.003022,Avian,N8
1552_A/whooper_swan/Henan,A/whooper_swan/Henan/SMQ5/2020,0.035997,0.046302,0.022218,0.003672,Avian,N8
1553_A/whooper_swan/Henan,A/whooper_swan/Henan/SMQ7/2020,0.034498,0.048001,0.021946,0.002624,Avian,N8
1554_A/whooper_swan/Henan,A/whooper_swan/Henan/SMQ9/2020,0.033554,0.051207,0.025557,0.003858,Avian,N8
1555_A/whooper_swan/Henan,A/whooper_swan/Henan/SMQ10/2020,0.032057,0.050934,0.025412,0.003541,Avian,N8
1556_A/whooper_swan/Henan,A/whooper_swan/Henan/SMX1/2015(H5N1),0.013298,0.001595,-0.019721,-0.01473,Avian,N1
1557_A/whooper_swan/Henan,A/whooper_swan/Henan/SMX3/2015(H5N1),0.013858,0.002923,-0.019953,-0.015257,Avian,N1
1558_A/whooper_swan/Henan,A/whooper_swan/Henan/SMX4/2015(H5N1),0.012952,0.000876,-0.020912,-0.014464,Avian,N1
1559_A/whooper_swan/Henan,A/whooper_swan/Henan/SMX9/2015(H5N1),0.014084,0.003422,-0.019295,-0.015107,Avian,N1
1560_A/whooper_swan/Henan,A/whooper_swan/Henan/T578/2019,0.022434,0.032629,0.010273,-0.020892,Avian,N2
1561_A/whooper_swan/Henan,A/whooper_swan/Henan/T874/2018,0.022434,0.032629,0.010273,-0.020892,Avian,N2
1562_A/whooper_swan/Henan,A/whooper_swan/Henan/T880/2018,0.022366,0.032838,0.010064,-0.020106,Avian,N2
1563_A/whooper_swan/Henan,A/whooper_swan/Henan/T886/2018,0.022434,0.032629,0.010273,-0.020892,Avian,N2
1564_A/whooper_swan/Henan,A/whooper_swan/Henan/T888/2018,0.022366,0.032838,0.010064,-0.020106,Avian,N2
1565_A/whooper_swan/Henan,A/whooper_swan/Henan/Y120/2018,0.022646,0.033135,0.009916,-0.020265,Avian,N2
1566_A/whooper_swan/Inner,A/whooper_swan/Inner_Mongolia/w1-1/2020,0.032785,0.050615,0.026963,0.003559,Avian,N8
1567_A/Whooper_Swan/Sanme,A/Whooper_Swan/Sanmenxia/01/2016,0.042918,0.045396,-0.000614,-0.005385,Avian,N8
1568_A/Whooper_swan/Sanme,A/Whooper_swan/Sanmenxia/G2/2020,0.035184,0.053926,0.022746,0.00257,Avian,N8
1569_A/Whooper_swan/Sanme,A/Whooper_swan/Sanmenxia/G13/2020,0.037385,0.048842,0.019166,0.007217,Avian,N8
1570_A/Whooper_swan/Sanme,A/Whooper_swan/Sanmenxia/G15/2020,0.032822,0.051093,0.025128,0.004633,Avian,N8
1571_A/Whooper_swan/Sanme,A/Whooper_swan/Sanmenxia/G28/2020,0.037485,0.048775,0.018953,0.007285,Avian,N8
1572_A/Whooper_swan/Sanme,A/Whooper_swan/Sanmenxia/H1/2020,0.036609,0.050558,0.027619,0.004327,Avian,N8
1573_A/Whooper_swan/Sanme,A/Whooper_swan/Sanmenxia/H735/2020,0.035728,0.052457,0.024593,0.005603,Avian,N8
1574_A/Whooper_swan/Sanme,A/Whooper_swan/Sanmenxia/H810/2020,0.033755,0.051067,0.023211,0.002148,Avian,N8
1575_A/Whooper_swan/Sanme,A/Whooper_swan/Sanmenxia/Y10/2020,0.033408,0.050441,0.025912,0.005773,Avian,N8
1576_A/Whooper_swan/Sanme,A/Whooper_swan/Sanmenxia/Y11/2020,0.032424,0.050412,0.021052,0.004803,Avian,N8
1577_A/Whooper_swan/Sanme,A/Whooper_swan/Sanmenxia/Y12/2020,0.032868,0.0533,0.019619,0.005712,Avian,N8
1578_A/Whooper_swan/Sanme,A/Whooper_swan/Sanmenxia/Y15/2020,0.032822,0.051093,0.025128,0.004633,Avian,N8
1579_A/Whooper_swan/Sanme,A/Whooper_swan/Sanmenxia/Y18/2020,0.035083,0.05409,0.022785,0.002713,Avian,N8
1580_A/Whooper_swan/Sanme,A/Whooper_swan/Sanmenxia/Y19/2020,0.033849,0.050947,0.021037,0.004971,Avian,N8
1581_A/Whooper_swan/Sanme,A/Whooper_swan/Sanmenxia/Y20/2020,0.035394,0.052987,0.024315,0.00412,Avian,N8
1582_A/Whooper_swan/Sanme,A/Whooper_swan/Sanmenxia/Y21/2020,0.033408,0.050441,0.025912,0.005773,Avian,N8
1583_A/Whooper_swan/Sanme,A/Whooper_swan/Sanmenxia/Y23-2/2020,0.032915,0.049979,0.024548,0.003237,Avian,N8
1584_A/Whooper_swan/Sanme,A/Whooper_swan/Sanmenxia/Y27/2020,0.033176,0.051819,0.023299,0.0048,Avian,N8
1585_A/Whooper_swan/Sanme,A/Whooper_swan/Sanmenxia/Y36/2020,0.032904,0.0503,0.024395,0.003901,Avian,N8
1586_A/Whooper_swan/Sanme,A/Whooper_swan/Sanmenxia/Y48A/2020,0.032988,0.051361,0.023614,0.006824,Avian,N8
1587_A/Whooper_swan/Sanme,A/Whooper_swan/Sanmenxia/Y48B/2020,0.032915,0.049979,0.024548,0.003237,Avian,N8
1588_A/Whooper_swan/Sanme,A/Whooper_swan/Sanmenxia/Y52/2020,0.032822,0.051093,0.025128,0.004633,Avian,N8
1589_A/Whooper_swan/Sanme,A/Whooper_swan/Sanmenxia/Y56/2020,0.036308,0.050234,0.024987,0.00535,Avian,N8
1590_A/Whooper_swan/Sanme,A/Whooper_swan/Sanmenxia/Y57/2020,0.033359,0.050144,0.023604,0.003376,Avian,N8
1591_A/whooper_swan/Shaan,A/whooper_swan/Shaanxi/SXY2-1/2020,0.03315,0.051331,0.025758,0.003025,Avian,N8
1592_A/whooper_swan/Shaan,A/whooper_swan/Shaanxi/SXY26/2020,0.032747,0.050807,0.024486,0.002264,Avian,N8
1593_A/whooper_swan/Shaan,A/whooper_swan/Shaanxi/SXY66/2020,0.033384,0.050603,0.024368,0.002265,Avian,N8
1594_A/whooper_swan/Shand,A/whooper_swan/Shandong/SC176/2021,0.032763,0.053858,0.01928,-0.000354,Avian,N8
1595_A/whooper_swan/Shand,A/whooper_swan/Shandong/SC185/2021,0.032449,0.052731,0.019355,0.001885,Avian,N8
1596_A/whooper_swan/Shand,A/whooper_swan/Shandong/SC188/2021,0.033317,0.053299,0.019813,0.000585,Avian,N8
1597_A/whooper_swan/Shand,A/whooper_swan/Shandong/SC195/2021,0.048741,0.029956,0.008028,-0.00899,Avian,N8
1598_A/whooper_swan/Shand,A/whooper_swan/Shandong/SC198/2021,0.032794,0.054054,0.021569,0.000517,Avian,N8
1599_A/whooper_swan/Shand,A/whooper_swan/Shandong/SC199/2021,0.030874,0.054958,0.020187,0.000561,Avian,N8
1600_A/whooper_swan/Shand,A/whooper_swan/Shandong/SC200/2021,0.030635,0.054886,0.018799,-0.001015,Avian,N8
1601_A/whooper_swan/Shanx,A/whooper_swan/Shanxi/4-1/2020,0.034579,0.049265,0.023085,0.003047,Avian,N8
1602_A/whooper_swan/Shanx,A/whooper_swan/Shanxi/4-2/2020,0.035012,0.049194,0.023042,0.003042,Avian,N8
1603_A/whooper_swan/Shanx,A/whooper_swan/Shanxi/14/2021,0.030242,0.013854,0.034138,0.022477,Avian,N1
1604_A/whooper_swan/Shanx,A/whooper_swan/Shanxi/20/2021,0.029768,0.013488,0.034557,0.021979,Avian,N1
1605_A/whooper_swan/Shanx,A/whooper_swan/Shanxi/RC01/2016,0.044656,0.045697,0.00101,-0.005919,Avian,N8
1606_A/whooper_swan/Shanx,A/whooper_swan/Shanxi/SX16/2020,0.03413,0.048875,0.027146,0.002654,Avian,N8
1607_A/whooper_swan/Shanx,A/whooper_swan/Shanxi/SX31/2020,0.032712,0.050405,0.024076,0.002868,Avian,N8
1608_A/whooper_swan/Shanx,A/whooper_swan/Shanxi/SX56/2020,0.036372,0.050786,0.025063,0.002608,Avian,N8
1609_A/whooper_swan/Shanx,A/whooper_swan/Shanxi/SX106/2020,0.033996,0.049064,0.024978,0.001621,Avian,N8
1610_A/whooper_swan/Shanx,A/whooper_swan/Shanxi/SX116/2020,0.031737,0.014591,0.016793,0.000937,Avian,N2
1611_A/whooper_swan/Shanx,A/whooper_swan/Shanxi/SX166/2020,0.036621,0.048713,0.023826,0.002782,Avian,N8
1612_A/whooper_swan/Shanx,A/whooper_swan/Shanxi/SX206/2020,0.039906,0.049292,0.023408,0.003119,Avian,N8
1613_A/whooper_swan/Shanx,A/whooper_swan/Shanxi/SX216/2020,0.037316,0.048624,0.023667,0.0022,Avian,N8
1614_A/whooper_swan/Shanx,A/whooper_swan/Shanxi/SX231/2020,0.037982,0.049539,0.024026,0.004158,Avian,N8
1615_A/whooper_swan/Shanx,A/whooper_swan/Shanxi/SX251/2020,0.030237,0.049999,0.024302,0.005471,Avian,N8
1616_A/whooper_swan/Shanx,A/whooper_swan/Shanxi/SX276/2020,0.032446,0.052515,0.023251,0.004288,Avian,N8
1617_A/whooper_swan/Shanx,A/whooper_swan/Shanxi/SX291/2020,0.036567,0.048223,0.021801,0.003002,Avian,N8
1618_A/whooper_swan/Shanx,A/whooper_swan/Shanxi/SX346/2020,0.035265,0.050098,0.024375,0.004311,Avian,N8
1619_A/Wigeon/Ningxia/476,A/Wigeon/Ningxia/476-12/2015,-0.05248,0.012206,-0.010261,-0.013287,Avian,N6
1620_A/wild_bird/Eastern_,A/wild_bird/Eastern_China/1754/2017,0.008378,0.046538,0.019674,-0.024999,Avian,Others
1621_A/wild_bird/Eastern_,A/wild_bird/Eastern_China/1758/2017,0.006658,0.043631,0.017252,-0.025706,Avian,Others
1622_A/wild_bird/Eastern_,A/wild_bird/Eastern_China/1759/2017,0.007663,0.044525,0.018579,-0.025378,Avian,Others
1623_A/wild_bird/Hubei/12,A/wild_bird/Hubei/12.12_LGHF2W44/2016(H5N8),0.045394,0.032572,0.002398,0.00659,Avian,N8
1624_A/wild_bird/Hunan/01,A/wild_bird/Hunan/01.14_YYDTHF2-20-2/2016(H5N6),-0.054222,-0.006641,0.000474,0.013664,Avian,N6
1625_A/wild_bird/Hunan/01,A/wild_bird/Hunan/01.14_YYDTHF2-25-2/2016(H5N6),-0.043144,0.006097,-0.00678,-0.005181,Avian,N6
1626_A/wild_bird/Hunan/02,A/wild_bird/Hunan/02.24_YYDTHF2-114-2/2016(H5N6),-0.054816,-0.003216,-0.004943,0.012759,Avian,N6
1627_A/wild_bird/Hunan/02,A/wild_bird/Hunan/02.24_YYDTHF3-112/2016(H5N6),-0.055093,-0.002927,-0.004332,0.012967,Avian,N6
1628_A/wild_bird/Hunan/03,A/wild_bird/Hunan/03.08_DTHF2E3-2/2018(H5N6),-0.05489,-0.002866,-0.004211,0.01303,Avian,N6
1629_A/wild_bird/Taipei/0,A/wild_bird/Taipei/04WB12-522-11-15/2004,0.006208,0.039134,0.024416,-0.019407,Avian,N6
1630_A/wild_bird/Zhejiang,A/wild_bird/Zhejiang/NBXS-1/2024,-0.004266,0.029412,0.025156,0.003437,Avian,N6
1631_A/wild_duck/Fujian/1,A/wild_duck/Fujian/1/2011,0.001264,0.033362,-0.044644,-0.00664,Avian,N1
1632_A/wild_duck/Fujian/2,A/wild_duck/Fujian/2/2011,0.002168,0.03236,-0.045014,-0.008815,Avian,N1
1633_A/wild_duck/Hebei/SD,A/wild_duck/Hebei/SD012/2021(H5N1),0.032445,0.018686,0.039898,0.007004,Avian,N1
1634_A/wild_duck/Hunan/12,A/wild_duck/Hunan/12.28_DTHD76-1/2016(H5N7),0.016293,0.00131,0.027481,-0.006939,Avian,Others
1635_A/wild_duck/Jiangsu/,A/wild_duck/Jiangsu/SD019/2021,0.0336,0.05395,0.022686,0.001297,Avian,N8
1636_A/wild_duck/Jilin/HF,A/wild_duck/Jilin/HF/2011,0.0107,0.034132,-0.021844,0.008035,Avian,N1
1637_A/wild_duck/Jilin/ZF,A/wild_duck/Jilin/ZF/2011,0.023507,0.021446,-0.013922,-0.010831,Avian,N1
1638_A/wild_duck/Shandong,A/wild_duck/Shandong/1/2011,0.039818,0.001653,-0.029533,0.013959,Avian,N1
1639_A/wild_duck/Shandong,A/wild_duck/Shandong/2/2011,0.029464,0.021764,-0.038476,-0.00373,Avian,N1
1640_A/wild_duck/Shandong,A/wild_duck/Shandong/628/2011,0.022651,-0.015013,-0.035481,0.039954,Avian,N1
1641_A/wild_duck/Shandong,A/wild_duck/Shandong/SC177/2021,0.03241,0.05351,0.020825,0.00144,Avian,N8
1642_A/wild_goose/Shandon,A/wild_goose/Shandong/SC196/2021,0.031929,0.05493,0.020815,0.000235,Avian,N8
1643_A/wild_pigeon/Jilin/,A/wild_pigeon/Jilin/CC01/2014,-0.052178,0.001093,-0.013831,-0.022656,Avian,N6
1644_A/wildfowl/China/472,A/wildfowl/China/472/2014,0.012351,0.009564,-0.014536,-0.001468,Avian,N2
1645_A/Xinjiang/1/2006|EP,A/Xinjiang/1/2006,0.034281,0.008009,-0.019316,0.028255,Human,N1
1646_A/Xinjiang/1/2009|EP,A/Xinjiang/1/2009,0.002863,-0.002417,-0.037517,0.006244,Human,N1
1647_A/Yunnan/14563/2015|,A/Yunnan/14563/2015,-0.004002,0.01544,0.03399,0.008441,Human,N6
1648_A/Yunnan/DQ002/2015(,A/Yunnan/DQ002/2015(H5N6),0.000164,0.015172,0.028085,0.004114,Human,N6
1649_A/Zhejiang/1/2006|EP,A/Zhejiang/1/2006,0.016151,-0.002036,-0.026188,0.012465,Human,N1
1650_A/Anas_platyrhynchos,A/Anas_platyrhynchos/jiujiang/H5N1/2024_H5N1,0.032848,0.037784,0.020043,0.017813,Avian,N1
1651_A/Anas_crecca/Hubei/,A/Anas_crecca/Hubei/Chenhu1623-5/2014_H5N6,-0.045262,0.009207,-0.013843,-0.038213,Avian,N6
1652_A/Anhui/1/2006_H5N1|,A/Anhui/1/2006_H5N1,0.011838,-0.003543,-0.031642,0.003111,Human,N1
1653_A/Anhui/1/2007_H5N1|,A/Anhui/1/2007_H5N1,0.008103,0.016291,-0.038153,0.00817,Human,N1
1654_A/Anhui/2/2005_H5N1|,A/Anhui/2/2005_H5N1,0.015371,-0.0034,-0.024001,0.013964,Human,N1
1655_A/Anser_cygnoides/Ch,A/Anser_cygnoides/China/P126/2015_H5N1,-0.028473,0.012618,-0.036407,-0.018803,Avian,N1
1656_A/Anser_cygnoides/Hu,A/Anser_cygnoides/Hubei/FW44/2016_H5N8,0.045734,0.031974,0.000196,0.007852,Avian,N8
1657_A/Anser_fabalis/jiuj,A/Anser_fabalis/jiujiang/H5N1/2024_H5N1,0.035806,0.036983,0.02036,0.017034,Avian,N1
1658_A/Anser_fabalis/jiuj,A/Anser_fabalis/jiujiang/H5N1/2024_H5N1,0.030543,0.04021,0.021652,0.018928,Avian,N1
1659_A/Anser_fabalis/jiuj,A/Anser_fabalis/jiujiang/H5N1/2024_H5N1,0.033212,0.037731,0.019461,0.017279,Avian,N1
1660_A/Bulbul/Taiwan/0115,A/Bulbul/Taiwan/01156/2015_H5N3,0.019241,-0.007267,-0.007107,-0.022798,Avian,Others
1661_A/Changsha/1/2014_H5,A/Changsha/1/2014_H5N6,-0.056636,-0.00449,-0.007255,-0.016647,Human,N6
1662_A/China/Original/201,A/China/Original/2018_H5N6,-0.04037,-0.008124,0.017775,0.041894,Human,N6
1663_A/Chlidonias_hybrida,A/Chlidonias_hybrida/Hubei/55/2020_H5N8,0.031721,0.054112,0.024018,0.005468,Avian,N8
1664_A/Commom_Teal/Ningxi,A/Commom_Teal/Ningxia/474-9/2015_H5N6,-0.051176,0.011608,-0.016094,-0.01754,Avian,N6
1665_A/Copsychus_saularis,A/Copsychus_saularis/Guangdong/SW8/2014_H5N6,-0.057812,0.004051,-0.012018,-0.016307,Avian,N6
1666_A/Cygnus_atratus/Hub,A/Cygnus_atratus/Hubei/2Z2-O/2016_H5N8,0.042827,0.045819,-0.006158,-0.003515,Avian,N8
1667_A/Cygnus_atratus/Hub,A/Cygnus_atratus/Hubei/HF-1/2016_H5N8,0.041687,0.044981,-0.002804,-0.00296,Avian,N8
1668_A/Cygnus_columbianus,A/Cygnus_columbianus/Hubei/116/2020_H5N8,0.034734,0.047452,0.024585,0.006466,Avian,N8
1669_A/Cygnus_columbianus,A/Cygnus_columbianus/Hubei/49/2020_H5N8,0.032896,0.048903,0.024061,0.004301,Avian,N8
1670_A/Cygnus_columbianus,A/Cygnus_columbianus/Hubei/50/2020_H5N8,0.033469,0.051567,0.021317,0.003572,Avian,N8
1671_A/Cygnus_columbianus,A/Cygnus_columbianus/Hubei/51/2020_H5N8,0.033397,0.05089,0.02345,0.001814,Avian,N8
1672_A/Cygnus_columbianus,A/Cygnus_columbianus/Hubei/52/2020_H5N8,0.033176,0.051336,0.026123,0.005665,Avian,N8
1673_A/Cygnus_columbianus,A/Cygnus_columbianus/Hubei/53/2020_H5N8,0.034228,0.051289,0.024119,0.004334,Avian,N8
1674_A/Cygnus_columbianus,A/Cygnus_columbianus/Hubei/56/2020_H5N8,0.03549,0.050383,0.023246,0.002363,Avian,N8
1675_A/Duck/Dongting/D76-,A/Duck/Dongting/D76-1/2016_H5N7,0.016804,0.002787,0.029187,-0.007145,Avian,Others
1676_A/Duck/Jiangxi/631/2,A/Duck/Jiangxi/631/2024_H5N1,0.023268,0.02825,0.025117,0.015974,Avian,N1
1677_A/Falcated_Duck/Ning,A/Falcated_Duck/Ningxia/484-29/2015_H5N6,-0.049322,0.014892,-0.010392,-0.013387,Avian,N6
1678_A/Ferruginous_Pochar,A/Ferruginous_Pochard/Ningxia/480-17/2015_H5N6,-0.049185,0.017257,-0.013236,-0.015145,Avian,N6
1679_A/Gadwall/Ningxia/47,A/Gadwall/Ningxia/472-7/2015_H5N6,-0.05315,0.006177,-0.011164,-0.023882,Avian,N6
1680_A/Gallinula_chloropu,A/Gallinula_chloropus/Guangdong/GZ174/2014_H5N6,-0.05735,0.004552,-0.011567,-0.015351,Avian,N6
1681_A/Guangdong/1/2008_H,A/Guangdong/1/2008_H5N1,0.007285,-0.002121,-0.024357,-0.007234,Human,N1
1682_A/Guangdong/2/2006_H,A/Guangdong/2/2006_H5N1,0.004889,-0.002162,-0.034753,0.013811,Human,N1
1683_A/Guangdong/lgf/2021,A/Guangdong/lgf/2021_H5N6,-0.009414,0.018296,0.015525,0.009049,Human,N6
1684_A/Guangxi/1/2005_H5N,A/Guangxi/1/2005_H5N1,0.018748,-0.00969,-0.032161,0.003895,Human,N1
1685_A/Guangxi/1/2008_H5N,A/Guangxi/1/2008_H5N1,0.014453,0.004476,-0.037405,0.003762,Human,N1
1686_A/Guangzhou/39715/20,A/Guangzhou/39715/2014_H5N6,-0.054857,-0.003522,-0.009855,-0.018046,Human,N6
1687_A/Guizhou/1/2009_H5N,A/Guizhou/1/2009_H5N1,0.01069,0.005816,-0.035147,-0.002516,Human,N1
1688_A/Hunan/1/2008_H5N1|,A/Hunan/1/2008_H5N1,0.028686,0.00264,-0.009156,0.018592,Human,N1
1689_A/Hunan/2/2009_H5N1|,A/Hunan/2/2009_H5N1,0.00844,0.00529,-0.03716,0.003651,Human,N1
1690_A/Japanese_white-eye,A/Japanese_white-eye/Taoyuan/Q454/2012_H5N1,-0.000625,0.019109,-0.038117,-0.01105,Avian,N1
1691_A/Nanjing/1/2015_H5N,A/Nanjing/1/2015_H5N1,0.022875,0.027787,0.006331,0.000239,Human,N1
1692_A/Northern_Shoveler/,A/Northern_Shoveler/Ningxia/488-53/2015_H5N6,-0.049761,0.005693,-0.009472,-0.021548,Avian,N6
1693_A/Pavo_cristatus/Chi,A/Pavo_cristatus/China/JS02/2018_H5N6,-0.039321,-0.010355,0.008212,0.020904,Avian,N6
1694_A/Pavo_cristatus/Chi,A/Pavo_cristatus/China/K10/2018_H5N6,-0.039321,-0.010355,0.008212,0.020904,Avian,N6
1695_A/Pavo_cristatus/Jia,A/Pavo_cristatus/Jiangxi/JA1/2016_H5N6,-0.061425,-0.012403,0.018449,0.016493,Avian,N6
1696_A/Rattus_norvegicus/,A/Rattus_norvegicus/China/FS21/2021_H5N6,-0.022428,-0.018184,0.01739,0.038,Nonhuman Mammal,N6
1697_A/Shandong/1/2009_H5,A/Shandong/1/2009_H5N1,0.008025,0.006046,-0.020296,-0.001652,Human,N1
1698_A/Spatula_querquedul,A/Spatula_querquedula/chongming/H5N1/2024_H5N1,0.037253,0.040827,0.022951,0.017077,Avian,N1
1699_A/Syrrhaptes_paradox,A/Syrrhaptes_paradoxus/Guangdong/ZH283/2015_H5N6,-0.06149,-0.003385,0.008759,-0.002253,Avian,N6
1700_A/Taiwan/DV413/2006_,A/Taiwan/DV413/2006_H5N2,0.034642,0.007978,-0.010898,-0.012698,Avian,N2
1701_A/Taiwan/DV518/2006_,A/Taiwan/DV518/2006_H5N2,0.035128,0.007603,-0.012184,-0.013484,Avian,N2
1702_A/Whooper_Swan/Sanme,A/Whooper_Swan/Sanmenxia/01/2016_H5N8,0.042918,0.045396,-0.000614,-0.005385,Avian,N8
1703_A/Wild_bird/Huadong/,A/Wild_bird/Huadong/CIXI20/2020_H5N8,0.036663,0.052914,0.023582,0.004395,Avian,N8
1704_A/Wild_bird/Huadong/,A/Wild_bird/Huadong/CM120/2017_H5N1,0.024207,0.02431,0.008375,-0.004315,Avian,N1
1705_A/Wild_bird/Huadong/,A/Wild_bird/Huadong/DF10/2019_H5N6,-0.047455,-0.006359,0.008127,0.022495,Avian,N6
1706_A/Wild_bird/Huadong/,A/Wild_bird/Huadong/DT10/2019_H5N1,0.00224,0.007385,-0.024608,-0.015322,Avian,N1
1707_A/Wild_bird/Huadong/,A/Wild_bird/Huadong/GY116/2019_H5N6,-0.046425,-0.006693,0.009272,0.024553,Avian,N6
1708_A/Wild_bird/Huadong/,A/Wild_bird/Huadong/GY183/2017_H5N6,-0.037657,-0.015629,-0.007276,0.028091,Avian,N6
1709_A/Wild_bird/Huadong/,A/Wild_bird/Huadong/GY999/2017_H5N6,-0.041026,-0.016889,0.01559,0.024558,Avian,N6
1710_A/Wild_bird/Huadong/,A/Wild_bird/Huadong/JYWB4/2013_H5N1,0.004021,0.012986,-0.037748,-0.016569,Avian,N1
1711_A/Wild_bird/Huadong/,A/Wild_bird/Huadong/QP10/2016_H5N6,-0.051349,-0.004117,-0.001044,0.001974,Avian,N6
1712_A/Wild_bird/Huadong/,A/Wild_bird/Huadong/SH17/2019_H5N6,-0.045099,-0.005789,0.009454,0.023285,Avian,N6
1713_A/Wild_bird/Huadong/,A/Wild_bird/Huadong/SSW7/2017_H5N6,-0.042488,-0.017883,0.003594,0.029045,Avian,N6
1714_A/Wild_bird/Huadong/,A/Wild_bird/Huadong/SZ1111/2016_H5N6,-0.049573,-0.005889,0.004637,-0.000535,Avian,N6
1715_A/Wild_bird/Huadong/,A/Wild_bird/Huadong/YC148/2019_H5N6,-0.043119,-0.016087,0.003639,0.028465,Avian,N6
1716_A/Wild_bird/Huadong/,A/Wild_bird/Huadong/YX68/2019_H5N6,-0.044191,-0.005718,0.007568,0.024868,Avian,N6
1717_A/Xinjiang/1/2009_H5,A/Xinjiang/1/2009_H5N1,0.000517,-0.00248,-0.039503,0.007866,Human,N1
1718_A/Yangzhou/125/2022_,A/Yangzhou/125/2022_H5N6,-0.01476,0.040287,0.050586,0.005922,Human,N6
1719_A/avian/Hong_Kong/07,A/avian/Hong_Kong/0719/2007_H5N1,0.008884,-0.002427,-0.030983,-0.004498,Avian,N1
1720_A/avian/Hong_Kong/19,A/avian/Hong_Kong/1993/2007_H5N1,0.011465,0.000115,-0.030917,-0.006566,Avian,N1
1721_A/avian/Hong_Kong/23,A/avian/Hong_Kong/2372/2007_H5N1,0.010812,-0.002068,-0.031789,-0.002357,Avian,N1
1722_A/baikal_teal/Xiangh,A/baikal_teal/Xianghai/426/2011_H5N2,0.019378,-0.00296,0.039673,-0.015508,Avian,N2
1723_A/bar-headed_goose/Q,A/bar-headed_goose/Qinghai/1-HVRI/2006_H5N1,0.037036,0.01269,-0.010685,0.026455,Avian,N1
1724_A/bar-headed_goose/T,A/bar-headed_goose/Tibet/8/2006_H5N1,0.033961,0.007519,-0.013297,0.028011,Avian,N1
1725_A/black_chicken/Jian,A/black_chicken/Jiangxi/10129/2014_H5N6,-0.047015,0.010643,-0.014577,-0.039555,Avian,N6
1726_A/brown-headed_gull/,A/brown-headed_gull/Qinghai/19/2009_H5N1,0.026114,0.016255,-0.025786,0.0096,Avian,N1
1727_A/brown-headed_gull/,A/brown-headed_gull/Qinghai/9/2009_H5N1,0.02695,0.014977,-0.022767,0.007414,Avian,N1
1728_A/canvasback/Xiangha,A/canvasback/Xianghai/428/2011_H5N2,0.040157,0.011483,0.032849,-0.007375,Avian,N2
1729_A/cat/Sichuan/SC18/2,A/cat/Sichuan/SC18/2014_H5N6,-0.045114,0.017203,-0.007621,-0.039052,Nonhuman Mammal,N6
1730_A/cat/Zhejiang/C1/20,A/cat/Zhejiang/C1/2016_H5N6,-0.009129,0.011615,0.027572,0.006219,Nonhuman Mammal,N6
1731_A/cat/Zhejiang/C2/20,A/cat/Zhejiang/C2/2016_H5N6,-0.014155,0.012717,0.026654,0.01198,Nonhuman Mammal,N6
1732_A/chicken/Anhui/MZ33,A/chicken/Anhui/MZ33/2016_H5N6,-0.014889,0.005902,0.030285,0.012821,Avian,N6
1733_A/chicken/Anhui/MZ34,A/chicken/Anhui/MZ34/2016_H5N6,-0.013778,0.005709,0.034042,0.014147,Avian,N6
1734_A/chicken/Beijing/BJ,A/chicken/Beijing/BJ7/2014_H5N2,0.031356,0.006769,-0.001665,-0.00593,Avian,N2
1735_A/chicken/CH/a556/20,A/chicken/CH/a556/2015_H5N2,0.046214,-0.01434,-0.030675,0.022003,Avian,N2
1736_A/chicken/Changhua/1,A/chicken/Changhua/15010120-1/2015_H5N2,0.041827,-0.050615,0.024078,-0.015934,Avian,N2
1737_A/chicken/Changhua/1,A/chicken/Changhua/15010288/2015_H5N2,0.042192,-0.048691,0.023395,-0.015637,Avian,N2
1738_A/chicken/Changhua/1,A/chicken/Changhua/15010324-2/2015_H5N2,0.041853,-0.048277,0.022751,-0.017662,Avian,N2
1739_A/chicken/Changhua/1,A/chicken/Changhua/15010361-1/2015_H5N2,0.042331,-0.046468,0.026006,-0.015532,Avian,N2
1740_A/chicken/Changhua/1,A/chicken/Changhua/15010362-2/2015_H5N2,0.040919,-0.046284,0.024355,-0.017117,Avian,N2
1741_A/chicken/Changhua/1,A/chicken/Changhua/15010363-2/2015_H5N2,0.042359,-0.048787,0.022607,-0.015321,Avian,N2
1742_A/chicken/Changhua/1,A/chicken/Changhua/15040036-1/2015_H5N8,0.025813,-0.031652,-0.040115,0.024136,Avian,N8
1743_A/chicken/Changhua/1,A/chicken/Changhua/15040037-2/2015_H5N8,0.0252,-0.032152,-0.043847,0.032084,Avian,N8
1744_A/chicken/Changhua/1,A/chicken/Changhua/15040042/2015_H5N8,0.027118,-0.030327,-0.043931,0.029053,Avian,N8
1745_A/chicken/Changhua/1,A/chicken/Changhua/15040043-1/2015_H5N8,0.024691,-0.030412,-0.043908,0.030473,Avian,N8
1746_A/chicken/Changhua/1,A/chicken/Changhua/15050013-1/2015_H5N2,0.041805,-0.04419,0.023805,-0.01411,Avian,N2
1747_A/chicken/Changhua/1,A/chicken/Changhua/15050038-1/2015_H5N8,0.023438,-0.037015,-0.033217,0.001961,Avian,N8
1748_A/chicken/Changhua/1,A/chicken/Changhua/15060027-2/2015_H5N2,0.041061,-0.044966,0.026297,-0.014744,Avian,N2
1749_A/chicken/Changhua/1,A/chicken/Changhua/15060029/2015_H5N8,0.025623,-0.037336,-0.035389,0.001268,Avian,N8
1750_A/chicken/Changhua/1,A/chicken/Changhua/15060037-1/2015_H5N2,0.042544,-0.043704,0.023055,-0.015545,Avian,N2
1751_A/chicken/Changhua/1,A/chicken/Changhua/15120008/2015_H5N2,0.040472,-0.046901,0.019268,-0.008459,Avian,N2
1752_A/chicken/Changhua/1,A/chicken/Changhua/16010060-2/2016_H5N2,0.046432,-0.052158,0.028929,-0.014362,Avian,N2
1753_A/chicken/Changhua/1,A/chicken/Changhua/17060006/2017_H5N2,0.0457,-0.047664,0.024129,-0.014858,Avian,N2
1754_A/chicken/Changhua/1,A/chicken/Changhua/18040008-1/2018_H5N2,0.04118,-0.034598,0.024189,-0.016404,Avian,N2
1755_A/chicken/Chiayi/150,A/chicken/Chiayi/15010287-2/2015_H5N2,0.043217,-0.050424,0.024303,-0.014284,Avian,N2
1756_A/chicken/Chiayi/150,A/chicken/Chiayi/15010409-2/2015_H5N2,0.0414,-0.049573,0.025333,-0.013538,Avian,N2
1757_A/chicken/Chiayi/150,A/chicken/Chiayi/15010454-1/2015_H5N8,0.023672,-0.035687,-0.034624,0.002922,Avian,N8
1758_A/chicken/Chiayi/170,A/chicken/Chiayi/17040009-2/2017_H5N2,0.043703,-0.047535,0.024147,-0.015112,Avian,N2
1759_A/chicken/Chiayi/181,A/chicken/Chiayi/18120003-1/2018_H5N2,0.049849,0.004098,0.012648,-0.017764,Avian,N2
1760_A/chicken/China/007/,A/chicken/China/007/2019_H5N6,-0.052485,-0.00816,-0.007936,0.021841,Avian,N6
1761_A/chicken/China/1101,A/chicken/China/1101/2019_H5N6,-0.045259,0.002002,0.013697,0.024211,Avian,N6
1762_A/chicken/China/Cang,A/chicken/China/Cangzhou03/2023_H5N1,0.030557,0.043065,0.025625,0.016408,Avian,N1
1763_A/chicken/China/E93/,A/chicken/China/E93/2012_H5N1,0.033336,-0.000316,-0.035399,0.01032,Avian,N1
1764_A/chicken/China/E96/,A/chicken/China/E96/2012_H5N1,0.032805,-0.002725,-0.032321,0.012317,Avian,N1
1765_A/chicken/Chiping/03,A/chicken/Chiping/0321/2014_H5N2,0.040317,0.001605,-0.002141,-0.003964,Avian,N2
1766_A/chicken/Dongguan/2,A/chicken/Dongguan/2690/2013_H5N6,-0.055193,-0.000038,-0.009789,-0.019832,Avian,N6
1767_A/chicken/Dongguan/3,A/chicken/Dongguan/3363/2013_H5N6,-0.057933,-0.00293,-0.009104,-0.020577,Avian,N6
1768_A/chicken/Dongguan/4,A/chicken/Dongguan/4259/2013_H5N6,-0.055388,0.001193,-0.01078,-0.019808,Avian,N6
1769_A/chicken/Eastern_Ch,A/chicken/Eastern_China/HF9/2018_H5N2,0.031946,0.004054,-0.000575,0.006918,Avian,N2
1770_A/chicken/Eastern_Ch,A/chicken/Eastern_China/QY5/2018_H5N2,0.033226,0.00104,-0.000093,0.006126,Avian,N2
1771_A/chicken/Eastern_Ch,A/chicken/Eastern_China/ZG16/2010_H5N1,0.019377,0.004496,-0.023705,0.0087,Avian,N1
1772_A/chicken/Eastern_Ch,A/chicken/Eastern_China/ZG56/2011_H5N1,0.011957,0.001098,-0.034863,0.01223,Avian,N1
1773_A/chicken/Fujian/1/2,A/chicken/Fujian/1/2007_H5N1,0.006917,-0.002293,-0.035443,0.014723,Avian,N1
1774_A/chicken/Fujian/11.,A/chicken/Fujian/11.23_FZHX0007-O/2017_H5N6,-0.042149,-0.001762,0.018649,0.029722,Avian,N6
1775_A/chicken/GY/a451/20,A/chicken/GY/a451/2015_H5N2,0.044423,-0.014968,-0.027283,0.027495,Avian,N2
1776_A/chicken/Gansu/5/20,A/chicken/Gansu/5/2012_H5N1,0.034605,-0.005086,-0.039851,0.008709,Avian,N1
1777_A/chicken/Gansu/6/20,A/chicken/Gansu/6/2012_H5N1,0.035268,0.004919,-0.037794,0.004986,Avian,N1
1778_A/chicken/Ganzhou/GZ,A/chicken/Ganzhou/GZ27/2015_H5N6,-0.042649,-0.003383,0.011663,-0.001313,Avian,N6
1779_A/chicken/Guangdong/,A/chicken/Guangdong/1/2005_H5N1,0.039374,0.007451,-0.024236,0.027394,Avian,N1
1780_A/chicken/Guangdong/,A/chicken/Guangdong/GD1602/2016_H5N6,-0.005965,0.005841,0.030718,-0.001859,Avian,N6
1781_A/chicken/Guangxi/16,A/chicken/Guangxi/16/2019_H5N6,-0.014846,-0.003881,-0.006436,0.031025,Avian,N6
1782_A/chicken/Guangxi/S2,A/chicken/Guangxi/S2039/2009_H5N1,0.001665,0.02782,-0.036269,0.002922,Avian,N1
1783_A/chicken/Guizhou/7/,A/chicken/Guizhou/7/2008_H5N1,0.029467,-0.015912,-0.017559,0.001936,Avian,N1
1784_A/chicken/Hebei/1102,A/chicken/Hebei/1102-MA/2010_H5N2,0.022902,0.008232,0.015465,0.004602,Avian,N2
1785_A/chicken/Hebei/1102,A/chicken/Hebei/1102/2010_H5N2,0.022553,0.007998,0.014651,0.005055,Avian,N2
1786_A/chicken/Hebei/3/20,A/chicken/Hebei/3/2013_H5N2,0.039892,0.010292,-0.010658,-0.003089,Avian,N2
1787_A/chicken/Hebei/A-8/,A/chicken/Hebei/A-8/2009_H5N1,0.037229,0.000281,-0.012313,-0.002892,Avian,N1
1788_A/chicken/Heilongjia,A/chicken/Heilongjiang/S7/2014_H5N2,-0.004708,-0.005925,-0.027236,-0.023686,Avian,N2
1789_A/chicken/Henan/A-7/,A/chicken/Henan/A-7/2006_H5N1,0.025493,0.002692,-0.015751,0.012601,Avian,N1
1790_A/chicken/Henan/Q7/2,A/chicken/Henan/Q7/2013_H5N2,0.043142,0.011519,0.00171,-0.010809,Avian,N2
1791_A/chicken/Henan/YB05,A/chicken/Henan/YB0597/2016_H5N6,-0.01434,0.008984,0.035442,0.012668,Avian,N6
1792_A/chicken/Hsinchu/16,A/chicken/Hsinchu/16080004-2/2016_H5N2,0.042578,-0.044766,0.028277,-0.016138,Avian,N2
1793_A/chicken/Huadong/4/,A/chicken/Huadong/4/2008_H5N1,0.03341,-0.003326,-0.026859,0.006065,Avian,N1
1794_A/chicken/Hubei/2856,A/chicken/Hubei/2856/2007_H5N1,0.016877,0.00993,-0.013372,-0.016695,Avian,N1
1795_A/chicken/Hubei/ZYSJ,A/chicken/Hubei/ZYSJF11/2016_H5N6,-0.013934,0.005254,0.034886,0.013387,Avian,N6
1796_A/chicken/Hubei/ZYSJ,A/chicken/Hubei/ZYSJF16/2016_H5N6,-0.013484,0.006274,0.034084,0.015119,Avian,N6
1797_A/chicken/Hubei/ZYSJ,A/chicken/Hubei/ZYSJF38/2016_H5N6,-0.01474,0.00559,0.033774,0.013926,Avian,N6
1798_A/chicken/Hunan/02.0,A/chicken/Hunan/02.06_YYGK37J3-OC/2018_H5N6,-0.053468,-0.011412,0.015466,0.027598,Avian,N6
1799_A/chicken/Hunan/03.0,A/chicken/Hunan/03.07_YYGK74L3-OC/2018_H5N6,-0.042145,-0.009591,0.017359,0.029234,Avian,N6
1800_A/chicken/Hunan/12.2,A/chicken/Hunan/12.27_YYGK55J2-O/2016_H5N6,-0.039603,-0.02644,-0.001837,0.035161,Avian,N6
1801_A/chicken/Hunan/12.2,A/chicken/Hunan/12.27_YYGKK148-OC/2016_H5N6,-0.036998,-0.023856,0.005627,0.026134,Avian,N6
1802_A/chicken/Hunan/1793,A/chicken/Hunan/1793/2007_H5N1,0.033982,0.007209,-0.001156,0.013549,Avian,N1
1803_A/chicken/Hunan/21/2,A/chicken/Hunan/21/2005_H5N1,0.017567,-0.00859,-0.023193,0.014948,Avian,N1
1804_A/chicken/Hunan/3/20,A/chicken/Hunan/3/2007_H5N1,0.017477,0.007189,-0.045845,0.008089,Avian,N1
1805_A/chicken/Hunan/3157,A/chicken/Hunan/3157/2006_H5N1,0.015769,0.006193,-0.015653,-0.021555,Avian,N1
1806_A/chicken/Hunan/8/20,A/chicken/Hunan/8/2008_H5N1,0.021072,0.011576,-0.034618,0.021391,Avian,N1
1807_A/chicken/Jiangsu/10,A/chicken/Jiangsu/1001/2013_H5N2,0.040361,-0.002152,0.002052,0.002552,Avian,N2
1808_A/chicken/Jiangsu/18,A/chicken/Jiangsu/18/2008_H5N1,0.037277,0.001699,-0.029785,0.004441,Avian,N1
1809_A/chicken/Jiangsu/24,A/chicken/Jiangsu/2477/2014_H5N1,0.007193,0.005214,-0.011666,-0.015681,Avian,N1
1810_A/chicken/Jiangsu/92,A/chicken/Jiangsu/927/2013_H5N1,0.012792,0.007436,-0.02855,-0.0075,Avian,N1
1811_A/chicken/Jiangsu/XZ,A/chicken/Jiangsu/XZ216/2014_H5N2,0.038462,0.004598,0.002957,-0.015263,Avian,N2
1812_A/chicken/Jiangsu/YB,A/chicken/Jiangsu/YB7/2015_H5N1,0.023294,0.025316,0.008095,-0.006033,Avian,N1
1813_A/chicken/Jiangsu/k0,A/chicken/Jiangsu/k0402/2010_H5N1,0.025635,0.021021,-0.019402,0.006507,Avian,N1
1814_A/chicken/Jiangxi/25,A/chicken/Jiangxi/25/2011_H5N1,-0.00462,0.026933,-0.054701,0.004797,Avian,N1
1815_A/chicken/Jiangxi/NC,A/chicken/Jiangxi/NCDZT1123/2014_H5N6,-0.056673,-0.009827,-0.014329,-0.023598,Avian,N6
1816_A/chicken/Jiangxi/NC,A/chicken/Jiangxi/NCDZT1126/2014_H5N6,-0.061679,-0.001908,-0.011421,-0.018763,Avian,N6
1817_A/chicken/Jiangyin/J,A/chicken/Jiangyin/JY090718/2019_H5N6,-0.044073,-0.002191,0.000667,0.033255,Avian,N6
1818_A/chicken/Kaohsiung/,A/chicken/Kaohsiung/16010047/2016_H5N8,0.039852,-0.019206,-0.01238,-0.012939,Avian,N8
1819_A/chicken/Kaohsiung/,A/chicken/Kaohsiung/16020017-2/2016_H5N8,0.0374,-0.020726,-0.008005,-0.011559,Avian,N8
1820_A/chicken/Kaohsiung/,A/chicken/Kaohsiung/16040021-1/2016_H5N8,0.034927,-0.023508,-0.004161,-0.012218,Avian,N8
1821_A/chicken/Kaohsiung/,A/chicken/Kaohsiung/16070003/2016_H5N8,0.034275,-0.021939,-0.006432,-0.013857,Avian,N8
1822_A/chicken/Kaohsiung/,A/chicken/Kaohsiung/16120012/2016_H5N8,0.03931,-0.017892,-0.014089,-0.010381,Avian,N8
1823_A/chicken/Kaohsiung/,A/chicken/Kaohsiung/16MB0889/2016_H5N8,0.034927,-0.023508,-0.004161,-0.012218,Avian,N8
1824_A/chicken/Kaohsiung/,A/chicken/Kaohsiung/17030023/2017_H5N8,0.034193,-0.017065,-0.013376,-0.011057,Avian,N8
1825_A/chicken/Kaohsiung/,A/chicken/Kaohsiung/17040007/2017_H5N2,0.045136,-0.04991,0.025249,-0.016989,Avian,N2
1826_A/chicken/Kaohsiung/,A/chicken/Kaohsiung/17100002/2017_H5N2,0.041422,-0.044265,0.026426,-0.016475,Avian,N2
1827_A/chicken/Kaohsiung/,A/chicken/Kaohsiung/18080004-1/2018_H5N2,0.044645,-0.047506,0.014458,-0.013599,Avian,N2
1828_A/chicken/Kaohsiung/,A/chicken/Kaohsiung/18080004-2/2018_H5N2,0.042202,-0.046488,0.013034,-0.015309,Avian,N2
1829_A/chicken/Liaoning/2,A/chicken/Liaoning/23/2005_H5N1,0.03307,0.01044,-0.021513,0.028091,Avian,N1
1830_A/chicken/Liaoning/A,A/chicken/Liaoning/A-1/2007_H5N1,0.032158,0.012236,-0.022371,0.006063,Avian,N1
1831_A/chicken/Liaoning/S,A/chicken/Liaoning/S4092/2011_H5N1,0.031391,-0.002912,-0.038554,0.012219,Avian,N1
1832_A/chicken/Miaoli/150,A/chicken/Miaoli/15010421-1/2015_H5N8,0.028232,-0.032212,-0.039357,0.030767,Avian,N8
1833_A/chicken/Nantou/161,A/chicken/Nantou/16110023-1/2016_H5N8,0.030791,-0.02588,-0.005456,-0.015203,Avian,N8
1834_A/chicken/New_Taipei,A/chicken/New_Taipei_City/16110019-1/2016_H5N8,0.034338,-0.016806,-0.010038,-0.013441,Avian,N8
1835_A/chicken/New_Taipei,A/chicken/New_Taipei_City/16110020-2/2016_H5N8,0.036355,-0.019401,-0.01011,-0.012809,Avian,N8
1836_A/chicken/New_Taipei,A/chicken/New_Taipei_City/17040002-2/2017_H5N2,0.039717,-0.052404,0.021738,-0.022008,Avian,N2
1837_A/chicken/New_Taipei,A/chicken/New_Taipei_City/17050004-2/2017_H5N8,0.038576,-0.024824,-0.008071,-0.015361,Avian,N8
1838_A/chicken/New_Taipei,A/chicken/New_Taipei_City/17090001/2017_H5N8,0.037953,-0.025034,-0.008014,-0.009457,Avian,N8
1839_A/chicken/New_Taipei,A/chicken/New_Taipei_City/17090002/2017_H5N8,0.03783,-0.026249,-0.011158,-0.009086,Avian,N8
1840_A/chicken/New_Taipei,A/chicken/New_Taipei_City/17090003/2017_H5N8,0.038526,-0.023859,-0.009517,-0.009174,Avian,N8
1841_A/chicken/New_Taipei,A/chicken/New_Taipei_City/18010021-3/2018_H5N2,0.049819,-0.042404,0.016413,-0.021219,Avian,N2
1842_A/chicken/Ningxia/2/,A/chicken/Ningxia/2/2012_H5N1,0.030327,-0.006578,-0.040502,0.003102,Avian,N1
1843_A/chicken/Ningxia/22,A/chicken/Ningxia/222/2012_H5N1,0.031059,-0.00679,-0.039623,0.002947,Avian,N1
1844_A/chicken/Ningxia/24,A/chicken/Ningxia/24/2006_H5N1,0.030023,0.001415,-0.024865,0.019205,Avian,N1
1845_A/chicken/North_Chin,A/chicken/North_China/k0604/2010_H5N1,0.012206,0.004355,-0.029981,0.021203,Avian,N1
1846_A/chicken/PH/A2821/2,A/chicken/PH/A2821/2013_H5N2,0.030429,-0.021295,-0.027243,0.035808,Avian,N2
1847_A/chicken/PT/a158/20,A/chicken/PT/a158/2015_H5N2,0.049068,-0.014121,-0.028063,0.022617,Avian,N2
1848_A/chicken/Pingtung/1,A/chicken/Pingtung/15050006-1/2015_H5N2,0.043409,-0.046946,0.023248,-0.012521,Avian,N2
1849_A/chicken/Pingtung/1,A/chicken/Pingtung/16020009-3/2016_H5N2,0.044911,-0.036273,0.019163,-0.022795,Avian,N2
1850_A/chicken/Pingtung/1,A/chicken/Pingtung/18010017-1/2018_H5N2,0.046282,-0.055451,0.019919,-0.015134,Avian,N2
1851_A/chicken/Pingtung/1,A/chicken/Pingtung/18020015-1/2018_H5N2,0.048601,-0.041067,0.018976,-0.028937,Avian,N2
1852_A/chicken/Qingdao/1/,A/chicken/Qingdao/1/2014_H5N2,0.043317,0.004455,-0.005795,-0.007713,Avian,N2
1853_A/chicken/SC/a688/20,A/chicken/SC/a688/2015_H5N2,0.050898,-0.020249,-0.034825,0.030699,Avian,N2
1854_A/chicken/Shandong/A,A/chicken/Shandong/A-10/2006_H5N1,0.036401,0.002251,-0.022261,0.013845,Avian,N1
1855_A/chicken/Shandong/S,A/chicken/Shandong/S3/2014_H5N2,0.043108,0.004084,-0.003158,-0.007435,Avian,N2
1856_A/chicken/Shantou/37,A/chicken/Shantou/3744/2003_H5N1,0.02745,-0.004777,-0.023691,0.007474,Avian,N1
1857_A/chicken/Shanxi/04.,A/chicken/Shanxi/04.28_TGRL001-O/2018_H5N6,-0.029164,-0.028149,-0.000992,0.034344,Avian,N6
1858_A/chicken/Shanxi/10/,A/chicken/Shanxi/10/2006_H5N1,0.037564,0.000491,-0.018113,0.008254,Avian,N1
1859_A/chicken/Shanxi/12.,A/chicken/Shanxi/12.01_TGYL014-C/2016_H5N6,-0.035653,-0.009307,0.002477,0.023769,Avian,N6
1860_A/chicken/Sheny/0606,A/chicken/Sheny/0606/2008_H5N1,0.030231,0.015792,-0.030684,0.011772,Avian,N1
1861_A/chicken/Shenzhen/1,A/chicken/Shenzhen/1061/2013_H5N6,-0.052288,0.00001,-0.011418,-0.016283,Avian,N6
1862_A/chicken/Shenzhen/1,A/chicken/Shenzhen/1845/2013_H5N6,-0.045012,0.012495,-0.014448,-0.039187,Avian,N6
1863_A/chicken/Shenzhen/2,A/chicken/Shenzhen/2269/2013_H5N6,-0.051028,0.000211,-0.011353,-0.02369,Avian,N6
1864_A/chicken/Shenzhen/2,A/chicken/Shenzhen/2396/2013_H5N6,-0.057477,0.000089,-0.009596,-0.02317,Avian,N6
1865_A/chicken/Shenzhen/2,A/chicken/Shenzhen/2464/2013_H5N6,-0.056733,0.000485,-0.010519,-0.021638,Avian,N6
1866_A/chicken/Shenzhen/4,A/chicken/Shenzhen/433/2013_H5N6,-0.05717,-0.000476,-0.012141,-0.018098,Avian,N6
1867_A/chicken/Shenzhen/5,A/chicken/Shenzhen/552/2013_H5N6,-0.056766,0.000593,-0.008673,-0.023233,Avian,N6
1868_A/chicken/Shenzhen/7,A/chicken/Shenzhen/715/2013_H5N6,-0.05717,-0.000476,-0.012141,-0.018098,Avian,N6
1869_A/chicken/Shijiazhua,A/chicken/Shijiazhuang/1209/2013_H5N2,0.030464,0.007115,-0.000689,-0.004617,Avian,N2
1870_A/chicken/Sichuan/81,A/chicken/Sichuan/81/2005_H5N1,0.017461,-0.005242,-0.027428,0.01027,Avian,N1
1871_A/chicken/Sichuan/NC,A/chicken/Sichuan/NCJPL1/2014_H5N6,-0.049467,0.015344,-0.008264,-0.043849,Avian,N6
1872_A/chicken/Sichuan/k1,A/chicken/Sichuan/k141/2017_H5N6,-0.049705,-0.00965,0.018249,0.026646,Avian,N6
1873_A/chicken/TC/a504/20,A/chicken/TC/a504/2015_H5N2,0.047748,-0.01625,-0.02718,0.025891,Avian,N2
1874_A/chicken/TY/a665/20,A/chicken/TY/a665/2015_H5N2,0.049029,-0.01481,-0.024395,0.024618,Avian,N2
1875_A/chicken/Taichung/1,A/chicken/Taichung/15010399/2015_H5N2,0.041326,-0.048114,0.023831,-0.014721,Avian,N2
1876_A/chicken/Taichung/1,A/chicken/Taichung/16040032-3/2016_H5N2,0.039302,-0.045188,0.019902,-0.008583,Avian,N2
1877_A/chicken/Taichung/1,A/chicken/Taichung/16050044-2/2016_H5N2,0.040523,-0.039519,0.018483,-0.013342,Avian,N2
1878_A/chicken/Taichung/1,A/chicken/Taichung/16110017-3/2016_H5N8,0.008017,-0.025833,-0.019259,0.003985,Avian,N8
1879_A/chicken/Tainan/150,A/chicken/Tainan/15020214/2015_H5N8,0.044716,-0.018573,-0.009635,-0.017774,Avian,N8
1880_A/chicken/Tainan/160,A/chicken/Tainan/16040035-1/2016_H5N2,0.037701,-0.041231,0.016892,-0.017631,Avian,N2
1881_A/chicken/Tainan/170,A/chicken/Tainan/17030058-1/2017_H5N8,0.041543,-0.016503,-0.007118,-0.014054,Avian,N8
1882_A/chicken/Taipei_Cit,A/chicken/Taipei_City/17090004/2017_H5N8,0.036592,-0.026891,-0.008536,-0.010704,Avian,N8
1883_A/chicken/Taipei_Cit,A/chicken/Taipei_City/18010007-3/2018_H5N2,0.043435,-0.048394,0.016447,-0.015419,Avian,N2
1884_A/chicken/Taipei_Cit,A/chicken/Taipei_City/18010008-3/2018_H5N2,0.041647,-0.048929,0.021279,-0.019303,Avian,N2
1885_A/chicken/Taipei/160,A/chicken/Taipei/16060022-4/2016_H5N8,0.037472,-0.021223,-0.005723,-0.011848,Avian,N8
1886_A/chicken/Taipei/160,A/chicken/Taipei/16060023-1/2016_H5N8,0.036912,-0.02079,-0.006059,-0.012394,Avian,N8
1887_A/chicken/Taipei/161,A/chicken/Taipei/16120021/2016_H5N8,0.041006,-0.013702,-0.01375,-0.014413,Avian,N8
1888_A/chicken/Taipei/170,A/chicken/Taipei/17050005-1/2017_H5N8,0.038355,-0.024188,-0.002917,-0.016666,Avian,N8
1889_A/chicken/Taipei/170,A/chicken/Taipei/17050008-3/2017_H5N8,0.038533,-0.024794,-0.006167,-0.014343,Avian,N8
1890_A/chicken/Taipei/170,A/chicken/Taipei/17050009-3/2017_H5N8,0.041057,-0.025161,-0.001994,-0.012741,Avian,N8
1891_A/chicken/Taishun/TS,A/chicken/Taishun/TS2/2016_H5N6,-0.026402,-0.003063,0.007849,0.019966,Avian,N6
1892_A/chicken/Taishun/TS,A/chicken/Taishun/TS90/2016_H5N6,-0.017249,0.004749,0.027153,0.017639,Avian,N6
1893_A/chicken/Taiwan/010,A/chicken/Taiwan/0101/2012_H5N2,0.044026,-0.012869,-0.018238,0.012708,Avian,N2
1894_A/chicken/Taiwan/011,A/chicken/Taiwan/01174/2015_H5N3,0.018154,-0.010767,-0.008118,-0.021128,Avian,Others
1895_A/chicken/Taiwan/050,A/chicken/Taiwan/0502/2012_H5N2,0.032928,-0.017222,-0.024501,0.040056,Avian,N2
1896_A/chicken/Taiwan/168,A/chicken/Taiwan/1682/2013_H5N2,0.044318,-0.001599,-0.024146,0.014158,Avian,N2
1897_A/chicken/Taiwan/169,A/chicken/Taiwan/1692/2013_H5N2,0.041894,-0.002158,-0.023493,0.015238,Avian,N2
1898_A/chicken/Taiwan/170,A/chicken/Taiwan/1704/2013_H5N2,0.042774,-0.002857,-0.025607,0.01471,Avian,N2
1899_A/chicken/Taiwan/171,A/chicken/Taiwan/1711/2013_H5N2,0.041973,-0.00207,-0.026009,0.015505,Avian,N2
1900_A/chicken/Taiwan/259,A/chicken/Taiwan/2593/2012_H5N2,0.037441,-0.007709,-0.023973,0.02209,Avian,N2
1901_A/chicken/Taiwan/294,A/chicken/Taiwan/2948/2013_H5N2,0.038603,-0.010434,-0.027388,0.021609,Avian,N2
1902_A/chicken/Taiwan/444,A/chicken/Taiwan/4443/2013_H5N2,0.031484,-0.007275,-0.030284,0.035069,Avian,N2
1903_A/chicken/Taiwan/683,A/chicken/Taiwan/683/2012_H5N2,0.03439,-0.014392,-0.018401,0.028749,Avian,N2
1904_A/chicken/Taiwan/735,A/chicken/Taiwan/7350/2013_H5N2,0.029566,-0.008628,-0.031775,0.029215,Avian,N2
1905_A/chicken/Taiwan/898,A/chicken/Taiwan/8988/2013_H5N2,0.037625,-0.003115,-0.023758,0.025163,Avian,N2
1906_A/chicken/Taiwan/899,A/chicken/Taiwan/8994/2013_H5N2,0.03881,-0.000259,-0.0234,0.023057,Avian,N2
1907_A/chicken/Taiwan/899,A/chicken/Taiwan/8996/2013_H5N2,0.038768,-0.001208,-0.023884,0.024878,Avian,N2
1908_A/chicken/Taiwan/A1/,A/chicken/Taiwan/A1/2019_H5N2,0.034446,-0.036057,-0.048381,0.025472,Avian,N2
1909_A/chicken/Taiwan/A19,A/chicken/Taiwan/A1997/2012_H5N2,0.03509,-0.006687,-0.025924,0.038854,Avian,N2
1910_A/chicken/Taiwan/D2/,A/chicken/Taiwan/D2/2019_H5N2,0.030467,-0.042695,0.013384,-0.012256,Avian,N2
1911_A/chicken/Taiwan/D9/,A/chicken/Taiwan/D9/2019_H5N2,0.031216,-0.044037,0.013059,-0.012763,Avian,N2
1912_A/chicken/Tibet/LZ01,A/chicken/Tibet/LZ01/2010_H5N2,0.022036,0.010035,-0.014218,0.005604,Avian,N2
1913_A/chicken/Wuhan/HAQL,A/chicken/Wuhan/HAQL07/2014_H5N1,0.024982,0.027272,0.007378,-0.004325,Avian,N1
1914_A/chicken/Wuhan/HAQL,A/chicken/Wuhan/HAQL16/2014_H5N1,0.025459,0.024995,0.007302,-0.005698,Avian,N1
1915_A/chicken/Wuhan/WHJF,A/chicken/Wuhan/WHJF/2014_H5N2,0.032427,0.002197,0.010672,-0.009954,Avian,N2
1916_A/chicken/Wuhan/WHYJ,A/chicken/Wuhan/WHYJ01/2015_H5N6,-0.049984,0.006991,-0.01343,-0.025044,Avian,N6
1917_A/chicken/Wuxi/WX-32,A/chicken/Wuxi/WX-32/2013_H5N1,0.011564,0.009122,-0.020182,-0.003634,Avian,N1
1918_A/chicken/Wuxi/WX-33,A/chicken/Wuxi/WX-33/2013_H5N1,0.010193,0.013095,-0.026441,-0.004358,Avian,N1
1919_A/chicken/Xinjiang/1,A/chicken/Xinjiang/17/2005_H5N1,0.036246,0.003341,-0.02224,0.005104,Avian,N1
1920_A/chicken/Xinjiang/2,A/chicken/Xinjiang/27/2006_H5N1,0.033955,-0.002607,-0.02496,0.014643,Avian,N1
1921_A/chicken/Xinjiang/5,A/chicken/Xinjiang/53/2005_H5N1,0.033444,-0.005531,-0.02363,0.008303,Avian,N1
1922_A/chicken/Xinjiang/5,A/chicken/Xinjiang/54/2005_H5N1,0.031835,-0.00033,-0.025356,0.004409,Avian,N1
1923_A/chicken/Xinjiang/6,A/chicken/Xinjiang/67/2005_H5N1,0.038196,-0.000373,-0.024016,0.007822,Avian,N1
1924_A/chicken/Xinjiang/6,A/chicken/Xinjiang/68/2005_H5N1,0.026825,-0.005339,-0.02446,0.012109,Avian,N1
1925_A/chicken/Xuzhou/XZ6,A/chicken/Xuzhou/XZ6/2016_H5N6,-0.052826,-0.003454,-0.005329,-0.017382,Avian,N6
1926_A/chicken/YL/A3190/2,A/chicken/YL/A3190/2014_H5N2,0.037768,-0.026622,-0.004731,0.025937,Avian,N2
1927_A/chicken/Yangzhou/Y,A/chicken/Yangzhou/YD1/2014_H5N6,-0.043543,-0.000029,-0.013987,-0.034875,Avian,N6
1928_A/chicken/Yuhang/1/2,A/chicken/Yuhang/1/2013_H5N9,0.004285,0.013085,0.027497,-0.016347,Avian,Others
1929_A/chicken/Yuhang/2/2,A/chicken/Yuhang/2/2013_H5N9,0.011369,0.004329,0.024413,-0.011532,Avian,Others
1930_A/chicken/Yunlin/150,A/chicken/Yunlin/15020048-1/2015_H5N2,0.039167,-0.047333,0.025574,-0.016475,Avian,N2
1931_A/chicken/Yunlin/150,A/chicken/Yunlin/15040002-2/2015_H5N2,0.043335,-0.048547,0.024008,-0.011239,Avian,N2
1932_A/chicken/Yunlin/150,A/chicken/Yunlin/15040027/2015_H5N2,0.042989,-0.049819,0.022892,-0.01422,Avian,N2
1933_A/chicken/Yunlin/150,A/chicken/Yunlin/15050012/2015_H5N8,0.026538,-0.03143,-0.041578,0.023629,Avian,N8
1934_A/chicken/Yunlin/150,A/chicken/Yunlin/15050037-2/2015_H5N2,0.044566,-0.051316,0.022113,-0.01079,Avian,N2
1935_A/chicken/Yunlin/150,A/chicken/Yunlin/15050039-2/2015_H5N2,0.042023,-0.048178,0.025708,-0.009741,Avian,N2
1936_A/chicken/Yunlin/150,A/chicken/Yunlin/15060014-1/2015_H5N2,0.044464,-0.047503,0.021266,-0.010868,Avian,N2
1937_A/chicken/Yunlin/150,A/chicken/Yunlin/15080024/2015_H5N2,0.039085,-0.047564,0.017123,-0.012524,Avian,N2
1938_A/chicken/Yunlin/160,A/chicken/Yunlin/16010001-1/2016_H5N2,0.046653,-0.044851,0.022437,-0.018444,Avian,N2
1939_A/chicken/Yunlin/160,A/chicken/Yunlin/16010008-1/2016_H5N2,0.040187,-0.04101,0.022206,-0.020724,Avian,N2
1940_A/chicken/Yunlin/160,A/chicken/Yunlin/16020038/2016_H5N8,0.023808,-0.030736,-0.038985,0.002148,Avian,N8
1941_A/chicken/Yunlin/160,A/chicken/Yunlin/16050053/2016_H5N2,0.040942,-0.045511,0.022517,-0.009845,Avian,N2
1942_A/chicken/Yunlin/170,A/chicken/Yunlin/17010001/2017_H5N8,0.019608,-0.032638,-0.025519,0.001884,Avian,N8
1943_A/chicken/Yunlin/170,A/chicken/Yunlin/17010014/2017_H5N2,0.048783,-0.051593,0.027723,-0.018427,Avian,N2
1944_A/chicken/Yunlin/170,A/chicken/Yunlin/17020094-1/2017_H5N2,0.043441,-0.051765,0.023957,-0.017898,Avian,N2
1945_A/chicken/Yunlin/170,A/chicken/Yunlin/17020095-2/2017_H5N2,0.046597,-0.045958,0.027687,-0.014934,Avian,N2
1946_A/chicken/Yunlin/170,A/chicken/Yunlin/17030001-1/2017_H5N2,0.042342,-0.051406,0.023589,-0.016705,Avian,N2
1947_A/chicken/Yunlin/170,A/chicken/Yunlin/17030007-1/2017_H5N2,0.044777,-0.045557,0.029968,-0.022438,Avian,N2
1948_A/chicken/Yunlin/170,A/chicken/Yunlin/17030010-1/2017_H5N2,0.043352,-0.052866,0.026196,-0.019553,Avian,N2
1949_A/chicken/Yunlin/170,A/chicken/Yunlin/17030014-1/2017_H5N2,0.037814,-0.051283,0.026015,-0.017834,Avian,N2
1950_A/chicken/Yunlin/170,A/chicken/Yunlin/17030020-2/2017_H5N2,0.04191,-0.052705,0.023663,-0.017718,Avian,N2
1951_A/chicken/Yunlin/170,A/chicken/Yunlin/17030021-1/2017_H5N2,0.03964,-0.050537,0.028081,-0.01666,Avian,N2
1952_A/chicken/Yunlin/170,A/chicken/Yunlin/17030032-2/2017_H5N2,0.051338,-0.051762,0.028291,-0.017946,Avian,N2
1953_A/chicken/Yunlin/170,A/chicken/Yunlin/17030065-2/2017_H5N2,0.046433,-0.051501,0.022133,-0.016974,Avian,N2
1954_A/chicken/Yunlin/170,A/chicken/Yunlin/17040003-1/2017_H5N2,0.045992,-0.048227,0.024982,-0.019262,Avian,N2
1955_A/chicken/Yunlin/170,A/chicken/Yunlin/17040004-2/2017_H5N2,0.041485,-0.052171,0.023334,-0.018429,Avian,N2
1956_A/chicken/Yunlin/170,A/chicken/Yunlin/17040011-1/2017_H5N2,0.044664,-0.058443,0.021234,-0.013402,Avian,N2
1957_A/chicken/Yunlin/170,A/chicken/Yunlin/17060019/2017_H5N2,0.044231,-0.046354,0.024392,-0.017535,Avian,N2
1958_A/chicken/Yunlin/170,A/chicken/Yunlin/17070010/2017_H5N2,0.043533,-0.050655,0.022471,-0.015186,Avian,N2
1959_A/chicken/Yunlin/180,A/chicken/Yunlin/18010001-2/2018_H5N2,0.044158,-0.046704,0.022396,-0.016346,Avian,N2
1960_A/chicken/Yunlin/180,A/chicken/Yunlin/18010023-1/2018_H5N2,0.046378,-0.042225,0.027079,-0.01055,Avian,N2
1961_A/chicken/Yunlin/180,A/chicken/Yunlin/18020003-2/2018_H5N2,0.045801,-0.046393,0.027552,-0.014836,Avian,N2
1962_A/chicken/Yunlin/180,A/chicken/Yunlin/18020004-1/2018_H5N2,0.045742,-0.046302,0.027059,-0.013399,Avian,N2
1963_A/chicken/Yunlin/180,A/chicken/Yunlin/18020005-2/2018_H5N2,0.045122,-0.046882,0.029354,-0.013487,Avian,N2
1964_A/chicken/Yunlin/180,A/chicken/Yunlin/18020008-2/2018_H5N2,0.045627,-0.042801,0.025882,-0.011827,Avian,N2
1965_A/chicken/Yunlin/180,A/chicken/Yunlin/18030002-1/2018_H5N2,0.046576,-0.045799,0.026223,-0.012227,Avian,N2
1966_A/chicken/Yunlin/180,A/chicken/Yunlin/18050013-1/2018_H5N2,0.045839,-0.044237,0.021326,-0.014479,Avian,N2
1967_A/chicken/Yunlin/180,A/chicken/Yunlin/18060001-2/2018_H5N2,0.044727,-0.044152,0.021543,-0.014231,Avian,N2
1968_A/chicken/Yunlin/180,A/chicken/Yunlin/18080006-1/2018_H5N2,0.041017,-0.057855,0.009808,-0.008075,Avian,N2
1969_A/chicken/Yunnan/1/2,A/chicken/Yunnan/1/2014_H5N1,-0.027782,0.014652,-0.04704,-0.013716,Avian,N1
1970_A/chicken/Yunnan/207,A/chicken/Yunnan/207/2004_H5N1,0.028507,0.014543,-0.024785,0.022117,Avian,N1
1971_A/chicken/Yunnan/568,A/chicken/Yunnan/5686/2003_H5N1,0.031743,0.012036,-0.023858,0.024892,Avian,N1
1972_A/chicken/Yunnan/679,A/chicken/Yunnan/6797/2003_H5N1,0.028714,0.013401,-0.023665,0.024962,Avian,N1
1973_A/chicken/Yunnan/688,A/chicken/Yunnan/6885/2003_H5N1,0.027961,0.013862,-0.022692,0.021398,Avian,N1
1974_A/chicken/Zhejiang/1,A/chicken/Zhejiang/102637/2016_H5N6,-0.029008,0.000874,-0.007439,0.028886,Avian,N6
1975_A/chicken/Zhejiang/1,A/chicken/Zhejiang/13160/2016_H5N6,-0.014291,0.004655,0.03167,0.018405,Avian,N6
1976_A/chicken/Zhejiang/1,A/chicken/Zhejiang/194/2016_H5N2,0.00029,-0.001561,-0.008853,0.015614,Avian,N2
1977_A/chicken/Zhejiang/2,A/chicken/Zhejiang/209/2016_H5N2,0.03557,-0.036632,-0.028896,0.041396,Avian,N2
1978_A/chicken/Zhejiang/2,A/chicken/Zhejiang/217/2016_H5N2,0.010493,-0.008115,-0.015077,0.012349,Avian,N2
1979_A/chicken/Zhejiang/2,A/chicken/Zhejiang/232/2016_H5N2,0.03253,-0.040456,-0.024769,0.047143,Avian,N2
1980_A/chicken/Zhejiang/5,A/chicken/Zhejiang/514135/2015_H5N2,0.009171,-0.018196,0.009329,0.017625,Avian,N2
1981_A/chicken/Zhejiang/5,A/chicken/Zhejiang/528127/2016_H5N6,-0.036378,-0.020113,0.012431,0.023441,Avian,N6
1982_A/chicken/Zhejiang/6,A/chicken/Zhejiang/6107/2016_H5N6,-0.015462,0.008104,0.037457,0.009506,Avian,N6
1983_A/chicken/Zhejiang/6,A/chicken/Zhejiang/6C2/2013_H5N6,-0.04574,0.011109,-0.016003,-0.037876,Avian,N6
1984_A/chicken/Zhejiang/7,A/chicken/Zhejiang/727022/2014_H5N6,-0.059968,0.00356,-0.011981,-0.025671,Avian,N6
1985_A/chicken/Zhejiang/7,A/chicken/Zhejiang/727026/2014_H5N6,-0.057218,0.001778,-0.011377,-0.021478,Avian,N6
1986_A/chicken/Zhejiang/7,A/chicken/Zhejiang/727079/2014_H5N2,0.019736,0.009037,-0.023685,-0.019034,Avian,N2
1987_A/chicken/Zhejiang/7,A/chicken/Zhejiang/727155/2014_H5N6,-0.059587,0.006447,-0.013973,-0.025557,Avian,N6
1988_A/chicken/Zhejiang/7,A/chicken/Zhejiang/727159/2014_H5N2,0.017527,-0.017397,-0.017969,-0.018716,Avian,N2
1989_A/chicken/Zhejiang/7,A/chicken/Zhejiang/7450/2015_H5N2,0.032082,-0.038407,-0.026401,0.046462,Avian,N2
1990_A/chicken/Zhejiang/8,A/chicken/Zhejiang/81643/2015_H5N2,0.031569,-0.036385,-0.026819,0.046897,Avian,N2
1991_A/common_mallard/Nin,A/common_mallard/Ningxia/YG71/2017_H5N6,0.016176,0.026948,0.016986,-0.001714,Avian,N6
1992_A/condor/Guangdong/1,A/condor/Guangdong/139/2003_H5N1,0.019635,0.000854,-0.024194,0.010069,Avian,N1
1993_A/domestic_green-win,A/domestic_green-winged_teal/Hunan/3450/2006_H5N1,0.034019,0.021253,-0.014895,0.021699,Avian,N1
1994_A/duck/Anhui/56/2005,A/duck/Anhui/56/2005_H5N1,0.028999,0.014119,-0.011507,0.023206,Avian,N1
1995_A/duck/Anhui/S4/2016,A/duck/Anhui/S4/2016_H5N6,-0.055838,-0.011142,-0.001966,0.01324,Avian,N6
1996_A/duck/Changhua/15A0,A/duck/Changhua/15A03431-1-20T/2015_H5N2,0.040101,-0.049252,0.022417,-0.016012,Avian,N2
1997_A/duck/Changhua/15A0,A/duck/Changhua/15A03473-1-20T/2015_H5N2,0.042994,-0.045084,0.027873,-0.01867,Avian,N2
1998_A/duck/Chiayi/150800,A/duck/Chiayi/15080023/2015_H5N8,0.026172,-0.033421,-0.034038,0.001412,Avian,N8
1999_A/duck/China/0935/20,A/duck/China/0935/2017_H5N1,0.022254,-0.020858,-0.011558,0.001855,Avian,N1
2000_A/duck/China/0936/20,A/duck/China/0936/2017_H5N6,-0.048974,-0.015602,0.00865,0.027827,Avian,N6
2001_A/duck/China/0938/20,A/duck/China/0938/2017_H5N6,-0.007743,-0.026451,0.011407,0.000228,Avian,N6
2002_A/duck/China/1033/20,A/duck/China/1033/2017_H5N1,0.01228,-0.006042,-0.013339,-0.014671,Avian,N1
2003_A/duck/China/E26/201,A/duck/China/E26/2012_H5N1,0.027734,0.017533,-0.024529,-0.009718,Avian,N1
2004_A/duck/China/E53/201,A/duck/China/E53/2012_H5N1,0.008369,0.014366,-0.031912,-0.006303,Avian,N1
2005_A/duck/China/YD1516/,A/duck/China/YD1516/2016_H5N2,0.0378,-0.037982,-0.02862,0.05355,Avian,N2
2006_A/duck/Chongqing/S43,A/duck/Chongqing/S4362/2017_H5N3,0.02785,0.041774,0.020695,-0.015203,Avian,Others
2007_A/duck/Dongguan/2685,A/duck/Dongguan/2685/2013_H5N6,-0.055683,-0.000189,-0.012553,-0.017464,Avian,N6
2008_A/duck/Eastern_China,A/duck/Eastern_China/008/2008_H5N5,0.008063,-0.007036,0.001451,0.038759,Avian,Others
2009_A/duck/Eastern_China,A/duck/Eastern_China/031/2009_H5N5,0.006834,-0.013824,-0.01231,0.037227,Avian,Others
2010_A/duck/Eastern_China,A/duck/Eastern_China/057/2007_H5N1,0.007653,0.001452,-0.033741,0.018381,Avian,N1
2011_A/duck/Eastern_China,A/duck/Eastern_China/108/2008_H5N1,0.005505,0.002497,-0.031546,0.021818,Avian,N1
2012_A/duck/Eastern_China,A/duck/Eastern_China/1111/2011_H5N2,0.016644,-0.02469,-0.035022,0.01589,Avian,N2
2013_A/duck/Eastern_China,A/duck/Eastern_China/909/2009_H5N1,0.02027,-0.012768,-0.007331,0.040241,Avian,N1
2014_A/duck/Eastern_China,A/duck/Eastern_China/JY/2014_H5N8,0.04367,0.002039,-0.029877,-0.006014,Avian,N8
2015_A/duck/Eastern_China,A/duck/Eastern_China/L0230/2010_H5N2,0.018491,-0.019321,-0.022971,0.026438,Avian,N2
2016_A/duck/Eastern_China,A/duck/Eastern_China/L0321/2010_H5N2,0.01717,-0.028462,-0.029741,0.014078,Avian,N2
2017_A/duck/Eastern_China,A/duck/Eastern_China/L0405/2010_H5N8,0.033742,-0.016938,-0.040884,0.022112,Avian,N8
2018_A/duck/Eastern_China,A/duck/Eastern_China/L0423/2011_H5N8,0.039583,-0.012586,-0.039183,0.021825,Avian,N8
2019_A/duck/Eastern_China,A/duck/Eastern_China/L0611/2011_H5N8,0.039574,-0.011023,-0.034311,0.01891,Avian,N8
2020_A/duck/Eastern_China,A/duck/Eastern_China/L0722/2012_H5N8,0.041719,-0.009503,-0.037308,0.021869,Avian,N8
2021_A/duck/Eastern_China,A/duck/Eastern_China/L1021/2012_H5N8,0.036899,0.005773,-0.029463,0.011719,Avian,N8
2022_A/duck/Eastern_China,A/duck/Eastern_China/L1120/2012_H5N8,0.038541,-0.010559,-0.049197,0.022377,Avian,N8
2023_A/duck/Eastern_China,A/duck/Eastern_China/S0131/2014_H5N2,0.033796,-0.022874,-0.044383,0.037744,Avian,N2
2024_A/duck/Eastern_China,A/duck/Eastern_China/S0215/2014_H5N8,0.04783,0.00744,-0.017516,-0.014343,Avian,N8
2025_A/duck/Eastern_China,A/duck/Eastern_China/S0322/2014__H5N6,-0.037604,-0.012432,-0.017104,-0.013797,Avian,N6
2026_A/duck/Eastern_China,A/duck/Eastern_China/S0711/2014_H5N6,-0.041006,0.013293,-0.010144,-0.044824,Avian,N6
2027_A/duck/Eastern_China,A/duck/Eastern_China/S0808/2014_H5N2,0.023199,-0.030527,-0.034717,0.014321,Avian,N2
2028_A/duck/Eastern_China,A/duck/Eastern_China/S0908/2014_H5N6,-0.045653,-0.003205,-0.011714,-0.018229,Avian,N6
2029_A/duck/Eastern_China,A/duck/Eastern_China/S1109/2014_H5N8,0.037271,0.022061,-0.008565,-0.024876,Avian,N8
2030_A/duck/Eastern_China,A/duck/Eastern_China/S1210/2013_H5N8,0.039642,0.006244,-0.025057,-0.01104,Avian,N8
2031_A/duck/Fujian/1.17_F,A/duck/Fujian/1.17_FZHX0123-C/2017_H5N6,-0.034039,-0.01038,0.003533,0.020153,Avian,N6
2032_A/duck/Fujian/10.26_,A/duck/Fujian/10.26_FZHX0002-O/2017_H5N6,-0.041998,-0.01102,0.008415,0.02463,Avian,N6
2033_A/duck/Fujian/10.26_,A/duck/Fujian/10.26_FZHX0010-O/2017_H5N6,-0.043668,-0.012672,0.008942,0.020178,Avian,N6
2034_A/duck/Fujian/11.23_,A/duck/Fujian/11.23_FZHX0009-C/2017_H5N6,-0.040053,-0.000551,0.014006,0.027414,Avian,N6
2035_A/duck/Fujian/11.23_,A/duck/Fujian/11.23_FZHX0014-C/2017_H5N6,-0.03818,-0.016754,0.002152,0.028655,Avian,N6
2036_A/duck/Fujian/11.23_,A/duck/Fujian/11.23_FZHX0015-C/2017_H5N6,-0.041486,-0.016009,0.007824,0.021612,Avian,N6
2037_A/duck/Fujian/11.3_F,A/duck/Fujian/11.3_FZHX1132-O/2016_H5N6,-0.04514,-0.019377,0.006882,0.028286,Avian,N6
2038_A/duck/Fujian/11.3_F,A/duck/Fujian/11.3_FZHX1141-C/2016_H5N6,-0.045825,-0.019493,0.003026,0.026463,Avian,N6
2039_A/duck/Fujian/12.7_F,A/duck/Fujian/12.7_FZHX1202-O/2016_H5N6,-0.046,-0.017664,0.000024,0.016136,Avian,N6
2040_A/duck/Fujian/12.7_F,A/duck/Fujian/12.7_FZHX1218-C/2016_H5N6,-0.052659,-0.022266,0.001868,0.024854,Avian,N6
2041_A/duck/Fujian/12.7_F,A/duck/Fujian/12.7_FZHX1219-O/2016_H5N6,-0.049553,-0.024712,0.002844,0.029198,Avian,N6
2042_A/duck/Fujian/12.7_F,A/duck/Fujian/12.7_FZHX1221-C/2016_H5N6,-0.051191,-0.023461,0.002622,0.028909,Avian,N6
2043_A/duck/Guangdong/11.,A/duck/Guangdong/11.18_SZBJ003-C/2016_H5N6,-0.032195,-0.013369,0.004925,0.023237,Avian,N6
2044_A/duck/Guangdong/11.,A/duck/Guangdong/11.18_SZBJ003-O/2016_H5N6,-0.032195,-0.013369,0.004925,0.023237,Avian,N6
2045_A/duck/Guangdong/11.,A/duck/Guangdong/11.18_SZBJ007-O/2016_H5N6,-0.031852,-0.012984,0.006129,0.022631,Avian,N6
2046_A/duck/Guangdong/23/,A/duck/Guangdong/23/2004_H5N1,0.034485,0.019085,-0.025092,0.032858,Avian,N1
2047_A/duck/Guangdong/GD0,A/duck/Guangdong/GD01/2014_H5N6,-0.051897,0.001236,-0.009488,-0.022945,Avian,N6
2048_A/duck/Guangdong/s14,A/duck/Guangdong/s14044/2014_H5N8,0.039898,-0.016173,-0.050111,0.019769,Avian,N8
2049_A/duck/Guangdong/wy1,A/duck/Guangdong/wy11/2008_H5N5,0.0021,-0.02205,-0.012747,0.03066,Avian,Others
2050_A/duck/Guangdong/wy1,A/duck/Guangdong/wy19/2008_H5N5,0.004027,-0.021953,-0.017204,0.03401,Avian,Others
2051_A/duck/Guangdong/wy2,A/duck/Guangdong/wy24/2008_H5N5,0.009568,-0.02176,-0.018843,0.035694,Avian,Others
2052_A/duck/Guangzhou/018,A/duck/Guangzhou/018/2014_H5N6,-0.055156,-0.000543,-0.009661,-0.020477,Avian,N6
2053_A/duck/Guangzhou/021,A/duck/Guangzhou/021/2014_H5N6,-0.051525,-0.004633,-0.008153,-0.021374,Avian,N6
2054_A/duck/Guangzhou/412,A/duck/Guangzhou/41227/2014_H5N6,-0.05533,-0.000458,0.013365,-0.001851,Avian,N6
2055_A/duck/Guizhou/7.27_,A/duck/Guizhou/7.27_ZYLJJ017-O/2018_H5N6,-0.052997,-0.002582,0.015168,0.033089,Avian,N6
2056_A/duck/Guizhou/8.26_,A/duck/Guizhou/8.26_ZYLJJ016-O/2018_H5N6,-0.042437,-0.00192,0.011534,0.030931,Avian,N6
2057_A/duck/Guizhou/8.26_,A/duck/Guizhou/8.26_ZYLJJ017-O/2018_H5N6,-0.048771,-0.001132,0.018134,0.028652,Avian,N6
2058_A/duck/Hainan/12.29_,A/duck/Hainan/12.29_HKPL002-C/2017_H5N6,-0.047118,-0.006415,0.009624,0.030723,Avian,N6
2059_A/duck/Hebei/0908/20,A/duck/Hebei/0908/2009_H5N2,0.027132,0.002834,0.015311,-0.009447,Avian,N2
2060_A/duck/Hong_Kong/342,A/duck/Hong_Kong/342/1978_H5N2,0.032375,0.016773,0.010293,-0.009606,Avian,N2
2061_A/duck/Hsinchu/15020,A/duck/Hsinchu/15020216/2015_H5N2,0.045027,-0.049959,0.025372,-0.013093,Avian,N2
2062_A/duck/HuBei/03/2010,A/duck/HuBei/03/2010_H5N5,0.029419,0.000815,-0.008467,0.022522,Avian,Others
2063_A/duck/Hubei/2911/20,A/duck/Hubei/2911/2007_H5N1,0.016971,-0.001304,-0.007124,-0.028225,Avian,N1
2064_A/duck/Hubei/49/2005,A/duck/Hubei/49/2005_H5N1,0.0144,-0.002059,-0.031668,0.012251,Avian,N1
2065_A/duck/Hubei/SZY250/,A/duck/Hubei/SZY250/2016_H5N2,0.026056,-0.024374,-0.025096,0.044312,Avian,N2
2066_A/duck/Hubei/xn/2007,A/duck/Hubei/xn/2007_H5N1,0.021397,0.006477,-0.019789,0.025784,Avian,N1
2067_A/duck/Hunan/01.12_Y,A/duck/Hunan/01.12_YYGK82H3-OC/2018_H5N6,-0.041473,-0.006916,0.008338,0.035011,Avian,N6
2068_A/duck/Hunan/03.07_Y,A/duck/Hunan/03.07_YYGK25L3-OC/2018_H5N6,-0.049561,-0.015381,0.017764,0.028199,Avian,N6
2069_A/duck/Hunan/03.07_Y,A/duck/Hunan/03.07_YYGK4L3-OC/2018_H5N6,-0.040858,-0.015361,0.005493,0.022974,Avian,N6
2070_A/duck/Hunan/03.24_Y,A/duck/Hunan/03.24_YYGK174M2-C/2017_H5N6,-0.061559,-0.012043,-0.010937,0.018123,Avian,N6
2071_A/duck/Hunan/03.24_Y,A/duck/Hunan/03.24_YYGK178M2-C/2017_H5N6,-0.060222,-0.012472,-0.010467,0.017422,Avian,N6
2072_A/duck/Hunan/03.24_Y,A/duck/Hunan/03.24_YYGK18M2-O/2017_H5N6,-0.062964,-0.011489,-0.012262,0.017913,Avian,N6
2073_A/duck/Hunan/03.24_Y,A/duck/Hunan/03.24_YYGK21M2-O/2017_H5N6,-0.06103,-0.012352,-0.011307,0.018028,Avian,N6
2074_A/duck/Hunan/1.12_YY,A/duck/Hunan/1.12_YYGK68H3-OC/2018_H5N6,-0.052859,-0.005134,0.012932,0.032751,Avian,N6
2075_A/duck/Hunan/1.12_YY,A/duck/Hunan/1.12_YYGK72H3-OC/2018_H5N6,-0.051855,-0.005623,0.012795,0.035022,Avian,N6
2076_A/duck/Hunan/1.12_YY,A/duck/Hunan/1.12_YYGK74H3-OC/2018_H5N6,-0.041577,-0.007063,0.008713,0.03464,Avian,N6
2077_A/duck/Hunan/1.17_YY,A/duck/Hunan/1.17_YYGKK80-OC/2017_H5N6,-0.038905,-0.021026,0.001772,0.027618,Avian,N6
2078_A/duck/Hunan/11.30_Y,A/duck/Hunan/11.30_YYGK59E3-OC/2017_H5N6,-0.042895,-0.010721,0.00696,0.023617,Avian,N6
2079_A/duck/Hunan/11.30_Y,A/duck/Hunan/11.30_YYGK62E3-OC/2017_H5N6,-0.048056,-0.010895,0.006334,0.024898,Avian,N6
2080_A/duck/Hunan/11.30_Y,A/duck/Hunan/11.30_YYGK63E3-OC/2017_H5N6,-0.050084,-0.011726,0.00639,0.027844,Avian,N6
2081_A/duck/Hunan/11.30_Y,A/duck/Hunan/11.30_YYGK74E3-OC/2017_H5N8,0.038825,0.040858,-0.003969,-0.00958,Avian,N8
2082_A/duck/Hunan/11.30_Y,A/duck/Hunan/11.30_YYGK75E3-OC/2017_H5N6,-0.012284,0.018154,0.020823,0.001996,Avian,N6
2083_A/duck/Hunan/12.27_Y,A/duck/Hunan/12.27_YYGK100J2-C/2016_H5N6,-0.04052,-0.021702,0.003218,0.025539,Avian,N6
2084_A/duck/Hunan/12.27_Y,A/duck/Hunan/12.27_YYGK60J2-C/2016_H5N6,-0.036596,-0.023479,-0.001989,0.033677,Avian,N6
2085_A/duck/Hunan/12.27_Y,A/duck/Hunan/12.27_YYGK71J2-O/2016_H5N6,-0.039489,-0.021799,0.004002,0.025563,Avian,N6
2086_A/duck/Hunan/12.27_Y,A/duck/Hunan/12.27_YYGK73J2-O/2016_H5N6,-0.039612,-0.025854,-0.001494,0.035391,Avian,N6
2087_A/duck/Hunan/12.27_Y,A/duck/Hunan/12.27_YYGK81J2-O/2016_H5N6,-0.040643,-0.023137,0.002181,0.025298,Avian,N6
2088_A/duck/Hunan/12.27_Y,A/duck/Hunan/12.27_YYGK86J2-C/2016_H5N6,-0.037462,-0.023176,-0.002358,0.035167,Avian,N6
2089_A/duck/Hunan/12.27_Y,A/duck/Hunan/12.27_YYGK89J2-O/2016_H5N6,-0.040584,-0.022293,0.002854,0.025498,Avian,N6
2090_A/duck/Hunan/12.27_Y,A/duck/Hunan/12.27_YYGK91J2-O/2016_H5N6,-0.040115,-0.02185,0.002987,0.025349,Avian,N6
2091_A/duck/Hunan/12.27_Y,A/duck/Hunan/12.27_YYGK93J2-O/2016_H5N6,-0.040584,-0.022293,0.002854,0.025498,Avian,N6
2092_A/duck/Hunan/12.27_Y,A/duck/Hunan/12.27_YYGK95J2-O/2016_H5N6,-0.040396,-0.022201,0.003186,0.025344,Avian,N6
2093_A/duck/Hunan/12.27_Y,A/duck/Hunan/12.27_YYGK96J2-O/2016_H5N6,-0.040003,-0.022026,0.003024,0.025199,Avian,N6
2094_A/duck/Hunan/12.27_Y,A/duck/Hunan/12.27_YYGK97J2-O/2016_H5N6,-0.040933,-0.020683,0.003406,0.025903,Avian,N6
2095_A/duck/Hunan/2.06_YY,A/duck/Hunan/2.06_YYGK77J3-OC/2018_H5N6,-0.054976,-0.012302,0.015403,0.026013,Avian,N6
2096_A/duck/Hunan/2.06_YY,A/duck/Hunan/2.06_YYGK78J3-OC/2018_H5N6,-0.050093,-0.005912,0.0158,0.03695,Avian,N6
2097_A/duck/Hunan/2.06_YY,A/duck/Hunan/2.06_YYGK84J3-OC/2018_H5N6,-0.05342,-0.011721,0.015673,0.027941,Avian,N6
2098_A/duck/Hunan/2.06_YY,A/duck/Hunan/2.06_YYGK92J3-OC/2018_H5N6,-0.053399,-0.011348,0.015734,0.027705,Avian,N6
2099_A/duck/Hunan/3/2007_,A/duck/Hunan/3/2007_H5N1,0.018741,0.000734,-0.042319,0.014083,Avian,N1
2100_A/duck/Hunan/316/200,A/duck/Hunan/316/2005_H5N1,0.01645,-0.002948,-0.026081,0.004659,Avian,N1
2101_A/duck/Hunan/3315/20,A/duck/Hunan/3315/2006_H5N1,0.020053,-0.004048,-0.015839,-0.004381,Avian,N1
2102_A/duck/Hunan/689/200,A/duck/Hunan/689/2006_H5N1,0.016568,0.001391,-0.017324,-0.026582,Avian,N1
2103_A/duck/Hunan/7.21_YY,A/duck/Hunan/7.21_YYGK41Y1-C/2016_H5N6,-0.058069,-0.007978,0.000356,0.021196,Avian,N6
2104_A/duck/Hunan/733/200,A/duck/Hunan/733/2004_H5N1,0.032218,0.008391,-0.020139,0.015083,Avian,N1
2105_A/duck/Hunan/8/2008_,A/duck/Hunan/8/2008_H5N1,0.025851,0.010927,-0.01829,-0.000601,Avian,N1
2106_A/duck/Hunan/S4020/2,A/duck/Hunan/S4020/2008_H5N1,0.012564,0.022889,-0.040106,-0.008485,Avian,N1
2107_A/duck/Hunan/S4030/2,A/duck/Hunan/S4030/2011_H5N1,0.002008,0.014178,-0.034163,-0.010915,Avian,N1
2108_A/duck/Hunan/S4101/2,A/duck/Hunan/S4101/2011_H5N2,0.044678,0.008372,-0.015438,-0.005748,Avian,N2
2109_A/duck/Hunan/S4120/2,A/duck/Hunan/S4120/2011_H5N2,0.045128,0.003585,-0.014369,-0.003946,Avian,N2
2110_A/duck/Hunan/S4150/2,A/duck/Hunan/S4150/2011_H5N1,0.018039,0.033017,-0.025101,-0.003904,Avian,N1
2111_A/duck/Hunan/S4220/2,A/duck/Hunan/S4220/2011_H5N1,0.001013,0.023395,-0.03789,-0.008178,Avian,N1
2112_A/duck/Jiangsu/m234/,A/duck/Jiangsu/m234/2012_H5N2,0.027231,-0.028884,-0.024608,0.021979,Avian,N2
2113_A/duck/Jiangxi/01.11,A/duck/Jiangxi/01.11_NCNP101G2-OC/2017_H5N6,-0.055506,-0.005674,0.011821,0.024553,Avian,N6
2114_A/duck/Jiangxi/10160,A/duck/Jiangxi/10160/2014_H5N6,-0.043941,0.010187,-0.01372,-0.041198,Avian,N6
2115_A/duck/Jiangxi/11.17,A/duck/Jiangxi/11.17_NCNP30Y2-O/2016_H5N6,-0.044791,0.001954,-0.001963,0.015002,Avian,N6
2116_A/duck/Jiangxi/11.17,A/duck/Jiangxi/11.17_NCNP48Y2-C/2016_H5N6,-0.044535,0.00104,-0.002191,0.014757,Avian,N6
2117_A/duck/Jiangxi/11.29,A/duck/Jiangxi/11.29_NCDZT71H2-O/2016_H5N6,-0.040085,-0.017866,0.00532,0.030494,Avian,N6
2118_A/duck/Jiangxi/11.29,A/duck/Jiangxi/11.29_NCNP22D3-OC/2017_H5N6,-0.036701,-0.022322,-0.003442,0.036086,Avian,N6
2119_A/duck/Jiangxi/11.29,A/duck/Jiangxi/11.29_NCNP39D3-OC/2017_H5N6,-0.058716,-0.007193,0.013556,0.014304,Avian,N6
2120_A/duck/Jiangxi/120/2,A/duck/Jiangxi/120/2011_H5N1,0.013141,0.004035,-0.026553,0.014551,Avian,N1
2121_A/duck/Jiangxi/130/2,A/duck/Jiangxi/130/2011_H5N1,0.020829,0.03378,-0.028235,0.002855,Avian,N1
2122_A/duck/Jiangxi/13469,A/duck/Jiangxi/13469/2014_H5N6,-0.041396,0.01207,-0.010455,-0.041661,Avian,N6
2123_A/duck/Jiangxi/13475,A/duck/Jiangxi/13475/2014_H5N6,-0.040479,0.010861,-0.009419,-0.041509,Avian,N6
2124_A/duck/Jiangxi/13484,A/duck/Jiangxi/13484/2014_H5N6,-0.041636,0.01233,-0.008795,-0.042814,Avian,N6
2125_A/duck/Jiangxi/2.28N,A/duck/Jiangxi/2.28NCNP23K3-OC/2018_H5N6,-0.05125,-0.014421,0.010569,0.027444,Avian,N6
2126_A/duck/Jiangxi/2.28_,A/duck/Jiangxi/2.28_NCNP25K3-OC/2018_H5N6,-0.05125,-0.014421,0.010569,0.027444,Avian,N6
2127_A/duck/Jiangxi/34/20,A/duck/Jiangxi/34/2011_H5N1,0.004489,0.035047,-0.050934,-0.005656,Avian,N1
2128_A/duck/Jiangxi/35/20,A/duck/Jiangxi/35/2011_H5N1,0.006033,0.036616,-0.038185,-0.004569,Avian,N1
2129_A/duck/Jiangxi/44/20,A/duck/Jiangxi/44/2011_H5N1,0.013052,0.011406,-0.021299,0.016643,Avian,N1
2130_A/duck/Jiangxi/5.26_,A/duck/Jiangxi/5.26_NCDZT80Q2-OC/2017_H5N6,-0.049653,0.001667,0.02122,0.01071,Avian,N6
2131_A/duck/Jiangxi/80/20,A/duck/Jiangxi/80/2005_H5N1,0.016518,-0.005278,-0.019964,0.01474,Avian,N1
2132_A/duck/Jilin/JL-SIV/,A/duck/Jilin/JL-SIV/2013_H5N1,0.014945,0.003025,-0.027685,0.002828,Avian,N1
2133_A/duck/Kaohsiung/150,A/duck/Kaohsiung/15010213/2015_H5N2,0.041908,-0.044781,0.023022,-0.018556,Avian,N2
2134_A/duck/Kaohsiung/15W,A/duck/Kaohsiung/15WB3298-1-5/2015_H5N3,0.005296,0.020111,0.003716,-0.028297,Avian,Others
2135_A/duck/Kaohsiung/20W,A/duck/Kaohsiung/20WB0242-154/2020_H5N3,0.00877,0.020126,0.036219,-0.003482,Avian,Others
2136_A/duck/Liaoning/LN/2,A/duck/Liaoning/LN/2011_H5N5,0.011262,-0.003734,-0.010236,0.02131,Avian,Others
2137_A/duck/Nanchang/9789,A/duck/Nanchang/9789/2013_H5N1,-0.018388,0.020689,-0.038317,-0.016005,Avian,N1
2138_A/duck/Nantou/15A343,A/duck/Nantou/15A3437/2015_H5N2,0.042994,-0.045084,0.027873,-0.01867,Avian,N2
2139_A/duck/Nantou/17A024,A/duck/Nantou/17A0243/2017_H5N2,0.046137,-0.049108,0.02341,-0.017078,Avian,N2
2140_A/duck/Pingtung/1501,A/duck/Pingtung/15010180/2015_H5N3,0.016502,-0.007702,-0.005674,-0.023976,Avian,Others
2141_A/duck/Pingtung/1501,A/duck/Pingtung/15010444/2015_H5N2,0.041281,-0.045563,0.021284,-0.013984,Avian,N2
2142_A/duck/Pingtung/17A0,A/duck/Pingtung/17A0160/2017_H5N2,0.045553,-0.050672,0.025286,-0.017568,Avian,N2
2143_A/duck/Pingtung/18A0,A/duck/Pingtung/18A00003-11-20T/2018_H5N2,0.047082,-0.053025,0.018894,-0.017617,Avian,N2
2144_A/duck/Pingtung/18A0,A/duck/Pingtung/18A00076-11-20T/2018_H5N2,0.043646,-0.044009,0.01641,-0.012684,Avian,N2
2145_A/duck/Pingtung/18X0,A/duck/Pingtung/18X00077/2018_H5N2,0.041665,-0.048862,0.015293,-0.01395,Avian,N2
2146_A/duck/Shandong/009/,A/duck/Shandong/009/2008_H5N1,0.026939,0.017784,0.012589,-0.005118,Avian,N1
2147_A/duck/Shandong/Q1/2,A/duck/Shandong/Q1/2013_H5N8,0.036811,-0.008615,-0.048062,0.025707,Avian,N8
2148_A/duck/Shandong/SD02,A/duck/Shandong/SD0261/2021_H5N6,-0.006905,0.0325,0.024677,0.010558,Avian,N6
2149_A/duck/Shandong/SD02,A/duck/Shandong/SD0263/2021_H5N6,-0.008171,0.033265,0.026051,0.009805,Avian,N6
2150_A/duck/Sichuan/NCXJ1,A/duck/Sichuan/NCXJ15/2014_H5N6,-0.045485,0.007952,-0.008465,-0.037883,Avian,N6
2151_A/duck/Sichuan/NCXJ1,A/duck/Sichuan/NCXJ16/2014_H5N6,-0.048512,0.015668,-0.008015,-0.046522,Avian,N6
2152_A/duck/Sichuan/NCXN1,A/duck/Sichuan/NCXN10/2014_H5N1,-0.023546,0.008954,-0.037885,-0.017254,Avian,N1
2153_A/duck/Sichuan/NCXN1,A/duck/Sichuan/NCXN11/2014_H5N1,-0.026214,0.012927,-0.038397,-0.019714,Avian,N1
2154_A/duck/Sichuan/SC482,A/duck/Sichuan/SC4822/2021_H5N6,-0.019109,0.009048,0.025351,0.023814,Avian,N6
2155_A/duck/Sichuan/SC569,A/duck/Sichuan/SC5698/2021_H5N6,-0.019879,0.010753,0.027011,0.025177,Avian,N6
2156_A/duck/Taichung/1501,A/duck/Taichung/15010400-1/2015_H5N2,0.041774,-0.047583,0.023804,-0.015624,Avian,N2
2157_A/duck/Tainan/150104,A/duck/Tainan/15010403/2015_H5N8,0.021892,-0.036035,-0.036488,0.002333,Avian,N8
2158_A/duck/Tainan/160100,A/duck/Tainan/16010020-1/2016_H5N2,0.040264,-0.043398,0.019446,-0.01041,Avian,N2
2159_A/duck/Tainan/16WB34,A/duck/Tainan/16WB3443-156-160/2016_H5N3,0.026329,0.028579,0.028028,-0.012911,Avian,Others
2160_A/duck/Taipei/05WB83,A/duck/Taipei/05WB830-1-5-E2/2005_H5N2,0.029767,0.021005,0.018637,-0.028584,Avian,N2
2161_A/duck/Taipei/18WB01,A/duck/Taipei/18WB0120-1-5-E1/2018_H5N3,0.012849,0.020969,0.027623,-0.000583,Avian,Others
2162_A/duck/Taipei/19WB02,A/duck/Taipei/19WB0235-14-16/2019_H5N3,0.006831,0.020564,0.024141,-0.024558,Avian,Others
2163_A/duck/Taiwan/01006/,A/duck/Taiwan/01006/2015_H5N2,0.040446,-0.046702,0.022541,-0.015219,Avian,N2
2164_A/duck/Taiwan/11213/,A/duck/Taiwan/11213/2013_H5N2,0.021309,-0.009844,0.007509,-0.013006,Avian,N2
2165_A/duck/Taiwan/11254/,A/duck/Taiwan/11254/2013_H5N2,0.027054,-0.011684,0.007075,-0.011523,Avian,N2
2166_A/duck/Taiwan/A3400/,A/duck/Taiwan/A3400/2015_H5N8,0.041817,-0.016697,-0.009075,-0.016267,Avian,N8
2167_A/duck/Taiwan/DV1238,A/duck/Taiwan/DV1238/2009_H5N2,0.039419,0.011445,-0.000594,-0.021542,Avian,N2
2168_A/duck/Taiwan/DV1241,A/duck/Taiwan/DV1241/2009_H5N2,0.039138,0.011617,-0.001661,-0.022519,Avian,N2
2169_A/duck/Taiwan/DV1242,A/duck/Taiwan/DV1242/2009_H5N2,0.038737,0.011804,-0.000346,-0.021438,Avian,N2
2170_A/duck/Taoyuan/16010,A/duck/Taoyuan/16010023-1/2016_H5N2,0.044073,-0.042651,0.019036,-0.020901,Avian,N2
2171_A/duck/Wenzhou/YJYF3,A/duck/Wenzhou/YJYF33/2015_H5N1,0.023347,0.027737,0.003609,-0.004094,Avian,N1
2172_A/duck/Wuhan/JXYFB22,A/duck/Wuhan/JXYFB22/2015_H5N6,-0.047939,0.000447,-0.00831,-0.023246,Avian,N6
2173_A/duck/Wuhan/WHYF02/,A/duck/Wuhan/WHYF02/2015_H5N6,-0.05722,0.011022,-0.008463,-0.027394,Avian,N6
2174_A/duck/Xinjiang/12.1,A/duck/Xinjiang/12.18_WLMQXL001-C/2016_H5N8,0.045479,0.042582,-0.003406,-0.000037,Avian,N8
2175_A/duck/Yilan/17A0092,A/duck/Yilan/17A0092/2017_H5N2,0.045914,-0.050253,0.024606,-0.019408,Avian,N2
2176_A/duck/Yunlin/150102,A/duck/Yunlin/15010244-1/2015_H5N2,0.040537,-0.048374,0.023713,-0.01555,Avian,N2
2177_A/duck/Yunlin/150102,A/duck/Yunlin/15010277/2015_H5N8,0.028511,-0.030307,-0.039897,0.032304,Avian,N8
2178_A/duck/Yunlin/150103,A/duck/Yunlin/15010310-4/2015_H5N2,0.041381,-0.047165,0.024982,-0.016028,Avian,N2
2179_A/duck/Yunlin/150103,A/duck/Yunlin/15010318-2/2015_H5N2,0.04127,-0.049821,0.024051,-0.014659,Avian,N2
2180_A/duck/Yunlin/150103,A/duck/Yunlin/15010369-1/2015_H5N2,0.043359,-0.049504,0.026086,-0.014132,Avian,N2
2181_A/duck/Yunlin/150104,A/duck/Yunlin/15010458-1/2015_H5N8,0.028973,-0.03135,-0.042158,0.031036,Avian,N8
2182_A/duck/Yunlin/150700,A/duck/Yunlin/15070002-2/2015_H5N2,0.04154,-0.047764,0.02295,-0.015377,Avian,N2
2183_A/duck/Yunlin/15A501,A/duck/Yunlin/15A5019/2015_H5N2,0.040286,-0.045528,0.020082,-0.014198,Avian,N2
2184_A/duck/Yunlin/171100,A/duck/Yunlin/17110001/2017_H5N2,0.045212,-0.056499,0.015952,-0.005685,Avian,N2
2185_A/duck/Yunlin/17A008,A/duck/Yunlin/17A0086/2017_H5N2,0.043579,-0.052606,0.022267,-0.017961,Avian,N2
2186_A/duck/Yunlin/17A068,A/duck/Yunlin/17A0686/2017_H5N2,0.042967,-0.046766,0.028723,-0.01849,Avian,N2
2187_A/duck/Yunlin/180600,A/duck/Yunlin/18060007-3/2018_H5N2,0.042889,-0.059071,0.010864,-0.004679,Avian,N2
2188_A/duck/Yunlin/18X000,A/duck/Yunlin/18X00007-3/2018_H5N2,0.020612,-0.00908,-0.011571,0.003981,Avian,N2
2189_A/duck/Yunnan/4072/2,A/duck/Yunnan/4072/2003_H5N1,0.035328,0.014225,-0.016581,0.02389,Avian,N1
2190_A/duck/Yunnan/426/20,A/duck/Yunnan/426/2004_H5N1,0.026854,0.011581,-0.025211,0.027897,Avian,N1
2191_A/duck/Yunnan/4645/2,A/duck/Yunnan/4645/2003_H5N1,0.035045,0.013782,-0.018261,0.021974,Avian,N1
2192_A/duck/Yunnan/47/200,A/duck/Yunnan/47/2006_H5N1,0.01351,-0.007421,-0.033505,0.004514,Avian,N1
2193_A/duck/Yunnan/485/20,A/duck/Yunnan/485/2004_H5N1,0.028471,0.014899,-0.024994,0.021705,Avian,N1
2194_A/duck/Yunnan/4873/2,A/duck/Yunnan/4873/2006_H5N1,0.008556,-0.007283,-0.029768,0.002047,Avian,N1
2195_A/duck/Yunnan/5090/2,A/duck/Yunnan/5090/2003_H5N1,0.034598,0.014506,-0.021008,0.020739,Avian,N1
2196_A/duck/Yunnan/5169/2,A/duck/Yunnan/5169/2003_H5N1,0.034089,0.01495,-0.021886,0.020574,Avian,N1
2197_A/duck/Yunnan/522/20,A/duck/Yunnan/522/2004_H5N1,0.026541,0.013069,-0.026541,0.026215,Avian,N1
2198_A/duck/Yunnan/5310/2,A/duck/Yunnan/5310/2006_H5N1,0.015122,-0.00583,-0.031016,0.011695,Avian,N1
2199_A/duck/Yunnan/5948/2,A/duck/Yunnan/5948/2003_H5N1,0.032686,0.012242,-0.023248,0.023587,Avian,N1
2200_A/duck/Yunnan/6080/2,A/duck/Yunnan/6080/2003_H5N1,0.02877,0.014218,-0.024226,0.024752,Avian,N1
2201_A/duck/Yunnan/6603/2,A/duck/Yunnan/6603/2003_H5N1,0.029328,0.011336,-0.024868,0.02666,Avian,N1
2202_A/duck/Zhejiang/1026,A/duck/Zhejiang/1026109/2015_H5N2,0.031312,-0.03806,-0.025195,0.047929,Avian,N2
2203_A/duck/Zhejiang/1220,A/duck/Zhejiang/1220092/2014_H5N1,0.000866,0.018784,-0.009968,-0.009829,Avian,N1
2204_A/duck/Zhejiang/213/,A/duck/Zhejiang/213/2011_H5N1,0.008516,0.018933,-0.027861,0.001402,Avian,N1
2205_A/duck/Zhejiang/224/,A/duck/Zhejiang/224/2011_H5N1,-0.000501,0.023839,-0.045209,-0.010045,Avian,N1
2206_A/duck/Zhejiang/2242,A/duck/Zhejiang/2242/2011_H5N1,-0.000013,0.023496,-0.044145,-0.008285,Avian,N1
2207_A/duck/Zhejiang/2243,A/duck/Zhejiang/2243/2011_H5N1,-0.000478,0.024539,-0.043954,-0.007994,Avian,N1
2208_A/duck/Zhejiang/2244,A/duck/Zhejiang/2244/2011_H5N1,0.000234,0.024342,-0.044322,-0.008915,Avian,N1
2209_A/duck/Zhejiang/2245,A/duck/Zhejiang/2245/2011_H5N1,0.030008,0.005064,0.002234,0.029975,Avian,N1
2210_A/duck/Zhejiang/2248,A/duck/Zhejiang/2248/2011_H5N1,-0.001034,0.024578,-0.043223,-0.00927,Avian,N1
2211_A/duck/Zhejiang/6D18,A/duck/Zhejiang/6D18/2013_H5N8,0.042413,0.002265,-0.032414,-0.015117,Avian,N8
2212_A/duck/Zhejiang/6D2/,A/duck/Zhejiang/6D2/2013_H5N6,-0.046349,0.011567,-0.017452,-0.03847,Avian,N6
2213_A/duck/Zhejiang/6DK1,A/duck/Zhejiang/6DK19/2013_H5N2,0.003909,-0.007295,-0.036449,-0.028885,Avian,N2
2214_A/duck/Zhejiang/7270,A/duck/Zhejiang/727041/2014_H5N2,-0.003645,0.003621,-0.045542,-0.017615,Avian,N2
2215_A/duck/Zhejiang/7271,A/duck/Zhejiang/727158/2014_H5N6,-0.059659,0.002465,-0.012157,-0.025479,Avian,N6
2216_A/duck/Zhejiang/7713,A/duck/Zhejiang/77138/2014_H5N2,-0.005894,-0.010628,-0.027884,-0.026382,Avian,N2
2217_A/duck/Zhejiang/9250,A/duck/Zhejiang/925019/2014_H5N8,0.045667,0.003586,-0.019239,-0.01661,Avian,N8
2218_A/duck/Zhejiang/9251,A/duck/Zhejiang/925169/2014_H5N8,0.042332,0.003636,-0.020652,-0.014171,Avian,N8
2219_A/duck/Zhejiang/W24/,A/duck/Zhejiang/W24/2013_H5N8,0.043835,0.00178,-0.030206,-0.013977,Avian,N8
2220_A/egret/Zhejiang/W15,A/egret/Zhejiang/W15/2017_H5N6,-0.034613,-0.014191,-0.000415,0.029592,Avian,N6
2221_A/egret/Zhejiang/W18,A/egret/Zhejiang/W18/2017_H5N6,-0.014724,0.009625,0.048573,-0.010246,Avian,N6
2222_A/equine/China/61/20,A/equine/China/61/2010_H5N1,0.014779,-0.001416,-0.034092,0.002768,Nonhuman Mammal,N1
2223_A/equine/China/67/20,A/equine/China/67/2010_H5N1,0.011641,0.000707,-0.032325,0.000495,Nonhuman Mammal,N1
2224_A/equine/China/68/20,A/equine/China/68/2010_H5N1,0.012649,-0.007447,-0.033939,0.007792,Nonhuman Mammal,N1
2225_A/eurasian_coot/Shan,A/eurasian_coot/Shandong/W5611/2020_H5N8,0.034631,0.053039,0.01623,0.00429,Avian,N8
2226_A/eurasian_coot/Shan,A/eurasian_coot/Shandong/W6137/2020_H5N8,0.033728,0.053394,0.01793,0.004073,Avian,N8
2227_A/eurasian_coot/Shan,A/eurasian_coot/Shandong/W6143/2020_H5N8,0.035127,0.054241,0.018274,0.004548,Avian,N8
2228_A/eurasian_coot/Shan,A/eurasian_coot/Shandong/W6150/2020_H5N8,0.034631,0.053039,0.01623,0.00429,Avian,N8
2229_A/feline/Guangdong/2,A/feline/Guangdong/2/2015_H5N6,-0.066739,-0.010387,0.015126,0.007318,Nonhuman Mammal,N6
2230_A/gadwall/Ningxia/YG,A/gadwall/Ningxia/YG61/2017_H5N6,0.015328,0.024682,0.01273,-0.010323,Avian,N6
2231_A/goose/Changhua/150,A/goose/Changhua/15040008/2015_H5N2,0.041096,-0.047068,0.027131,-0.01907,Avian,N2
2232_A/goose/Chiayi/15010,A/goose/Chiayi/15010008-3/2015_H5N2,0.042426,-0.046673,0.024088,-0.015255,Avian,N2
2233_A/goose/Chiayi/15010,A/goose/Chiayi/15010016-1/2015_H5N2,0.040838,-0.046419,0.021556,-0.017175,Avian,N2
2234_A/goose/Chiayi/15020,A/goose/Chiayi/15020022/2015_H5N8,0.029384,-0.031171,-0.040837,0.02989,Avian,N8
2235_A/goose/Chiayi/16010,A/goose/Chiayi/16010017-2/2016_H5N2,0.04062,-0.045355,0.018303,-0.011889,Avian,N2
2236_A/goose/Chiayi/16040,A/goose/Chiayi/16040003-1/2016_H5N2,0.037777,-0.050324,0.0186,-0.011578,Avian,N2
2237_A/goose/Chiayi/16040,A/goose/Chiayi/16040005/2016_H5N2,0.038381,-0.049877,0.020059,-0.011219,Avian,N2
2238_A/goose/Chiayi/17020,A/goose/Chiayi/17020027-1/2017_H5N2,0.044244,-0.051485,0.030841,-0.015636,Avian,N2
2239_A/goose/Chiayi/17040,A/goose/Chiayi/17040014/2017_H5N2,0.033158,-0.053275,0.025472,-0.017525,Avian,N2
2240_A/goose/Chiayi/18010,A/goose/Chiayi/18010006/2018_H5N2,0.045387,-0.055352,0.020327,-0.006709,Avian,N2
2241_A/goose/Chiayi/18020,A/goose/Chiayi/18020014-1/2018_H5N2,0.048913,-0.056088,0.019485,-0.009326,Avian,N2
2242_A/goose/Chiayi/18020,A/goose/Chiayi/18020014-2/2018_H5N2,0.048712,-0.056063,0.019004,-0.009235,Avian,N2
2243_A/goose/China/0701/2,A/goose/China/0701/2018_H5N6,-0.049364,-0.006488,0.002289,0.02512,Avian,N6
2244_A/goose/China/1/2021,A/goose/China/1/2021_H5N8,0.033721,0.048741,0.020432,0.000484,Avian,N8
2245_A/goose/China/1106/2,A/goose/China/1106/2016_H5N2,0.040262,-0.033503,-0.034044,0.049524,Avian,N2
2246_A/goose/China/E43/20,A/goose/China/E43/2012_H5N1,0.000111,0.023404,-0.043329,0.003241,Avian,N1
2247_A/goose/China/M14/20,A/goose/China/M14/2016_H5N6,-0.008084,0.003747,0.034512,0.014245,Avian,N6
2248_A/goose/Eastern_Chin,A/goose/Eastern_China/1112/2011_H5N2,0.020147,-0.021663,-0.022524,0.026599,Avian,N2
2249_A/goose/Eastern_Chin,A/goose/Eastern_China/223/2008_H5N1,0.024446,0.00269,-0.008629,0.021294,Avian,N1
2250_A/goose/Eastern_Chin,A/goose/Eastern_China/CZ/2013_H5N8,0.046533,0.004024,-0.025319,-0.008118,Avian,N8
2251_A/goose/Eastern_Chin,A/goose/Eastern_China/L1204/2012_H5N8,0.034364,-0.011906,-0.045804,0.022585,Avian,N8
2252_A/goose/Eastern_Chin,A/goose/Eastern_China/L1214/2012_H5N8,0.03366,-0.006713,-0.032306,0.010496,Avian,N8
2253_A/goose/Eastern_Chin,A/goose/Eastern_China/S0408/2014_H5N8,0.038754,0.003826,-0.037513,-0.01061,Avian,N8
2254_A/goose/Eastern_Chin,A/goose/Eastern_China/S0513/2013_H5N6,-0.046615,-0.00873,-0.005878,-0.014104,Avian,N6
2255_A/goose/Fujian/10.11,A/goose/Fujian/10.11_FZHX1001-C/2016_H5N6,-0.044984,-0.016537,0.001228,0.025231,Avian,N6
2256_A/goose/Fujian/10.26,A/goose/Fujian/10.26_FZHX0002-C/2017_H5N6,-0.042685,-0.013356,0.007468,0.022705,Avian,N6
2257_A/goose/Fujian/10.26,A/goose/Fujian/10.26_FZHX0002-O/2017_H5N6,-0.042646,-0.013286,0.008028,0.022677,Avian,N6
2258_A/goose/Fujian/10.26,A/goose/Fujian/10.26_FZHX0004-C/2017_H5N6,-0.042054,-0.01415,0.007183,0.021872,Avian,N6
2259_A/goose/Fujian/10.26,A/goose/Fujian/10.26_FZHX0004-O/2017_H5N6,-0.041419,-0.014358,0.005839,0.021775,Avian,N6
2260_A/goose/Fujian/10.26,A/goose/Fujian/10.26_FZHX0006-C/2017_H5N6,-0.042054,-0.01415,0.007183,0.021872,Avian,N6
2261_A/goose/Fujian/10.26,A/goose/Fujian/10.26_FZHX0006-O/2017_H5N6,-0.042054,-0.01415,0.007183,0.021872,Avian,N6
2262_A/goose/Fujian/10.26,A/goose/Fujian/10.26_FZHX0007-O/2017_H5N6,-0.043044,-0.013758,0.007506,0.022771,Avian,N6
2263_A/goose/Fujian/10.26,A/goose/Fujian/10.26_FZHX0008-C/2017_H5N6,-0.042054,-0.01415,0.007183,0.021872,Avian,N6
2264_A/goose/Fujian/10.26,A/goose/Fujian/10.26_FZHX0014-O/2017_H5N6,-0.042685,-0.013356,0.007468,0.022705,Avian,N6
2265_A/goose/Fujian/11.3_,A/goose/Fujian/11.3_FZHX1102-C/2016_H5N6,-0.045936,-0.020361,0.003742,0.026446,Avian,N6
2266_A/goose/Fujian/3.15_,A/goose/Fujian/3.15_FZHX0001-O/2018_H5N6,-0.047244,-0.016338,0.006108,0.031029,Avian,N6
2267_A/goose/Fujian/3.15_,A/goose/Fujian/3.15_FZHX0005-C/2018_H5N6,-0.046969,-0.015315,0.007627,0.027959,Avian,N6
2268_A/goose/Fujian/3.15_,A/goose/Fujian/3.15_FZHX0007-C/2018_H5N6,-0.045451,-0.002698,0.015934,0.033034,Avian,N6
2269_A/goose/Fujian/3.15_,A/goose/Fujian/3.15_FZHX0008-C/2018_H5N6,-0.047624,-0.01206,0.007422,0.026757,Avian,N6
2270_A/goose/Fujian/3.15_,A/goose/Fujian/3.15_FZHX0010-O/2018_H5N6,-0.048992,0.001779,0.011413,0.024602,Avian,N6
2271_A/goose/GuangDong/11,A/goose/GuangDong/1189/2023_H5N1,0.014293,0.017812,0.014392,0.014775,Avian,N1
2272_A/goose/Guangdong/7.,A/goose/Guangdong/7.20_DGCP010-C/2017_H5N6,-0.048773,-0.014366,0.007841,0.022424,Avian,N6
2273_A/goose/Guangdong/72,A/goose/Guangdong/72/2004_H5N1,0.030309,0.012566,-0.017965,0.022788,Avian,N1
2274_A/goose/Guangdong/QY,A/goose/Guangdong/QY01/2016_H5N6,-0.064741,-0.011134,0.008297,0.020568,Avian,N6
2275_A/goose/Guangdong/k0,A/goose/Guangdong/k0103/2010_H5N5,0.006969,-0.013708,-0.009623,0.045407,Avian,Others
2276_A/goose/Guangdong/s1,A/goose/Guangdong/s13124/2013_H5N8,0.040389,-0.016998,-0.047586,0.018156,Avian,N8
2277_A/goose/Hebei/HG12/2,A/goose/Hebei/HG12/2021_H5N8,0.035143,0.052501,0.021109,0.005075,Avian,N8
2278_A/goose/Henan/01.01_,A/goose/Henan/01.01_LYGL001-O/2017_H5N6,-0.037514,-0.01486,0.010234,0.021226,Avian,N6
2279_A/goose/Hong_Kong/23,A/goose/Hong_Kong/23/1978_H5N3,0.015073,0.01522,0.019427,0.004576,Avian,Others
2280_A/goose/Hubei/65/200,A/goose/Hubei/65/2005_H5N1,0.017948,0.001899,-0.027202,0.00748,Avian,N1
2281_A/goose/Inner_Mongol,A/goose/Inner_Mongolia/IM-192/2014_H5N1,0.049455,0.021853,0.01912,0.006352,Avian,N1
2282_A/goose/Jiangsu/QD5/,A/goose/Jiangsu/QD5/2014_H5N8,0.041305,0.000665,-0.024991,-0.008382,Avian,N8
2283_A/goose/Jiangsu/k040,A/goose/Jiangsu/k0403/2010_H5N1,0.033159,0.013588,-0.014497,0.007591,Avian,N1
2284_A/goose/Pingtung/150,A/goose/Pingtung/15010007-4/2015_H5N2,0.043337,-0.047932,0.023452,-0.016419,Avian,N2
2285_A/goose/Pingtung/150,A/goose/Pingtung/15010037-1/2015_H5N2,0.042476,-0.046381,0.022677,-0.016993,Avian,N2
2286_A/goose/Pingtung/150,A/goose/Pingtung/15050014/2015_H5N8,0.041244,-0.018977,-0.007535,-0.018341,Avian,N8
2287_A/goose/Pingtung/160,A/goose/Pingtung/16010061/2016_H5N8,0.03777,-0.022812,-0.008863,-0.014613,Avian,N8
2288_A/goose/Shantou/1763,A/goose/Shantou/1763/2014_H5N6,-0.053934,0.000735,-0.004417,-0.020445,Avian,N6
2289_A/goose/Tainan/16040,A/goose/Tainan/16040018-1/2016_H5N8,0.042288,-0.022273,-0.005297,-0.014506,Avian,N8
2290_A/goose/Tainan/16070,A/goose/Tainan/16070002/2016_H5N8,0.040197,-0.020726,-0.010152,-0.011935,Avian,N8
2291_A/goose/Tainan/17030,A/goose/Tainan/17030022-1/2017_H5N2,0.043327,-0.051688,0.028292,-0.019795,Avian,N2
2292_A/goose/Tainan/17030,A/goose/Tainan/17030024-1/2017_H5N2,0.045379,-0.054142,0.024067,-0.013808,Avian,N2
2293_A/goose/Tainan/18010,A/goose/Tainan/18010022-1/2018_H5N2,0.040956,-0.047566,0.019921,-0.010228,Avian,N2
2294_A/goose/Tainan/18050,A/goose/Tainan/18050014-1/2018_H5N2,0.04055,-0.033481,0.022133,-0.016673,Avian,N2
2295_A/goose/Taiwan/01019,A/goose/Taiwan/01019/2015_H5N8,0.02263,-0.035004,-0.033094,0.003995,Avian,N8
2296_A/goose/Taiwan/01022,A/goose/Taiwan/01022/2015_H5N2,0.041729,-0.047994,0.024369,-0.017863,Avian,N2
2297_A/goose/Taiwan/01023,A/goose/Taiwan/01023/2015_H5N2,0.039907,-0.047343,0.019088,-0.016421,Avian,N2
2298_A/goose/Taiwan/01031,A/goose/Taiwan/01031/2015_H5N2,0.044404,-0.04722,0.024106,-0.015803,Avian,N2
2299_A/goose/Taiwan/01038,A/goose/Taiwan/01038/2015_H5N3,0.014224,-0.010727,-0.007451,-0.022151,Avian,Others
2300_A/goose/Taiwan/01039,A/goose/Taiwan/01039/2015_H5N8,0.029784,-0.033229,-0.036166,0.030121,Avian,N8
2301_A/goose/Taiwan/01040,A/goose/Taiwan/01040/2015_H5N2,0.042453,-0.048567,0.025104,-0.014512,Avian,N2
2302_A/goose/Taiwan/TNC1/,A/goose/Taiwan/TNC1/2015_H5N8,0.02904,-0.029991,-0.039493,0.029509,Avian,N8
2303_A/goose/Taiwan/TNC10,A/goose/Taiwan/TNC10/2015_H5N8,0.028615,-0.030354,-0.039593,0.02956,Avian,N8
2304_A/goose/Taiwan/TNC11,A/goose/Taiwan/TNC11/2015_H5N8,0.023873,-0.036428,-0.037426,0.002342,Avian,N8
2305_A/goose/Taiwan/TNC12,A/goose/Taiwan/TNC12/2015_H5N8,0.028321,-0.030372,-0.039407,0.029604,Avian,N8
2306_A/goose/Taiwan/TNC14,A/goose/Taiwan/TNC14/2015_H5N8,0.027851,-0.030158,-0.039407,0.029601,Avian,N8
2307_A/goose/Taiwan/TNC3/,A/goose/Taiwan/TNC3/2015_H5N8,0.029758,-0.030252,-0.037018,0.030291,Avian,N8
2308_A/goose/Taiwan/TNC7/,A/goose/Taiwan/TNC7/2015_H5N8,0.028187,-0.030496,-0.039921,0.029399,Avian,N8
2309_A/goose/Taiwan/TNC9/,A/goose/Taiwan/TNC9/2015_H5N8,0.029219,-0.030832,-0.037276,0.029464,Avian,N8
2310_A/goose/Taiwan/TNO15,A/goose/Taiwan/TNO15/2015_H5N8,0.022317,-0.036771,-0.035837,0.001082,Avian,N8
2311_A/goose/Taiwan/TNO3/,A/goose/Taiwan/TNO3/2015_H5N8,0.02661,-0.02963,-0.036714,0.029807,Avian,N8
2312_A/goose/Taiwan/TNO9/,A/goose/Taiwan/TNO9/2015_H5N8,0.023359,-0.036149,-0.037039,0.00248,Avian,N8
2313_A/goose/Taoyuan/1501,A/goose/Taoyuan/15010041/2015_H5N8,0.028232,-0.032212,-0.039357,0.030767,Avian,N8
2314_A/goose/Taoyuan/1812,A/goose/Taoyuan/18120002-2/2018_H5N2,0.047994,-0.000218,0.010256,-0.017761,Avian,N2
2315_A/goose/Xinjiang/12.,A/goose/Xinjiang/12.18_WLMQXL001-C/2016_H5N6,-0.030463,-0.002394,0.019294,-0.017667,Avian,N6
2316_A/goose/Xinjiang/12.,A/goose/Xinjiang/12.18_WLMQXL002-O/2016_H5N6,-0.030244,-0.001387,0.019478,-0.018212,Avian,N6
2317_A/goose/Xinjiang/12.,A/goose/Xinjiang/12.18_WLMQXL003-C/2016_H5N8,0.043905,0.042078,-0.001166,-0.001684,Avian,N8
2318_A/goose/Xinjiang/12.,A/goose/Xinjiang/12.18_WLMQXL003-O/2016_H5N8,0.043955,0.040898,-0.000608,-0.000528,Avian,N8
2319_A/goose/Xinjiang/12.,A/goose/Xinjiang/12.18_WLMQXL004-C/2016_H5N8,0.044366,0.040718,-0.000945,-0.000863,Avian,N8
2320_A/goose/Xinjiang/12.,A/goose/Xinjiang/12.18_WLMQXL004-O/2016_H5N8,0.044136,0.039269,-0.001092,0.000724,Avian,N8
2321_A/goose/Yangzhou/042,A/goose/Yangzhou/0420/2014_H5N8,0.043279,0.003977,-0.028886,-0.014115,Avian,N8
2322_A/goose/Yangzhou/YZ5,A/goose/Yangzhou/YZ587/2016_H5N6,-0.036877,-0.019237,0.00761,0.019637,Avian,N6
2323_A/goose/Yunlin/15010,A/goose/Yunlin/15010005/2015_H5N2,0.04277,-0.048318,0.02484,-0.015847,Avian,N2
2324_A/goose/Yunlin/15010,A/goose/Yunlin/15010009-1/2015_H5N2,0.045393,-0.046731,0.024151,-0.015455,Avian,N2
2325_A/goose/Yunlin/15010,A/goose/Yunlin/15010010-2/2015_H5N2,0.042548,-0.049248,0.024255,-0.015377,Avian,N2
2326_A/goose/Yunlin/15010,A/goose/Yunlin/15010011-1/2015_H5N2,0.042717,-0.050534,0.026314,-0.012322,Avian,N2
2327_A/goose/Yunlin/15010,A/goose/Yunlin/15010029-1/2015_H5N2,0.043228,-0.048478,0.026676,-0.014639,Avian,N2
2328_A/goose/Yunlin/15040,A/goose/Yunlin/15040040/2015_H5N8,0.022861,-0.035843,-0.03394,0.005626,Avian,N8
2329_A/goose/Yunlin/16020,A/goose/Yunlin/16020008-4/2016_H5N2,0.038894,-0.040996,0.022775,-0.010692,Avian,N2
2330_A/goose/Yunlin/16020,A/goose/Yunlin/16020011-1/2016_H5N2,0.037554,-0.041803,0.016009,-0.013686,Avian,N2
2331_A/goose/Yunlin/16040,A/goose/Yunlin/16040002-2/2016_H5N2,0.041899,-0.044085,0.019857,-0.007058,Avian,N2
2332_A/goose/Yunlin/17100,A/goose/Yunlin/17100005/2017_H5N2,0.044771,-0.055612,0.023115,-0.017526,Avian,N2
2333_A/goose/Yunlin/18030,A/goose/Yunlin/18030020-2/2018_H5N2,0.027688,-0.026086,0.026298,-0.016586,Avian,N2
2334_A/goose/Yunlin/18030,A/goose/Yunlin/18030020-3/2018_H5N2,0.029919,-0.025825,0.027369,-0.017544,Avian,N2
2335_A/goose/Yunlin/18040,A/goose/Yunlin/18040002-3/2018_H5N2,0.040699,-0.037119,0.01979,-0.013544,Avian,N2
2336_A/goose/Yunlin/18040,A/goose/Yunlin/18040018-2/2018_H5N2,0.043425,-0.040816,0.025552,-0.018931,Avian,N2
2337_A/goose/Yunlin/18090,A/goose/Yunlin/18090002-3/2018_H5N2,0.041293,-0.03239,0.020397,-0.015836,Avian,N2
2338_A/goose/Yunlin/18090,A/goose/Yunlin/18090006-1/2018_H5N2,0.040704,-0.045357,0.012255,-0.012707,Avian,N2
2339_A/goose/Yunlin/18110,A/goose/Yunlin/18110002-3/2018_H5N2,0.053204,0.005211,0.013666,-0.018993,Avian,N2
2340_A/goose/Yunnan/3798/,A/goose/Yunnan/3798/2006_H5N1,0.007827,-0.007928,-0.030641,0.002121,Avian,N1
2341_A/goose/Yunnan/4371/,A/goose/Yunnan/4371/2006_H5N1,0.009171,-0.006067,-0.030775,0.002288,Avian,N1
2342_A/goose/Yunnan/4389/,A/goose/Yunnan/4389/2006_H5N1,0.008911,-0.006133,-0.030219,0.002487,Avian,N1
2343_A/goose/Yunnan/4985/,A/goose/Yunnan/4985/2006_H5N1,0.008671,-0.005319,-0.029651,0.000936,Avian,N1
2344_A/goose/Yunnan/5141/,A/goose/Yunnan/5141/2006_H5N1,0.003404,-0.01203,-0.034424,0.002738,Avian,N1
2345_A/goose/Yunnan/5769/,A/goose/Yunnan/5769/2006_H5N1,0.013604,-0.002408,-0.032005,0.007773,Avian,N1
2346_A/goose/Yunnan/5979/,A/goose/Yunnan/5979/2006_H5N1,0.013662,-0.003248,-0.033847,0.008091,Avian,N1
2347_A/goose/Yunnan/6193/,A/goose/Yunnan/6193/2006_H5N1,0.01228,-0.003566,-0.032612,0.00265,Avian,N1
2348_A/goose/Zhejiang/112,A/goose/Zhejiang/1120132/2014_H5N6,-0.016417,-0.004712,-0.006973,-0.023167,Avian,N6
2349_A/goose/Zhejiang/112,A/goose/Zhejiang/112071/2014_H5N1,0.017688,0.003439,-0.010596,-0.026024,Avian,N1
2350_A/goose/Zhejiang/112,A/goose/Zhejiang/112080/2014_H5N6,-0.020827,0.005472,0.000843,-0.028714,Avian,N6
2351_A/goose/Zhejiang/727,A/goose/Zhejiang/727092/2014_H5N6,-0.058525,0.00455,-0.011351,-0.026245,Avian,N6
2352_A/goose/Zhejiang/727,A/goose/Zhejiang/727098/2014_H5N1,0.015475,0.005025,-0.026479,-0.006249,Avian,N1
2353_A/goose/Zhejiang/727,A/goose/Zhejiang/727110/2014_H5N6,-0.05885,0.000572,-0.011638,-0.023666,Avian,N6
2354_A/goose/Zhejiang/771,A/goose/Zhejiang/77166/2014_H5N2,-0.006469,-0.009794,-0.023664,-0.027314,Avian,N2
2355_A/goose/Zhejiang/771,A/goose/Zhejiang/77167/2014_H5N2,-0.005534,-0.01087,-0.02774,-0.025476,Avian,N2
2356_A/goose/Zhejiang/771,A/goose/Zhejiang/77168/2014_H5N2,-0.003927,-0.012243,-0.027577,-0.025894,Avian,N2
2357_A/goose/Zhejiang/925,A/goose/Zhejiang/925036/2014_H5N6,-0.051569,-0.008241,-0.013657,-0.015088,Avian,N6
2358_A/goose/Zhejiang/925,A/goose/Zhejiang/925037/2014_H5N8,0.041406,-0.003768,-0.0071,-0.009193,Avian,N8
2359_A/goose/Zhejiang/925,A/goose/Zhejiang/925104/2014_H5N8,0.045977,0.002347,-0.019729,-0.01278,Avian,N8
2360_A/goose/Zhejiang/925,A/goose/Zhejiang/925105/2014_H5N6,-0.037678,0.012948,-0.013696,-0.041391,Avian,N6
2361_A/goose/Zhejiang/925,A/goose/Zhejiang/925106/2014_H5N6,0.001492,-0.011714,0.007221,-0.015665,Avian,N6
2362_A/goose/Zhejiang/925,A/goose/Zhejiang/925108/2014_H5N6,-0.034415,0.013596,-0.014817,-0.040467,Avian,N6
2363_A/great_black-headed,A/great_black-headed_gull/Qinghai/8/2009_H5N1,0.023248,0.016384,-0.021638,0.008408,Avian,N1
2364_A/great_crested-greb,A/great_crested-grebe/Qinghai/1/2009_H5N1,0.02164,0.015227,-0.021259,0.010476,Avian,N1
2365_A/great_egret/Hong_K,A/great_egret/Hong_Kong/807/2008_H5N1,0.01536,0.018064,-0.049193,0.006831,Avian,N1
2366_A/great_tit/Panjing/,A/great_tit/Panjing/PJ-66/2013_H5N1,0.046103,0.030683,0.007019,-0.021143,Avian,N1
2367_A/green-winged_teal/,A/green-winged_teal/Xianghai/430/2011_H5N2,0.030985,0.008734,0.041906,-0.010978,Avian,N2
2368_A/grey_heron/Hong_Ko,A/grey_heron/Hong_Kong/1046/2008_H5N1,0.009814,0.021817,-0.047921,0.002161,Avian,N1
2369_A/grey_heron/Hong_Ko,A/grey_heron/Hong_Kong/3088/2007_H5N1,0.010649,0.014611,-0.042603,0.004427,Avian,N1
2370_A/heron/Kaohsiung/15,A/heron/Kaohsiung/15WB3284-1-5/2015_H5N3,0.018621,0.013419,0.032612,-0.019681,Avian,Others
2371_A/heron/Yilan/17DB00,A/heron/Yilan/17DB0001/2017_H5N2,0.047291,-0.0474,0.032103,-0.014765,Avian,N2
2372_A/hill_myna/Heilongj,A/hill_myna/Heilongjiang/0704/2012_H5N1,-0.001095,0.017913,-0.038352,-0.008299,Avian,N1
2373_A/lesser_kestrel/Hei,A/lesser_kestrel/Heilongjiang/194/2007_H5N1,0.013627,0.004114,-0.010397,-0.026981,Avian,N1
2374_A/lion/Hubei/1-2/201,A/lion/Hubei/1-2/2016_H5N1,0.032058,0.022917,0.010849,-0.000651,Nonhuman Mammal,N1
2375_A/little_egret/Hong_,A/little_egret/Hong_Kong/8550/2007_H5N1,0.006527,0.01013,-0.038954,0.000762,Avian,N1
2376_A/little_grebe/Xiang,A/little_grebe/Xianghai/429/2011_H5N2,0.01783,-0.016419,0.019964,0.00556,Avian,N2
2377_A/magpie_robin/Hong_,A/magpie_robin/Hong_Kong/1097/2008_H5N1,0.009883,0.018662,-0.043929,0.005377,Avian,N1
2378_A/magpie_robin/Hong_,A/magpie_robin/Hong_Kong/1897/2008_H5N1,0.011398,0.020849,-0.041482,0.004143,Avian,N1
2379_A/mallard/Shanghai/S,A/mallard/Shanghai/SH-9/2013_H5N8,0.044944,0.003824,-0.029941,-0.007458,Avian,N8
2380_A/meerkat/Shanghai/S,A/meerkat/Shanghai/SH-1/2012_H5N1,0.013844,0.017605,-0.013882,-0.010787,Avian,N1
2381_A/migratory_waterfow,A/migratory_waterfowl/Hubei/Chenhu1306/2014_H5N6,-0.046288,0.013724,-0.010437,-0.040335,Avian,N6
2382_A/migratory_waterfow,A/migratory_waterfowl/Hubei/Chenhu1347/2014_H5N6,-0.045058,0.013465,-0.011493,-0.04039,Avian,N6
2383_A/mink/China/181/201,A/mink/China/181/2019_H5N6,-0.04793,-0.01536,-0.001677,0.024958,Nonhuman Mammal,N6
2384_A/mink/China/183/201,A/mink/China/183/2019_H5N6,-0.051105,-0.016377,0.006655,0.023235,Nonhuman Mammal,N6
2385_A/mink/China/191/201,A/mink/China/191/2019_H5N6,-0.050841,-0.011864,0.006139,0.022507,Nonhuman Mammal,N6
2386_A/mink/China/456/201,A/mink/China/456/2018_H5N6,-0.043709,-0.001551,0.017353,0.030619,Nonhuman Mammal,N6
2387_A/mink/China/G/2015_,A/mink/China/G/2015_H5N1,-0.002478,0.019561,-0.057846,0.001706,Nonhuman Mammal,N1
2388_A/mink/China/XB/2015,A/mink/China/XB/2015_H5N1,0.02845,0.027574,0.011429,-0.005631,Nonhuman Mammal,N1
2389_A/mink/Eastern_China,A/mink/Eastern_China/006/2018_H5N6,-0.011643,0.017607,0.014947,-0.005392,Nonhuman Mammal,N6
2390_A/mink/Eastern_China,A/mink/Eastern_China/0712/2018_H5N1,0.016019,-0.011108,-0.046554,0.000467,Nonhuman Mammal,N1
2391_A/mink/Eastern_China,A/mink/Eastern_China/149/2018_H5N6,-0.060598,-0.000805,0.016909,0.010935,Nonhuman Mammal,N6
2392_A/mink/Eastern_China,A/mink/Eastern_China/528/2018_H5N6,-0.011425,0.021133,0.016375,-0.01243,Nonhuman Mammal,N6
2393_A/mink/Eastern_China,A/mink/Eastern_China/571/2018_H5N6,-0.047609,-0.009855,-0.001598,0.024261,Nonhuman Mammal,N6
2394_A/mink/Northern_Chin,A/mink/Northern_China/110/2018_H5N6,-0.015895,0.033718,0.017562,0.003967,Nonhuman Mammal,N6
2395_A/night_heron/Taiwan,A/night_heron/Taiwan/A289/2015_H5N2,0.04253,-0.048487,0.023883,-0.013308,Avian,N2
2396_A/oriental_magpie_ro,A/oriental_magpie_robin/HK/6154/2015_H5N6,-0.018893,0.008285,0.020379,0.011452,Avian,N6
2397_A/ostrich/Suzhou/097,A/ostrich/Suzhou/097/2003_H5N1,0.033438,0.015858,-0.014938,0.02043,Avian,N1
2398_A/parrot/Guangdong/2,A/parrot/Guangdong/258/2004_H5N2,0.023905,0.009414,0.005977,-0.007708,Avian,N2
2399_A/parrot/Guangdong/C,A/parrot/Guangdong/C99/2005_H5N1,0.032583,0.017349,-0.020094,0.023526,Avian,N1
2400_A/partridge/Shantou/,A/partridge/Shantou/2886/2003_H5N1,0.038623,0.013974,-0.010369,0.022439,Avian,N1
2401_A/peacock/Yunnan/1/2,A/peacock/Yunnan/1/2015_H5N1,0.022021,0.017881,-0.000034,0.009924,Avian,N1
2402_A/peacock/Yunnan/3/2,A/peacock/Yunnan/3/2015_H5N1,0.024005,0.015354,0.00345,0.010833,Avian,N1
2403_A/peregrine_falcon/H,A/peregrine_falcon/Hong_Kong/2142/2008_H5N1,0.031957,0.00471,-0.015874,0.017755,Avian,N1
2404_A/pheasant/Shantou/3,A/pheasant/Shantou/3535/2003_H5N1,0.044739,0.022483,-0.014356,0.020815,Avian,N1
2405_A/pheasant/Shantou/4,A/pheasant/Shantou/4567/2002_H5N1,0.028294,0.017754,-0.012657,0.030264,Avian,N1
2406_A/pied_megpie/Liaoni,A/pied_megpie/Liaoning/7/2006_H5N1,0.031861,0.00919,-0.020853,0.028654,Avian,N1
2407_A/pigeon/Fujian/1.17,A/pigeon/Fujian/1.17_FZHX0104-O/2017_H5N6,-0.046847,-0.018712,0.00196,0.028824,Avian,N6
2408_A/pigeon/Hainan/1.14,A/pigeon/Hainan/1.14_HKPL006-C/2018_H5N6,-0.048929,-0.01271,0.001741,0.033034,Avian,N6
2409_A/pigeon/Hubei/RP25/,A/pigeon/Hubei/RP25/2012_H5N1,0.020085,0.005073,-0.022061,0.030497,Avian,N1
2410_A/pigeon/Sichuan/NCX,A/pigeon/Sichuan/NCXN29/2014_H5N1,-0.025763,0.010964,-0.037767,-0.018604,Avian,N1
2411_A/pigeon/Zhejiang/11,A/pigeon/Zhejiang/112089/2014_H5N1,0.010995,0.007929,-0.013648,-0.021046,Avian,N1
2412_A/pigeon/Zhejiang/11,A/pigeon/Zhejiang/112090/2014_H5N1,0.009435,0.002063,-0.012037,-0.014298,Avian,N1
2413_A/pigeon/Zhejiang/72,A/pigeon/Zhejiang/727097/2014_H5N1,0.015734,0.00624,-0.026216,-0.007977,Avian,N1
2414_A/plateau_pika/Qingh,A/plateau_pika/Qinghai/04/2007_H5N1,0.023753,0.009667,-0.009842,0.028288,Nonhuman Mammal,N1
2415_A/quail/Guangxi/11/2,A/quail/Guangxi/11/2002_H5N1,0.043033,0.034987,-0.010103,0.021702,Avian,N1
2416_A/quail/Guangxi/12/2,A/quail/Guangxi/12/2002_H5N1,0.040689,0.03697,-0.010818,0.020962,Avian,N1
2417_A/quail/Guangxi/13/2,A/quail/Guangxi/13/2002_H5N1,0.041568,0.038418,-0.006782,0.021318,Avian,N1
2418_A/quail/Jiangsu/k010,A/quail/Jiangsu/k0104/2010_H5N5,0.006893,-0.002652,-0.010012,0.021311,Avian,Others
2419_A/quail/Nanchang/663,A/quail/Nanchang/6631/2013_H5N1,-0.015423,0.018967,-0.037439,-0.019084,Avian,N1
2420_A/shrike/Tibet/13/20,A/shrike/Tibet/13/2006_H5N1,0.015448,-0.00421,-0.027331,0.020324,Avian,N1
2421_A/silkie_chicken/Don,A/silkie_chicken/Dongguan/2809/2013_H5N6,-0.058633,-0.002892,-0.007795,-0.013472,Avian,N6
2422_A/silky_chicken/Shan,A/silky_chicken/Shantou/475/2004_H5N1,0.036127,0.013818,-0.020326,0.026266,Avian,N1
2423_A/spot-billed_duck/N,A/spot-billed_duck/Ningxia/YG83/2017_H5N6,0.003668,0.02306,0.020629,-0.006243,Avian,N6
2424_A/spot-billed_duck/N,A/spot-billed_duck/Ningxia/YG87/2017_H5N6,0.020397,0.022389,0.01443,-0.005109,Avian,N6
2425_A/spot-billed_duck/N,A/spot-billed_duck/Ningxia/YG93/2017_H5N6,0.026271,0.03392,0.016541,-0.0001,Avian,N6
2426_A/spot-billed_duck/X,A/spot-billed_duck/Xianghai/427/2011_H5N2,0.020828,0.002506,0.041195,-0.012038,Avian,N2
2427_A/swan_goose/Jilin/J,A/swan_goose/Jilin/JL01/2014_H5N6,-0.044166,0.015363,-0.01877,-0.046975,Avian,N6
2428_A/swan/China/ST/2016,A/swan/China/ST/2016_H5N8,0.041674,0.047602,-0.002915,-0.005322,Avian,N8
2429_A/swan/Shandong/W376,A/swan/Shandong/W3762/2020_H5N8,0.034138,0.019745,-0.018694,-0.002461,Avian,N8
2430_A/swan/Shanghai/10/2,A/swan/Shanghai/10/2009_H5N1,0.01159,0.011536,-0.038427,-0.001852,Avian,N1
2431_A/swine/China/RZ/201,A/swine/China/RZ/2018_H5N6,-0.046055,-0.008778,0.002394,0.024195,Nonhuman Mammal,N6
2432_A/swine/Guangdong/1/,A/swine/Guangdong/1/2014_H5N6,-0.056986,-0.001692,-0.010606,-0.021924,Nonhuman Mammal,N6
2433_A/swine/Guangdong/2/,A/swine/Guangdong/2/2014_H5N6,-0.055928,-0.001358,-0.010584,-0.019872,Nonhuman Mammal,N6
2434_A/swine/Guangxi/592/,A/swine/Guangxi/592/2011_H5N1,-0.003578,0.031879,-0.044039,-0.006736,Nonhuman Mammal,N1
2435_A/swine/Jiangsu/1/20,A/swine/Jiangsu/1/2008_H5N1,0.031111,-0.001048,-0.02537,0.001051,Nonhuman Mammal,N1
2436_A/swine/Jiangsu/2/20,A/swine/Jiangsu/2/2009_H5N1,0.010794,0.001969,-0.027888,-0.006074,Nonhuman Mammal,N1
2437_A/swine/Shandong/SD1,A/swine/Shandong/SD1/2014_H5N1,0.034112,0.029589,-0.00684,0.018279,Nonhuman Mammal,N1
2438_A/swine/Zhejiang/SW5,A/swine/Zhejiang/SW57/2015_H5N1,0.016422,0.004219,-0.025258,-0.007948,Nonhuman Mammal,N1
2439_A/thrush/Taipei_City,A/thrush/Taipei_City/15120021/2015_H5N2,0.040489,-0.041503,0.021938,-0.020278,Avian,N2
2440_A/thrush/Taiwan/A234,A/thrush/Taiwan/A234/2015_H5N2,0.042015,-0.046763,0.023183,-0.013714,Avian,N2
2441_A/tiger/Yunnan/tig14,A/tiger/Yunnan/tig1404/2014_H5N1,-0.026987,0.012053,-0.024816,-0.012673,Nonhuman Mammal,N1
2442_A/tiger/Yunnan/tig14,A/tiger/Yunnan/tig1412/2014_H5N1,-0.009147,0.022966,-0.038946,-0.012969,Nonhuman Mammal,N1
2443_A/tiger/Yunnan/tig15,A/tiger/Yunnan/tig1508/2015_H5N1,0.021913,0.030078,0.006092,0.00085,Nonhuman Mammal,N1
2444_A/turkey/Changhua/16,A/turkey/Changhua/16010011-1/2016_H5N2,0.038147,-0.042952,0.018077,-0.012298,Avian,N2
2445_A/turkey/Chiayi/1702,A/turkey/Chiayi/17020092-2/2017_H5N8,0.038504,-0.019661,-0.005191,-0.017004,Avian,N8
2446_A/turkey/Chiayi/1801,A/turkey/Chiayi/18010013-3/2018_H5N2,0.042864,-0.047123,0.019233,-0.013203,Avian,N2
2447_A/turkey/Yunlin/1506,A/turkey/Yunlin/15060049-1/2015_H5N2,0.04512,-0.046366,0.024601,-0.010577,Avian,N2
2448_A/turkey/Yunlin/1802,A/turkey/Yunlin/18020020-2/2018_H5N2,0.042077,-0.046097,0.021456,-0.010281,Avian,N2
2449_A/turkey/Yunlin/1811,A/turkey/Yunlin/18110001-3/2018_H5N2,0.045379,-0.038419,0.01958,-0.017306,Avian,N2
2450_A/turkey/Yunlin/1812,A/turkey/Yunlin/18120005-2/2018_H5N2,0.051413,0.009292,0.009584,-0.022355,Avian,N2
2451_A/turtle_dove/Guangd,A/turtle_dove/Guangdong/300/2005_H5N1,0.015367,-0.00284,-0.028999,0.012332,Avian,N1
2452_A/turtledove/Wuhan/H,A/turtledove/Wuhan/HKBJ43/2015_H5N6,-0.050809,0.003734,-0.007707,-0.030803,Avian,N6
2453_A/turtledove/Wuhan/W,A/turtledove/Wuhan/WHBJ12/2014_H5N6,-0.053228,0.007263,-0.006678,-0.03221,Avian,N6
2454_A/turtledove/Wuhan/W,A/turtledove/Wuhan/WHBJ28/2014_H5N6,-0.052615,0.006953,-0.006793,-0.031796,Avian,N6
2455_A/waterfowl/Hong_Kon,A/waterfowl/Hong_Kong/378.5/2001_H5N1,0.041245,0.026121,-0.003038,0.019955,Avian,N1
2456_A/white-naped_crane/,A/white-naped_crane/China/ya3/2018_H5N6,-0.037382,-0.008289,0.007295,0.024242,Avian,N6
2457_A/whooper_swan/Shanx,A/whooper_swan/Shanxi/RC01/2016_H5N8,0.044656,0.045697,0.00101,-0.005919,Avian,N8
2458_A/wild_bird/Eastern_,A/wild_bird/Eastern_China/1754/2017_H5N3,0.008378,0.046538,0.019674,-0.024999,Avian,Others
2459_A/wild_bird/Eastern_,A/wild_bird/Eastern_China/1758/2017_H5N3,0.006658,0.043631,0.017252,-0.025706,Avian,Others
2460_A/wild_bird/Eastern_,A/wild_bird/Eastern_China/1759/2017_H5N3,0.007663,0.044525,0.018579,-0.025378,Avian,Others
2461_A/wild_bird/Taipei/0,A/wild_bird/Taipei/04WB12-522-11-15/2004_H5N6,0.006208,0.039134,0.024416,-0.019407,Avian,N6
2462_A/wild_duck/Fujian/1,A/wild_duck/Fujian/1/2011_H5N1,0.001264,0.033362,-0.044644,-0.00664,Avian,N1
2463_A/wild_duck/Fujian/2,A/wild_duck/Fujian/2/2011_H5N1,0.002168,0.03236,-0.045014,-0.008815,Avian,N1
2464_A/wild_duck/Jilin/HF,A/wild_duck/Jilin/HF/2011_H5N1,0.0107,0.034132,-0.021844,0.008035,Avian,N1
2465_A/wild_duck/Jilin/ZF,A/wild_duck/Jilin/ZF/2011_H5N1,0.023507,0.021446,-0.013922,-0.010831,Avian,N1
2466_A/wild_duck/Liaoning,A/wild_duck/Liaoning/8/2006_H5N1,0.041442,0.011327,-0.018321,0.028748,Avian,N1
2467_A/wild_duck/Shandong,A/wild_duck/Shandong/1/2011_H5N1,0.039818,0.001653,-0.029533,0.013959,Avian,N1
2468_A/wild_duck/Shandong,A/wild_duck/Shandong/2/2011_H5N1,0.029464,0.021764,-0.038476,-0.00373,Avian,N1
2469_A/wild_duck/Shandong,A/wild_duck/Shandong/628/2011_H5N1,0.022651,-0.015013,-0.035481,0.039954,Avian,N1
2470_A/wild_duck/Shandong,A/wild_duck/Shandong/W3580/2020_H5N8,0.037437,0.052784,0.021076,0.007457,Avian,N8
2471_A/wild_pigeon/Jilin/,A/wild_pigeon/Jilin/CC01/2014_H5N6,-0.052178,0.001093,-0.013831,-0.022656,Avian,N6
2472_A/Eurasian_Wigeon/Ni,A/Eurasian_Wigeon/Ningxia/476-12/2015_H5N6,-0.05248,0.012206,-0.010261,-0.013287,Avian,N6
