label,Isolate,Axis1,Axis2,Axis3,Axis4,Host,Subtype
1_A/Indonesia/5/2005,A/Indonesia/5/2005,-0.010523,0.048242,-0.060667,0.047992,Human,N1
2_A/Hong_Kong/483/1997,A/Hong Kong/483/1997,0.061736,0.047196,0.000449,-0.00837,Human,N1
3_A/Hong_Kong/482/97,A/Hong Kong/482/97,0.039226,0.048355,-0.030543,-0.012422,Human,N1
4_A/Chicken/HongKong/F,A/Chicken/HongKong/FY150/01,-0.007694,0.029206,-0.042318,0.006916,Avian,N1
5_A/Chicken/HongKong/Y,A/Chicken/HongKong/YU822.2/01,-0.029005,0.030412,-0.033029,0.058094,Avian,N1
6_A/Chicken/HongKong/Y,A/Chicken/HongKong/YU562/01,-0.025076,0.030762,-0.020988,0.06202,Avian,N1
7_A/Pheasant/Hong_Kong,A/Pheasant/Hong Kong/FY155/01,-0.006573,0.030388,-0.042585,0.019473,Avian,N1
8_A/Hong_Kong/486/97,A/Hong Kong/486/97,0.039134,0.048158,-0.030744,-0.011975,Human,N1
9_A/Thailand/16/2004,A/Thailand/16/2004,-0.008456,0.039376,-0.044411,0.066314,Human,N1
10_A/Hong_Kong/538/97,A/Hong Kong/538/97,0.028664,0.040291,-0.045278,-0.007999,Human,N1
11_A/chicken/Indonesia/,A/chicken/Indonesia/7/2003,-0.049867,0.056103,-0.067076,0.052333,Avian,N1
12_A/chicken/Korea/ES/0,A/chicken/Korea/ES/03,-0.020815,0.059539,-0.069323,0.060285,Avian,N1
13_A/Hong_Kong/156/97,A/Hong Kong/156/97,0.044493,0.047293,-0.029281,-0.002294,Human,N1
14_A/whooper_swan/Mongo,A/whooper swan/Mongolia/244/2005,-0.01829,0.077258,-0.061853,0.021098,Avian,N1
15_A/Vietnam/UT3062/200,A/Vietnam/UT3062/2004,-0.031143,0.028343,-0.044979,0.055169,Human,N1
16_A/Anas_crecca/Hubei/,A/Anas_crecca/Hubei/Chenhu1623-5/2014_H5N6,-0.115448,-0.004239,-0.014295,0.013696,Avian,N6
17_A/Anas_crecca/Hubei/,A/Anas_crecca/Hubei/Chenhu1623-5/2014,-0.115448,-0.004239,-0.014295,0.013696,Avian,N6
18_A/Anas_platyrhynchos,A/Anas_platyrhynchos/Chongming/H5N1_1/2024,0.044561,-0.013205,-0.018933,0.065359,Avian,N1
19_A/Anas_platyrhynchos,A/Anas_platyrhynchos/Jiujiang/H5N1/2024,0.044561,-0.013205,-0.018933,0.065359,Avian,N1
20_A/Anhui/1/2005|EPI_I,A/Anhui/1/2005,-0.0715,0.021757,-0.039279,0.031938,Human,N1
21_A/Anhui/1/2006|EPI_I,A/Anhui/1/2006,-0.053912,0.037426,-0.035344,0.035538,Human,N1
22_A/Anhui/2/2005|EPI_I,A/Anhui/2/2005,-0.071003,0.021487,-0.034003,0.039738,Human,N1
23_A/Anhui/2021-00011/2,A/Anhui/2021-00011/2020,-0.077717,0.00582,0.065227,-0.022663,Human,N6
24_A/Anhui/33163/2016|E,A/Anhui/33163/2016,0.06319,-0.051029,-0.11696,-0.048194,Human,N6
25_A/Anser_albifrons/Hu,A/Anser_albifrons/Hubei/Chenhu586/2013_H5N3,0.05318,-0.035703,-0.017714,0.060158,Avian,Others
26_A/Anser_cygnoides/Ch,A/Anser_cygnoides/China/P126/2015,-0.072446,-0.018364,0.022174,-0.000212,Avian,N1
27_A/Anser_cygnoides/Hu,A/Anser_cygnoides/Hubei/FW44/2016,0.105697,-0.064327,-0.026595,0.030108,Avian,N8
28_A/Anser_fabalis/Huna,A/Anser_fabalis/Hunan/03.09__YYDTH0007/2015(H5N6),-0.115066,-0.005561,0.002974,0.046064,Avian,N6
29_A/Anser_fabalis/Jiuj,A/Anser_fabalis/Jiujiang/H5N1/2024,0.044561,-0.013205,-0.018933,0.065359,Avian,N1
30_A/bar_headed_goose/T,A/bar_headed_goose/Tibet/T1707/2021,0.06442,-0.116036,0.009194,-0.055515,Avian,N8
31_A/Bar-headed_Goose/Q,A/Bar-headed_Goose/Qinghai/A11/2016,0.095235,-0.066033,0.00001,0.040394,Avian,N8
32_A/Bar-headed_Goose/Q,A/Bar-headed_Goose/Qinghai/A13/2016,0.095089,-0.06812,-0.009324,0.03857,Avian,N8
33_A/Bar-headed_Goose/Q,A/Bar-headed_Goose/Qinghai/a15/2016,0.091578,-0.068742,-0.006856,0.022071,Avian,N8
34_A/Bar-headed_Goose/Q,A/Bar-headed_Goose/Qinghai/A16/2016,0.092629,-0.060508,-0.012579,0.012504,Avian,N8
35_A/Bar-headed_Goose/Q,A/Bar-headed_Goose/Qinghai/A17/2016,0.086866,-0.068363,-0.000243,0.02426,Avian,N8
36_A/Bar-headed_Goose/Q,A/Bar-headed_Goose/Qinghai/A19/2016,0.080475,-0.07862,-0.011454,0.025137,Avian,N8
37_A/Bar-headed_Goose/Q,A/Bar-headed_Goose/Qinghai/A20/2016,0.091731,-0.069227,-0.006237,0.022176,Avian,N8
38_A/Bar-headed_Goose/Q,A/Bar-headed_Goose/Qinghai/A22/2016,0.0924,-0.071331,-0.006875,0.025658,Avian,N8
39_A/Bar-headed_Goose/Q,A/Bar-headed_Goose/Qinghai/A23/2016,0.08376,-0.06821,-0.000355,0.023571,Avian,N8
40_A/Bar-headed_Goose/Q,A/Bar-headed_Goose/Qinghai/a24/2016,0.091731,-0.069227,-0.006237,0.022176,Avian,N8
41_A/Bar-headed_Goose/Q,A/Bar-headed_Goose/Qinghai/a26/2016,0.091731,-0.069227,-0.006237,0.022176,Avian,N8
42_A/Bar-headed_Goose/Q,A/Bar-headed_Goose/Qinghai/a27/2016,0.091772,-0.072802,-0.005478,0.010742,Avian,N8
43_A/Bar-headed_Goose/Q,A/Bar-headed_Goose/Qinghai/a32/2016,0.091731,-0.069227,-0.006237,0.022176,Avian,N8
44_A/Bar-headed_Goose/Q,A/Bar-headed_Goose/Qinghai/a43/2016,0.091731,-0.069227,-0.006237,0.022176,Avian,N8
45_A/Bar-headed_Goose/Q,A/Bar-headed_Goose/Qinghai/a45/2016,0.091731,-0.069227,-0.006237,0.022176,Avian,N8
46_A/Bar-headed_Goose/Q,A/Bar-headed_Goose/Qinghai/a61/2016,0.091731,-0.069227,-0.006237,0.022176,Avian,N8
47_A/Bar-headed_Goose/Q,A/Bar-headed_Goose/Qinghai/a88/2016,0.091731,-0.069227,-0.006237,0.022176,Avian,N8
48_A/Bar-headed_Goose/Q,A/Bar-headed_Goose/Qinghai/a91/2016,0.089245,-0.07604,-0.00995,0.009524,Avian,N8
49_A/Bar-headed_Goose/Q,A/Bar-headed_Goose/Qinghai/a92/2016,0.091731,-0.069227,-0.006237,0.022176,Avian,N8
50_A/Bar-headed_Goose/Q,A/Bar-headed_Goose/Qinghai/a93/2016,0.088589,-0.058009,-0.015124,0.015074,Avian,N8
51_A/Bar-headed_Goose/Q,A/Bar-headed_Goose/Qinghai/a113/2016,0.091731,-0.069227,-0.006237,0.022176,Avian,N8
52_A/Bar-headed_Goose/Q,A/Bar-headed_Goose/Qinghai/a114/2016,0.086866,-0.068363,-0.000243,0.02426,Avian,N8
53_A/Bar-headed_Goose/Q,A/Bar-headed_Goose/Qinghai/a115/2016,0.095235,-0.066033,0.00001,0.040394,Avian,N8
54_A/Bar-headed_Goose/Q,A/Bar-headed_Goose/Qinghai/a210/2017,0.100224,-0.072146,-0.001207,0.043822,Avian,N8
55_A/Bar-headed_Goose/Q,A/Bar-headed_Goose/Qinghai/a218/2017,0.101316,-0.075427,-0.0044,0.0459,Avian,N8
56_A/Bar-headed_Goose/Q,A/Bar-headed_Goose/Qinghai/a237/2017,0.100224,-0.072146,-0.001207,0.043822,Avian,N8
57_A/Bar-headed_Goose/Q,A/Bar-headed_Goose/Qinghai/a765/2017,0.100224,-0.072146,-0.001207,0.043822,Avian,N8
58_A/Bar-headed_Goose/Q,A/Bar-headed_Goose/Qinghai/a893/2017,0.100224,-0.072146,-0.001207,0.043822,Avian,N8
59_A/Bar-headed_Goose/Q,A/Bar-headed_Goose/Qinghai/B11/2016,0.091731,-0.069227,-0.006237,0.022176,Avian,N8
60_A/Bar-headed_Goose/Q,A/Bar-headed_Goose/Qinghai/B12/2016,0.088589,-0.058009,-0.015124,0.015074,Avian,N8
61_A/Bar-headed_Goose/Q,A/Bar-headed_Goose/Qinghai/B34/2016,0.088589,-0.058009,-0.015124,0.015074,Avian,N8
62_A/Bar-headed_Goose/Q,A/Bar-headed_Goose/Qinghai/B44/2016,0.095312,-0.068953,-0.003867,0.024757,Avian,N8
63_A/Bar-headed_Goose/Q,A/Bar-headed_Goose/Qinghai/B51/2016,0.087977,-0.05665,-0.014587,0.011195,Avian,N8
64_A/Bar-headed_Goose/Q,A/Bar-headed_Goose/Qinghai/B54/2016,0.091731,-0.069227,-0.006237,0.022176,Avian,N8
65_A/Bar-headed_Goose/Q,A/Bar-headed_Goose/Qinghai/B655/2017,0.101316,-0.075427,-0.0044,0.0459,Avian,N8
66_A/Bar-headed_Goose/Q,A/Bar-headed_Goose/Qinghai/BTY1-B/2016,0.0924,-0.071331,-0.006875,0.025658,Avian,N8
67_A/Bar-headed_Goose/Q,A/Bar-headed_Goose/Qinghai/BTY2/2015_H5N1,-0.062112,0.027943,-0.005447,0.020631,Avian,N1
68_A/Bar-headed_Goose/Q,A/Bar-headed_Goose/Qinghai/BTY2-B/2016,0.094774,-0.0625,-0.011752,0.015494,Avian,N8
69_A/Bar-headed_Goose/Q,A/Bar-headed_Goose/Qinghai/BTY2-LU/2016,0.094774,-0.0625,-0.011752,0.015494,Avian,N8
70_A/Bar-headed_Goose/Q,A/Bar-headed_Goose/Qinghai/BTY3-B/2016,0.092832,-0.0708,-0.006985,0.032383,Avian,N8
71_A/Bar-headed_Goose/Q,A/Bar-headed_Goose/Qinghai/BTY3-LU/2016,0.0924,-0.071331,-0.006875,0.025658,Avian,N8
72_A/Bar-headed_Goose/Q,A/Bar-headed_Goose/Qinghai/BTY4-B/2016,0.088768,-0.076593,-0.004791,0.021339,Avian,N8
73_A/Bar-headed_Goose/Q,A/Bar-headed_Goose/Qinghai/BTY4-LU/2016,0.0924,-0.071331,-0.006875,0.025658,Avian,N8
74_A/Bar-headed_Goose/Q,A/Bar-headed_Goose/Qinghai/BTY5-B/2016,0.0924,-0.071331,-0.006875,0.025658,Avian,N8
75_A/Bar-headed_Goose/Q,A/Bar-headed_Goose/Qinghai/BTY6-B/2016,0.090482,-0.067354,-0.004199,0.020372,Avian,N8
76_A/Bar-headed_Goose/Q,A/Bar-headed_Goose/Qinghai/BTY6-LU/2016,0.091578,-0.068742,-0.006856,0.022071,Avian,N8
77_A/Bar-headed_Goose/Q,A/Bar-headed_Goose/Qinghai/BTY7-B/2016,0.091731,-0.069227,-0.006237,0.022176,Avian,N8
78_A/Bar-headed_Goose/Q,A/Bar-headed_Goose/Qinghai/BTY7-LU1/2016,0.091731,-0.069227,-0.006237,0.022176,Avian,N8
79_A/Bar-headed_Goose/Q,A/Bar-headed_Goose/Qinghai/BTY7-LU2/2016,0.091731,-0.069227,-0.006237,0.022176,Avian,N8
80_A/Bar-headed_Goose/Q,A/Bar-headed_Goose/Qinghai/BTY8-B/2016,0.0924,-0.071331,-0.006875,0.025658,Avian,N8
81_A/Bar-headed_Goose/Q,A/Bar-headed_Goose/Qinghai/BTY8-LU/2016,0.0924,-0.071331,-0.006875,0.025658,Avian,N8
82_A/Bar-headed_Goose/Q,A/Bar-headed_Goose/Qinghai/BTY9-B/2016,0.085737,-0.067636,-0.006157,0.028282,Avian,N8
83_A/Bar-headed_Goose/Q,A/Bar-headed_Goose/Qinghai/BTY9-LU/2016,0.085737,-0.067636,-0.006157,0.028282,Avian,N8
84_A/Bar-headed_Goose/Q,A/Bar-headed_Goose/Qinghai/BTY10-B/2016,0.091731,-0.069227,-0.006237,0.022176,Avian,N8
85_A/Bar-headed_Goose/Q,A/Bar-headed_Goose/Qinghai/BTY10-LU/2016,0.091731,-0.069227,-0.006237,0.022176,Avian,N8
86_A/Bar-headed_Goose/Q,A/Bar-headed_Goose/Qinghai/BTY11-B/2016,0.091731,-0.069227,-0.006237,0.022176,Avian,N8
87_A/Bar-headed_Goose/Q,A/Bar-headed_Goose/Qinghai/BTY11-LU/2016,0.091731,-0.069227,-0.006237,0.022176,Avian,N8
88_A/Bar-headed_Goose/Q,A/Bar-headed_Goose/Qinghai/BTY12-B/2016,0.092205,-0.071691,-0.004654,0.022244,Avian,N8
89_A/Bar-headed_Goose/Q,A/Bar-headed_Goose/Qinghai/BTY12-LU/2016,0.089838,-0.07356,-0.005293,0.02018,Avian,N8
90_A/Bar-headed_Goose/Q,A/Bar-headed_Goose/Qinghai/BTY13-B/2016,0.091578,-0.068742,-0.006856,0.022071,Avian,N8
91_A/Bar-headed_Goose/Q,A/Bar-headed_Goose/Qinghai/BTY13-LU/2016,0.091578,-0.068742,-0.006856,0.022071,Avian,N8
92_A/Bar-headed_Goose/Q,A/Bar-headed_Goose/Qinghai/BTY14-B/2016,0.086002,-0.069301,-0.002734,0.019483,Avian,N8
93_A/Bar-headed_Goose/Q,A/Bar-headed_Goose/Qinghai/BTY14-LU/2016,0.083026,-0.065736,0.002288,0.02001,Avian,N8
94_A/Bar-headed_Goose/Q,A/Bar-headed_Goose/Qinghai/BTY15-B/2016,0.091578,-0.068742,-0.006856,0.022071,Avian,N8
95_A/Bar-headed_Goose/Q,A/Bar-headed_Goose/Qinghai/BTY15-LU/2016,0.091578,-0.068742,-0.006856,0.022071,Avian,N8
96_A/Bar-headed_Goose/Q,A/Bar-headed_Goose/Qinghai/BTY16-B/2016,0.091731,-0.069227,-0.006237,0.022176,Avian,N8
97_A/Bar-headed_Goose/Q,A/Bar-headed_Goose/Qinghai/BTY16-LU/2016,0.091731,-0.069227,-0.006237,0.022176,Avian,N8
98_A/Bar-headed_Goose/Q,A/Bar-headed_Goose/Qinghai/BTY17-B/2016,0.091077,-0.071929,-0.007722,0.026256,Avian,N8
99_A/Bar-headed_Goose/Q,A/Bar-headed_Goose/Qinghai/BTY17-LU/2016,0.091077,-0.071929,-0.007722,0.026256,Avian,N8
100_A/Bar-headed_Goose/Q,A/Bar-headed_Goose/Qinghai/BTY18-B/2016,0.091731,-0.069227,-0.006237,0.022176,Avian,N8
101_A/Bar-headed_Goose/Q,A/Bar-headed_Goose/Qinghai/BTY18-LU/2016,0.091731,-0.069227,-0.006237,0.022176,Avian,N8
102_A/Bar-headed_Goose/Q,A/Bar-headed_Goose/Qinghai/HDT001/2016,0.091731,-0.069227,-0.006237,0.022176,Avian,N8
103_A/Bar-headed_Goose/Q,A/Bar-headed_Goose/Qinghai/p2/2016,0.091731,-0.069227,-0.006237,0.022176,Avian,N8
104_A/Bar-headed_Goose/Q,A/Bar-headed_Goose/Qinghai/p9/2016,0.091731,-0.069227,-0.006237,0.022176,Avian,N8
105_A/Bar-headed_Goose/Q,A/Bar-headed_Goose/Qinghai/p18/2016,0.097823,-0.06814,-0.00306,0.019264,Avian,N8
106_A/Bar-headed_goose/Q,A/Bar-headed_goose/Qinghai/X402/2015_H5N6,-0.10115,-0.021881,0.035673,0.006479,Avian,N6
107_A/Bar-headed_goose/Q,A/Bar-headed_goose/Qinghai/X417/2015_H5N6,-0.097451,-0.024603,0.034474,0.007834,Avian,N6
108_A/Bar-headed_goose/Q,A/Bar-headed_goose/Qinghai/X418-1/2015_H5N6,-0.096304,-0.027748,0.035406,0.003231,Avian,N6
109_A/Bar-headed_goose/Q,A/Bar-headed_goose/Qinghai/X418-2/2015_H5N6,-0.10115,-0.021881,0.035673,0.006479,Avian,N6
110_A/Bar-headed_goose/Q,A/Bar-headed_goose/Qinghai/X424/2015_H5N6,-0.10115,-0.021881,0.035673,0.006479,Avian,N6
111_A/Bar-headed_goose/Q,A/Bar-headed_goose/Qinghai/X428/2015_H5N6,-0.097451,-0.024603,0.034474,0.007834,Avian,N6
112_A/Bar-headed_goose/Q,A/Bar-headed_goose/Qinghai/X430/2015_H5N6,-0.097451,-0.024603,0.034474,0.007834,Avian,N6
113_A/Bar-headed_goose/Q,A/Bar-headed_goose/Qinghai/X437/2015_H5N6,-0.101106,-0.02577,0.0365,-0.005964,Avian,N6
114_A/Bar-headed_Goose/Q,A/Bar-headed_Goose/Qinghai/XX13/2016,0.091578,-0.068742,-0.006856,0.022071,Avian,N8
115_A/Bar-headed_Goose/Q,A/Bar-headed_Goose/Qinghai/XX22/2016,0.091578,-0.068742,-0.006856,0.022071,Avian,N8
116_A/Bar-headed_Goose/Q,A/Bar-headed_Goose/Qinghai/XX76/2016,0.091731,-0.069227,-0.006237,0.022176,Avian,N8
117_A/Bar-headed_Goose/Q,A/Bar-headed_Goose/Qinghai/XX111/2016,0.091578,-0.068742,-0.006856,0.022071,Avian,N8
118_A/Bar-headed_Goose/Q,A/Bar-headed_Goose/Qinghai/XX446/2016,0.091731,-0.069227,-0.006237,0.022176,Avian,N8
119_A/Bar-headed_Goose/Q,A/Bar-headed_Goose/Qinghai/XX782/2016,0.091731,-0.069227,-0.006237,0.022176,Avian,N8
120_A/Bar-headed_Goose/Q,A/Bar-headed_Goose/Qinghai/XXI122/2016,0.091731,-0.069227,-0.006237,0.022176,Avian,N8
121_A/Bar-headed_Goose/T,A/Bar-headed_Goose/Tibet/XZ6/2021,0.074982,-0.125801,0.009127,-0.041132,Avian,N8
122_A/Bar-headed_Goose/T,A/Bar-headed_Goose/Tibet/XZ71/2021,0.06442,-0.116036,0.009194,-0.055515,Avian,N8
123_A/Bar-headed_Goose/T,A/Bar-headed_Goose/Tibet/XZ81/2021,0.065448,-0.116466,0.009468,-0.055138,Avian,N8
124_A/Bar-headed_Goose/T,A/Bar-headed_Goose/Tibet/XZ181/2021,0.074982,-0.125801,0.009127,-0.041132,Avian,N8
125_A/Bar-headed_Goose/T,A/Bar-headed_Goose/Tibet/XZ901/2021,0.095594,-0.0046,-0.074277,0.017068,Avian,N1
126_A/Bar-headed_Goose/T,A/Bar-headed_Goose/Tibet/XZ1131/2021,0.097899,-0.006412,-0.072802,0.017866,Avian,N1
127_A/Bar-headed_Goose/T,A/Bar-headed_Goose/Tibet/XZQ5-1/2021,0.06442,-0.116036,0.009194,-0.055515,Avian,N8
128_A/Bar-headed_Goose/T,A/Bar-headed_Goose/Tibet/XZQ7/2021,0.060788,-0.121297,0.011278,-0.059834,Avian,N8
129_A/Bar-headed_Goose/T,A/Bar-headed_Goose/Tibet/XZQ8-1/2021,0.060788,-0.121297,0.011278,-0.059834,Avian,N8
130_A/Bar-headed_Goose/T,A/Bar-headed_Goose/Tibet/XZQ9-1/2021,0.060788,-0.121297,0.011278,-0.059834,Avian,N8
131_A/Bar-headed_Goose/T,A/Bar-headed_Goose/Tibet/XZQ10-1/2021,0.060788,-0.121297,0.011278,-0.059834,Avian,N8
132_A/Bar-headed_Goose/T,A/Bar-headed_Goose/Tibet/XZQ13-1/2021,0.075594,-0.125046,0.011564,-0.042689,Avian,N8
133_A/Bar-headed_Goose/T,A/Bar-headed_Goose/Tibet/XZQ17-1/2021,0.075081,-0.125002,0.00869,-0.041711,Avian,N8
134_A/Bar-headed_Goose/T,A/Bar-headed_Goose/Tibet/XZQ18-1/2021,0.077605,-0.117972,0.013653,-0.043629,Avian,N8
135_A/bean_goose/Hubei/B,A/bean_goose/Hubei/BQ11/2020,0.078254,-0.111415,0.00944,-0.043099,Avian,N8
136_A/Bean_Goose/Hubei/c,A/Bean_Goose/Hubei/chenhu__XVI311-2_/2016_H5N8,0.064729,-0.034308,-0.0183,0.068739,Avian,N8
137_A/Bean_goose/Hubei/C,A/Bean_goose/Hubei/CH-i119/2017,0.091472,-0.0691,-0.005518,0.022327,Avian,N8
138_A/Bean_goose/Hubei/C,A/Bean_goose/Hubei/CH-i122/2017_H5N8,0.092714,-0.068041,-0.003988,0.020663,Avian,N8
139_A/Bean_goose/Hubei/C,A/Bean_goose/Hubei/CH-I225/2017,-0.138122,-0.013329,0.042632,-0.017131,Avian,N6
140_A/Bean_goose/Hubei/C,A/Bean_goose/Hubei/CH-i320/2017_H5N8,0.091731,-0.069227,-0.006237,0.022176,Avian,N8
141_A/black_chicken/Jian,A/black_chicken/Jiangxi/10129/2014,-0.123191,-0.009307,-0.00158,0.029573,Avian,N6
142_A/Black_faced_Spoonb,A/Black_faced_Spoonbill/AFCD-HKU-22-21944-01009/2022,0.017768,0.028141,0.059328,0.056548,Avian,N1
143_A/Black_Faced_Spoonb,A/Black_Faced_Spoonbill/Hong_Kong/AFCD-HKU-21-17198.01012/2021,0.105009,-0.049505,-0.056121,0.010639,Avian,N1
144_A/Black_Faced_Spoonb,A/Black_Faced_Spoonbill/Hong_Kong/AFCD-HKU-22-21429-01012/2022,0.022861,0.025205,0.054765,0.048441,Avian,N1
145_A/black_swan/Beijing,A/black_swan/Beijing/1/2021,0.063969,-0.110738,0.005982,-0.039157,Avian,N8
146_A/black-backed_gull/,A/black-backed_gull/Shandong/SC189/2021,0.062616,-0.111912,0.005753,-0.045809,Avian,N8
147_A/Black-necked_Grebe,A/Black-necked_Grebe/Inner_Mongolia/Anal_swab4/2015_H5N1,-0.050209,0.014152,-0.007925,0.037141,Avian,N1
148_A/Black-necked_Grebe,A/Black-necked_Grebe/Inner_Mongolia/Brain1/2015_H5N1,-0.073501,0.005646,-0.025431,0.046199,Avian,N1
149_A/Black-necked_Grebe,A/Black-necked_Grebe/Inner_Mongolia/Brain3/2015_H5N1,-0.074305,0.007689,-0.02488,0.042777,Avian,N1
150_A/Black-necked_Grebe,A/Black-necked_Grebe/Inner_Mongolia/Liver3/2015_H5N1,-0.074305,0.007689,-0.02488,0.042777,Avian,N1
151_A/Black-necked_Grebe,A/Black-necked_Grebe/Inner_Mongolia/Lung2/2015_H5N1,-0.072313,0.006182,-0.024671,0.045662,Avian,N1
152_A/Black-necked_Grebe,A/Black-necked_Grebe/Inner_Mongolia/Lung3-2/2015_H5N1,-0.074305,0.007689,-0.02488,0.042777,Avian,N1
153_A/Black-necked_Grebe,A/Black-necked_Grebe/Inner_Mongolia/Oropharynx_swab3/2015_H5N1,-0.074305,0.007689,-0.02488,0.042777,Avian,N1
154_A/Black-necked_Grebe,A/Black-necked_Grebe/Inner_Mongolia/Trachea3/2015_H5N1,-0.074305,0.007689,-0.02488,0.042777,Avian,N1
155_A/Brown-headed_Gull/,A/Brown-headed_Gull/Qinghai/ZTO1-B/2016,0.095312,-0.068953,-0.003867,0.024757,Avian,N8
156_A/Brown-headed_Gull/,A/Brown-headed_Gull/Qinghai/ZTO1-LU/2016,0.094728,-0.070479,-0.004591,0.018703,Avian,N8
157_A/Brown-headed_Gull/,A/Brown-headed_Gull/Qinghai/ZTO3-B/2016,0.094774,-0.0625,-0.011752,0.015494,Avian,N8
158_A/Brown-headed_Gull/,A/Brown-headed_Gull/Qinghai/ZTO3-LU/2016,0.094774,-0.0625,-0.011752,0.015494,Avian,N8
159_A/Brown-headed_Gull/,A/Brown-headed_Gull/Qinghai/ZTO4-B/2016,0.09319,-0.060288,-0.011623,0.00551,Avian,N8
160_A/Brown-headed_Gull/,A/Brown-headed_Gull/Qinghai/ZTO5-B/2016,0.092205,-0.071691,-0.004654,0.022244,Avian,N8
161_A/Brown-headed_Gull/,A/Brown-headed_Gull/Qinghai/ZTO5-K/2016,0.092205,-0.071691,-0.004654,0.022244,Avian,N8
162_A/Brown-headed_Gull/,A/Brown-headed_Gull/Qinghai/ZTO6-MU/2016,0.084524,-0.069637,-0.00799,0.030531,Avian,N8
163_A/Brown-headed_Gull/,A/Brown-headed_Gull/Qinghai/ZTO6-SP/2016,0.091731,-0.069227,-0.006237,0.022176,Avian,N8
164_A/brown-headed_gull/,A/brown-headed_gull/Tibet/1-1/2021,0.066228,-0.107712,-0.002255,-0.047077,Avian,N8
165_A/Brown-headed_Gull/,A/Brown-headed_Gull/Tibet/XZ19/2021,0.075081,-0.125002,0.00869,-0.041711,Avian,N8
166_A/Brown-headed_Gull/,A/Brown-headed_Gull/Tibet/XZQ15-2/2021,0.070545,-0.126534,0.010168,-0.03468,Avian,N8
167_A/Brown-headed_Gull/,A/Brown-headed_Gull/Tibet/XZQ16-2/2021,0.070545,-0.126534,0.010168,-0.03468,Avian,N8
168_A/canine/China/GX30/,A/canine/China/GX30/2023,0.067427,0.029717,-0.044306,0.004194,Nonhuman Mammal,N6
169_A/cat/Sichuan/SC18/2,A/cat/Sichuan/SC18/2014,-0.102744,-0.010797,0.004139,0.029117,Nonhuman Mammal,N6
170_A/cat/Zhejiang/C1/20,A/cat/Zhejiang/C1/2016,0.066001,-0.034809,-0.157038,-0.0349,Nonhuman Mammal,N6
171_A/cat/Zhejiang/C2/20,A/cat/Zhejiang/C2/2016,0.078922,-0.040275,-0.151518,-0.045941,Nonhuman Mammal,N6
172_A/Changsha/1/2014|EP,A/Changsha/1/2014,-0.100338,-0.025399,0.021019,-0.009622,Human,N6
173_A/chicken/Anhui/S174,A/chicken/Anhui/S1740/2022(H5N1),0.093532,-0.015962,-0.00186,0.058621,Avian,N1
174_A/chicken/Beijing/BJ,A/chicken/Beijing/BJ7/2014,0.079282,-0.028303,-0.148087,0.003233,Avian,N2
175_A/chicken/CH/a556/20,A/chicken/CH/a556/2015,0.01456,0.005509,-0.041529,-0.135021,Avian,N2
176_A/chicken/Changhua/1,A/chicken/Changhua/15010120-1/2015,0.134111,0.008895,0.062934,0.051011,Avian,N2
177_A/chicken/Changhua/1,A/chicken/Changhua/15010288/2015,0.134111,0.008895,0.062934,0.051011,Avian,N2
178_A/chicken/Changhua/1,A/chicken/Changhua/15010324-2/2015,0.129591,0.000139,0.06037,0.049564,Avian,N2
179_A/chicken/Changhua/1,A/chicken/Changhua/15010361-1/2015,0.127737,0.009496,0.062638,0.049898,Avian,N2
180_A/chicken/Changhua/1,A/chicken/Changhua/15010362-2/2015,0.135997,0.006812,0.069778,0.057817,Avian,N2
181_A/chicken/Changhua/1,A/chicken/Changhua/15010363-2/2015,0.137774,0.008406,0.065386,0.053767,Avian,N2
182_A/chicken/Changhua/1,A/chicken/Changhua/15040036-1/2015,0.009199,0.060098,0.006038,-0.065375,Avian,N8
183_A/chicken/Changhua/1,A/chicken/Changhua/15040037-2/2015,0.001178,0.057195,0.010592,-0.057985,Avian,N8
184_A/chicken/Changhua/1,A/chicken/Changhua/15040042/2015,0.00424,0.060512,0.006046,-0.06222,Avian,N8
185_A/chicken/Changhua/1,A/chicken/Changhua/15040043-1/2015,0.001463,0.057617,0.011623,-0.057427,Avian,N8
186_A/chicken/Changhua/1,A/chicken/Changhua/15050013-1/2015,0.14577,0.010921,0.063277,0.040979,Avian,N2
187_A/chicken/Changhua/1,A/chicken/Changhua/15050038-1/2015,0.022243,-0.022416,-0.02973,-0.002351,Avian,N8
188_A/chicken/Changhua/1,A/chicken/Changhua/15060027-2/2015,0.147209,0.012391,0.068693,0.041402,Avian,N2
189_A/chicken/Changhua/1,A/chicken/Changhua/15060029/2015,0.019252,-0.014016,-0.013611,-0.002154,Avian,N8
190_A/chicken/Changhua/1,A/chicken/Changhua/15060037-1/2015,0.161917,0.006143,0.050801,0.030147,Avian,N2
191_A/chicken/Changhua/1,A/chicken/Changhua/15120008/2015,0.122085,0.021989,0.070456,0.044307,Avian,N2
192_A/chicken/Changhua/1,A/chicken/Changhua/16010060-2/2016,0.16162,0.017231,0.058824,0.007256,Avian,N2
193_A/chicken/Changhua/1,A/chicken/Changhua/17060006/2017,0.167898,0.016596,0.064816,-0.012695,Avian,N2
194_A/chicken/Changhua/1,A/chicken/Changhua/18040008-1/2018,0.134995,-0.01145,0.072581,0.011004,Avian,N2
195_A/chicken/Chiayi/150,A/chicken/Chiayi/15010287-2/2015,0.136047,0.006198,0.062179,0.053798,Avian,N2
196_A/chicken/Chiayi/150,A/chicken/Chiayi/15010409-2/2015,0.136017,0.004747,0.066566,0.059091,Avian,N2
197_A/chicken/Chiayi/150,A/chicken/Chiayi/15010454-1/2015,0.012873,-0.019328,-0.022873,0.000118,Avian,N8
198_A/chicken/Chiayi/170,A/chicken/Chiayi/17040009-2/2017,0.163124,0.017745,0.06884,0.000796,Avian,N2
199_A/chicken/Chiayi/181,A/chicken/Chiayi/18120003-1/2018,0.074173,-0.015597,-0.03752,0.012455,Avian,N2
200_A/chicken/China/007/,A/chicken/China/007/2019,-0.094551,-0.030426,0.064456,-0.030781,Avian,N6
201_A/chicken/China/Cang,A/chicken/China/Cangzhou03/2023,0.050728,-0.032202,-0.025134,0.05351,Avian,N1
202_A/chicken/China/E93/,A/chicken/China/E93/2012,-0.047316,0.073789,-0.093414,0.010709,Avian,N1
203_A/chicken/China/E96/,A/chicken/China/E96/2012,-0.04092,0.069134,-0.087774,0.011991,Avian,N1
204_A/chicken/Chiping/03,A/chicken/Chiping/0321/2014,0.060016,-0.042312,-0.141253,0.020541,Avian,N2
205_A/chicken/chongqing/,A/chicken/chongqing/H1/2021,-0.000805,0.121674,0.017637,0.007311,Avian,N6
206_A/chicken/Chongqing/,A/chicken/Chongqing/SD001/2021,-0.006247,0.111565,0.011182,0.013533,Avian,N6
207_A/chicken/Dongguan/2,A/chicken/Dongguan/2690/2013,-0.101297,-0.031816,0.02639,-0.011889,Avian,N6
208_A/chicken/Dongguan/3,A/chicken/Dongguan/3363/2013,-0.101891,-0.025373,0.024629,-0.017969,Avian,N6
209_A/chicken/Dongguan/4,A/chicken/Dongguan/4259/2013,-0.101614,-0.029509,0.025275,-0.010205,Avian,N6
210_A/chicken/Fujian/05.,A/chicken/Fujian/05.07_FZHC11K-O/2015(Mixed),-0.085709,-0.027831,0.061367,-0.022324,Avian,N6
211_A/chicken/Fujian/09.,A/chicken/Fujian/09.16_GT101/2014(Mixed),-0.073661,-0.038442,0.036815,-0.007254,Avian,N6
212_A/chicken/Fujian/10.,A/chicken/Fujian/10.08_FZH102/2014(Mixed),-0.103423,-0.02573,0.020497,-0.013757,Avian,N6
213_A/chicken/Fujian/11.,A/chicken/Fujian/11.23_FZHX0007-O/2017,0.072288,-0.015129,-0.127144,-0.056732,Avian,N6
214_A/chicken/Gansu/5/20,A/chicken/Gansu/5/2012,-0.04675,0.064986,-0.081987,0.040674,Avian,N1
215_A/chicken/Gansu/6/20,A/chicken/Gansu/6/2012,-0.047814,0.071122,-0.096554,0.014011,Avian,N1
216_A/chicken/Ganzhou/GZ,A/chicken/Ganzhou/GZ27/2015,-0.106742,-0.01615,0.05217,-0.039346,Avian,N6
217_A/chicken/Guangdong/,A/chicken/Guangdong/04.15_SZBAXQ019/2015(H5N6),0.065415,-0.03681,-0.129274,-0.057925,Avian,N6
218_A/chicken/Guangdong/,A/chicken/Guangdong/10.16_SZLGKQHY-072/2015,0.05474,-0.038283,-0.119792,-0.057794,Avian,N6
219_A/chicken/Guangdong/,A/chicken/Guangdong/GD1602/2016,0.060089,-0.041954,-0.161985,-0.02999,Avian,N6
220_A/chicken/Guangdong/,A/chicken/Guangdong/MG170989/2021,0.010195,0.086978,0.040464,-0.032621,Avian,N6
221_A/chicken/Guangdong/,A/chicken/Guangdong/MG171127/2021,0.010195,0.086978,0.040464,-0.032621,Avian,N6
222_A/chicken/Guangdong/,A/chicken/Guangdong/MG171361/2021,0.006976,0.076203,0.042069,-0.035834,Avian,N6
223_A/chicken/Guangdong/,A/chicken/Guangdong/MG171771/2021,-0.004963,0.113147,-0.033349,0.042355,Avian,N6
224_A/chicken/Guangdong/,A/chicken/Guangdong/MG173168/2022,0.034715,0.0077,-0.029182,-0.013084,Avian,N6
225_A/chicken/Guangdong/,A/chicken/Guangdong/MG173169/2022,0.061864,0.022074,-0.029452,-0.00025,Avian,N6
226_A/chicken/Guangxi/04,A/chicken/Guangxi/04.10_NM140/2015(H5N6),-0.056879,-0.032364,0.035812,-0.013111,Avian,N6
227_A/chicken/Guangxi/16,A/chicken/Guangxi/16/2019,0.004592,0.113794,0.043974,-0.07775,Avian,N6
228_A/chicken/Guangxi/S2,A/chicken/Guangxi/S2039/2009,-0.076045,0.001638,-0.037508,0.03004,Avian,N1
229_A/chicken/Guizhou/8.,A/chicken/Guizhou/8.26_ZYLJJ014-O/2018,0.0276,-0.051053,-0.1397,-0.041482,Avian,N6
230_A/chicken/GY/a451/20,A/chicken/GY/a451/2015,0.004172,0.004994,-0.010192,-0.140804,Avian,N2
231_A/Chicken/Hangzhou/E,A/Chicken/Hangzhou/E1149/2021,0.019751,0.097249,-0.031515,0.016599,Avian,N6
232_A/chicken/Hebei/3/20,A/chicken/Hebei/3/2013,0.053864,-0.054894,-0.142839,0.00851,Avian,N2
233_A/chicken/Heilongjia,A/chicken/Heilongjiang/S7/2014,-0.10446,-0.016666,-0.005745,0.019413,Avian,N2
234_A/chicken/Henan/Q7/2,A/chicken/Henan/Q7/2013,0.063957,-0.035375,-0.149147,0.008034,Avian,N2
235_A/chicken/Hsinchu/16,A/chicken/Hsinchu/16080004-2/2016,0.156615,0.015533,0.056592,-0.007178,Avian,N2
236_A/chicken/Hubei/03.0,A/chicken/Hubei/03.06__WHWTZ0115-O/2015(H5N6),0.060821,-0.041903,-0.142325,-0.055874,Avian,N6
237_A/chicken/Hubei/03.0,A/chicken/Hubei/03.06__WHWTZ0148-O/2015(H5N6),-0.116325,-0.00547,0.00257,0.033552,Avian,N6
238_A/chicken/Hubei/2856,A/chicken/Hubei/2856/2007,-0.065682,0.022298,-0.043312,0.036585,Avian,N1
239_A/chicken/Hubei/ZYSJ,A/chicken/Hubei/ZYSJF11/2016,0.071453,-0.038399,-0.145449,-0.034226,Avian,N6
240_A/chicken/Hubei/ZYSJ,A/chicken/Hubei/ZYSJF16/2016,0.071453,-0.038399,-0.145449,-0.034226,Avian,N6
241_A/chicken/Hubei/ZYSJ,A/chicken/Hubei/ZYSJF38/2016,0.071453,-0.038399,-0.145449,-0.034226,Avian,N6
242_A/Chicken/Huizhou/16,A/Chicken/Huizhou/16274/2016(H5N6),-0.101845,-0.030386,0.042301,-0.040693,Avian,N6
243_A/chicken/Hunan/02.0,A/chicken/Hunan/02.06_YYGK37J3-OC/2018,-0.094392,-0.010321,0.058377,-0.024746,Avian,N6
244_A/chicken/Hunan/03.0,A/chicken/Hunan/03.07_YYGK40L3-OC/2018,0.028423,-0.003129,-0.06283,-0.074395,Avian,N6
245_A/chicken/Hunan/03.0,A/chicken/Hunan/03.07_YYGK74L3-OC/2018,-0.128437,-0.036568,0.052027,-0.049165,Avian,N6
246_A/chicken/Hunan/3.07,A/chicken/Hunan/3.07_YYGK81L3-OC/2018,0.028423,-0.003129,-0.06283,-0.074395,Avian,N6
247_A/chicken/Hunan/04.1,A/chicken/Hunan/04.14_YYGK607-P/2015(H5N6),-0.091878,-0.030076,0.047796,-0.014682,Avian,N6
248_A/chicken/Hunan/04.1,A/chicken/Hunan/04.14_YYKG0533-Z-O/2015(H5N6),-0.128329,-0.018746,0.019158,0.026236,Avian,N6
249_A/chicken/Hunan/04.1,A/chicken/Hunan/04.14_YYXS0812-O/2015(Mixed),-0.095159,-0.03483,0.021465,-0.005858,Avian,N6
250_A/chicken/Hunan/12.0,A/chicken/Hunan/12.07__YYGK114-P/2013(H5N6),-0.125107,-0.0116,-0.026372,0.019582,Avian,N6
251_A/chicken/Hunan/12.0,A/chicken/Hunan/12.07_YYGKY67-P/2013(Mixed),-0.111888,-0.017532,-0.000368,0.022731,Avian,N6
252_A/chicken/Hunan/12.2,A/chicken/Hunan/12.27_YYGK19J2-C/2016,0.054374,-0.019121,-0.142462,-0.039096,Avian,N6
253_A/chicken/Hunan/12.2,A/chicken/Hunan/12.27_YYGK55J2-O/2016,0.029762,0.155454,0.008391,-0.019599,Avian,N6
254_A/chicken/Hunan/12.2,A/chicken/Hunan/12.27_YYGKK148-OC/2016,0.025069,0.142423,0.002278,-0.033884,Avian,N6
255_A/chicken/Hunan/12.2,A/chicken/Hunan/12.28_YYGK034-P/2013(H5N6),-0.102023,-0.038545,0.02292,-0.022396,Avian,N6
256_A/chicken/Hunan/1793,A/chicken/Hunan/1793/2007,-0.048862,0.03344,-0.041717,0.049196,Avian,N1
257_A/chicken/Hunan/3157,A/chicken/Hunan/3157/2006,-0.070368,0.026633,-0.03504,0.022494,Avian,N1
258_A/chicken/Hunan/HN40,A/chicken/Hunan/HN40/2015,-0.106306,-0.032256,0.009806,0.002302,Avian,N6
259_A/chicken/Hunan/HN58,A/chicken/Hunan/HN58/2015,-0.101695,-0.035074,0.019343,-0.015767,Avian,N6
260_A/chicken/Hunan/HN75,A/chicken/Hunan/HN75/2015,-0.094212,-0.01953,0.029005,0.030733,Avian,N6
261_A/chicken/Hunan/HN15,A/chicken/Hunan/HN158/2015,-0.106642,-0.030824,0.024572,-0.00805,Avian,N6
262_A/chicken/Hunan/HN24,A/chicken/Hunan/HN244/2015,-0.096744,-0.037445,0.025665,0.015921,Avian,N6
263_A/chicken/Hunan/HN24,A/chicken/Hunan/HN245/2015,-0.095962,-0.035177,0.025249,0.0137,Avian,N6
264_A/chicken/Hunan/HN24,A/chicken/Hunan/HN247/2015,-0.095962,-0.035177,0.025249,0.0137,Avian,N6
265_A/chicken/Hunan/HN24,A/chicken/Hunan/HN248/2015,-0.100948,-0.034789,0.023218,0.002738,Avian,N6
266_A/chicken/Hunan/HN24,A/chicken/Hunan/HN249/2015,-0.095962,-0.035177,0.025249,0.0137,Avian,N6
267_A/chicken/Hunan/HN25,A/chicken/Hunan/HN250/2015,-0.095962,-0.035177,0.025249,0.0137,Avian,N6
268_A/chicken/Hunan/HN25,A/chicken/Hunan/HN251/2015,-0.095962,-0.035177,0.025249,0.0137,Avian,N6
269_A/chicken/Hunan/HN25,A/chicken/Hunan/HN252/2015,-0.095962,-0.035177,0.025249,0.0137,Avian,N6
270_A/chicken/Hunan/HN25,A/chicken/Hunan/HN254/2015,-0.098899,-0.033166,0.02394,0.00912,Avian,N6
271_A/chicken/Hunan/HN25,A/chicken/Hunan/HN255/2015,-0.095962,-0.035177,0.025249,0.0137,Avian,N6
272_A/chicken/Hunan/HN26,A/chicken/Hunan/HN263/2015,-0.067191,-0.029435,0.022594,0.013286,Avian,N6
273_A/chicken/Hunan/HN26,A/chicken/Hunan/HN264/2015,-0.067191,-0.029435,0.022594,0.013286,Avian,N6
274_A/chicken/Hunan/HN26,A/chicken/Hunan/HN265/2015,-0.067191,-0.029435,0.022594,0.013286,Avian,N6
275_A/chicken/Hunan/HN26,A/chicken/Hunan/HN266/2015,-0.067191,-0.029435,0.022594,0.013286,Avian,N6
276_A/chicken/Hunan/HN30,A/chicken/Hunan/HN301/2015,-0.098495,-0.020962,0.054406,-0.018236,Avian,N6
277_A/chicken/Hunan/HN30,A/chicken/Hunan/HN302/2015,-0.098495,-0.020962,0.054406,-0.018236,Avian,N6
278_A/chicken/Hunan/HN30,A/chicken/Hunan/HN303/2015,-0.098495,-0.020962,0.054406,-0.018236,Avian,N6
279_A/chicken/Hunan/HN30,A/chicken/Hunan/HN304/2015,-0.098495,-0.020962,0.054406,-0.018236,Avian,N6
280_A/chicken/Hunan/HN30,A/chicken/Hunan/HN305/2015,-0.098495,-0.020962,0.054406,-0.018236,Avian,N6
281_A/chicken/Hunan/HN30,A/chicken/Hunan/HN306/2015,-0.106979,-0.018174,0.053479,-0.021789,Avian,N6
282_A/chicken/Hunan/HN30,A/chicken/Hunan/HN307/2015,-0.095896,-0.036236,0.040952,-0.012291,Avian,N6
283_A/chicken/Hunan/HN30,A/chicken/Hunan/HN308/2015,-0.095711,-0.031088,0.060436,-0.021939,Avian,N6
284_A/chicken/Hunan/S100,A/chicken/Hunan/S10029/2018(H5N1),-0.111959,0.009005,-0.018298,-0.016695,Avian,N1
285_A/chicken/Jiangsu/03,A/chicken/Jiangsu/03.17_WX006-P/2015(H5N1),0.062945,-0.00167,-0.016508,-0.015567,Avian,N1
286_A/chicken/Jiangsu/92,A/chicken/Jiangsu/927/2013,-0.105743,0.021194,0.003624,0.049245,Avian,N1
287_A/chicken/Jiangsu/10,A/chicken/Jiangsu/1001/2013,0.0358,-0.019602,-0.136148,-0.057657,Avian,N2
288_A/chicken/Jiangsu/24,A/chicken/Jiangsu/2477/2014,-0.104153,0.01088,-0.007335,0.043324,Avian,N1
289_A/chicken/Jiangsu/k0,A/chicken/Jiangsu/k0402/2010,0.026807,-0.005955,-0.096982,-0.034139,Avian,N1
290_A/chicken/Jiangsu/SE,A/chicken/Jiangsu/SE2228/2017(H5N1),-0.099756,0.010836,-0.009095,0.017659,Avian,N1
291_A/chicken/Jiangsu/WX,A/chicken/Jiangsu/WXBING2/2014,-0.104272,-0.032456,0.024632,0.001065,Avian,N6
292_A/chicken/Jiangsu/WX,A/chicken/Jiangsu/WXS7393/2014,-0.113634,-0.029045,0.019619,0.022557,Avian,N6
293_A/chicken/Jiangsu/XZ,A/chicken/Jiangsu/XZ216/2014,0.055941,-0.028439,-0.124482,0.010036,Avian,N2
294_A/chicken/Jiangsu/YB,A/chicken/Jiangsu/YB7/2015,0.038778,0.002478,-0.039651,-0.018696,Avian,N1
295_A/chicken/Jiangxi/01,A/chicken/Jiangxi/01.14_NCJD125-P/2015(H5N6),0.068419,-0.049207,-0.144799,-0.038097,Avian,N6
296_A/chicken/Jiangxi/02,A/chicken/Jiangxi/02.05_YGYXG023-P/2015(H5N6),-0.115966,-0.029138,0.026484,-0.002247,Avian,N6
297_A/chicken/Jiangxi/02,A/chicken/Jiangxi/02.05_YGYXG035-P/2015(H5N6),0.06818,-0.049699,-0.137344,-0.045038,Avian,N6
298_A/chicken/Jiangxi/04,A/chicken/Jiangxi/04.01__NCDZT0040-O/2015(H5N6),0.058304,-0.034635,-0.139117,-0.036634,Avian,N6
299_A/chicken/Jiangxi/04,A/chicken/Jiangxi/04.01__NCDZT0042-O/2015(H5N6),0.058304,-0.034635,-0.139117,-0.036634,Avian,N6
300_A/chicken/Jiangxi/04,A/chicken/Jiangxi/04.01__NCDZT0175-P/2015(H5N6),0.052663,-0.02505,-0.133531,-0.036102,Avian,N6
301_A/chicken/Jiangxi/04,A/chicken/Jiangxi/04.01__NCDZT0291-P/2015(H5N6),0.055995,-0.031585,-0.138181,-0.046154,Avian,N6
302_A/chicken/Jiangxi/04,A/chicken/Jiangxi/04.01__NCJD0119-O/2015(H5N6),-0.120474,-0.000467,-0.00474,0.018529,Avian,N6
303_A/chicken/Jiangxi/04,A/chicken/Jiangxi/04.01__NCJD0137-O/2015(H5N6),0.055334,-0.042311,-0.137055,-0.044937,Avian,N6
304_A/chicken/Jiangxi/04,A/chicken/Jiangxi/04.01_NCDZT0192-P/2015(H5N6),0.058304,-0.034635,-0.139117,-0.036634,Avian,N6
305_A/chicken/Jiangxi/04,A/chicken/Jiangxi/04.01_NCDZT0203-P/2015(H5N6),0.063833,-0.02988,-0.136866,-0.031548,Avian,N6
306_A/chicken/Jiangxi/04,A/chicken/Jiangxi/04.01_NCDZT0238-P/2015(H5N6),0.057537,-0.033739,-0.138306,-0.036433,Avian,N6
307_A/chicken/Jiangxi/04,A/chicken/Jiangxi/04.01_NCDZT0279-P/2015(H5N6),0.064954,-0.03238,-0.136723,-0.029107,Avian,N6
308_A/chicken/Jiangxi/04,A/chicken/Jiangxi/04.01_NCDZT0285-P/2015(H5N6),0.065763,-0.030037,-0.137153,-0.031402,Avian,N6
309_A/chicken/Jiangxi/04,A/chicken/Jiangxi/04.01_NCDZT0299-P/2015(Mixed),0.057633,-0.033733,-0.140897,-0.036719,Avian,Others
310_A/chicken/Jiangxi/04,A/chicken/Jiangxi/04.01_NCJD131-1-O/2015(H5N6),0.065086,-0.056718,-0.145514,-0.039727,Avian,N6
311_A/chicken/Jiangxi/05,A/chicken/Jiangxi/05.06__NCDZT0039B-P/2015(H5N6),0.056926,-0.035551,-0.138727,-0.036524,Avian,N6
312_A/chicken/Jiangxi/10,A/chicken/Jiangxi/10.30_NCDZT17B3-OC/2017,0.062402,-0.026193,-0.116555,-0.080702,Avian,N6
313_A/chicken/Jiangxi/12,A/chicken/Jiangxi/12.05_NCDZT007/2014(H5N6),0.063507,-0.041707,-0.137746,-0.025316,Avian,N6
314_A/chicken/Jiangxi/12,A/chicken/Jiangxi/12.05_NCDZT0012/2014(H5N6),0.058279,-0.04077,-0.130741,-0.033583,Avian,N6
315_A/chicken/Jiangxi/12,A/chicken/Jiangxi/12.05_NCDZT0020/2014(H5N6),0.061516,-0.0402,-0.137955,-0.028201,Avian,N6
316_A/chicken/Jiangxi/12,A/chicken/Jiangxi/12.05_NCDZT0032/2014(H5N6),0.057957,-0.05185,-0.12766,-0.029941,Avian,N6
317_A/chicken/Jiangxi/12,A/chicken/Jiangxi/12.05_NCNP006/2014(H5N6),0.062049,-0.042306,-0.135267,-0.035839,Avian,N6
318_A/chicken/Jiangxi/25,A/chicken/Jiangxi/25/2011,0.026992,-0.013816,0.059623,0.04701,Avian,N1
319_A/Chicken/Jiangxi/45,A/Chicken/Jiangxi/45093/2016,0.076361,-0.035421,-0.153733,-0.035452,Avian,N6
320_A/chicken/Jiangxi/S4,A/chicken/Jiangxi/S40653/2021(H5N1),0.098262,-0.009483,-0.002988,0.063997,Avian,N1
321_A/chicken/Jilin/04.1,A/chicken/Jilin/04.11_CCHSL007/2015(Mixed),-0.11992,-0.046578,0.00469,-0.021506,Avian,N6
322_A/chicken/Jilin/04.1,A/chicken/Jilin/04.12_MHK001-O/2015(H5N1),-0.113265,0.011505,-0.005551,0.053973,Avian,N1
323_A/chicken/Jilin/04.1,A/chicken/Jilin/04.12_MHK002-O/2015(H5N1),-0.112728,0.010722,-0.005719,0.053907,Avian,N1
324_A/chicken/Jilin/04.1,A/chicken/Jilin/04.12_MHK003-O/2015(H5N1),-0.113265,0.011505,-0.005551,0.053973,Avian,N1
325_A/chicken/Jilin/04.1,A/chicken/Jilin/04.12_MHK004-O/2015(Mixed),-0.113265,0.011505,-0.005551,0.053973,Avian,N1
326_A/chicken/Jilin/04.2,A/chicken/Jilin/04.25_MHK009/2015(H5N1),-0.122122,0.000224,-0.012224,0.050965,Avian,N1
327_A/chicken/Jilin/S125,A/chicken/Jilin/S1255/2019(H5N1),-0.100825,0.002484,0.007838,0.035392,Avian,N1
328_A/chicken/Jilin/S127,A/chicken/Jilin/S1271/2019(H5N1),-0.100825,0.002484,0.007838,0.035392,Avian,N1
329_A/chicken/Kaohsiung/,A/chicken/Kaohsiung/16MB0889/2016,0.063331,0.002111,-0.067088,-0.000242,Avian,N8
330_A/chicken/Kaohsiung/,A/chicken/Kaohsiung/16010047/2016,0.066597,0.006269,-0.046224,0.012617,Avian,N8
331_A/chicken/Kaohsiung/,A/chicken/Kaohsiung/16020017-2/2016,0.055113,0.01164,-0.053834,0.009337,Avian,N8
332_A/chicken/Kaohsiung/,A/chicken/Kaohsiung/16040021-1/2016,0.063331,0.002111,-0.067088,-0.000242,Avian,N8
333_A/chicken/Kaohsiung/,A/chicken/Kaohsiung/16070003/2016,0.067651,0.009688,-0.060681,-0.012719,Avian,N8
334_A/chicken/Kaohsiung/,A/chicken/Kaohsiung/16120012/2016,0.063088,0.009306,-0.043742,0.023111,Avian,N8
335_A/chicken/Kaohsiung/,A/chicken/Kaohsiung/17030023/2017,0.056563,-0.002156,-0.05577,0.013166,Avian,N8
336_A/chicken/Kaohsiung/,A/chicken/Kaohsiung/17040007/2017,0.166388,0.022067,0.074538,0.002026,Avian,N2
337_A/chicken/Kaohsiung/,A/chicken/Kaohsiung/17100002/2017,0.163544,0.010826,0.059849,0.009683,Avian,N2
338_A/chicken/Kaohsiung/,A/chicken/Kaohsiung/18080004-1/2018,0.007379,0.063256,-0.025351,0.075059,Avian,N2
339_A/chicken/Kaohsiung/,A/chicken/Kaohsiung/18080004-2/2018,0.003549,0.0573,-0.032685,0.075918,Avian,N2
340_A/chicken/Liaoning/S,A/chicken/Liaoning/S4092/2011,-0.048554,0.062648,-0.092624,0.024818,Avian,N1
341_A/chicken/Liaoning/S,A/chicken/Liaoning/SD035/2018(H5N1),-0.119329,0.011699,0.0071,0.051496,Avian,N1
342_A/chicken/Miaoli/150,A/chicken/Miaoli/15010421-1/2015,0.006623,0.063171,0.009944,-0.062156,Avian,N8
343_A/chicken/Nantou/161,A/chicken/Nantou/16110023-1/2016,0.066501,0.013401,-0.060663,-0.018621,Avian,N8
344_A/chicken/New_Taipei,A/chicken/New_Taipei_City/16110019-1/2016,0.060455,0.00857,-0.051492,0.024274,Avian,N8
345_A/chicken/New_Taipei,A/chicken/New_Taipei_City/16110020-2/2016,0.05833,0.005053,-0.050217,0.014236,Avian,N8
346_A/chicken/New_Taipei,A/chicken/New_Taipei_City/17040002-2/2017,0.165551,0.02315,0.071799,0.004899,Avian,N2
347_A/chicken/New_Taipei,A/chicken/New_Taipei_City/17050004-2/2017,0.052794,0.006339,-0.059112,-0.018891,Avian,N8
348_A/chicken/New_Taipei,A/chicken/New_Taipei_City/17090001/2017,0.05044,0.004663,-0.049902,-0.003391,Avian,N8
349_A/chicken/New_Taipei,A/chicken/New_Taipei_City/17090002/2017,0.052532,0.004587,-0.048504,-0.003923,Avian,N8
350_A/chicken/New_Taipei,A/chicken/New_Taipei_City/17090003/2017,0.048232,0.005091,-0.050357,-0.003778,Avian,N8
351_A/chicken/New_Taipei,A/chicken/New_Taipei_City/18010021-3/2018,0.159887,0.008843,0.060323,0.00046,Avian,N2
352_A/chicken/Ningxia/2/,A/chicken/Ningxia/2/2012,-0.04675,0.064986,-0.081987,0.040674,Avian,N1
353_A/chicken/Ningxia/22,A/chicken/Ningxia/222/2012,-0.045284,0.066441,-0.082707,0.042437,Avian,N1
354_A/chicken/PH/A2821/2,A/chicken/PH/A2821/2013,-0.003169,0.064985,0.012224,-0.068028,Avian,N2
355_A/chicken/Pingtung/1,A/chicken/Pingtung/15050006-1/2015,0.138953,0.001982,0.054002,0.049867,Avian,N2
356_A/chicken/Pingtung/1,A/chicken/Pingtung/16020009-3/2016,0.129237,0.00051,0.060487,0.031614,Avian,N2
357_A/chicken/Pingtung/1,A/chicken/Pingtung/18010017-1/2018,0.160818,0.021299,0.053002,0.000305,Avian,N2
358_A/chicken/Pingtung/1,A/chicken/Pingtung/18020015-1/2018,0.156033,0.013815,0.055116,0.012189,Avian,N2
359_A/chicken/PT/a158/20,A/chicken/PT/a158/2015,0.012315,0.010064,-0.036516,-0.141464,Avian,N2
360_A/chicken/Qingdao/1/,A/chicken/Qingdao/1/2014,0.064932,-0.035804,-0.129439,0.014668,Avian,N2
361_A/chicken/SC/a688/20,A/chicken/SC/a688/2015,0.006577,-0.013664,-0.053097,-0.114612,Avian,N2
362_A/chicken/Shaanxi/SD,A/chicken/Shaanxi/SD001/2021,-0.013223,0.122091,0.006087,0.019052,Avian,N6
363_A/chicken/Shandong/1,A/chicken/Shandong/12.03_YA-CK/2014(H5N1),0.054771,0.004631,-0.022364,-0.015608,Avian,N1
364_A/Chicken/Shandong/J,A/Chicken/Shandong/J01/2009,-0.073598,-0.006427,-0.045054,0.016184,Avian,N1
365_A/Chicken/Shandong/J,A/Chicken/Shandong/J02/2009,-0.03231,0.05402,-0.069501,-0.018823,Avian,N1
366_A/Chicken/Shandong/J,A/Chicken/Shandong/J03/2009,-0.026605,0.055804,-0.082974,0.036687,Avian,N1
367_A/Chicken/Shandong/J,A/Chicken/Shandong/J04/2009,-0.050608,0.05936,-0.103282,0.019528,Avian,N1
368_A/Chicken/Shandong/J,A/Chicken/Shandong/J06/2009,-0.049821,-0.002874,-0.00755,0.000287,Avian,N1
369_A/chicken/Shandong/K,A/chicken/Shandong/KD02699/2013,0.042175,0.078488,0.041877,-0.086366,Avian,N8
370_A/chicken/Shandong/S,A/chicken/Shandong/S3/2014,0.064932,-0.035804,-0.129439,0.014668,Avian,N2
371_A/chicken/Shanghai/S,A/chicken/Shanghai/S1123/2019(H5N1),-0.113443,0.040252,-0.001989,0.0211,Avian,N1
372_A/chicken/Shanghai/S,A/chicken/Shanghai/S4030/2017(H5N1),-0.120468,0.015246,0.008827,0.01499,Avian,N1
373_A/chicken/Shanxi/04.,A/chicken/Shanxi/04.28_TGRL024-O/2018,0.041165,0.152111,-0.000587,-0.03054,Avian,N6
374_A/chicken/Shanxi/12.,A/chicken/Shanxi/12.01_TGYL014-C/2016,0.024011,0.112595,0.025516,-0.082186,Avian,N6
375_A/chicken/Shenzhen/4,A/chicken/Shenzhen/433/2013,-0.11331,-0.025821,0.028317,-0.005972,Avian,N6
376_A/chicken/Shenzhen/5,A/chicken/Shenzhen/552/2013,-0.101392,-0.032683,0.021554,-0.011941,Avian,N6
377_A/chicken/Shenzhen/7,A/chicken/Shenzhen/715/2013,-0.11331,-0.025821,0.028317,-0.005972,Avian,N6
378_A/chicken/Shenzhen/1,A/chicken/Shenzhen/1061/2013,-0.094822,-0.026313,0.023101,-0.007085,Avian,N6
379_A/chicken/Shenzhen/1,A/chicken/Shenzhen/1845/2013,-0.119597,0.00068,0.006435,0.031295,Avian,N6
380_A/chicken/Shenzhen/2,A/chicken/Shenzhen/2269/2013,-0.109811,-0.024934,0.035137,-0.008374,Avian,N6
381_A/chicken/Shenzhen/2,A/chicken/Shenzhen/2396/2013,-0.102128,-0.031985,0.022181,-0.011383,Avian,N6
382_A/chicken/Shenzhen/2,A/chicken/Shenzhen/2464/2013,-0.102128,-0.031985,0.022181,-0.011383,Avian,N6
383_A/chicken/Shijiazhua,A/chicken/Shijiazhuang/1209/2013,0.068489,-0.045855,-0.146118,-0.021634,Avian,N2
384_A/chicken/Sichuan/k1,A/chicken/Sichuan/k141/2017,0.053917,-0.010143,-0.006749,0.073457,Avian,N6
385_A/chicken/Sichuan/NC,A/chicken/Sichuan/NCJPL1/2014,-0.114681,-0.006841,0.005908,0.037799,Avian,N6
386_A/Chicken/Suzhou/j5/,A/Chicken/Suzhou/j5/2019,-0.092107,-0.025982,0.046799,-0.031487,Avian,N6
387_A/Chicken/Suzhou/j6/,A/Chicken/Suzhou/j6/2019,-0.092107,-0.025982,0.046799,-0.031487,Avian,N6
388_A/chicken/Taichung/1,A/chicken/Taichung/15010399/2015,0.135997,0.006812,0.069778,0.057817,Avian,N2
389_A/chicken/Taichung/1,A/chicken/Taichung/16040032-3/2016,0.120637,0.025562,0.060742,0.035635,Avian,N2
390_A/chicken/Taichung/1,A/chicken/Taichung/16050044-2/2016,0.12768,0.012216,0.070007,0.044708,Avian,N2
391_A/chicken/Taichung/1,A/chicken/Taichung/16110017-3/2016,0.00371,-0.04014,-0.007937,0.00413,Avian,N8
392_A/chicken/Tainan/150,A/chicken/Tainan/15020214/2015,0.062721,-0.001214,-0.051545,0.004513,Avian,N8
393_A/chicken/Tainan/160,A/chicken/Tainan/16040035-1/2016,0.127169,0.016181,0.053685,0.058394,Avian,N2
394_A/chicken/Tainan/170,A/chicken/Tainan/17030058-1/2017,0.036297,-0.011134,-0.038571,0.009836,Avian,N8
395_A/chicken/Taipei_Cit,A/chicken/Taipei_City/17090004/2017,0.049967,-0.000287,-0.054887,-0.00872,Avian,N8
396_A/chicken/Taipei_Cit,A/chicken/Taipei_City/18010007-3/2018,0.155401,0.027123,0.073941,0.021186,Avian,N2
397_A/chicken/Taipei_Cit,A/chicken/Taipei_City/18010008-3/2018,0.165371,0.01882,0.064902,0.01504,Avian,N2
398_A/chicken/Taipei/160,A/chicken/Taipei/16060022-4/2016,0.080672,0.010817,-0.07029,0.004778,Avian,N8
399_A/chicken/Taipei/160,A/chicken/Taipei/16060023-1/2016,0.080672,0.010817,-0.07029,0.004778,Avian,N8
400_A/chicken/Taipei/161,A/chicken/Taipei/16120021/2016,0.048155,0.009878,-0.05376,0.021133,Avian,N8
401_A/chicken/Taipei/170,A/chicken/Taipei/17050005-1/2017,0.05211,0.003647,-0.052958,-0.012273,Avian,N8
402_A/chicken/Taipei/170,A/chicken/Taipei/17050008-3/2017,0.054497,0.004768,-0.052992,-0.012305,Avian,N8
403_A/chicken/Taipei/170,A/chicken/Taipei/17050009-3/2017,0.05211,0.003647,-0.052958,-0.012273,Avian,N8
404_A/chicken/Taishun/TS,A/chicken/Taishun/TS2/2016,0.054654,-0.010762,-0.023712,-0.026398,Avian,N6
405_A/chicken/Taishun/TS,A/chicken/Taishun/TS90/2016,0.054718,-0.03506,-0.139194,-0.035937,Avian,N6
406_A/chicken/Taiwan/010,A/chicken/Taiwan/0101/2012,0.038465,0.057517,0.01257,-0.043047,Avian,N2
407_A/chicken/Taiwan/050,A/chicken/Taiwan/0502/2012,-0.012131,0.027894,0.031352,-0.07167,Avian,N2
408_A/chicken/Taiwan/683,A/chicken/Taiwan/683/2012,0.008401,0.015437,-0.015211,-0.117335,Avian,N2
409_A/chicken/Taiwan/011,A/chicken/Taiwan/01174/2015,0.060108,-0.005973,-0.056233,0.004421,Avian,Others
410_A/chicken/Taiwan/168,A/chicken/Taiwan/1682/2013,0.066314,-0.0102,-0.02757,-0.121536,Avian,N2
411_A/chicken/Taiwan/169,A/chicken/Taiwan/1692/2013,0.06651,-0.008687,-0.02483,-0.122693,Avian,N2
412_A/chicken/Taiwan/170,A/chicken/Taiwan/1704/2013,0.066314,-0.0102,-0.02757,-0.121536,Avian,N2
413_A/chicken/Taiwan/171,A/chicken/Taiwan/1711/2013,0.06705,-0.011059,-0.028348,-0.121729,Avian,N2
414_A/chicken/Taiwan/259,A/chicken/Taiwan/2593/2012,0.006146,0.027106,-0.015719,-0.12451,Avian,N2
415_A/chicken/Taiwan/294,A/chicken/Taiwan/2948/2013,0.006699,0.029703,-0.012235,-0.123877,Avian,N2
416_A/chicken/Taiwan/444,A/chicken/Taiwan/4443/2013,0.019021,0.041517,0.021399,-0.086513,Avian,N2
417_A/chicken/Taiwan/735,A/chicken/Taiwan/7350/2013,0.008633,0.03494,0.023017,-0.071071,Avian,N2
418_A/chicken/Taiwan/898,A/chicken/Taiwan/8988/2013,0.004585,0.028751,-0.014149,-0.126487,Avian,N2
419_A/chicken/Taiwan/899,A/chicken/Taiwan/8994/2013,0.004514,0.025643,-0.019295,-0.130195,Avian,N2
420_A/chicken/Taiwan/899,A/chicken/Taiwan/8996/2013,0.003762,0.02652,-0.018501,-0.129998,Avian,N2
421_A/chicken/Taiwan/A1/,A/chicken/Taiwan/A1/2019,-0.002442,0.071803,0.001056,-0.111906,Avian,N2
422_A/chicken/Taiwan/a17,A/chicken/Taiwan/a174/2015,0.045245,-0.010268,-0.074659,-0.01638,Avian,Others
423_A/chicken/Taiwan/A19,A/chicken/Taiwan/A1997/2012,0.01606,0.073548,0.042572,-0.081667,Avian,N2
424_A/chicken/Taiwan/D2/,A/chicken/Taiwan/D2/2019,-0.001743,0.06877,-0.037889,0.091969,Avian,N2
425_A/chicken/Taiwan/D9/,A/chicken/Taiwan/D9/2019,-0.002793,0.069209,-0.038168,0.091585,Avian,N2
426_A/chicken/Taiwan/u7/,A/chicken/Taiwan/u7/2016,0.170378,0.023313,0.067358,0.009438,Avian,N2
427_A/chicken/Taiwan/x37,A/chicken/Taiwan/x37/2016,0.020129,-0.004338,-0.067389,-0.013097,Avian,N8
428_A/chicken/TC/a504/20,A/chicken/TC/a504/2015,0.025454,0.011774,-0.023483,-0.143319,Avian,N2
429_A/chicken/TY/a665/20,A/chicken/TY/a665/2015,0.025504,0.00432,-0.037886,-0.136166,Avian,N2
430_A/chicken/Wuxi/7157/,A/chicken/Wuxi/7157/2015,-0.139915,-0.027907,0.018148,0.026548,Avian,N6
431_A/chicken/Wuxi/7765/,A/chicken/Wuxi/7765/2016,-0.103027,-0.031987,0.015295,0.014737,Avian,N6
432_A/chicken/Wuxi/SC739,A/chicken/Wuxi/SC7393/2015,-0.113587,-0.033178,0.020498,0.009336,Avian,N6
433_A/chicken/Wuxi/WX-32,A/chicken/Wuxi/WX-32/2013,-0.099184,0.008916,-0.029024,0.049766,Avian,N1
434_A/chicken/Wuxi/WX-33,A/chicken/Wuxi/WX-33/2013,-0.097097,0.014935,-0.023285,0.047388,Avian,N1
435_A/chicken/Xinjiang/S,A/chicken/Xinjiang/S1016/2019(H5N1),-0.105361,0.046004,0.000053,0.025929,Avian,N1
436_A/chicken/Xinjiang/S,A/chicken/Xinjiang/S1081/2019(H5N1),-0.116734,0.041074,-0.004289,0.018707,Avian,N1
437_A/chicken/Xinjiang/S,A/chicken/Xinjiang/S1170/2019(H5N1),-0.113443,0.040252,-0.001989,0.0211,Avian,N1
438_A/Chicken/Xuzhou/470,A/Chicken/Xuzhou/470/2017,-0.118772,-0.045204,0.023807,-0.037954,Avian,N6
439_A/chicken/Xuzhou/XZ6,A/chicken/Xuzhou/XZ6/2016,-0.098494,-0.043606,-0.015008,-0.013209,Avian,N6
440_A/Chicken/Yangzhou/f,A/Chicken/Yangzhou/f6/2018,-0.092634,-0.012237,0.029442,-0.03558,Avian,N6
441_A/Chicken/Yangzhou/f,A/Chicken/Yangzhou/f9/2018,-0.100161,-0.015892,0.030371,-0.026472,Avian,N6
442_A/Chicken/Yangzhou/f,A/Chicken/Yangzhou/f14/2018,-0.100161,-0.015892,0.030371,-0.026472,Avian,N6
443_A/chicken/Yangzhou/Y,A/chicken/Yangzhou/YD1/2014,-0.102313,-0.009835,0.019844,0.00719,Avian,N6
444_A/chicken/YL/A3190/2,A/chicken/YL/A3190/2014,0.028077,0.029073,0.051884,-0.083118,Avian,N2
445_A/chicken/Yuhang/1/2,A/chicken/Yuhang/1/2013,0.063427,-0.018928,-0.160865,-0.05877,Avian,Others
446_A/chicken/Yuhang/2/2,A/chicken/Yuhang/2/2013,0.079453,0.003427,-0.126516,-0.055617,Avian,Others
447_A/chicken/Yunlin/150,A/chicken/Yunlin/15020048-1/2015,0.137989,0.009161,0.073299,0.058057,Avian,N2
448_A/chicken/Yunlin/150,A/chicken/Yunlin/15040002-2/2015,0.130411,0.014151,0.068434,0.045544,Avian,N2
449_A/chicken/Yunlin/150,A/chicken/Yunlin/15040027/2015,0.11772,0.025459,0.070326,0.030272,Avian,N2
450_A/chicken/Yunlin/150,A/chicken/Yunlin/15050012/2015,0.003261,0.057621,0.01247,-0.069347,Avian,N8
451_A/chicken/Yunlin/150,A/chicken/Yunlin/15050037-2/2015,0.132747,0.015704,0.072978,0.046851,Avian,N2
452_A/chicken/Yunlin/150,A/chicken/Yunlin/15050039-2/2015,0.12998,0.013211,0.068683,0.045347,Avian,N2
453_A/chicken/Yunlin/150,A/chicken/Yunlin/15060014-1/2015,0.133912,0.00796,0.061962,0.048558,Avian,N2
454_A/chicken/Yunlin/150,A/chicken/Yunlin/15080024/2015,0.129718,0.014228,0.076497,0.055113,Avian,N2
455_A/chicken/Yunlin/160,A/chicken/Yunlin/16010001-1/2016,0.154117,0.012966,0.063875,0.031464,Avian,N2
456_A/chicken/Yunlin/160,A/chicken/Yunlin/16010008-1/2016,0.130152,0.019584,0.048904,0.046242,Avian,N2
457_A/chicken/Yunlin/160,A/chicken/Yunlin/16020038/2016,0.000225,0.005612,-0.020337,0.016673,Avian,N8
458_A/chicken/Yunlin/160,A/chicken/Yunlin/16050053/2016,0.120619,0.025702,0.060867,0.035254,Avian,N2
459_A/chicken/Yunlin/170,A/chicken/Yunlin/17010001/2017,0.009705,-0.058094,-0.024696,0.009113,Avian,N8
460_A/chicken/Yunlin/170,A/chicken/Yunlin/17010014/2017,0.166593,0.018538,0.068824,0.005013,Avian,N2
461_A/chicken/Yunlin/170,A/chicken/Yunlin/17020094-1/2017,0.163278,0.018254,0.06715,0.003953,Avian,N2
462_A/chicken/Yunlin/170,A/chicken/Yunlin/17020095-2/2017,0.174268,0.007108,0.045659,-0.011598,Avian,N2
463_A/chicken/Yunlin/170,A/chicken/Yunlin/17030001-1/2017,0.160392,0.010454,0.059316,0.010018,Avian,N2
464_A/chicken/Yunlin/170,A/chicken/Yunlin/17030007-1/2017,0.16038,0.016419,0.059127,0.01579,Avian,N2
465_A/chicken/Yunlin/170,A/chicken/Yunlin/17030010-1/2017,0.161919,0.017889,0.073884,0.00058,Avian,N2
466_A/chicken/Yunlin/170,A/chicken/Yunlin/17030014-1/2017,0.162349,0.023674,0.053557,-0.000949,Avian,N2
467_A/chicken/Yunlin/170,A/chicken/Yunlin/17030020-2/2017,0.160193,0.022158,0.069981,0.001196,Avian,N2
468_A/chicken/Yunlin/170,A/chicken/Yunlin/17030021-1/2017,0.153189,0.013658,0.05339,-0.010354,Avian,N2
469_A/chicken/Yunlin/170,A/chicken/Yunlin/17030032-2/2017,0.169246,0.011452,0.042493,0.011038,Avian,N2
470_A/chicken/Yunlin/170,A/chicken/Yunlin/17030065-2/2017,0.172182,0.010582,0.067016,0.010934,Avian,N2
471_A/chicken/Yunlin/170,A/chicken/Yunlin/17040003-1/2017,0.16329,0.029049,0.044998,-0.008642,Avian,N2
472_A/chicken/Yunlin/170,A/chicken/Yunlin/17040004-2/2017,0.162035,0.016314,0.063462,0.014964,Avian,N2
473_A/chicken/Yunlin/170,A/chicken/Yunlin/17040011-1/2017,0.161878,0.013557,0.062551,0.006843,Avian,N2
474_A/chicken/Yunlin/170,A/chicken/Yunlin/17060019/2017,0.15489,0.01485,0.063269,-0.009655,Avian,N2
475_A/chicken/Yunlin/170,A/chicken/Yunlin/17070010/2017,0.167261,0.012467,0.065735,0.00948,Avian,N2
476_A/chicken/Yunlin/180,A/chicken/Yunlin/18010001-2/2018,0.162728,0.024205,0.068305,0.002714,Avian,N2
477_A/chicken/Yunlin/180,A/chicken/Yunlin/18010003-3/2018,0.157334,0.028163,0.072489,0.001864,Avian,N2
478_A/chicken/Yunlin/180,A/chicken/Yunlin/18010023-1/2018,0.162606,0.013002,0.053416,0.002932,Avian,N2
479_A/chicken/Yunlin/180,A/chicken/Yunlin/18020003-2/2018,0.158374,0.019903,0.065465,0.006964,Avian,N2
480_A/chicken/Yunlin/180,A/chicken/Yunlin/18020004-1/2018,0.158117,0.018392,0.061676,0.008235,Avian,N2
481_A/chicken/Yunlin/180,A/chicken/Yunlin/18020005-2/2018,0.160961,0.021071,0.06712,0.005796,Avian,N2
482_A/chicken/Yunlin/180,A/chicken/Yunlin/18020008-2/2018,0.165366,0.009592,0.059966,0.009529,Avian,N2
483_A/chicken/Yunlin/180,A/chicken/Yunlin/18030002-1/2018,0.149802,0.025972,0.054817,0.000694,Avian,N2
484_A/chicken/Yunlin/180,A/chicken/Yunlin/18050013-1/2018,0.15042,0.020946,0.045106,0.00626,Avian,N2
485_A/chicken/Yunlin/180,A/chicken/Yunlin/18060001-2/2018,0.150267,0.021431,0.044487,0.006155,Avian,N2
486_A/chicken/Yunlin/180,A/chicken/Yunlin/18080006-1/2018,0.144613,0.026579,0.072534,-0.004903,Avian,N2
487_A/chicken/Yunnan/1/2,A/chicken/Yunnan/1/2014,-0.046203,-0.025971,0.024542,0.007359,Avian,N1
488_A/chicken/Yunnan/02.,A/chicken/Yunnan/02.09_DQXY008L/2015(H5N6),0.052685,-0.032305,-0.132853,-0.033349,Avian,N6
489_A/chicken/Yunnan/03.,A/chicken/Yunnan/03.15_DQJT0054-Z-P/2015(H5N6),-0.091625,-0.037956,0.046494,-0.025172,Avian,N6
490_A/chicken/Yunnan/03.,A/chicken/Yunnan/03.16__DQJT0068-O/2015(H5N6),0.059017,-0.04388,-0.141433,-0.047114,Avian,N6
491_A/chicken/Yunnan/03.,A/chicken/Yunnan/03.16_DQJT069-O/2015(H5N6),-0.099743,-0.023583,0.02854,-0.002959,Avian,N6
492_A/chicken/Yunnan/03.,A/chicken/Yunnan/03.16_DQXYL0034-O/2015(H5N6),0.055753,-0.035998,-0.129207,-0.035518,Avian,N6
493_A/chicken/Yunnan/03.,A/chicken/Yunnan/03.16_DQXYL057-O/2015(H5N6),-0.097407,-0.028493,0.035301,-0.00461,Avian,N6
494_A/chicken/Yunnan/07.,A/chicken/Yunnan/07.11_DQENM005/2015(H5N6),-0.09299,-0.021272,0.033115,0.003792,Avian,N6
495_A/Chicken/Yunnan/YN-,A/Chicken/Yunnan/YN-8/2016__(H5N6),0.063192,-0.045879,-0.026842,0.064082,Avian,N6
496_A/Chicken/Yunnan/YN-,A/Chicken/Yunnan/YN-11/2016__(H5N6),0.044346,-0.045127,-0.029841,0.069546,Avian,N6
497_A/Chicken/Yunnan/YN-,A/Chicken/Yunnan/YN-12/2016__(H5N6),0.045186,-0.045462,-0.025727,0.078,Avian,N6
498_A/chicken/Zhejiang/1,A/chicken/Zhejiang/194/2016,-0.116292,-0.016752,0.063293,-0.036575,Avian,N2
499_A/chicken/Zhejiang/2,A/chicken/Zhejiang/209/2016,-0.005439,0.062402,-0.008002,-0.054398,Avian,N2
500_A/chicken/Zhejiang/2,A/chicken/Zhejiang/217/2016,-0.064843,0.092069,0.011479,-0.039289,Avian,N2
501_A/chicken/Zhejiang/2,A/chicken/Zhejiang/232/2016,0.022553,0.107669,0.021556,-0.058065,Avian,N2
502_A/chicken/Zhejiang/7,A/chicken/Zhejiang/7450/2015,0.003506,0.072458,-0.004914,-0.062173,Avian,N2
503_A/chicken/Zhejiang/8,A/chicken/Zhejiang/81643/2015,0.001271,0.079585,-0.004469,-0.06673,Avian,N2
504_A/chicken/Zhejiang/5,A/chicken/Zhejiang/514135/2015,0.053308,0.070375,-0.040963,-0.005977,Avian,N2
505_A/chicken/Zhejiang/7,A/chicken/Zhejiang/727022/2014,-0.124119,-0.04559,0.00733,-0.015819,Avian,N6
506_A/chicken/Zhejiang/7,A/chicken/Zhejiang/727026/2014,-0.115261,-0.04177,0.01135,-0.021601,Avian,N6
507_A/chicken/Zhejiang/7,A/chicken/Zhejiang/727079/2014,0.047456,-0.041798,-0.131682,-0.045993,Avian,N2
508_A/chicken/Zhejiang/7,A/chicken/Zhejiang/727155/2014,-0.120811,-0.050242,-0.000002,-0.014424,Avian,N6
509_A/chicken/Zhejiang/7,A/chicken/Zhejiang/727159/2014,0.075981,0.097776,-0.044982,-0.000387,Avian,N2
510_A/chickenl/Jiangxi/E,A/chickenl/Jiangxi/E84/2014_(H5N6),-0.10598,-0.042577,0.022728,-0.006256,Avian,N6
511_A/Chlidonias_hybrida,A/Chlidonias_hybrida/Hubei/55/2020,0.073719,-0.111901,0.021711,-0.054766,Avian,N8
512_A/Commom_Teal/Ningxi,A/Commom_Teal/Ningxia/474-9/2015,-0.002393,-0.099188,-0.010255,0.037952,Avian,N6
513_A/common_coot/Shando,A/common_coot/Shandong/SC197/2021,0.054772,-0.114129,0.012037,-0.032563,Avian,N8
514_A/common_crane/Yunna,A/common_crane/Yunnan-Huize/27/2021(H5N8),0.075997,-0.097694,0.017275,-0.034605,Avian,N8
515_A/common_pochard/Nin,A/common_pochard/Ningxia/243/2020,0.060796,-0.015106,-0.084134,0.002002,Avian,N8
516_A/common_teal/Ningxi,A/common_teal/Ningxia/105/2020,0.073429,-0.107992,0.014157,-0.043041,Avian,N8
517_A/common_teal/Ningxi,A/common_teal/Ningxia/181/2020,0.059396,-0.016014,-0.08375,0.002104,Avian,N8
518_A/common_teal/Ningxi,A/common_teal/Ningxia/189/2020,0.059396,-0.016014,-0.08375,0.002104,Avian,N8
519_A/common_teal/Ningxi,A/common_teal/Ningxia/237/2020,0.057377,-0.019688,-0.079019,0.006629,Avian,N8
520_A/common_teal/Ningxi,A/common_teal/Ningxia/245/2020,0.056506,-0.021423,-0.079708,0.005188,Avian,N8
521_A/common_teal/Ningxi,A/common_teal/Ningxia/253/2020,0.054107,-0.017085,-0.083141,0.002589,Avian,N8
522_A/common_teal/Shaanx,A/common_teal/Shaanxi/SXY1-1/2020,0.073429,-0.107992,0.014157,-0.043041,Avian,N8
523_A/condor/Guangdong/1,A/condor/Guangdong/139/2003,-0.038056,0.032434,-0.060915,0.054461,Avian,N1
524_A/Copsychus_saularis,A/Copsychus_saularis/Guangdong/SW8/2014,-0.095506,-0.00757,0.007846,0.002045,Avian,N6
525_A/Curlew/Hong_Kong/A,A/Curlew/Hong_Kong/AFCD-HKU-22-01095.01009/2022,0.095613,-0.041682,-0.060313,0.011621,Avian,N1
526_A/Cygnus_atratus/Hub,A/Cygnus_atratus/Hubei/2Z2-O/2016,0.06521,-0.052743,-0.023543,0.028702,Avian,N8
527_A/Cygnus_atratus/Hub,A/Cygnus_atratus/Hubei/HF-1/2016,0.082999,-0.06069,-0.027974,0.039566,Avian,N8
528_A/Cygnus_columbianus,A/Cygnus_columbianus/Hubei/49/2020,0.072907,-0.108854,0.014208,-0.042665,Avian,N8
529_A/Cygnus_columbianus,A/Cygnus_columbianus/Hubei/50/2020,0.076522,-0.111723,0.019155,-0.036205,Avian,N8
530_A/Cygnus_columbianus,A/Cygnus_columbianus/Hubei/51/2020,0.069771,-0.108626,0.008512,-0.046652,Avian,N8
531_A/Cygnus_columbianus,A/Cygnus_columbianus/Hubei/52/2020,0.069647,-0.109348,0.013591,-0.042659,Avian,N8
532_A/Cygnus_columbianus,A/Cygnus_columbianus/Hubei/53/2020,0.073719,-0.111901,0.021711,-0.054766,Avian,N8
533_A/Cygnus_columbianus,A/Cygnus_columbianus/Hubei/56/2020,0.072718,-0.110629,0.011086,-0.041296,Avian,N8
534_A/Cygnus_columbianus,A/Cygnus_columbianus/Hubei/116/2020,0.074172,-0.108282,0.015018,-0.043236,Avian,N8
535_A/Cygnus_columbianus,A/Cygnus_columbianus/Hubei/117/2021,0.050089,0.011625,0.04543,0.043214,Avian,N1
536_A/Cygnus_columbianus,A/Cygnus_columbianus/Hubei/121/2021,0.041051,-0.008219,0.018544,0.058991,Avian,N1
537_A/Cygnus_columbianus,A/Cygnus_columbianus/Hubei/123/2021,0.050607,0.01059,0.043506,0.042418,Avian,N1
538_A/Cygnus_columbianus,A/Cygnus_columbianus/Hubei/128/2021,0.050607,0.01059,0.043506,0.042418,Avian,N1
539_A/domestic_green-win,A/domestic_green-winged_teal/Hunan/3450/2006,0.030744,0.003696,-0.021741,-0.007259,Avian,N1
540_A/duck/Anhui/AH328/2,A/duck/Anhui/AH328/2015,-0.112528,-0.016657,0.05678,-0.039636,Avian,N6
541_A/duck/Anhui/S4/2016,A/duck/Anhui/S4/2016,-0.119652,-0.033054,0.070002,-0.03971,Avian,N6
542_A/duck/Changhua/15A0,A/duck/Changhua/15A03431-1-20T/2015,0.135822,0.005951,0.06636,0.049099,Avian,N2
543_A/duck/Changhua/15A0,A/duck/Changhua/15A03473-1-20T/2015,0.127187,0.006127,0.062471,0.052719,Avian,N2
544_A/duck/Chiayi/150800,A/duck/Chiayi/15080023/2015,0.031543,-0.026756,-0.026494,0.001353,Avian,N8
545_A/duck/China/0936/20,A/duck/China/0936/2017,0.020352,0.127609,0.013203,-0.029082,Avian,N6
546_A/duck/China/0938/20,A/duck/China/0938/2017,0.020352,0.127609,0.013203,-0.029082,Avian,N6
547_A/duck/China/DK87/20,A/duck/China/DK87/2016,0.005857,0.128647,0.016919,-0.046217,Avian,N6
548_A/duck/China/E26/201,A/duck/China/E26/2012,-0.057192,0.007099,-0.006762,0.009299,Avian,N1
549_A/duck/China/E53/201,A/duck/China/E53/2012,-0.086942,0.029066,-0.026367,0.015086,Avian,N1
550_A/Duck/China/H5N6/20,A/Duck/China/H5N6/2020,-0.083977,-0.022714,0.056422,-0.031502,Avian,N6
551_A/duck/China/YD1516/,A/duck/China/YD1516/2016,0.001777,0.107378,0.012202,-0.067533,Avian,N2
552_A/duck/Chongqing/S43,A/duck/Chongqing/S4362/2017,0.042375,-0.008982,-0.030093,0.013721,Avian,Others
553_A/duck/Dongguan/2685,A/duck/Dongguan/2685/2013,-0.099455,-0.027671,0.023412,-0.00526,Avian,N6
554_A/Duck/Dongting/D76-,A/Duck/Dongting/D76-1/2016,0.062358,-0.026968,-0.036723,0.012542,Avian,Others
555_A/duck/Eastern_China,A/duck/Eastern_China/008/2008,0.014314,0.060627,0.027316,-0.031031,Avian,Others
556_A/duck/Eastern_China,A/duck/Eastern_China/031/2009,0.025911,0.063273,0.023863,-0.021356,Avian,Others
557_A/duck/Eastern_China,A/duck/Eastern_China/108/2008,-0.027733,0.028886,-0.015364,0.02031,Avian,N1
558_A/duck/Eastern_China,A/duck/Eastern_China/909/2009,0.023923,0.06643,0.023875,-0.022777,Avian,N1
559_A/duck/Eastern_China,A/duck/Eastern_China/JY/2014,0.051905,0.08373,0.049007,-0.073224,Avian,N8
560_A/duck/Eastern_China,A/duck/Eastern_China/L0230/2010,0.006888,0.06789,0.026252,-0.030451,Avian,N2
561_A/duck/Eastern_China,A/duck/Eastern_China/L0321/2010,0.022839,0.062475,0.016108,-0.030451,Avian,N2
562_A/duck/Eastern_China,A/duck/Eastern_China/L0405/2010,0.078777,0.076978,0.043129,-0.05108,Avian,N8
563_A/duck/Eastern_China,A/duck/Eastern_China/L0423/2011,0.084592,0.069578,0.037326,-0.055418,Avian,N8
564_A/duck/Eastern_China,A/duck/Eastern_China/L0611/2011,0.069933,0.078786,0.041508,-0.054598,Avian,N8
565_A/duck/Eastern_China,A/duck/Eastern_China/L0722/2012,0.079278,0.076238,0.042997,-0.051137,Avian,N8
566_A/duck/Eastern_China,A/duck/Eastern_China/L1021/2012,0.072856,0.035929,-0.007214,-0.009882,Avian,N8
567_A/duck/Eastern_China,A/duck/Eastern_China/L1120/2012,0.056467,0.077112,0.057478,-0.070555,Avian,N8
568_A/duck/Eastern_China,A/duck/Eastern_China/S0131/2014,0.008756,0.078708,0.025843,-0.071529,Avian,N2
569_A/duck/Eastern_China,A/duck/Eastern_China/S0215/2014,0.063985,0.087109,0.062471,-0.064871,Avian,N8
570_A/duck/Eastern_China,A/duck/Eastern_China/S0322/2014,-0.101653,-0.016146,0.019299,-0.00211,Avian,N6
571_A/duck/Eastern_China,A/duck/Eastern_China/S0711/2014,-0.107268,-0.006157,-0.012544,0.026314,Avian,N6
572_A/duck/Eastern_China,A/duck/Eastern_China/S0808/2014,0.000519,0.072681,-0.006827,-0.030075,Avian,N2
573_A/duck/Eastern_China,A/duck/Eastern_China/S0908/2014,-0.107245,-0.014891,0.012545,0.017375,Avian,N6
574_A/duck/Eastern_China,A/duck/Eastern_China/S1109/2014,0.049933,-0.023959,-0.021668,0.05996,Avian,N8
575_A/duck/Eastern_China,A/duck/Eastern_China/S1210/2013,0.106042,-0.009284,0.04889,-0.000879,Avian,N8
576_A/duck/Fujian/1.17_F,A/duck/Fujian/1.17_FZHX0123-C/2017,0.020987,0.080073,-0.049121,0.003046,Avian,N6
577_A/duck/Fujian/03.18_,A/duck/Fujian/03.18_GTFJ-15-10/2015(Mixed),-0.098946,-0.030752,0.034945,-0.036461,Avian,N6
578_A/duck/Fujian/05.07_,A/duck/Fujian/05.07_FZHMD4K-O/2015(Mixed),-0.085337,-0.026494,0.06071,-0.022803,Avian,N6
579_A/duck/Fujian/05.07_,A/duck/Fujian/05.07_FZHMD12AK-O/2015(Mixed),-0.085337,-0.026494,0.06071,-0.022803,Avian,N6
580_A/duck/Fujian/05.07_,A/duck/Fujian/05.07_FZHMDK14-O/2015(H5N6),-0.085337,-0.026494,0.06071,-0.022803,Avian,N6
581_A/duck/Fujian/10.26_,A/duck/Fujian/10.26_FZHX0002-O/2017,0.013903,0.105659,0.00081,0.031359,Avian,N6
582_A/duck/Fujian/10.26_,A/duck/Fujian/10.26_FZHX0010-O/2017,0.016586,0.109074,-0.001919,0.034146,Avian,N6
583_A/duck/Fujian/11.3_F,A/duck/Fujian/11.3_FZHX1132-O/2016,0.0202,0.138285,-0.002737,-0.007315,Avian,N6
584_A/duck/Fujian/11.3_F,A/duck/Fujian/11.3_FZHX1141-C/2016,0.017201,0.140493,-0.006923,-0.006358,Avian,N6
585_A/duck/Fujian/11.23_,A/duck/Fujian/11.23_FZHX0009-C/2017,0.014137,0.106814,0.000328,0.030417,Avian,N6
586_A/duck/Fujian/11.23_,A/duck/Fujian/11.23_FZHX0014-C/2017,0.013541,0.101819,-0.005272,0.029811,Avian,N6
587_A/duck/Fujian/11.23_,A/duck/Fujian/11.23_FZHX0015-C/2017,0.016743,0.108578,-0.001288,0.034253,Avian,N6
588_A/duck/Fujian/12.7_F,A/duck/Fujian/12.7_FZHX1202-O/2016,0.017201,0.140493,-0.006923,-0.006358,Avian,N6
589_A/duck/Fujian/12.7_F,A/duck/Fujian/12.7_FZHX1218-C/2016,0.020483,0.136511,-0.004198,-0.008907,Avian,N6
590_A/duck/Fujian/12.7_F,A/duck/Fujian/12.7_FZHX1219-O/2016,0.020483,0.136511,-0.004198,-0.008907,Avian,N6
591_A/duck/Fujian/12.7_F,A/duck/Fujian/12.7_FZHX1221-C/2016,0.020483,0.136511,-0.004198,-0.008907,Avian,N6
592_A/duck/Fujian/S1233/,A/duck/Fujian/S1233/2018(H5N1),-0.099709,-0.003197,0.039729,-0.062182,Avian,N1
593_A/duck/Fujian/S1273/,A/duck/Fujian/S1273/2018(H5N1),-0.099709,-0.003197,0.039729,-0.062182,Avian,N1
594_A/Duck/Fujian/S4146/,A/Duck/Fujian/S4146/2010,-0.09032,0.004361,-0.041268,0.02003,Avian,N1
595_A/duck/Guangdong/01.,A/duck/Guangdong/01.01_SZSGXJK001-G/2016,0.001532,0.128199,0.03763,-0.034756,Avian,N6
596_A/duck/Guangdong/01.,A/duck/Guangdong/01.01_SZSGXJK001-Y_/2016,0.004698,0.134225,0.033304,-0.032461,Avian,N6
597_A/duck/Guangdong/01.,A/duck/Guangdong/01.01_SZSGXJK002-G/2016,-0.002685,0.100324,0.039474,-0.033172,Avian,N6
598_A/duck/Guangdong/01.,A/duck/Guangdong/01.01_SZSGXJK002-Y/2016,0.018777,0.120068,0.029851,-0.024853,Avian,N6
599_A/duck/Guangdong/01.,A/duck/Guangdong/01.01_SZSGXJK003-G/2016,0.012979,0.123115,0.024508,-0.043215,Avian,N6
600_A/duck/Guangdong/01.,A/duck/Guangdong/01.01_SZSGXJK004-Y/2016,0.009951,0.123795,0.029508,-0.031451,Avian,N6
601_A/duck/Guangdong/01.,A/duck/Guangdong/01.01_SZSGXJK005-G_/2016,0.005647,0.111782,0.037122,-0.040946,Avian,N6
602_A/duck/Guangdong/01.,A/duck/Guangdong/01.01_SZSGXJK005-Y/2016,0.013103,0.122635,0.0271,-0.032198,Avian,N6
603_A/duck/Guangdong/01.,A/duck/Guangdong/01.01_SZSGXJK006-G/2016,0.011412,0.121952,0.032195,-0.030218,Avian,N6
604_A/duck/Guangdong/01.,A/duck/Guangdong/01.01_SZSGXJK006-Y/2016,0.010958,0.123373,0.029776,-0.031082,Avian,N6
605_A/duck/Guangdong/02.,A/duck/Guangdong/02.11_DGCP092-P/2015(Mixed),-0.089294,-0.042059,0.033209,-0.001095,Avian,N6
606_A/duck/Guangdong/02.,A/duck/Guangdong/02.11_DGCP093-P/2015(Mixed),-0.090458,-0.033677,0.034164,0.008626,Avian,N6
607_A/duck/Guangdong/02.,A/duck/Guangdong/02.11_DGCP094-P/2015(Mixed),-0.090458,-0.033677,0.034164,0.008626,Avian,N6
608_A/duck/Guangdong/02.,A/duck/Guangdong/02.11_DGCP102-P/2015(Mixed),-0.091441,-0.043734,0.034454,-0.003116,Avian,N6
609_A/duck/Guangdong/02.,A/duck/Guangdong/02.11_DGCP103-P/2015(Mixed),-0.100243,-0.033953,0.035118,0.016756,Avian,N6
610_A/duck/Guangdong/02.,A/duck/Guangdong/02.11_DGCP104-P/2015(Mixed),-0.092605,-0.035352,0.035408,0.006606,Avian,N6
611_A/duck/Guangdong/03.,A/duck/Guangdong/03.26_DGCP062-P/2015(H5N6),-0.098659,-0.020648,0.042615,-0.004855,Avian,N6
612_A/duck/Guangdong/03.,A/duck/Guangdong/03.26_DGCP066-O/2015(H5N6),-0.099802,-0.013818,0.042725,0.005727,Avian,N6
613_A/duck/Guangdong/03.,A/duck/Guangdong/03.26_DGCP074-O/2015(H5N6),-0.100963,-0.012911,0.041838,0.005253,Avian,N6
614_A/duck/Guangdong/03.,A/duck/Guangdong/03.26_DGCP075-O/2015(Mixed),-0.091708,-0.027953,0.037711,0.005437,Avian,N6
615_A/duck/Guangdong/03.,A/duck/Guangdong/03.26_DGCP076-O/2015(H5N6),-0.101028,-0.020268,0.040963,-0.0048,Avian,N6
616_A/duck/Guangdong/03.,A/duck/Guangdong/03.26_DGCP076-P/2015(H5N6),-0.100963,-0.012911,0.041838,0.005253,Avian,N6
617_A/duck/Guangdong/03.,A/duck/Guangdong/03.26_DGCP077-O/2015(H5N6),0.012044,0.062864,-0.04108,-0.033793,Avian,N6
618_A/duck/Guangdong/03.,A/duck/Guangdong/03.26_DGCP078-P/2015(H5N6),-0.100963,-0.012911,0.041838,0.005253,Avian,N6
619_A/duck/Guangdong/03.,A/duck/Guangdong/03.26_DGCP080-P/2015(H5N6),-0.08793,-0.027316,0.040738,0.002877,Avian,N6
620_A/duck/Guangdong/03.,A/duck/Guangdong/03.26_DGCP082-O/2015(H5N6),-0.08793,-0.027316,0.040738,0.002877,Avian,N6
621_A/duck/Guangdong/03.,A/duck/Guangdong/03.26_DGCP084-P/2015(H5N6),-0.100963,-0.012911,0.041838,0.005253,Avian,N6
622_A/duck/Guangdong/03.,A/duck/Guangdong/03.26_DGCP709-P/2015(H5N6),-0.101028,-0.020268,0.040963,-0.0048,Avian,N6
623_A/duck/Guangdong/03.,A/duck/Guangdong/03.26_DGCPLB007-O/2015(H5N6),-0.101028,-0.020268,0.040963,-0.0048,Avian,N6
624_A/duck/Guangdong/03.,A/duck/Guangdong/03.26_DGCPLB007-P/2015(H5N6),-0.100963,-0.012911,0.041838,0.005253,Avian,N6
625_A/duck/Guangdong/03.,A/duck/Guangdong/03.26_DGCPLB019-P/2015(H5N6),-0.099847,-0.021184,0.041855,-0.004318,Avian,N6
626_A/duck/Guangdong/03.,A/duck/Guangdong/03.26_DGCPLB021-O/2015(H5N6),-0.0992,-0.020216,0.042954,-0.002893,Avian,N6
627_A/duck/Guangdong/03.,A/duck/Guangdong/03.26_DGCPLB022-O/2015(H5N6),-0.099166,-0.012867,0.043805,0.007127,Avian,N6
628_A/duck/Guangdong/03.,A/duck/Guangdong/03.26_DGCPLB022-P/2015(H5N6),-0.099166,-0.012867,0.043805,0.007127,Avian,N6
629_A/duck/Guangdong/03.,A/duck/Guangdong/03.26_DGCPLB023-O/2015(H5N6),-0.0992,-0.020216,0.042954,-0.002893,Avian,N6
630_A/duck/Guangdong/03.,A/duck/Guangdong/03.26_DGCPLB023-P/2015(H5N6),-0.099802,-0.013818,0.042725,0.005727,Avian,N6
631_A/duck/Guangdong/03.,A/duck/Guangdong/03.26_DGCPLB024-O/2015(H5N6),-0.0992,-0.020216,0.042954,-0.002893,Avian,N6
632_A/duck/Guangdong/03.,A/duck/Guangdong/03.27_DGQTSJ129-O/2015(Mixed),-0.098329,-0.045212,0.03369,-0.000723,Avian,N6
633_A/duck/Guangdong/03.,A/duck/Guangdong/03.27_DGQTSJ131-O/2015(Mixed),-0.084298,-0.027516,0.042445,-0.000617,Avian,N6
634_A/duck/Guangdong/03.,A/duck/Guangdong/03.27_DGQTSJ133-O/2015(Mixed),-0.10617,-0.035219,0.033483,0.005293,Avian,N6
635_A/duck/Guangdong/03.,A/duck/Guangdong/03.27_DGQTSJ134-O/2015(Mixed),-0.092445,0.033147,-0.008494,-0.0299,Avian,N6
636_A/duck/Guangdong/03.,A/duck/Guangdong/03.27_DGQTXC203-O/2015(Mixed),-0.098329,-0.045212,0.03369,-0.000723,Avian,N6
637_A/duck/Guangdong/04.,A/duck/Guangdong/04.15_SZBAXQ019/2015(Mixed),0.030917,-0.019276,-0.144098,-0.071072,Avian,N6
638_A/duck/Guangdong/04.,A/duck/Guangdong/04.15_SZBAXQ020/2015(H5N6),-0.112697,-0.037757,0.05336,-0.045075,Avian,N6
639_A/duck/Guangdong/04.,A/duck/Guangdong/04.15_SZBAXQ021/2015(H5N6),-0.111829,-0.038001,0.055086,-0.034584,Avian,N6
640_A/duck/Guangdong/04.,A/duck/Guangdong/04.16_LGDBL001/2015(Mixed),-0.100778,-0.019433,0.044074,-0.009028,Avian,N6
641_A/duck/Guangdong/04.,A/duck/Guangdong/04.16_SZLGDBL005/2015(H5N6),-0.085814,-0.022027,0.034604,0.012536,Avian,N6
642_A/duck/Guangdong/04.,A/duck/Guangdong/04.16_SZLGDBL009/2015(H5N6),-0.100778,-0.019433,0.044074,-0.009028,Avian,N6
643_A/duck/Guangdong/04.,A/duck/Guangdong/04.16_SZLGDBL013/2015(H5N6),-0.098738,-0.01356,0.045146,0.003903,Avian,N6
644_A/duck/Guangdong/04.,A/duck/Guangdong/04.16_SZLGWL002/2015(H5N6),-0.099442,-0.052159,0.031526,0.003159,Avian,N6
645_A/duck/Guangdong/04.,A/duck/Guangdong/04.22_DGCP068-O/2015(H5N6),-0.083649,-0.03025,0.032945,0.007458,Avian,N6
646_A/duck/Guangdong/04.,A/duck/Guangdong/04.22_DGCP071-P/2015(Mixed),-0.081099,-0.041203,0.037597,-0.003499,Avian,N6
647_A/duck/Guangdong/04.,A/duck/Guangdong/04.22_DGCP079-O/2015(H5N6),-0.104714,-0.040576,0.03021,-0.001156,Avian,N6
648_A/duck/Guangdong/04.,A/duck/Guangdong/04.22_DGCP083-O/2015(Mixed),-0.104608,-0.032657,0.031816,0.00862,Avian,N6
649_A/duck/Guangdong/04.,A/duck/Guangdong/04.22_DGCP084-O/2015(H5N6),-0.104714,-0.040576,0.03021,-0.001156,Avian,N6
650_A/duck/Guangdong/04.,A/duck/Guangdong/04.22_DGCPLB018-O/2015(H5N6),0.046256,-0.024743,-0.011456,0.057829,Avian,N6
651_A/duck/Guangdong/04.,A/duck/Guangdong/04.22_DGCPLB020-O/2015(H5N6),-0.089445,-0.046549,0.028522,0.000718,Avian,N6
652_A/duck/Guangdong/04.,A/duck/Guangdong/04.22_DGCPLB022-O/2015(Mixed),-0.090118,-0.046111,0.030697,0.002843,Avian,N6
653_A/duck/Guangdong/04.,A/duck/Guangdong/04.22_DGCPLB041-P/2015(H5N6),0.04395,-0.035716,-0.03396,0.052882,Avian,N6
654_A/duck/Guangdong/04.,A/duck/Guangdong/04.22_DGCPLB044-P/2015(H5N6),0.050955,-0.029069,-0.01549,0.054477,Avian,N6
655_A/duck/Guangdong/04.,A/duck/Guangdong/04.23_DGQTSJ121-O/2015(Mixed),-0.067198,-0.034167,0.035278,-0.0075,Avian,N6
656_A/duck/Guangdong/04.,A/duck/Guangdong/04.23_DGQTSJ123-O/2015(Mixed),-0.081054,-0.028925,0.046257,-0.00151,Avian,N6
657_A/duck/Guangdong/04.,A/duck/Guangdong/04.23_DGQTSJ127-O/2015(Mixed),-0.09025,-0.034669,0.044319,-0.001973,Avian,N6
658_A/duck/Guangdong/04.,A/duck/Guangdong/04.23_DGQTSJ128-O/2015(Mixed),-0.098329,-0.045212,0.03369,-0.000723,Avian,N6
659_A/duck/Guangdong/04.,A/duck/Guangdong/04.23_DGQTSJ134-O/2015(Mixed),-0.098329,-0.045212,0.03369,-0.000723,Avian,N6
660_A/duck/Guangdong/04.,A/duck/Guangdong/04.23_DGQTSJ135-O/2015(Mixed),-0.098329,-0.045212,0.03369,-0.000723,Avian,N6
661_A/duck/Guangdong/04.,A/duck/Guangdong/04.23_DGQTSJ135-P/2015(Mixed),-0.098329,-0.045212,0.03369,-0.000723,Avian,N6
662_A/duck/Guangdong/04.,A/duck/Guangdong/04.23_DGQTSJ138-O/2015(Mixed),-0.098329,-0.045212,0.03369,-0.000723,Avian,N6
663_A/duck/Guangdong/04.,A/duck/Guangdong/04.23_DGQTSJ138-P/2015(Mixed),-0.101761,-0.021013,0.044522,-0.007406,Avian,N6
664_A/duck/Guangdong/04.,A/duck/Guangdong/04.23_DGQTSJ144-O/2015(Mixed),-0.079293,-0.031171,0.034183,-0.025287,Avian,N6
665_A/duck/Guangdong/04.,A/duck/Guangdong/04.23_DGQTSJ145-O/2015(H5N6),-0.110015,-0.036675,0.057955,-0.036811,Avian,N6
666_A/duck/Guangdong/04.,A/duck/Guangdong/04.23_DGQTSJ146-O/2015(Mixed),-0.097593,-0.046071,0.032912,-0.000916,Avian,N6
667_A/duck/Guangdong/04.,A/duck/Guangdong/04.23_DGQTSJ147-O/2015(Mixed),-0.110921,-0.040238,0.053216,-0.033882,Avian,N6
668_A/duck/Guangdong/04.,A/duck/Guangdong/04.23_DGQTSJ148-O/2015(Mixed),-0.110512,-0.032703,0.054398,-0.023633,Avian,N6
669_A/duck/Guangdong/04.,A/duck/Guangdong/04.23_DGQTXC183-O/2015(Mixed),-0.099847,-0.021184,0.041855,-0.004318,Avian,N6
670_A/duck/Guangdong/04.,A/duck/Guangdong/04.23_DGQTXC185-O/2015(Mixed),-0.099802,-0.013818,0.042725,0.005727,Avian,N6
671_A/duck/Guangdong/04.,A/duck/Guangdong/04.23_DGQTXC186-O/2015(Mixed),-0.099802,-0.013818,0.042725,0.005727,Avian,N6
672_A/duck/Guangdong/04.,A/duck/Guangdong/04.23_DGQTXC187-O/2015(Mixed),-0.100493,-0.022152,0.040755,-0.005743,Avian,N6
673_A/duck/Guangdong/04.,A/duck/Guangdong/04.23_DGQTXC187-P/2015(Mixed),-0.099847,-0.021184,0.041855,-0.004318,Avian,N6
674_A/duck/Guangdong/04.,A/duck/Guangdong/04.23_DGQTXC188-O/2015(Mixed),-0.103351,-0.03803,0.033361,-0.008103,Avian,N6
675_A/duck/Guangdong/04.,A/duck/Guangdong/04.23_DGQTXC188-P/2015(Mixed),-0.083995,-0.02947,0.039196,0.000376,Avian,N6
676_A/duck/Guangdong/04.,A/duck/Guangdong/04.23_DGQTXC201-O/2015(Mixed),-0.099847,-0.021184,0.041855,-0.004318,Avian,N6
677_A/duck/Guangdong/04.,A/duck/Guangdong/04.23_DGQTXC202-O/2015(H5N6),-0.090009,-0.020408,0.036619,0.012851,Avian,N6
678_A/duck/Guangdong/04.,A/duck/Guangdong/04.23_DGQTXC202-O/2015(Mixed),-0.099648,-0.043325,0.038942,-0.017229,Avian,N6
679_A/duck/Guangdong/04.,A/duck/Guangdong/04.23_DGQTXC203-O/2015(H5N6),-0.107366,-0.008118,0.033611,0.002763,Avian,N6
680_A/duck/Guangdong/04.,A/duck/Guangdong/04.23_DGQTXC204-O/2015(Mixed),-0.098329,-0.045212,0.03369,-0.000723,Avian,N6
681_A/duck/Guangdong/04.,A/duck/Guangdong/04.23_DGQTXC204-P/2015(Mixed),-0.08523,-0.028822,0.041684,-0.001669,Avian,N6
682_A/duck/Guangdong/04.,A/duck/Guangdong/04.23_DGQTXC205-O/2015(Mixed),-0.084298,-0.027516,0.042445,-0.000617,Avian,N6
683_A/duck/Guangdong/04.,A/duck/Guangdong/04.23_DGQTXC206-O/2015(Mixed),-0.099847,-0.021184,0.041855,-0.004318,Avian,N6
684_A/duck/Guangdong/04.,A/duck/Guangdong/04.23_DGQTXC207-O/2015(Mixed),-0.084298,-0.027516,0.042445,-0.000617,Avian,N6
685_A/duck/Guangdong/04.,A/duck/Guangdong/04.23_DGQTXC207-P/2015(Mixed),-0.084298,-0.027516,0.042445,-0.000617,Avian,N6
686_A/duck/Guangdong/04.,A/duck/Guangdong/04.23_DGQTXC213-O/2015(H5N6),-0.098241,-0.045131,0.039303,0.01491,Avian,N6
687_A/duck/Guangdong/04.,A/duck/Guangdong/04.23_DGQTXC213-P/2015(H5N6),-0.098231,-0.053348,0.037996,0.005297,Avian,N6
688_A/duck/Guangdong/04.,A/duck/Guangdong/04.23_DGQTXC227-P/2015(Mixed),-0.110512,-0.032703,0.054398,-0.023633,Avian,N6
689_A/duck/Guangdong/04.,A/duck/Guangdong/04.23_DGQTXC229-P/2015(H5N6),-0.112063,-0.040685,0.05379,-0.034568,Avian,N6
690_A/duck/Guangdong/04.,A/duck/Guangdong/04.23_DGQTXC230-P/2015(Mixed),-0.090234,-0.0483,0.039724,-0.033919,Avian,N6
691_A/duck/Guangdong/04.,A/duck/Guangdong/04.23_DGQTXC231-O/2015(H5N6),-0.110921,-0.040238,0.053216,-0.033882,Avian,N6
692_A/duck/Guangdong/04.,A/duck/Guangdong/04.23_DGQTXC231-P/2015(Mixed),-0.110921,-0.040238,0.053216,-0.033882,Avian,N6
693_A/duck/Guangdong/04.,A/duck/Guangdong/04.23_DGQTXC232-P/2015(H5N6),-0.110921,-0.040238,0.053216,-0.033882,Avian,N6
694_A/duck/Guangdong/04.,A/duck/Guangdong/04.23_DGQTXC233-P/2015(Mixed),-0.110921,-0.040238,0.053216,-0.033882,Avian,N6
695_A/duck/Guangdong/04.,A/duck/Guangdong/04.23_DGQTXC235-O/2015(H5N6),-0.112063,-0.040685,0.05379,-0.034568,Avian,N6
696_A/duck/Guangdong/04.,A/duck/Guangdong/04.23_DGQTXC236-P/2015(H5N6),-0.092908,-0.029335,0.039321,0.00441,Avian,N6
697_A/duck/Guangdong/11.,A/duck/Guangdong/11.18_SZBJ003-C/2016,0.018386,0.119207,0.01162,-0.043151,Avian,N6
698_A/duck/Guangdong/11.,A/duck/Guangdong/11.18_SZBJ003-O/2016,0.018386,0.119207,0.01162,-0.043151,Avian,N6
699_A/duck/Guangdong/11.,A/duck/Guangdong/11.18_SZBJ007-O/2016,0.018386,0.119207,0.01162,-0.043151,Avian,N6
700_A/duck/Guangdong/KGZ,A/duck/Guangdong/KGZ15783/2021,0.05792,-0.107104,0.020369,-0.032571,Avian,N8
701_A/duck/Guangdong/KGZ,A/duck/Guangdong/KGZ16007/2021,0.00771,0.080183,0.046099,-0.038812,Avian,N6
702_A/duck/Guangdong/KGZ,A/duck/Guangdong/KGZ16008/2021,0.007081,0.081191,0.046564,-0.042633,Avian,N6
703_A/duck/Guangdong/KGZ,A/duck/Guangdong/KGZ16009/2021,0.007046,0.075301,0.047065,-0.035932,Avian,N6
704_A/duck/Guangdong/KGZ,A/duck/Guangdong/KGZ16012/2021,0.005656,0.076446,0.050913,-0.034208,Avian,N6
705_A/duck/Guangdong/KGZ,A/duck/Guangdong/KGZ16015/2021,0.070125,-0.111046,0.007427,-0.045757,Avian,N8
706_A/Duck/Guangdong/PO1,A/Duck/Guangdong/PO17281256/MZH/2017-8-21,-0.107234,-0.009156,0.033263,-0.041321,Avian,N6
707_A/Duck/Guangdong/PO1,A/Duck/Guangdong/PO17281388/MZH/2017-10-24,-0.125219,-0.015782,0.030301,-0.061938,Avian,N6
708_A/Duck/Guangdong/PO1,A/Duck/Guangdong/PO17284260/YJ/2017-7-12,0.034764,0.111935,0.005026,0.039303,Avian,N6
709_A/Duck/Guangdong/PO1,A/Duck/Guangdong/PO1707260017/GZH/2017-08-02,-0.110973,-0.011133,0.04247,-0.033381,Avian,N6
710_A/Duck/Guangdong/PY5,A/Duck/Guangdong/PY501/2014(H5N6),-0.102009,-0.030632,0.02436,-0.011849,Avian,N6
711_A/Duck/Guangdong/PY5,A/Duck/Guangdong/PY503/2014(H5N6),-0.086033,-0.013775,0.019626,0.00933,Avian,N6
712_A/duck/Guangdong/S12,A/duck/Guangdong/S1269/2021,0.065021,-0.115007,0.027924,-0.037915,Avian,N8
713_A/duck/Guangdong/S13,A/duck/Guangdong/S1330/2016,0.013637,0.114484,0.015548,-0.012745,Avian,N6
714_A/duck/Guangdong/S45,A/duck/Guangdong/S4518/2021(H5N1),0.091653,-0.011268,-0.032303,-0.000688,Avian,N1
715_A/duck/Guangdong/S45,A/duck/Guangdong/S4525/2021(H5N1),0.088448,-0.016289,-0.038574,0.001548,Avian,N1
716_A/duck/Guangdong/S48,A/duck/Guangdong/S4879/2020,0.069479,-0.105889,0.012302,-0.053769,Avian,N6
717_A/duck/Guangdong/s14,A/duck/Guangdong/s14044/2014,0.051607,0.057589,0.058751,-0.077867,Avian,N8
718_A/duck/Guangdong/SE1,A/duck/Guangdong/SE195/2021,0.01728,0.065783,0.04303,0.003887,Avian,N6
719_A/Duck/Guangdong/SS1,A/Duck/Guangdong/SS1A1/2014(H5N6),-0.119412,-0.004512,-0.003069,0.033993,Avian,N6
720_A/duck/Guangdong/wy1,A/duck/Guangdong/wy11/2008,0.024118,0.030261,0.054974,-0.02525,Avian,Others
721_A/duck/Guangdong/wy1,A/duck/Guangdong/wy19/2008,0.026947,0.025277,0.04575,-0.032558,Avian,Others
722_A/duck/Guangdong/wy2,A/duck/Guangdong/wy24/2008,0.041845,0.048024,0.016969,-0.037224,Avian,Others
723_A/Duck/Guangdong/Yan,A/Duck/Guangdong/Yangjiang/PO18284009/2018-01-09,-0.086963,-0.005019,0.047185,-0.034572,Avian,N6
724_A/duck/Guangxi/12.25,A/duck/Guangxi/12.25_GLGX-14-08/2014(Mixed),-0.105571,-0.02146,0.013997,0.012828,Avian,N6
725_A/duck/Guangxi/S1009,A/duck/Guangxi/S10099/2021,0.069282,-0.098764,0.0182,-0.046155,Avian,N8
726_A/duck/Guangxi/S1026,A/duck/Guangxi/S10263/2021,0.073345,-0.101118,0.021651,-0.046783,Avian,N8
727_A/duck/Guangxi/S1104,A/duck/Guangxi/S11043/2021,0.06487,-0.104096,0.022899,-0.053679,Avian,N8
728_A/duck/Guangxi/S2119,A/duck/Guangxi/S21194/2021,0.072907,-0.105094,0.016534,-0.046545,Avian,N8
729_A/duck/Guangxi/S3111,A/duck/Guangxi/S31116/2021(H5N6),0.016109,0.03557,-0.003866,-0.026071,Avian,N6
730_A/duck/Guangzhou/018,A/duck/Guangzhou/018/2014,-0.097136,-0.027676,0.021583,-0.0057,Avian,N6
731_A/duck/Guangzhou/021,A/duck/Guangzhou/021/2014,-0.104165,-0.031292,0.019888,-0.010571,Avian,N6
732_A/duck/Guizhou/7.27_,A/duck/Guizhou/7.27_ZYLJJ017-O/2018,-0.104808,-0.010858,0.031159,-0.043449,Avian,N6
733_A/duck/Guizhou/8.26_,A/duck/Guizhou/8.26_ZYLJJ016-O/2018,-0.100868,0.019551,0.040581,-0.056224,Avian,N6
734_A/duck/Guizhou/8.26_,A/duck/Guizhou/8.26_ZYLJJ017-O/2018,-0.105549,-0.003134,0.032528,-0.032809,Avian,N6
735_A/duck/Guizhou/S1321,A/duck/Guizhou/S1321/2022(H5N1),0.091878,-0.019243,-0.041005,0.007919,Avian,N1
736_A/duck/Guizhou/S1711,A/duck/Guizhou/S1711/2024(H5N1),0.031192,-0.018171,-0.017389,0.006014,Avian,N1
737_A/duck/Guizhou/S4702,A/duck/Guizhou/S4702/2021(H5N6),0.011314,0.089755,-0.024715,0.0134,Avian,N6
738_A/duck/Hainan/12.29_,A/duck/Hainan/12.29_HKPL002-C/2017,-0.113602,0.016934,0.045588,-0.05791,Avian,N6
739_A/duck/Hebei/3/2011|,A/duck/Hebei/3/2011,0.064039,0.032252,0.047596,-0.053061,Avian,N2
740_A/duck/Hebei/S1070/2,A/duck/Hebei/S1070/2021,0.070227,-0.106707,0.015969,-0.040198,Avian,N8
741_A/duck/Henan/01.01_L,A/duck/Henan/01.01_LYGL003-O/2017,0.053254,0.000484,-0.11267,-0.051055,Avian,N6
742_A/duck/Henan/S1381/2,A/duck/Henan/S1381/2021,0.067237,-0.111025,0.01251,-0.034323,Avian,N8
743_A/duck/Hsinchu/15020,A/duck/Hsinchu/15020216/2015,0.134218,0.013539,0.076728,0.045441,Avian,N2
744_A/duck/Hubei/03.06__,A/duck/Hubei/03.06__WHWTZ0107-O/2015(Mixed),0.061242,0.020077,-0.040042,-0.015323,Avian,N2
745_A/duck/Hubei/03.06__,A/duck/Hubei/03.06__WHWTZ0111-O/2015(Mixed),-0.116278,-0.00479,0.002287,0.045142,Avian,N6
746_A/duck/Hubei/03.06__,A/duck/Hubei/03.06__WHWTZ0123-O/2015(H5N6),-0.115066,-0.005561,0.002974,0.046064,Avian,N6
747_A/duck/Hubei/03.06__,A/duck/Hubei/03.06__WHWTZ0125-O/2015(H5N6),-0.115066,-0.005561,0.002974,0.046064,Avian,N6
748_A/duck/Hubei/03.06__,A/duck/Hubei/03.06__WHWTZ0129-P/2015(H5N6),-0.116073,-0.00514,0.002706,0.045695,Avian,N6
749_A/duck/Hubei/03.06__,A/duck/Hubei/03.06__WHWTZ0150-P/2015(Mixed),-0.120066,-0.002486,-0.001899,0.046106,Avian,N6
750_A/duck/Hubei/03.06__,A/duck/Hubei/03.06__WHWTZ0155-P/2015(H5N1),0.059243,-0.002414,-0.031212,-0.018414,Avian,N1
751_A/duck/HuBei/03.06__,A/duck/HuBei/03.06__WHWTZ0158-P/2015(H5N6),-0.115066,-0.005561,0.002974,0.046064,Avian,N6
752_A/duck/Hubei/03.06_W,A/duck/Hubei/03.06_WHWTZ0124-O/2015(H5N6),-0.115066,-0.005561,0.002974,0.046064,Avian,N6
753_A/duck/Hubei/03.06_W,A/duck/Hubei/03.06_WHWTZ0130-O/2015(H5N6),-0.116073,-0.00514,0.002706,0.045695,Avian,N6
754_A/duck/Hubei/46/2009,A/duck/Hubei/46/2009,0.086367,0.020389,-0.006366,-0.003842,Avian,N1
755_A/duck/Hubei/2911/20,A/duck/Hubei/2911/2007,-0.067755,0.016152,-0.033424,0.021134,Avian,N1
756_A/duck/Hubei/S4465/2,A/duck/Hubei/S4465/2021(H5N1),0.087499,-0.004541,0.001853,0.057881,Avian,N1
757_A/duck/Hubei/SE128/2,A/duck/Hubei/SE128/2022(H5N1),0.10019,-0.011957,-0.00382,0.074107,Avian,N1
758_A/duck/Hubei/SE220/2,A/duck/Hubei/SE220/2022(H5N1),0.090339,-0.015584,-0.03916,0.00346,Avian,N1
759_A/duck/Hubei/SZY250/,A/duck/Hubei/SZY250/2016,-0.002703,0.088566,0.001808,-0.070962,Avian,N2
760_A/duck/Hubei/xn/2007,A/duck/Hubei/xn/2007,-0.05199,0.036447,-0.042043,0.042746,Avian,N1
761_A/duck/Hunan/1.12_YY,A/duck/Hunan/1.12_YYGK68H3-OC/2018,-0.115547,0.004799,0.032352,-0.035532,Avian,N6
762_A/duck/Hunan/1.12_YY,A/duck/Hunan/1.12_YYGK72H3-OC/2018,-0.115547,0.004799,0.032352,-0.035532,Avian,N6
763_A/duck/Hunan/1.12_YY,A/duck/Hunan/1.12_YYGK74H3-OC/2018,-0.128579,-0.036577,0.044344,-0.027461,Avian,N6
764_A/duck/Hunan/01.12_Y,A/duck/Hunan/01.12_YYGK82H3-OC/2018,-0.12937,-0.038799,0.044969,-0.035684,Avian,N6
765_A/duck/Hunan/01.16_Y,A/duck/Hunan/01.16_YYFQH128-P/2014(Mixed),-0.116783,-0.008822,-0.0097,0.013238,Avian,N6
766_A/duck/Hunan/01.16_Y,A/duck/Hunan/01.16_YYFQH185-P/2014(H5N6),-0.117972,-0.016323,-0.008901,0.007844,Avian,N6
767_A/duck/Hunan/01.16_Y,A/duck/Hunan/01.16_YYFQH299-P/2014(H5N6),-0.121398,-0.004101,-0.009574,0.021517,Avian,N6
768_A/duck/Hunan/01.16_Y,A/duck/Hunan/01.16_YYFQH303-P/2014(H5N6),-0.121665,-0.011461,-0.010903,0.011234,Avian,N6
769_A/duck/Hunan/01.16_Y,A/duck/Hunan/01.16_YYFQH304-P/2014(H5N6),-0.127419,-0.001685,-0.005205,0.011777,Avian,N6
770_A/duck/Hunan/01.16_Y,A/duck/Hunan/01.16_YYFQH305-P/2014(H5N6),-0.116865,-0.008441,-0.010624,0.022882,Avian,N6
771_A/duck/Hunan/01.16_Y,A/duck/Hunan/01.16_YYFQH306-P/2014(H5N6),-0.121398,-0.004101,-0.009574,0.021517,Avian,N6
772_A/duck/Hunan/01.16_Y,A/duck/Hunan/01.16_YYFQH309-P/2014(H5N6),-0.121398,-0.004101,-0.009574,0.021517,Avian,N6
773_A/duck/Hunan/01.16_Y,A/duck/Hunan/01.16_YYFQH317-P/2014(H5N6),-0.121398,-0.004101,-0.009574,0.021517,Avian,N6
774_A/duck/Hunan/01.16_Y,A/duck/Hunan/01.16_YYFQH319-P/2014(H5N6),-0.121665,-0.011461,-0.010903,0.011234,Avian,N6
775_A/duck/Hunan/01.16_Y,A/duck/Hunan/01.16_YYGK218-P/2014(H5N6),-0.121398,-0.004101,-0.009574,0.021517,Avian,N6
776_A/duck/Hunan/1.17_YY,A/duck/Hunan/1.17_YYGKK80-OC/2017,0.026306,0.141387,0.004354,-0.032069,Avian,N6
777_A/duck/Hunan/01.21_Y,A/duck/Hunan/01.21_YYFQH009-O/2015(H5N6),-0.115686,-0.012072,-0.007866,0.025627,Avian,N6
778_A/duck/Hunan/01.21_Y,A/duck/Hunan/01.21_YYFQH019-P/2015(H5N6),-0.112373,-0.01391,-0.00136,0.035095,Avian,N6
779_A/duck/Hunan/01.21_Y,A/duck/Hunan/01.21_YYFQH024-P/2015(H5N6),-0.112792,-0.014813,-0.00882,0.037106,Avian,N6
780_A/duck/Hunan/01.21_Y,A/duck/Hunan/01.21_YYFQH025-P/2015(H5N6),-0.117251,-0.01534,0.008385,0.031957,Avian,N6
781_A/duck/Hunan/01.21_Y,A/duck/Hunan/01.21_YYFQH030-O/2015(H5N6),-0.115501,-0.019797,-0.009279,0.015813,Avian,N6
782_A/duck/Hunan/2.06_YY,A/duck/Hunan/2.06_YYGK77J3-OC/2018,-0.094392,-0.010321,0.058377,-0.024746,Avian,N6
783_A/duck/Hunan/2.06_YY,A/duck/Hunan/2.06_YYGK78J3-OC/2018,-0.106269,0.017517,0.014523,-0.046246,Avian,N6
784_A/duck/Hunan/2.06_YY,A/duck/Hunan/2.06_YYGK84J3-OC/2018,-0.094392,-0.010321,0.058377,-0.024746,Avian,N6
785_A/duck/Hunan/2.06_YY,A/duck/Hunan/2.06_YYGK92J3-OC/2018,-0.094392,-0.010321,0.058377,-0.024746,Avian,N6
786_A/duck/Hunan/02.07__,A/duck/Hunan/02.07__YYFQHY12Y-O/2015(H5N6),-0.122465,-0.024079,-0.003093,0.032172,Avian,N6
787_A/duck/Hunan/02.07__,A/duck/Hunan/02.07__YYFQHY20Y-O/2015(H5N6),-0.122465,-0.024079,-0.003093,0.032172,Avian,N6
788_A/duck/Hunan/02.07_Y,A/duck/Hunan/02.07_YYFQH026-O/2015(H5N6),-0.112479,-0.021745,-0.003273,0.025099,Avian,N6
789_A/duck/Hunan/02.07_Y,A/duck/Hunan/02.07_YYFQH029-O/2015(H5N6),-0.122113,-0.032061,-0.004851,0.022098,Avian,N6
790_A/duck/Hunan/02.07_Y,A/duck/Hunan/02.07_YYFQH032-O/2015(H5N6),-0.112479,-0.021745,-0.003273,0.025099,Avian,N6
791_A/duck/Hunan/02.16_Y,A/duck/Hunan/02.16_YYGK281-P/2014(H5N6),-0.121665,-0.011461,-0.010903,0.011234,Avian,N6
792_A/duck/Hunan/02.26__,A/duck/Hunan/02.26__YYFQH293-P/2014(H5N6),-0.121398,-0.004101,-0.009574,0.021517,Avian,N6
793_A/duck/Hunan/02.26__,A/duck/Hunan/02.26__YYFQH320-P/2014(H5N6),-0.121398,-0.004101,-0.009574,0.021517,Avian,N6
794_A/duck/Hunan/02.26__,A/duck/Hunan/02.26__YYGK251-P/2014(H5N6),-0.121398,-0.004101,-0.009574,0.021517,Avian,N6
795_A/duck/Hunan/02.26__,A/duck/Hunan/02.26__YYGK0255-P/2014(H5N6),-0.119331,0.000067,-0.020317,0.030852,Avian,N6
796_A/duck/Hunan/02.26_Y,A/duck/Hunan/02.26_YYFQH290-P/2014(H5N6),-0.110167,-0.012015,-0.004948,0.020578,Avian,N6
797_A/duck/Hunan/02.26_Y,A/duck/Hunan/02.26_YYFQH294-P/2014(H5N6),-0.121665,-0.011461,-0.010903,0.011234,Avian,N6
798_A/duck/Hunan/02.26_Y,A/duck/Hunan/02.26_YYFQH308-P/2014(H5N6),-0.121,-0.003569,-0.009558,0.02144,Avian,N6
799_A/duck/Hunan/02.26_Y,A/duck/Hunan/02.26_YYFQHY291-P/2014(H5N6),-0.117908,-0.034512,-0.010704,0.018714,Avian,N6
800_A/duck/Hunan/02.26_Y,A/duck/Hunan/02.26_YYGK250-P/2014(H5N6),-0.125107,-0.0116,-0.026372,0.019582,Avian,N6
801_A/duck/Hunan/02.26_Y,A/duck/Hunan/02.26_YYGK254-P/2014(H5N6),-0.121398,-0.004101,-0.009574,0.021517,Avian,N6
802_A/duck/Hunan/02.26_Y,A/duck/Hunan/02.26_YYGK263-P/2014(H5N6),-0.122493,-0.011492,-0.01624,0.036214,Avian,N6
803_A/duck/Hunan/02.26_Y,A/duck/Hunan/02.26_YYGK267-P/2014(H5N6),-0.124631,-0.017425,-0.018031,0.023159,Avian,N6
804_A/duck/Hunan/02.26_Y,A/duck/Hunan/02.26_YYGK271-P/2014(H5N6),-0.123349,-0.013199,-0.016918,0.034797,Avian,N6
805_A/duck/Hunan/02.26_Y,A/duck/Hunan/02.26_YYGK276-P/2014(H5N6),-0.122493,-0.011492,-0.01624,0.036214,Avian,N6
806_A/duck/Hunan/02.26_Y,A/duck/Hunan/02.26_YYGKY298-P/2014(H5N6),-0.121398,-0.004101,-0.009574,0.021517,Avian,N6
807_A/duck/Hunan/02.26_Y,A/duck/Hunan/02.26_YYGQH295-P/2014(H5N6),-0.122474,-0.013804,-0.010473,0.013529,Avian,N6
808_A/duck/Hunan/03.07_Y,A/duck/Hunan/03.07_YYGK1L3-OC/2018,0.016495,0.100374,-0.024147,-0.035541,Avian,N1
809_A/duck/Hunan/03.07_Y,A/duck/Hunan/03.07_YYGK4L3-OC/2018,0.020573,0.125268,0.023358,0.000115,Avian,N6
810_A/duck/Hunan/03.07_Y,A/duck/Hunan/03.07_YYGK25L3-OC/2018,-0.093654,-0.008934,0.060147,-0.022738,Avian,N6
811_A/duck/Hunan/03.07_Y,A/duck/Hunan/03.07_YYGK31L3-OC/2018,-0.128437,-0.036568,0.052027,-0.049165,Avian,N6
812_A/duck/Hunan/03.09_Y,A/duck/Hunan/03.09_YYFQH0036-P/2015(Mixed),0.061499,-0.00586,-0.118219,-0.076766,Avian,N6
813_A/duck/Hunan/03.09_Y,A/duck/Hunan/03.09_YYFQH0046-O/2015(Mixed),-0.088137,-0.026783,0.043903,0.006394,Avian,N6
814_A/duck/Hunan/03.09_Y,A/duck/Hunan/03.09_YYFQH0047-O/2015(H5N6),-0.09113,-0.025039,0.007852,0.018473,Avian,N6
815_A/duck/Hunan/03.24_Y,A/duck/Hunan/03.24_YYGK18M2-O/2017,-0.138648,-0.022029,0.044308,-0.030719,Avian,N6
816_A/duck/Hunan/03.24_Y,A/duck/Hunan/03.24_YYGK21M2-O/2017,-0.137911,-0.022889,0.04353,-0.030912,Avian,N6
817_A/duck/Hunan/03.24_Y,A/duck/Hunan/03.24_YYGK174M2-C/2017,-0.139781,-0.022328,0.043937,-0.03146,Avian,N6
818_A/duck/Hunan/03.24_Y,A/duck/Hunan/03.24_YYGK178M2-C/2017,-0.138648,-0.022029,0.044308,-0.030719,Avian,N6
819_A/duck/Hunan/04.14_Y,A/duck/Hunan/04.14_YYGK067-O/2015(Mixed),-0.101173,-0.013819,-0.004659,0.01519,Avian,N6
820_A/duck/Hunan/04.14_Y,A/duck/Hunan/04.14_YYGK0439-Z-P/2015(Mixed),-0.118933,-0.004552,-0.001133,0.026692,Avian,N6
821_A/duck/Hunan/04.14_Y,A/duck/Hunan/04.14_YYGK451-1-O/2015(Mixed),-0.114853,-0.017445,0.001087,0.028389,Avian,N6
822_A/duck/Hunan/04.14_Y,A/duck/Hunan/04.14_YYGK460-O/2015(H5N6),-0.114091,-0.009978,0.002116,0.039072,Avian,N6
823_A/duck/Hunan/04.14_Y,A/duck/Hunan/04.14_YYGK464-O/2015(H5N6),-0.101965,-0.012802,-0.004169,0.010703,Avian,N6
824_A/duck/Hunan/04.14_Y,A/duck/Hunan/04.14_YYGK468-O/2015(H5N6),-0.101173,-0.013819,-0.004659,0.01519,Avian,N6
825_A/duck/Hunan/04.14_Y,A/duck/Hunan/04.14_YYGK472-O/2015(Mixed),-0.105783,-0.009404,-0.003591,0.013802,Avian,N6
826_A/duck/Hunan/04.14_Y,A/duck/Hunan/04.14_YYGK0878-P/2015(H5N6),-0.113981,-0.009791,0.002313,0.038661,Avian,N6
827_A/duck/Hunan/04.14_Y,A/duck/Hunan/04.14_YYXS877-P/2015(H5N6),-0.113981,-0.009791,0.002313,0.038661,Avian,N6
828_A/duck/Hunan/04.22_L,A/duck/Hunan/04.22_LDDX037-P/2015(H5N6),-0.094876,-0.044061,0.029914,0.012024,Avian,N6
829_A/duck/Hunan/7.21_YY,A/duck/Hunan/7.21_YYGK41Y1-C/2016,-0.122021,-0.020957,0.046019,-0.033879,Avian,N6
830_A/duck/Hunan/11.30_Y,A/duck/Hunan/11.30_YYGK59E3-OC/2017,0.019252,0.108909,-0.004636,0.036723,Avian,N6
831_A/duck/Hunan/11.30_Y,A/duck/Hunan/11.30_YYGK62E3-OC/2017,-0.103572,-0.009603,0.052561,-0.037381,Avian,N6
832_A/duck/Hunan/11.30_Y,A/duck/Hunan/11.30_YYGK63E3-OC/2017,-0.103354,-0.007779,0.051285,-0.037965,Avian,N6
833_A/duck/Hunan/11.30_Y,A/duck/Hunan/11.30_YYGK74E3-OC/2017,0.082587,-0.061433,-0.023007,0.042292,Avian,N8
834_A/duck/Hunan/11.30_Y,A/duck/Hunan/11.30_YYGK75E3-OC/2017,0.082618,-0.059761,-0.020142,0.04115,Avian,N6
835_A/duck/Hunan/12.07__,A/duck/Hunan/12.07__YYGK44-P/2013(Mixed),-0.101495,0.026936,-0.01389,0.020146,Avian,N1
836_A/duck/Hunan/12.07__,A/duck/Hunan/12.07__YYGK97-P/2013(H5N1),-0.097832,0.023709,-0.026387,0.022209,Avian,N1
837_A/duck/Hunan/12.07__,A/duck/Hunan/12.07__YYGK110-P/2013(H5N6),-0.102009,-0.030632,0.02436,-0.011849,Avian,N6
838_A/duck/Hunan/12.07__,A/duck/Hunan/12.07__YYGK111-P/2013(H5N6),-0.09901,-0.03284,0.028545,-0.012805,Avian,N6
839_A/duck/Hunan/12.07__,A/duck/Hunan/12.07__YYGK118-P/2013(H5N6),-0.120131,-0.002994,-0.002068,0.034558,Avian,N6
840_A/duck/Hunan/12.07_Y,A/duck/Hunan/12.07_YGK098-P/2013(H5N6),-0.097399,-0.035047,0.023292,-0.01046,Avian,N6
841_A/duck/Hunan/12.07_Y,A/duck/Hunan/12.07_YYGK007-P/2013(H5N1),-0.097832,0.023709,-0.026387,0.022209,Avian,N1
842_A/duck/Hunan/12.07_Y,A/duck/Hunan/12.07_YYGK032-P/2013(H5N6),-0.119513,-0.01165,-0.005118,0.023727,Avian,N6
843_A/duck/Hunan/12.07_Y,A/duck/Hunan/12.07_YYGK68-P/2013(H5N6),-0.116425,-0.005326,-0.00562,0.028729,Avian,N6
844_A/duck/Hunan/12.07_Y,A/duck/Hunan/12.07_YYGK100-P/2013(H5N1),-0.104209,0.034139,-0.02113,0.035519,Avian,N1
845_A/duck/Hunan/12.07_Y,A/duck/Hunan/12.07_YYGK108-P/2013(H5N6),-0.10232,-0.031478,0.02522,-0.008355,Avian,N6
846_A/duck/Hunan/12.07_Y,A/duck/Hunan/12.07_YYGK113-P/2013(H5N6),-0.10232,-0.031478,0.02522,-0.008355,Avian,N6
847_A/duck/Hunan/12.17__,A/duck/Hunan/12.17__YYFQH0046-1-O/2014(Mixed),-0.098323,-0.038137,0.032214,0.027178,Avian,N6
848_A/duck/Hunan/12.17__,A/duck/Hunan/12.17__YYFQH0072-O/2014(Mixed),-0.090544,-0.035501,0.033381,0.01491,Avian,N6
849_A/duck/Hunan/12.17__,A/duck/Hunan/12.17__YYGK0066-P/2014(H5N6),-0.126389,-0.003706,0.014104,0.020302,Avian,N6
850_A/duck/Hunan/12.17_Y,A/duck/Hunan/12.17_YYGK014/2014(H5N6),-0.111888,-0.017532,-0.000368,0.022731,Avian,N6
851_A/duck/Hunan/12.17_Y,A/duck/Hunan/12.17_YYGK040/2014(H5N6),-0.111888,-0.017532,-0.000368,0.022731,Avian,N6
852_A/duck/Hunan/12.17_Y,A/duck/Hunan/12.17_YYGK056/2014(H5N6),-0.106092,-0.030065,0.007013,0.006278,Avian,N6
853_A/duck/Hunan/12.17_Y,A/duck/Hunan/12.17_YYGK0056/2014(H5N6),-0.122465,-0.024079,-0.003093,0.032172,Avian,N6
854_A/duck/Hunan/12.17_Y,A/duck/Hunan/12.17_YYGK0057/2014(H5N6),-0.112452,-0.009872,0.001032,0.032821,Avian,N6
855_A/duck/Hunan/12.17_Y,A/duck/Hunan/12.17_YYGK0063-O/2014(H5N6),-0.090031,-0.034013,0.033108,0.013452,Avian,N6
856_A/duck/Hunan/12.17_Y,A/duck/Hunan/12.17_YYGK079-1/2014(H5N6),-0.111888,-0.017532,-0.000368,0.022731,Avian,N6
857_A/duck/Hunan/12.17_Y,A/duck/Hunan/12.17_YYGK082/2014(H5N6),-0.098013,-0.030091,0.007482,0.011169,Avian,N6
858_A/duck/Hunan/12.27_Y,A/duck/Hunan/12.27_YYGK60J2-C/2016,0.028729,0.158761,0.008778,-0.032368,Avian,N6
859_A/duck/Hunan/12.27_Y,A/duck/Hunan/12.27_YYGK71J2-O/2016,0.026261,0.145277,0.003527,-0.019626,Avian,N6
860_A/duck/Hunan/12.27_Y,A/duck/Hunan/12.27_YYGK73J2-O/2016,0.029762,0.155454,0.008391,-0.019599,Avian,N6
861_A/duck/Hunan/12.27_Y,A/duck/Hunan/12.27_YYGK81J2-O/2016,0.025233,0.145707,0.003254,-0.020002,Avian,N6
862_A/duck/Hunan/12.27_Y,A/duck/Hunan/12.27_YYGK86J2-C/2016,0.033173,0.158365,0.011027,-0.029388,Avian,N6
863_A/duck/Hunan/12.27_Y,A/duck/Hunan/12.27_YYGK89J2-O/2016,0.026261,0.145277,0.003527,-0.019626,Avian,N6
864_A/duck/Hunan/12.27_Y,A/duck/Hunan/12.27_YYGK91J2-O/2016,0.026261,0.145277,0.003527,-0.019626,Avian,N6
865_A/duck/Hunan/12.27_Y,A/duck/Hunan/12.27_YYGK93J2-O/2016,0.026261,0.145277,0.003527,-0.019626,Avian,N6
866_A/duck/Hunan/12.27_Y,A/duck/Hunan/12.27_YYGK95J2-O/2016,0.026261,0.145277,0.003527,-0.019626,Avian,N6
867_A/duck/Hunan/12.27_Y,A/duck/Hunan/12.27_YYGK96J2-O/2016,0.025659,0.145918,0.003553,-0.02109,Avian,N6
868_A/duck/Hunan/12.27_Y,A/duck/Hunan/12.27_YYGK97J2-O/2016,0.026261,0.145277,0.003527,-0.019626,Avian,N6
869_A/duck/Hunan/12.27_Y,A/duck/Hunan/12.27_YYGK100J2-C/2016,0.026261,0.145277,0.003527,-0.019626,Avian,N6
870_A/duck/Hunan/193/201,A/duck/Hunan/193/2014,-0.102899,-0.02914,0.020507,0.008734,Avian,N6
871_A/duck/Hunan/233/201,A/duck/Hunan/233/2014,-0.091907,-0.028728,0.007919,0.023941,Avian,N6
872_A/duck/Hunan/316/200,A/duck/Hunan/316/2005,-0.057293,0.049057,-0.050061,0.050181,Avian,N1
873_A/duck/Hunan/689/200,A/duck/Hunan/689/2006,-0.056165,0.051446,-0.035479,0.029469,Avian,N1
874_A/duck/Hunan/3315/20,A/duck/Hunan/3315/2006,-0.071685,0.03196,-0.038602,0.021686,Avian,N1
875_A/duck/Hunan/HN05/20,A/duck/Hunan/HN05/2014,-0.106712,-0.03062,0.024198,-0.01082,Avian,N6
876_A/duck/Hunan/HN13/20,A/duck/Hunan/HN13/2015,-0.094688,-0.025182,0.029722,0.034534,Avian,N6
877_A/duck/Hunan/HN16/20,A/duck/Hunan/HN16/2015,-0.102473,-0.015513,0.020585,0.009453,Avian,N6
878_A/duck/Hunan/HN29/20,A/duck/Hunan/HN29/2015,-0.120655,-0.0299,0.010971,0.000129,Avian,N6
879_A/duck/Hunan/HN42/20,A/duck/Hunan/HN42/2015,-0.093989,-0.024111,0.031586,0.009661,Avian,N6
880_A/duck/Hunan/HN45/20,A/duck/Hunan/HN45/2015,-0.113016,-0.029413,0.011734,0.001067,Avian,N6
881_A/duck/Hunan/HN53/20,A/duck/Hunan/HN53/2015,-0.118663,-0.031406,0.011179,0.003014,Avian,N6
882_A/duck/Hunan/HN54/20,A/duck/Hunan/HN54/2015,-0.118817,-0.030921,0.010561,0.002909,Avian,N6
883_A/duck/Hunan/HN59/20,A/duck/Hunan/HN59/2015,-0.121076,-0.029573,0.010348,-0.000393,Avian,N6
884_A/duck/Hunan/HN60/20,A/duck/Hunan/HN60/2015,-0.118263,-0.029922,0.010663,0.002171,Avian,N6
885_A/duck/Hunan/HN61/20,A/duck/Hunan/HN61/2015,-0.120655,-0.0299,0.010971,0.000129,Avian,N6
886_A/duck/Hunan/HN64/20,A/duck/Hunan/HN64/2015,-0.113016,-0.029413,0.011734,0.001067,Avian,N6
887_A/duck/Hunan/HN66/20,A/duck/Hunan/HN66/2015,-0.113213,-0.028964,0.012875,0.001469,Avian,N6
888_A/duck/Hunan/HN67/20,A/duck/Hunan/HN67/2015,-0.120655,-0.0299,0.010971,0.000129,Avian,N6
889_A/duck/Hunan/HN71/20,A/duck/Hunan/HN71/2015,-0.105733,-0.02011,0.020421,0.011499,Avian,N6
890_A/duck/Hunan/HN72/20,A/duck/Hunan/HN72/2015,-0.111207,-0.015053,0.007088,0.007077,Avian,N6
891_A/duck/Hunan/HN74/20,A/duck/Hunan/HN74/2015,-0.088022,-0.022541,0.028292,0.026294,Avian,N6
892_A/duck/Hunan/HN76/20,A/duck/Hunan/HN76/2015,-0.105334,-0.019363,0.01332,0.009159,Avian,N6
893_A/duck/Hunan/HN78/20,A/duck/Hunan/HN78/2015,-0.120655,-0.0299,0.010971,0.000129,Avian,N6
894_A/duck/Hunan/HN80/20,A/duck/Hunan/HN80/2015,-0.099218,-0.011689,0.019805,0.009817,Avian,N6
895_A/duck/Hunan/HN162/2,A/duck/Hunan/HN162/2015,-0.095962,-0.035177,0.025249,0.0137,Avian,N6
896_A/duck/Hunan/HN163/2,A/duck/Hunan/HN163/2015,-0.095896,-0.036236,0.040952,-0.012291,Avian,N6
897_A/duck/Hunan/HN167/2,A/duck/Hunan/HN167/2015,-0.094774,-0.034641,0.026009,0.013164,Avian,N6
898_A/duck/Hunan/HN171/2,A/duck/Hunan/HN171/2015,-0.094985,-0.038213,0.02471,0.01338,Avian,N6
899_A/duck/Hunan/HN172/2,A/duck/Hunan/HN172/2015,-0.094774,-0.034641,0.026009,0.013164,Avian,N6
900_A/duck/Hunan/HN174/2,A/duck/Hunan/HN174/2015,-0.094774,-0.034641,0.026009,0.013164,Avian,N6
901_A/duck/Hunan/HN176/2,A/duck/Hunan/HN176/2015,-0.094774,-0.034641,0.026009,0.013164,Avian,N6
902_A/duck/Hunan/HN177/2,A/duck/Hunan/HN177/2015,-0.095225,-0.036037,0.024471,0.013507,Avian,N6
903_A/duck/Hunan/HN178/2,A/duck/Hunan/HN178/2015,-0.095962,-0.035177,0.025249,0.0137,Avian,N6
904_A/duck/Hunan/HN182/2,A/duck/Hunan/HN182/2015,-0.095962,-0.035177,0.025249,0.0137,Avian,N6
905_A/duck/Hunan/HN183/2,A/duck/Hunan/HN183/2015,-0.095962,-0.035177,0.025249,0.0137,Avian,N6
906_A/duck/Hunan/HN186/2,A/duck/Hunan/HN186/2015,-0.095962,-0.035177,0.025249,0.0137,Avian,N6
907_A/duck/Hunan/HN190/2,A/duck/Hunan/HN190/2015,-0.096587,-0.036113,0.024187,0.012323,Avian,N6
908_A/duck/Hunan/HN191/2,A/duck/Hunan/HN191/2015,-0.095896,-0.036236,0.040952,-0.012291,Avian,N6
909_A/duck/Hunan/HN192/2,A/duck/Hunan/HN192/2015,-0.095962,-0.035177,0.025249,0.0137,Avian,N6
910_A/duck/Hunan/HN194/2,A/duck/Hunan/HN194/2015,-0.095962,-0.035177,0.025249,0.0137,Avian,N6
911_A/duck/Hunan/HN195/2,A/duck/Hunan/HN195/2015,-0.095962,-0.035177,0.025249,0.0137,Avian,N6
912_A/duck/Hunan/HN197/2,A/duck/Hunan/HN197/2015,-0.094774,-0.034641,0.026009,0.013164,Avian,N6
913_A/duck/Hunan/HN201/2,A/duck/Hunan/HN201/2015,-0.095962,-0.035177,0.025249,0.0137,Avian,N6
914_A/duck/Hunan/HN204/2,A/duck/Hunan/HN204/2015,-0.095027,-0.035279,0.025945,0.012713,Avian,N6
915_A/duck/Hunan/HN205/2,A/duck/Hunan/HN205/2015,-0.095113,-0.034377,0.026705,0.013316,Avian,N6
916_A/duck/Hunan/HN206/2,A/duck/Hunan/HN206/2015,-0.091176,-0.037683,0.028675,0.018264,Avian,N6
917_A/duck/Hunan/HN207/2,A/duck/Hunan/HN207/2015,-0.10331,-0.035595,0.023463,0.022219,Avian,N6
918_A/duck/Hunan/HN208/2,A/duck/Hunan/HN208/2015,-0.092002,-0.036583,0.023381,0.013862,Avian,N6
919_A/duck/Hunan/HN209/2,A/duck/Hunan/HN209/2015,-0.093626,-0.033677,0.026719,0.013005,Avian,N6
920_A/duck/Hunan/HN210/2,A/duck/Hunan/HN210/2015,-0.094774,-0.034641,0.026009,0.013164,Avian,N6
921_A/duck/Hunan/HN212/2,A/duck/Hunan/HN212/2015,-0.095336,-0.034241,0.026312,0.015078,Avian,N6
922_A/duck/Hunan/HN214/2,A/duck/Hunan/HN214/2015,-0.08877,-0.037347,0.040043,0.007065,Avian,N6
923_A/duck/Hunan/HN215/2,A/duck/Hunan/HN215/2015,-0.09559,-0.033839,0.024592,0.013221,Avian,N6
924_A/duck/Hunan/HN216/2,A/duck/Hunan/HN216/2015,-0.095896,-0.036236,0.040952,-0.012291,Avian,N6
925_A/duck/Hunan/HN217/2,A/duck/Hunan/HN217/2015,-0.095896,-0.036236,0.040952,-0.012291,Avian,N6
926_A/duck/Hunan/HN220/2,A/duck/Hunan/HN220/2015,-0.095962,-0.035177,0.025249,0.0137,Avian,N6
927_A/duck/Hunan/HN221/2,A/duck/Hunan/HN221/2015,-0.094955,-0.035598,0.025517,0.014069,Avian,N6
928_A/duck/Hunan/HN224/2,A/duck/Hunan/HN224/2015,-0.094774,-0.034641,0.026009,0.013164,Avian,N6
929_A/duck/Hunan/HN227/2,A/duck/Hunan/HN227/2015,-0.094774,-0.034641,0.026009,0.013164,Avian,N6
930_A/duck/Hunan/HN230/2,A/duck/Hunan/HN230/2015,-0.094774,-0.034641,0.026009,0.013164,Avian,N6
931_A/duck/Hunan/HN232/2,A/duck/Hunan/HN232/2015,-0.095896,-0.036236,0.040952,-0.012291,Avian,N6
932_A/duck/Hunan/HN234/2,A/duck/Hunan/HN234/2015,-0.08836,-0.037591,0.040603,0.007615,Avian,N6
933_A/duck/Hunan/HN236/2,A/duck/Hunan/HN236/2015,-0.08877,-0.037347,0.040043,0.007065,Avian,N6
934_A/duck/Hunan/HN238/2,A/duck/Hunan/HN238/2015,-0.08877,-0.037347,0.040043,0.007065,Avian,N6
935_A/duck/Hunan/HN239/2,A/duck/Hunan/HN239/2015,-0.109513,-0.029806,0.026605,-0.007147,Avian,N6
936_A/duck/Hunan/HN240/2,A/duck/Hunan/HN240/2015,-0.08877,-0.037347,0.040043,0.007065,Avian,N6
937_A/duck/Hunan/HN241/2,A/duck/Hunan/HN241/2015,-0.108791,-0.030649,0.025842,-0.007337,Avian,N6
938_A/duck/Hunan/HN242/2,A/duck/Hunan/HN242/2015,-0.090239,-0.038666,0.037854,0.009073,Avian,N6
939_A/duck/Hunan/HN278/2,A/duck/Hunan/HN278/2015,-0.113509,-0.034238,0.000631,0.010555,Avian,N6
940_A/duck/Hunan/HN285/2,A/duck/Hunan/HN285/2015,-0.111748,-0.028835,0.005241,0.00565,Avian,N6
941_A/duck/Hunan/HN288/2,A/duck/Hunan/HN288/2015,-0.108267,-0.040506,0.002982,0.009595,Avian,N6
942_A/duck/Hunan/HN333/2,A/duck/Hunan/HN333/2015,-0.06679,-0.028227,0.025188,0.01206,Avian,N6
943_A/duck/Hunan/HN334/2,A/duck/Hunan/HN334/2015,-0.066078,-0.022488,0.024759,0.009405,Avian,N6
944_A/duck/Hunan/HN335/2,A/duck/Hunan/HN335/2015,-0.067598,-0.030022,0.022749,0.005797,Avian,N6
945_A/duck/Hunan/HN336/2,A/duck/Hunan/HN336/2015,-0.067671,-0.029035,0.021574,0.013057,Avian,N6
946_A/duck/Hunan/HN339/2,A/duck/Hunan/HN339/2015,-0.079514,-0.024145,0.025757,0.023637,Avian,N6
947_A/duck/Hunan/HN341/2,A/duck/Hunan/HN341/2015,-0.067191,-0.029435,0.022594,0.013286,Avian,N6
948_A/duck/Hunan/HN342/2,A/duck/Hunan/HN342/2015,-0.067191,-0.029435,0.022594,0.013286,Avian,N6
949_A/duck/Hunan/HN343/2,A/duck/Hunan/HN343/2015,-0.071412,-0.032585,0.027754,0.008602,Avian,N6
950_A/duck/Hunan/S4020/2,A/duck/Hunan/S4020/2008,-0.065489,-0.013511,-0.063435,0.044249,Avian,N1
951_A/duck/Hunan/S4030/2,A/duck/Hunan/S4030/2011,-0.090653,0.008228,-0.057205,0.036103,Avian,N1
952_A/duck/Hunan/S4101/2,A/duck/Hunan/S4101/2011,0.09215,-0.014667,-0.013257,0.036843,Avian,N2
953_A/duck/Hunan/S4120/2,A/duck/Hunan/S4120/2011,0.092352,-0.012052,-0.01251,0.04536,Avian,N2
954_A/duck/Hunan/S4150/2,A/duck/Hunan/S4150/2011,-0.067827,-0.01362,-0.028646,-0.000286,Avian,N1
955_A/duck/Hunan/S4220/2,A/duck/Hunan/S4220/2011,-0.064428,-0.004759,-0.031124,0.01317,Avian,N1
956_A/duck/Hunan/S40199/,A/duck/Hunan/S40199/2021(H5N6),-0.010515,0.112889,-0.023201,0.032006,Avian,N6
957_A/duck/Hunan/S40268/,A/duck/Hunan/S40268/2021(H5N6),0.039006,0.101041,-0.059672,0.007685,Avian,N6
958_A/duck/Jiangsu/m234/,A/duck/Jiangsu/m234/2012,0.10795,0.028391,-0.059542,0.042682,Avian,N2
959_A/duck/Jiangsu/S4439,A/duck/Jiangsu/S4439/2017(H5N1),-0.110115,0.006477,-0.003992,0.012437,Avian,N1
960_A/duck/Jiangsu/SE112,A/duck/Jiangsu/SE1128/2018(H5N1),-0.119707,0.012581,0.012259,0.02688,Avian,N1
961_A/duck/Jiangxi/01.11,A/duck/Jiangxi/01.11_NCNP101G2-OC/2017,-0.11063,0.001353,0.026935,-0.032169,Avian,N6
962_A/duck/Jiangxi/01.14,A/duck/Jiangxi/01.14_NCJD034-P/2015(Mixed),0.045385,-0.016292,-0.040497,0.033621,Avian,N6
963_A/duck/Jiangxi/01.14,A/duck/Jiangxi/01.14_NCJD054-P/2015(H5N6),-0.115966,-0.029138,0.026484,-0.002247,Avian,N6
964_A/duck/Jiangxi/01.14,A/duck/Jiangxi/01.14_NCJD064-P/2015(Mixed),-0.116867,-0.030933,0.025771,-0.003738,Avian,N6
965_A/duck/Jiangxi/02.05,A/duck/Jiangxi/02.05_YGYXG038-P/2015(H5N6),-0.115966,-0.029138,0.026484,-0.002247,Avian,N6
966_A/duck/Jiangxi/02.06,A/duck/Jiangxi/02.06_NCJD036-P/2015(H5N6),-0.111772,-0.016955,0.016364,-0.005023,Avian,N6
967_A/duck/Jiangxi/02.06,A/duck/Jiangxi/02.06_NCJD039-P/2015(H5N6),-0.088883,-0.005378,0.027739,-0.005297,Avian,N6
968_A/duck/Jiangxi/2.28_,A/duck/Jiangxi/2.28_NCNP25K3-OC/2018,-0.095283,-0.001242,0.042463,-0.035544,Avian,N6
969_A/duck/Jiangxi/2.28N,A/duck/Jiangxi/2.28NCNP23K3-OC/2018,-0.095283,-0.001242,0.042463,-0.035544,Avian,N6
970_A/duck/Jiangxi/03.11,A/duck/Jiangxi/03.11_NCHJX-15-06/2015(Mixed),-0.117023,-0.021474,0.02255,0.004308,Avian,N6
971_A/duck/Jiangxi/04.01,A/duck/Jiangxi/04.01__NCDZT0312-O/2015(H5N6),0.067237,-0.037855,-0.139841,-0.038915,Avian,N6
972_A/duck/Jiangxi/04.01,A/duck/Jiangxi/04.01__NCDZT0334-P/2015(H5N6),0.054743,-0.051112,-0.154613,-0.045587,Avian,N6
973_A/duck/Jiangxi/04.01,A/duck/Jiangxi/04.01_NCDZT0304-O/2015(Mixed),-0.100406,0.00162,0.010999,0.043558,Avian,N6
974_A/duck/Jiangxi/05.07,A/duck/Jiangxi/05.07__NCJD0067A-P/2015(H5N6),0.068045,-0.041414,-0.140342,-0.03857,Avian,N6
975_A/duck/Jiangxi/5.26_,A/duck/Jiangxi/5.26_NCDZT80Q2-OC/2017,-0.020723,-0.023255,-0.03293,-0.013731,Avian,N6
976_A/duck/Jiangxi/11.17,A/duck/Jiangxi/11.17_NCNP30Y2-O/2016,0.007201,0.060576,-0.035679,0.04102,Avian,N6
977_A/duck/Jiangxi/11.17,A/duck/Jiangxi/11.17_NCNP48Y2-C/2016,0.007201,0.060576,-0.035679,0.04102,Avian,N6
978_A/duck/Jiangxi/11.29,A/duck/Jiangxi/11.29_NCDZT71H2-O/2016,0.03244,0.121293,0.016356,-0.049575,Avian,N6
979_A/duck/Jiangxi/11.29,A/duck/Jiangxi/11.29_NCNP22D3-OC/2017,0.043431,0.136627,0.012382,-0.021957,Avian,N6
980_A/duck/Jiangxi/11.29,A/duck/Jiangxi/11.29_NCNP39D3-OC/2017,-0.087482,0.005303,0.044293,-0.045665,Avian,N6
981_A/duck/Jiangxi/34/20,A/duck/Jiangxi/34/2011,-0.095797,0.006302,-0.020637,0.024782,Avian,N1
982_A/duck/Jiangxi/35/20,A/duck/Jiangxi/35/2011,0.008774,-0.008522,-0.027988,0.048725,Avian,N1
983_A/duck/Jiangxi/44/20,A/duck/Jiangxi/44/2011,0.04736,0.021162,0.000186,-0.014328,Avian,N1
984_A/duck/Jiangxi/95/20,A/duck/Jiangxi/95/2014,-0.093151,-0.014609,0.018738,0.008133,Avian,N6
985_A/duck/Jiangxi/120/2,A/duck/Jiangxi/120/2011,0.048516,-0.014854,-0.106206,-0.035729,Avian,N1
986_A/duck/Jiangxi/130/2,A/duck/Jiangxi/130/2011,-0.071933,-0.015737,-0.032448,-0.012401,Avian,N1
987_A/duck/Jiangxi/13469,A/duck/Jiangxi/13469/2014,-0.109067,-0.012672,-0.007383,0.031508,Avian,N6
988_A/duck/Jiangxi/13475,A/duck/Jiangxi/13475/2014,-0.109067,-0.012672,-0.007383,0.031508,Avian,N6
989_A/duck/Jiangxi/13484,A/duck/Jiangxi/13484/2014,-0.109067,-0.012672,-0.007383,0.031508,Avian,N6
990_A/Duck/Jiangxi/50446,A/Duck/Jiangxi/50446/2016,0.004182,0.074962,-0.03395,0.037976,Avian,N6
991_A/Duck/Jiangxi/50455,A/Duck/Jiangxi/50455/2016,-0.11026,-0.01796,0.051376,-0.03642,Avian,N6
992_A/duck/Jiangxi/E7/20,A/duck/Jiangxi/E7/2014_(H5N6),-0.106954,-0.039676,0.026642,-0.008297,Avian,N6
993_A/duck/Jiangxi/F31/2,A/duck/Jiangxi/F31/2014(H5N6),-0.108876,-0.040818,0.01909,-0.005178,Avian,N6
994_A/duck/Jiangxi/NCDZT,A/duck/Jiangxi/NCDZT1123/2014,-0.114901,-0.034776,0.019734,0.014039,Avian,N6
995_A/duck/Jiangxi/NCDZT,A/duck/Jiangxi/NCDZT1126/2014,-0.107145,-0.059207,0.006586,0.024072,Avian,N6
996_A/duck/Jiangxi/S1025,A/duck/Jiangxi/S10252/2021,0.067237,-0.111025,0.01251,-0.034323,Avian,N8
997_A/duck/Jiangxi/S4083,A/duck/Jiangxi/S40833/2021(H5N1),0.098262,-0.009483,-0.002988,0.063997,Avian,N1
998_A/duck/Jilin/04.04_S,A/duck/Jilin/04.04_SY002-O/2015(Mixed),-0.110521,0.016071,-0.026901,0.057445,Avian,N1
999_A/duck/Jilin/JL-SIV/,A/duck/Jilin/JL-SIV/2013,-0.044115,0.004728,-0.039303,0.02145,Avian,N1
1000_A/duck/Jilin/S1261/2,A/duck/Jilin/S1261/2019(H5N1),-0.096933,0.003977,0.022539,0.026612,Avian,N1
1001_A/duck/Jilin/S4171/2,A/duck/Jilin/S4171/2019(H5N1),-0.109438,0.009358,0.009482,0.045943,Avian,N1
1002_A/duck/Kaohsiung/15W,A/duck/Kaohsiung/15WB3298-1-5/2015,0.027552,-0.021923,-0.044078,0.015206,Avian,Others
1003_A/duck/Kaohsiung/20W,A/duck/Kaohsiung/20WB0242-154/2020,0.034484,0.001511,-0.027534,0.066638,Avian,Others
1004_A/duck/Kaohsiung/150,A/duck/Kaohsiung/15010213/2015,0.12944,0.006366,0.064281,0.043368,Avian,N2
1005_A/duck/Liaoning/LN/2,A/duck/Liaoning/LN/2011,0.055988,-0.015882,-0.054341,0.046095,Avian,Others
1006_A/duck/Nanchang/9789,A/duck/Nanchang/9789/2013,-0.122232,-0.011175,0.006892,0.014577,Avian,N1
1007_A/duck/Nantou/15A343,A/duck/Nantou/15A3437/2015,0.127187,0.006127,0.062471,0.052719,Avian,N2
1008_A/duck/Nantou/17A024,A/duck/Nantou/17A0243/2017,0.172911,0.014212,0.073059,0.00589,Avian,N2
1009_A/duck/Ningxia/YG61/,A/duck/Ningxia/YG61/2017,0.074613,-0.091887,0.020613,0.05307,Avian,N6
1010_A/duck/Ningxia/YG71/,A/duck/Ningxia/YG71/2017,0.074925,-0.092096,0.019885,0.052914,Avian,N6
1011_A/duck/Ningxia/YG83/,A/duck/Ningxia/YG83/2017,0.077238,-0.089893,0.00918,0.048589,Avian,N6
1012_A/duck/Pingtung/17A0,A/duck/Pingtung/17A0160/2017,0.166746,0.018052,0.069442,0.005118,Avian,N2
1013_A/duck/Pingtung/18A0,A/duck/Pingtung/18A00003-11-20T/2018,0.154817,0.00686,0.047638,0.01822,Avian,N2
1014_A/duck/Pingtung/18A0,A/duck/Pingtung/18A00076-11-20T/2018,0.176962,-0.009578,0.072241,-0.003878,Avian,N2
1015_A/duck/Pingtung/18X0,A/duck/Pingtung/18X00077/2018,0.005052,0.059801,-0.022247,0.081671,Avian,N2
1016_A/duck/Pingtung/1501,A/duck/Pingtung/15010180/2015,0.061092,-0.00489,-0.054401,0.004145,Avian,Others
1017_A/duck/Pingtung/1501,A/duck/Pingtung/15010444/2015,0.121664,0.013341,0.062804,0.04168,Avian,N2
1018_A/duck/Shandong/009/,A/duck/Shandong/009/2008,0.04536,0.026216,-0.126236,-0.020078,Avian,N1
1019_A/duck/Shandong/11.1,A/duck/Shandong/11.14_DL-DKd11/2013(H5N8),0.057866,0.06732,0.036387,-0.073576,Avian,N8
1020_A/duck/Shandong/11.1,A/duck/Shandong/11.14_RD/2013(H5N8),0.057866,0.06732,0.036387,-0.073576,Avian,N8
1021_A/duck/Shandong/Q1/2,A/duck/Shandong/Q1/2013,0.040902,0.063657,0.05122,-0.082456,Avian,N8
1022_A/duck/Shandong/SD02,A/duck/Shandong/SD0261/2021,0.082316,-0.109857,0.016998,-0.043667,Avian,N6
1023_A/duck/Shandong/SD02,A/duck/Shandong/SD0263/2021,0.082316,-0.109857,0.016998,-0.043667,Avian,N6
1024_A/Duck/Shandong/Y01/,A/Duck/Shandong/Y01/2009,-0.064157,-0.003158,-0.016944,-0.001063,Avian,N1
1025_A/Duck/Shandong/Y02/,A/Duck/Shandong/Y02/2009,-0.069246,-0.006591,0.002081,0.001306,Avian,N1
1026_A/duck/Sichuan/04.27,A/duck/Sichuan/04.27_NBXJ71/2014(H5N6),-0.09477,-0.007401,0.007061,0.028918,Avian,N6
1027_A/duck/Sichuan/04.27,A/duck/Sichuan/04.27_NBXJ79/2014(H5N6),-0.106363,-0.00932,0.008179,0.039461,Avian,N6
1028_A/duck/Sichuan/04.27,A/duck/Sichuan/04.27_NBXJ711/2014(Mixed),-0.091287,-0.017017,0.01088,0.010382,Avian,N6
1029_A/duck/Sichuan/04.27,A/duck/Sichuan/04.27_NBXJ717/2014(H5N6),-0.106363,-0.00932,0.008179,0.039461,Avian,N6
1030_A/duck/Sichuan/04.27,A/duck/Sichuan/04.27_NBXJ720/2014(H5N6),-0.094314,-0.013712,0.005248,0.031557,Avian,N6
1031_A/duck/Sichuan/04.27,A/duck/Sichuan/04.27_NCXJ073/2014(H5N6),-0.09477,-0.007401,0.007061,0.028918,Avian,N6
1032_A/duck/Sichuan/NCXJ1,A/duck/Sichuan/NCXJ15/2014,-0.09477,-0.007401,0.007061,0.028918,Avian,N6
1033_A/duck/Sichuan/NCXJ2,A/duck/Sichuan/NCXJ24/2014,-0.106363,-0.00932,0.008179,0.039461,Avian,N6
1034_A/duck/Sichuan/NCXN1,A/duck/Sichuan/NCXN10/2014,-0.084522,-0.023469,0.013376,0.005805,Avian,N1
1035_A/duck/Sichuan/NCXN1,A/duck/Sichuan/NCXN11/2014,-0.089374,-0.015419,0.010364,0.006572,Avian,N1
1036_A/duck/Sichuan/S1805,A/duck/Sichuan/S1805/2021,-0.009623,0.114848,0.010983,0.018625,Avian,N6
1037_A/duck/Sichuan/SC482,A/duck/Sichuan/SC4822/2021,-0.010217,0.115287,0.010563,0.018385,Avian,N6
1038_A/duck/Sichuan/SC569,A/duck/Sichuan/SC5698/2021,-0.014048,0.109331,0.003229,0.019244,Avian,N6
1039_A/duck/Sichuan/SD002,A/duck/Sichuan/SD002/2021,-0.006838,0.114065,0.005025,0.026428,Avian,N6
1040_A/duck/Taichung/1501,A/duck/Taichung/15010400-1/2015,0.136017,0.004747,0.066566,0.059091,Avian,N2
1041_A/duck/Tainan/16WB34,A/duck/Tainan/16WB3443-156-160/2016,0.08049,-0.03355,-0.025351,0.015215,Avian,Others
1042_A/duck/Tainan/150104,A/duck/Tainan/15010403/2015,0.008213,-0.024159,-0.021063,-0.004578,Avian,N8
1043_A/duck/Tainan/160100,A/duck/Tainan/16010024-1/2016,0.126764,0.015877,0.079053,0.043897,Avian,N2
1044_A/duck/Taipei/05WB83,A/duck/Taipei/05WB830-1-5-E2/2005,0.02447,0.019527,-0.014723,-0.006965,Avian,N2
1045_A/duck/Taipei/18WB01,A/duck/Taipei/18WB0120-1-5-E1/2018,0.056717,0.015085,-0.049822,0.005208,Avian,Others
1046_A/duck/Taipei/19WB02,A/duck/Taipei/19WB0235-14-16/2019,0.031161,0.021171,0.000808,0.025586,Avian,Others
1047_A/duck/Taiwan/01006/,A/duck/Taiwan/01006/2015,0.133104,0.009316,0.062666,0.050642,Avian,N2
1048_A/duck/Taiwan/11213/,A/duck/Taiwan/11213/2013,0.033083,-0.022595,-0.055684,0.064946,Avian,N2
1049_A/duck/Taiwan/11254/,A/duck/Taiwan/11254/2013,0.037245,-0.022726,-0.056451,0.074063,Avian,N2
1050_A/duck/Taiwan/a043/2,A/duck/Taiwan/a043/2015,0.115446,0.007208,0.050551,0.037561,Avian,N2
1051_A/duck/Taiwan/a068/2,A/duck/Taiwan/a068/2015,0.047274,-0.006498,-0.0709,-0.017324,Avian,N8
1052_A/duck/Taiwan/A3400/,A/duck/Taiwan/A3400/2015,0.062721,-0.001214,-0.051545,0.004513,Avian,N8
1053_A/duck/Taiwan/DV1238,A/duck/Taiwan/DV1238/2009,0.042165,0.013,0.006137,-0.052829,Avian,N2
1054_A/duck/Taiwan/DV1241,A/duck/Taiwan/DV1241/2009,0.042165,0.013,0.006137,-0.052829,Avian,N2
1055_A/duck/Taiwan/DV1242,A/duck/Taiwan/DV1242/2009,0.042165,0.013,0.006137,-0.052829,Avian,N2
1056_A/duck/Taoyuan/16010,A/duck/Taoyuan/16010023-1/2016,0.132104,0.009009,0.082137,0.053607,Avian,N2
1057_A/duck/Wuxi/7249/201,A/duck/Wuxi/7249/2015,-0.144763,-0.037065,0.022572,0.013849,Avian,N6
1058_A/duck/Xinjiang/12.1,A/duck/Xinjiang/12.18_WLMQXL001-C/2016,0.100301,-0.072085,-0.016907,0.047377,Avian,N8
1059_A/duck/Xinjiang/S106,A/duck/Xinjiang/S1066/2019(H5N1),-0.116734,0.041074,-0.004289,0.018707,Avian,N1
1060_A/duck/Xinjiang/S112,A/duck/Xinjiang/S1126/2019(H5N1),-0.11246,0.040384,0.001504,0.010237,Avian,N1
1061_A/duck/Yilan/17A0092,A/duck/Yilan/17A0092/2017,0.167535,0.012405,0.067752,0.002589,Avian,N2
1062_A/duck/Yunlin/15A501,A/duck/Yunlin/15A5019/2015,0.137189,0.014744,0.058895,0.048586,Avian,N2
1063_A/duck/Yunlin/17A008,A/duck/Yunlin/17A0086/2017,0.15864,0.013414,0.068966,-0.000735,Avian,N2
1064_A/duck/Yunlin/17A068,A/duck/Yunlin/17A0686/2017,0.163544,0.010826,0.059849,0.009683,Avian,N2
1065_A/duck/Yunlin/18X000,A/duck/Yunlin/18X00007-3/2018,0.030661,-0.027617,-0.042081,0.013856,Avian,N2
1066_A/duck/Yunlin/150102,A/duck/Yunlin/15010244-1/2015,0.135895,0.003804,0.068822,0.058029,Avian,N2
1067_A/duck/Yunlin/150102,A/duck/Yunlin/15010277/2015,0.007121,0.062267,0.011591,-0.062074,Avian,N8
1068_A/duck/Yunlin/150103,A/duck/Yunlin/15010310-4/2015,0.135997,0.006812,0.069778,0.057817,Avian,N2
1069_A/duck/Yunlin/150103,A/duck/Yunlin/15010318-2/2015,0.133352,0.011878,0.069184,0.051055,Avian,N2
1070_A/duck/Yunlin/150103,A/duck/Yunlin/15010369-1/2015,0.135844,0.007298,0.069159,0.057712,Avian,N2
1071_A/duck/Yunlin/150104,A/duck/Yunlin/15010458-1/2015,0.006767,0.064951,0.011508,-0.060046,Avian,N8
1072_A/duck/Yunlin/150700,A/duck/Yunlin/15070002-2/2015,0.131718,0.016997,0.057915,0.054012,Avian,N2
1073_A/duck/Yunlin/171100,A/duck/Yunlin/17110001/2017,0.160797,0.028153,0.067799,-0.00002,Avian,N2
1074_A/duck/Yunlin/180600,A/duck/Yunlin/18060007-3/2018,0.150614,0.031577,0.071396,0.000418,Avian,N2
1075_A/duck/Yunnan/03.15_,A/duck/Yunnan/03.15_DQWGH005-O/2015(H5N6),-0.097407,-0.028493,0.035301,-0.00461,Avian,N6
1076_A/duck/Yunnan/03.16_,A/duck/Yunnan/03.16_DQXYL003-O/2015(H5N6),-0.097407,-0.028493,0.035301,-0.00461,Avian,N6
1077_A/duck/Yunnan/03.16_,A/duck/Yunnan/03.16_DQXYL007-O/2015(Mixed),0.056209,-0.039083,-0.139089,-0.035336,Avian,N6
1078_A/duck/Yunnan/03.16_,A/duck/Yunnan/03.16_DQXYL022-O/2015(H5N6),-0.096132,-0.028293,0.039626,-0.016431,Avian,N6
1079_A/duck/Yunnan/03.16_,A/duck/Yunnan/03.16_DQXYL0039-O/2015(H5N6),-0.097279,-0.036236,0.033991,-0.014607,Avian,N6
1080_A/duck/Yunnan/07.15_,A/duck/Yunnan/07.15_DQNPH124/2015(H5N6),-0.09183,-0.024963,0.035462,0.002006,Avian,N6
1081_A/duck/Yunnan/07.15_,A/duck/Yunnan/07.15_DQNPH125/2015(H5N6),-0.091175,-0.023463,0.036464,0.002852,Avian,N6
1082_A/duck/Yunnan/07.15_,A/duck/Yunnan/07.15_DQNPH127/2015(H5N6),-0.093684,-0.022916,0.028737,-0.004683,Avian,N6
1083_A/duck/Yunnan/07.15_,A/duck/Yunnan/07.15_DQNPH129/2015(H5N6),-0.093059,-0.02198,0.029799,-0.003306,Avian,N6
1084_A/duck/Yunnan/S4318/,A/duck/Yunnan/S4318/2021(H5N6),0.004765,0.108515,-0.002138,0.021319,Avian,N6
1085_A/Duck/Yunnan/YN-2/2,A/Duck/Yunnan/YN-2/2016_(H5N6),-0.091759,-0.036578,0.038497,-0.001239,Avian,N6
1086_A/Duck/Yunnan/YN-4/2,A/Duck/Yunnan/YN-4/2015__(H5N6),-0.104142,-0.030283,0.042252,0.003057,Avian,N6
1087_A/Duck/Yunnan/YN-9/2,A/Duck/Yunnan/YN-9/2016__(H5N6),-0.100588,-0.025162,0.03935,-0.00118,Avian,N6
1088_A/Duck/Zhanjiang/155,A/Duck/Zhanjiang/15577/2015,-0.09983,-0.036135,0.020871,0.017022,Avian,N6
1089_A/duck/Zhejiang/02.2,A/duck/Zhejiang/02.28_JHZJ-15-04/2015(Mixed),-0.118741,-0.029466,0.02243,0.010715,Avian,N6
1090_A/duck/Zhejiang/6D18,A/duck/Zhejiang/6D18/2013,0.052315,0.086206,0.05075,-0.077157,Avian,N8
1091_A/duck/Zhejiang/7713,A/duck/Zhejiang/77138/2014,-0.107761,0.003412,0.025258,-0.021329,Avian,N2
1092_A/duck/Zhejiang/7270,A/duck/Zhejiang/727041/2014,0.025896,-0.017453,-0.036747,0.050209,Avian,N2
1093_A/duck/Zhejiang/7271,A/duck/Zhejiang/727158/2014,-0.112506,-0.042203,0.012774,-0.02142,Avian,N6
1094_A/duck/Zhejiang/9250,A/duck/Zhejiang/925019/2014,0.041492,0.069993,0.036247,-0.070429,Avian,N8
1095_A/duck/Zhejiang/9251,A/duck/Zhejiang/925169/2014,0.062952,0.08986,0.041509,-0.055952,Avian,N8
1096_A/duck/Zhejiang/1026,A/duck/Zhejiang/1026109/2015,-0.00163,0.084749,0.00235,-0.04274,Avian,N2
1097_A/duck/Zhejiang/1220,A/duck/Zhejiang/1220092/2014,-0.111836,0.03399,-0.013357,0.046215,Avian,N1
1098_A/duck/Zhejiang/S409,A/duck/Zhejiang/S4091/2017(H5N1),-0.097947,0.015445,-0.022055,0.009717,Avian,N1
1099_A/duck/Zhejiang/S485,A/duck/Zhejiang/S4854/2021(H5N6),0.022032,0.092456,-0.024915,0.014988,Avian,N6
1100_A/duck/Zhejiang/W24/,A/duck/Zhejiang/W24/2013,0.053729,0.072483,0.041427,-0.081241,Avian,N8
1101_A/egret/Jiangsu/SD02,A/egret/Jiangsu/SD021/2021,0.067237,-0.111025,0.01251,-0.034323,Avian,N8
1102_A/Egret/Shangdong/JN,A/Egret/Shangdong/JN529/2023,-0.002488,0.096327,-0.055618,0.008296,Avian,N6
1103_A/environment/Hunan/,A/environment/Hunan/HN261/2015,-0.093989,-0.024111,0.031586,0.009661,Avian,N6
1104_A/Environment/Shando,A/Environment/Shandong/WS15/2022,0.016913,0.097171,-0.05558,-0.001362,Avian,N2
1105_A/Environment/Shando,A/Environment/Shandong/WS16/2022,0.016913,0.097171,-0.05558,-0.001362,Avian,N2
1106_A/Environment/Shando,A/Environment/Shandong/WS19/2022,0.017832,0.10394,-0.058435,0.003298,Avian,N2
1107_A/equine/China/61/20,A/equine/China/61/2010,-0.058991,0.035952,-0.047266,0.056409,Nonhuman Mammal,N1
1108_A/equine/China/67/20,A/equine/China/67/2010,-0.058991,0.035952,-0.047266,0.056409,Nonhuman Mammal,N1
1109_A/equine/China/68/20,A/equine/China/68/2010,-0.061989,0.03816,-0.051451,0.057366,Nonhuman Mammal,N1
1110_A/eurasian_eagle-owl,A/eurasian_eagle-owl/Henan/SMQ11/2020,0.073429,-0.107992,0.014157,-0.043041,Avian,N8
1111_A/Eurasian_Teal/Hong,A/Eurasian_Teal/Hong_Kong/AFCD-HKU-23-14009-01020/2023,0.08176,0.008158,0.044459,0.060694,Avian,N1
1112_A/Eurasian_Teal/Hong,A/Eurasian_Teal/Hong_Kong/AFCD-HKU-23-14383-02001/2023,0.06173,-0.001667,0.053105,0.068981,Avian,N1
1113_A/Eurasian_Wigeon/Ho,A/Eurasian_Wigeon/Hong_Kong/AFCD-HKU-23-14484-01001/2023,0.06173,-0.001667,0.053105,0.068981,Avian,N1
1114_A/Eurasian_Wigeon/Ho,A/Eurasian_Wigeon/Hong_Kong/AFCD-HKU-23-14524-01009/2023,0.06173,-0.001667,0.053105,0.068981,Avian,N1
1115_A/Falcated_Duck/Ning,A/Falcated_Duck/Ningxia/484-29/2015,0.02871,-0.084744,-0.025185,0.053115,Avian,N6
1116_A/Falco_peregrinus/B,A/Falco_peregrinus/Beijing/1/_2022,0.050355,0.025131,0.039064,0.065793,Avian,N1
1117_A/feline/Guangdong/2,A/feline/Guangdong/2/2014(H5N6),-0.08789,-0.041059,0.036188,0.001953,Nonhuman Mammal,N6
1118_A/Fujian/1/2005|EPI_,A/Fujian/1/2005,-0.050949,0.045967,-0.043776,0.056452,Human,N1
1119_A/Fujian/1/2007|EPI_,A/Fujian/1/2007,-0.057718,0.029617,-0.024477,0.041684,Human,N1
1120_A/Fujian/1/2024(H5N6,A/Fujian/1/2024(H5N6),-0.037474,0.111664,0.004347,0.040254,Human,N6
1121_A/Fujian/2/2024(H5N6,A/Fujian/2/2024(H5N6),-0.040226,0.108948,0.009809,0.044902,Human,N6
1122_A/Fujian-Sanyuan/210,A/Fujian-Sanyuan/21099/2017_x_PR8_(CNIC-21099),-0.055478,0.063457,0.036552,-0.077224,Human,N6
1123_A/Fujian-Sanyuan/210,A/Fujian-Sanyuan/21099/2017,0.05689,-0.050888,-0.019605,0.020129,Human,N6
1124_A/Gadwall/Ningxia/47,A/Gadwall/Ningxia/472-7/2015,-0.100857,-0.022463,0.017236,0.007192,Avian,N6
1125_A/Gallinago_Stenura/,A/Gallinago_Stenura/Hong_Kong/AFCD-HKU-23-14383-01014/2023,0.06173,-0.001667,0.053105,0.068981,Avian,N1
1126_A/Gallinula_chloropu,A/Gallinula_chloropus/Guangdong/GZ174/2014,-0.097837,-0.014729,0.014863,-0.005612,Avian,N6
1127_A/Goose/_Guangdong_/,A/Goose/_Guangdong_/JG125/2013(H5N6),-0.099816,-0.039829,0.030387,-0.016875,Avian,N6
1128_A/Goose/_Guangdong_/,A/Goose/_Guangdong_/SSLBY/2015(H5N6),-0.098364,-0.027647,0.029128,-0.00228,Avian,N6
1129_A/Goose/_Guangdong_/,A/Goose/_Guangdong_/SSZYP/2015(H5N6),-0.090945,-0.02732,0.021351,0.00236,Avian,N6
1130_A/goose/Anhui/AH350/,A/goose/Anhui/AH350/2015,-0.077928,-0.017793,0.05171,-0.020053,Avian,N6
1131_A/goose/Changhua/150,A/goose/Changhua/15040008/2015,0.143217,0.007035,0.068958,0.056456,Avian,N2
1132_A/goose/Chiayi/15010,A/goose/Chiayi/15010008-3/2015,0.134847,0.008035,0.062156,0.050818,Avian,N2
1133_A/goose/Chiayi/15010,A/goose/Chiayi/15010016-1/2015,0.130166,0.012506,0.062814,0.036242,Avian,N2
1134_A/goose/Chiayi/15020,A/goose/Chiayi/15020022/2015,0.012378,0.053395,0.004246,-0.062699,Avian,N8
1135_A/goose/Chiayi/16010,A/goose/Chiayi/16010017-2/2016,0.126367,0.015229,0.079078,0.043386,Avian,N2
1136_A/goose/Chiayi/16040,A/goose/Chiayi/16040003-1/2016,0.125261,0.011265,0.090431,0.050809,Avian,N2
1137_A/goose/Chiayi/16040,A/goose/Chiayi/16040005/2016,0.125415,0.010779,0.09105,0.050914,Avian,N2
1138_A/goose/Chiayi/17020,A/goose/Chiayi/17020027-1/2017,0.162312,0.020223,0.064714,0.004896,Avian,N2
1139_A/goose/Chiayi/17040,A/goose/Chiayi/17040014/2017,0.123974,0.007469,0.055078,0.033891,Avian,N2
1140_A/goose/Chiayi/18010,A/goose/Chiayi/18010006/2018,0.167006,0.026757,0.060659,-0.001663,Avian,N2
1141_A/goose/Chiayi/18020,A/goose/Chiayi/18020014-2/2018,0.17054,0.036564,0.060241,0.009633,Avian,N2
1142_A/goose/China/1/2021,A/goose/China/1/2021,0.071093,-0.113932,0.018626,-0.041351,Avian,N8
1143_A/goose/China/0701/2,A/goose/China/0701/2018,-0.096042,-0.029943,0.030335,-0.015927,Avian,N6
1144_A/goose/China/1106/2,A/goose/China/1106/2016,0.009268,0.089028,0.000434,-0.073303,Avian,N2
1145_A/goose/China/E43/20,A/goose/China/E43/2012,-0.091915,0.013363,-0.000896,0.025016,Avian,N1
1146_A/goose/Chongqing/SD,A/goose/Chongqing/SD003/2021,-0.010979,0.121715,0.012429,0.015451,Avian,N6
1147_A/goose/Eastern_Chin,A/goose/Eastern_China/CZ/2013,0.052784,0.075297,0.045214,-0.083218,Avian,N8
1148_A/goose/Eastern_Chin,A/goose/Eastern_China/L1204/2012,0.044609,0.055996,0.068098,-0.064117,Avian,N8
1149_A/goose/Eastern_Chin,A/goose/Eastern_China/L1214/2012,0.06729,0.082025,0.04794,-0.062871,Avian,N8
1150_A/goose/Eastern_Chin,A/goose/Eastern_China/S0408/2014,0.053459,0.076383,0.03746,-0.064718,Avian,N8
1151_A/goose/Eastern_Chin,A/goose/Eastern_China/S0513/2013,-0.101815,-0.017545,0.010178,-0.003805,Avian,N6
1152_A/goose/Fujian/3.15_,A/goose/Fujian/3.15_FZHX0001-O/2018,-0.111693,0.015396,0.034663,-0.054249,Avian,N6
1153_A/goose/Fujian/3.15_,A/goose/Fujian/3.15_FZHX0005-C/2018,-0.106956,0.020567,0.032448,-0.049439,Avian,N6
1154_A/goose/Fujian/3.15_,A/goose/Fujian/3.15_FZHX0007-C/2018,-0.117704,0.009227,0.022285,-0.043555,Avian,N6
1155_A/goose/Fujian/3.15_,A/goose/Fujian/3.15_FZHX0008-C/2018,-0.099234,0.021675,0.036268,-0.044728,Avian,N6
1156_A/goose/Fujian/3.15_,A/goose/Fujian/3.15_FZHX0010-O/2018,-0.09766,0.006428,0.028766,-0.02938,Avian,N6
1157_A/goose/Fujian/10.11,A/goose/Fujian/10.11_FZHX1001-C/2016,0.017201,0.140493,-0.006923,-0.006358,Avian,N6
1158_A/goose/Fujian/10.26,A/goose/Fujian/10.26_FZHX0002-C/2017,0.016743,0.108578,-0.001288,0.034253,Avian,N6
1159_A/goose/Fujian/10.26,A/goose/Fujian/10.26_FZHX0002-O/2017,0.016743,0.108578,-0.001288,0.034253,Avian,N6
1160_A/goose/Fujian/10.26,A/goose/Fujian/10.26_FZHX0004-C/2017,0.015088,0.115573,-0.007582,0.04597,Avian,N6
1161_A/goose/Fujian/10.26,A/goose/Fujian/10.26_FZHX0004-O/2017,0.015322,0.116728,-0.008064,0.045028,Avian,N6
1162_A/goose/Fujian/10.26,A/goose/Fujian/10.26_FZHX0006-C/2017,0.015088,0.115573,-0.007582,0.04597,Avian,N6
1163_A/goose/Fujian/10.26,A/goose/Fujian/10.26_FZHX0006-O/2017,0.015088,0.115573,-0.007582,0.04597,Avian,N6
1164_A/goose/Fujian/10.26,A/goose/Fujian/10.26_FZHX0007-O/2017,0.016743,0.108578,-0.001288,0.034253,Avian,N6
1165_A/goose/Fujian/10.26,A/goose/Fujian/10.26_FZHX0008-C/2017,0.015088,0.115573,-0.007582,0.04597,Avian,N6
1166_A/goose/Fujian/10.26,A/goose/Fujian/10.26_FZHX0014-O/2017,0.016743,0.108578,-0.001288,0.034253,Avian,N6
1167_A/goose/Fujian/11.3_,A/goose/Fujian/11.3_FZHX1102-C/2016,0.017201,0.140493,-0.006923,-0.006358,Avian,N6
1168_A/goose/Guangdong/03,A/goose/Guangdong/03.27_DGQTSJ180-O/2015(Mixed),-0.098329,-0.045212,0.03369,-0.000723,Avian,N6
1169_A/goose/Guangdong/04,A/goose/Guangdong/04.22_DGCP117-O/2015(H5N6),-0.09905,-0.044125,0.031649,-0.000745,Avian,N6
1170_A/goose/Guangdong/04,A/goose/Guangdong/04.22_DGCP118-P/2015(H5N6),0.043612,-0.029209,-0.029407,0.047376,Avian,N6
1171_A/goose/Guangdong/04,A/goose/Guangdong/04.22_DGCP120-P/2015(H5N6),0.042706,-0.032772,-0.034146,0.050305,Avian,N6
1172_A/goose/Guangdong/04,A/goose/Guangdong/04.22_DGCPLB045-O/2015(H5N6),0.04535,-0.028306,-0.016195,0.060757,Avian,N6
1173_A/goose/Guangdong/04,A/goose/Guangdong/04.23_DGQTXC216-O/2015(Mixed),-0.096817,-0.048756,0.03273,0.003772,Avian,N6
1174_A/goose/Guangdong/04,A/goose/Guangdong/04.23_DGQTXC216-P/2015(H5N6),-0.096817,-0.048756,0.03273,0.003772,Avian,N6
1175_A/goose/Guangdong/04,A/goose/Guangdong/04.23_DGQTXC237-O1/2015(H5N6),-0.112063,-0.040685,0.05379,-0.034568,Avian,N6
1176_A/goose/Guangdong/04,A/goose/Guangdong/04.23_DGQTXC237-O/2015(Mixed),0.024889,0.031436,0.048285,-0.076371,Avian,N6
1177_A/goose/Guangdong/7.,A/goose/Guangdong/7.20_DGCP010-C/2017,-0.11457,0.003537,0.024829,-0.033827,Avian,N6
1178_A/goose/Guangdong/k0,A/goose/Guangdong/k0103/2010,0.032571,0.037778,0.032966,-0.027599,Avian,Others
1179_A/Goose/Guangdong/PO,A/Goose/Guangdong/PO1707260055/GZH/2017-08-02,-0.141696,-0.006176,0.009059,-0.057917,Avian,N6
1180_A/goose/Guangdong/QY,A/goose/Guangdong/QY01/2016,-0.111813,-0.015655,0.05094,-0.051834,Avian,N6
1181_A/goose/Guangdong/S2,A/goose/Guangdong/S230/2021,-0.085338,0.000639,0.058293,-0.036043,Avian,N6
1182_A/goose/Guangdong/S4,A/goose/Guangdong/S4751/2021(H5N6),-0.022899,0.127275,-0.029534,0.021897,Avian,N6
1183_A/goose/Guangdong/s1,A/goose/Guangdong/s13124/2013,0.051607,0.057589,0.058751,-0.077867,Avian,N8
1184_A/goose/Guangdong/SH,A/goose/Guangdong/SH7/2013(H5N1),-0.091326,-0.012045,0.003989,0.009628,Avian,N1
1185_A/goose/Guangdong/YJ,A/goose/Guangdong/YJD/2014,-0.114165,-0.035072,0.031116,-0.034269,Avian,N6
1186_A/goose/Guangxi/S206,A/goose/Guangxi/S20601/2021,0.072907,-0.105094,0.016534,-0.046545,Avian,N8
1187_A/goose/Guizhou/S154,A/goose/Guizhou/S1541/2022(H5N1),0.090797,-0.019107,-0.042074,0.010113,Avian,N1
1188_A/goose/Henan/01.01_,A/goose/Henan/01.01_LYGL001-O/2017,0.035549,0.102988,0.026693,-0.065895,Avian,N6
1189_A/goose/Henan/S1315/,A/goose/Henan/S1315/2021,0.060821,-0.109216,0.011375,-0.037428,Avian,N8
1190_A/goose/Hubei/113/20,A/goose/Hubei/113/2014,-0.101338,-0.024529,0.029799,0.01818,Avian,N6
1191_A/goose/HuBei/117/20,A/goose/HuBei/117/2014,-0.095258,-0.024688,0.033419,0.012021,Avian,N6
1192_A/goose/Hunan/81/201,A/goose/Hunan/81/2014,-0.106436,-0.019086,0.019137,0.004703,Avian,N6
1193_A/goose/Hunan/82/201,A/goose/Hunan/82/2014,-0.105911,-0.019547,0.020241,0.004918,Avian,N6
1194_A/goose/Hunan/107/20,A/goose/Hunan/107/2014,-0.101338,-0.024529,0.029799,0.01818,Avian,N6
1195_A/goose/Hunan/109/20,A/goose/Hunan/109/2014,-0.100432,-0.020966,0.034538,0.015251,Avian,N6
1196_A/goose/Hunan/110/20,A/goose/Hunan/110/2014,-0.101338,-0.024529,0.029799,0.01818,Avian,N6
1197_A/goose/Hunan/111/20,A/goose/Hunan/111/2014,-0.10528,-0.020328,0.03427,0.019506,Avian,N6
1198_A/goose/Hunan/115/20,A/goose/Hunan/115/2014,-0.098091,-0.0158,0.021323,0.012499,Avian,N6
1199_A/goose/Hunan/116/20,A/goose/Hunan/116/2014,-0.091426,-0.006764,0.020095,0.032814,Avian,N6
1200_A/goose/Hunan/155/20,A/goose/Hunan/155/2014,-0.097994,-0.016074,0.02236,0.011955,Avian,N6
1201_A/goose/Hunan/159/20,A/goose/Hunan/159/2014,-0.106436,-0.019086,0.019137,0.004703,Avian,N6
1202_A/goose/Hunan/160/20,A/goose/Hunan/160/2014,-0.107208,-0.017844,0.019653,0.00023,Avian,N6
1203_A/goose/Hunan/161/20,A/goose/Hunan/161/2014,-0.113589,-0.023374,-0.003998,0.026348,Avian,N6
1204_A/goose/Hunan/HN11/2,A/goose/Hunan/HN11/2015,-0.098564,-0.029233,0.029046,0.020421,Avian,N6
1205_A/goose/Hunan/HN22/2,A/goose/Hunan/HN22/2015,-0.107534,-0.040177,0.007821,-0.009632,Avian,N6
1206_A/goose/Hunan/HN57/2,A/goose/Hunan/HN57/2015,-0.101695,-0.035074,0.019343,-0.015767,Avian,N6
1207_A/goose/Hunan/HN88/2,A/goose/Hunan/HN88/2015,-0.093989,-0.024111,0.031586,0.009661,Avian,N6
1208_A/goose/Hunan/HN90/2,A/goose/Hunan/HN90/2015,-0.093989,-0.024111,0.031586,0.009661,Avian,N6
1209_A/goose/Hunan/HN310/,A/goose/Hunan/HN310/2015,-0.067191,-0.029435,0.022594,0.013286,Avian,N6
1210_A/goose/Hunan/HN311/,A/goose/Hunan/HN311/2015,-0.067191,-0.029435,0.022594,0.013286,Avian,N6
1211_A/goose/Hunan/HN314/,A/goose/Hunan/HN314/2015,-0.114858,-0.017675,0.033766,-0.01893,Avian,N6
1212_A/goose/Hunan/HN315/,A/goose/Hunan/HN315/2015,-0.114858,-0.017675,0.033766,-0.01893,Avian,N6
1213_A/goose/Hunan/HN316/,A/goose/Hunan/HN316/2015,-0.117056,-0.019473,0.035021,-0.021049,Avian,N6
1214_A/goose/Hunan/HN317/,A/goose/Hunan/HN317/2015,-0.114858,-0.017675,0.033766,-0.01893,Avian,N6
1215_A/goose/Hunan/HN318/,A/goose/Hunan/HN318/2015,-0.065658,-0.0315,0.019776,0.013192,Avian,N6
1216_A/goose/Hunan/HN319/,A/goose/Hunan/HN319/2015,-0.114858,-0.017675,0.033766,-0.01893,Avian,N6
1217_A/goose/Hunan/S11288,A/goose/Hunan/S11288/2021,0.065701,-0.107348,0.006173,-0.04372,Avian,N8
1218_A/goose/Hunan/SE284/,A/goose/Hunan/SE284/2022(H5N1),0.043873,0.012193,0.044458,0.060076,Avian,N1
1219_A/goose/Inner_Mongol,A/goose/Inner_Mongolia/IM-192/2014,0.053013,-0.039578,-0.022364,0.066794,Avian,N1
1220_A/goose/Jiangsu/k040,A/goose/Jiangsu/k0403/2010,0.033056,-0.006515,-0.095248,-0.017559,Avian,N1
1221_A/goose/Jiangsu/QD5/,A/goose/Jiangsu/QD5/2014,0.053758,0.084919,0.04454,-0.068912,Avian,N8
1222_A/goose/Jiangsu/S138,A/goose/Jiangsu/S1385/2021,0.043464,-0.115133,0.009843,-0.041995,Avian,N8
1223_A/goose/Jiangxi/01.0,A/goose/Jiangxi/01.09_NFJX-15-01/2015(Mixed),-0.101608,-0.025262,0.026505,0.016544,Avian,N6
1224_A/goose/Jilin/04.04_,A/goose/Jilin/04.04_SY003-O/2015(H5N6),-0.105931,-0.021696,0.008436,-0.028405,Avian,N6
1225_A/goose/Jilin/S4034/,A/goose/Jilin/S4034/2019(H5N1),-0.09033,0.0113,0.031724,0.020791,Avian,N1
1226_A/goose/Liaoning/S12,A/goose/Liaoning/S1266/2021,0.05873,-0.113283,0.011927,-0.030294,Avian,N8
1227_A/goose/Pingtung/150,A/goose/Pingtung/15010007-4/2015,0.13131,0.012289,0.061863,0.043525,Avian,N2
1228_A/goose/Pingtung/150,A/goose/Pingtung/15010037-1/2015,0.130573,0.013148,0.062641,0.043718,Avian,N2
1229_A/goose/Pingtung/150,A/goose/Pingtung/15050014/2015,0.068749,0.002387,-0.04902,0.010506,Avian,N8
1230_A/goose/Pingtung/160,A/goose/Pingtung/16010061/2016,0.06459,0.010227,-0.051893,0.014286,Avian,N8
1231_A/Goose/Qingyuan/168,A/Goose/Qingyuan/16875/2016,0.022684,0.129357,0.030079,-0.022266,Avian,N6
1232_A/goose/Shandong/01.,A/goose/Shandong/01.01_JY-GS/2015(H5N2),0.000309,0.093222,0.001686,-0.071354,Avian,N2
1233_A/goose/Shandong/01.,A/goose/Shandong/01.07_JQ-GS/2015(H5N2),0.004577,0.064823,0.006421,-0.057754,Avian,N2
1234_A/goose/Shandong/02.,A/goose/Shandong/02.16_YG-GS/2015(H5N6),-0.105747,-0.039508,0.022321,-0.020559,Avian,N6
1235_A/goose/Shandong/02.,A/goose/Shandong/02.26_GD/2015(H5N6),-0.102009,-0.030632,0.02436,-0.011849,Avian,N6
1236_A/goose/Shandong/03.,A/goose/Shandong/03.10_HZ/2015(H5N1),-0.092238,0.023495,-0.014786,0.060655,Avian,N1
1237_A/goose/Shandong/03.,A/goose/Shandong/03.16_JNRe-5/2014(H5N6),-0.098742,-0.006729,0.007572,0.021836,Avian,N6
1238_A/goose/Shandong/04.,A/goose/Shandong/04.22_GT/2015(H5N2),0.001554,0.094435,0.001586,-0.069738,Avian,N2
1239_A/goose/Shandong/05.,A/goose/Shandong/05.23_AY-GS/2015(Mixed),0.058504,0.080027,0.041664,-0.072194,Avian,N8
1240_A/goose/Shandong/05.,A/goose/Shandong/05.23_DT-GS/2014(H5N8),0.058504,0.080027,0.041664,-0.072194,Avian,N8
1241_A/goose/Shandong/06.,A/goose/Shandong/06.14_HZ-GS/2014(Mixed),0.053937,0.076321,0.044996,-0.079711,Avian,N8
1242_A/goose/Shandong/11.,A/goose/Shandong/11.02_CQ-GS/2014(H5N6),-0.088982,-0.027974,0.01375,0.030107,Avian,N6
1243_A/goose/Shandong/12.,A/goose/Shandong/12.05_YG-GS/2014(H5N6),-0.10591,-0.047314,0.020844,-0.031135,Avian,N6
1244_A/goose/Shandong/12.,A/goose/Shandong/12.08_YG-GS/2014(H5N8),0.03876,0.071334,0.054235,-0.090967,Avian,N8
1245_A/Goose/Shandong/211,A/Goose/Shandong/21153-3/2021(H5N8),0.071124,-0.109738,0.021344,-0.038153,Avian,N8
1246_A/goose/Shandong/GD-,A/goose/Shandong/GD-GS/2014(H5N8),0.062445,0.073124,0.041269,-0.075761,Avian,N8
1247_A/goose/Shandong/GS/,A/goose/Shandong/GS/2013(H5N1),-0.106665,0.004978,-0.022949,0.050691,Avian,N1
1248_A/goose/Shandong/LQ0,A/goose/Shandong/LQ01694/2013,0.042175,0.078488,0.041877,-0.086366,Avian,N8
1249_A/goose/Tainan/16040,A/goose/Tainan/16040018-1/2016,0.066919,0.03159,-0.057359,0.006683,Avian,N8
1250_A/goose/Tainan/16070,A/goose/Tainan/16070002/2016,0.060098,0.025081,-0.066938,0.008532,Avian,N8
1251_A/goose/Tainan/17030,A/goose/Tainan/17030022-1/2017,0.160104,0.022362,0.071679,0.00356,Avian,N2
1252_A/goose/Tainan/17030,A/goose/Tainan/17030024-1/2017,0.166942,0.013893,0.070842,-0.006529,Avian,N2
1253_A/goose/Tainan/18010,A/goose/Tainan/18010022-1/2018,0.156482,0.01334,0.076109,0.001728,Avian,N2
1254_A/goose/Tainan/18050,A/goose/Tainan/18050014-1/2018,0.134224,-0.017463,0.072032,0.008366,Avian,N2
1255_A/goose/Taiwan/01019,A/goose/Taiwan/01019/2015,0.007202,-0.025025,-0.02465,-0.004256,Avian,N8
1256_A/goose/Taiwan/01022,A/goose/Taiwan/01022/2015,0.130926,0.005535,0.070298,0.054909,Avian,N2
1257_A/goose/Taiwan/01023,A/goose/Taiwan/01023/2015,0.13412,0.013161,0.063726,0.036189,Avian,N2
1258_A/goose/Taiwan/01031,A/goose/Taiwan/01031/2015,0.13506,0.013311,0.067162,0.04576,Avian,N2
1259_A/goose/Taiwan/01038,A/goose/Taiwan/01038/2015,0.056229,-0.005152,-0.037031,0.003513,Avian,Others
1260_A/goose/Taiwan/01039,A/goose/Taiwan/01039/2015,-0.005371,0.056704,0.012703,-0.068891,Avian,N8
1261_A/goose/Taiwan/01040,A/goose/Taiwan/01040/2015,0.127017,0.008308,0.061511,0.049965,Avian,N2
1262_A/goose/Taiwan/a015/,A/goose/Taiwan/a015/2015,-0.010953,-0.031172,-0.032554,-0.023666,Avian,N8
1263_A/goose/Taiwan/TNC1/,A/goose/Taiwan/TNC1/2015,0.006623,0.063171,0.009944,-0.062156,Avian,N8
1264_A/goose/Taiwan/TNC3/,A/goose/Taiwan/TNC3/2015,0.004737,0.065254,0.003101,-0.068962,Avian,N8
1265_A/goose/Taiwan/TNC4/,A/goose/Taiwan/TNC4/2015,0.011245,-0.017054,-0.022741,-0.010142,Avian,N8
1266_A/goose/Taiwan/TNC9/,A/goose/Taiwan/TNC9/2015,0.006623,0.063171,0.009944,-0.062156,Avian,N8
1267_A/goose/Taiwan/TNC10,A/goose/Taiwan/TNC10/2015,0.007765,0.063618,0.00937,-0.06147,Avian,N8
1268_A/goose/Taiwan/TNC12,A/goose/Taiwan/TNC12/2015,0.006623,0.063171,0.009944,-0.062156,Avian,N8
1269_A/goose/Taiwan/TNC14,A/goose/Taiwan/TNC14/2015,0.007765,0.063618,0.00937,-0.06147,Avian,N8
1270_A/goose/Taiwan/TNO3/,A/goose/Taiwan/TNO3/2015,-0.0034,0.060026,0.005283,-0.063158,Avian,N8
1271_A/goose/Taiwan/TNO9/,A/goose/Taiwan/TNO9/2015,0.011245,-0.017054,-0.022741,-0.010142,Avian,N8
1272_A/goose/Taiwan/TNO15,A/goose/Taiwan/TNO15/2015,0.012873,-0.019328,-0.022873,0.000118,Avian,N8
1273_A/goose/Taiwan/TNO17,A/goose/Taiwan/TNO17/2015,0.005617,0.063592,0.009676,-0.062525,Avian,N8
1274_A/goose/Taoyuan/1501,A/goose/Taoyuan/15010041/2015,0.006623,0.063171,0.009944,-0.062156,Avian,N8
1275_A/goose/Taoyuan/1812,A/goose/Taoyuan/18120002-2/2018,0.075396,-0.024987,-0.017616,0.012788,Avian,N2
1276_A/goose/Xinjiang/12.,A/goose/Xinjiang/12.18_WLMQXL001-C/2016,-0.08493,-0.013923,0.036743,-0.003369,Avian,N6
1277_A/goose/Xinjiang/12.,A/goose/Xinjiang/12.18_WLMQXL002-O/2016,-0.085052,-0.014804,0.037205,-0.002717,Avian,N6
1278_A/goose/Xinjiang/12.,A/goose/Xinjiang/12.18_WLMQXL003-C/2016,0.092951,-0.068207,-0.017651,0.043131,Avian,N8
1279_A/goose/Xinjiang/12.,A/goose/Xinjiang/12.18_WLMQXL003-O/2016,0.092951,-0.068207,-0.017651,0.043131,Avian,N8
1280_A/goose/Xinjiang/12.,A/goose/Xinjiang/12.18_WLMQXL004-C/2016,0.092726,-0.06655,-0.019473,0.043209,Avian,N8
1281_A/goose/Xinjiang/12.,A/goose/Xinjiang/12.18_WLMQXL004-O/2016,0.092951,-0.068207,-0.017651,0.043131,Avian,N8
1282_A/goose/Yangzhou/042,A/goose/Yangzhou/0420/2014,0.042567,0.067605,0.048916,-0.07696,Avian,N8
1283_A/goose/Yangzhou/YZ5,A/goose/Yangzhou/YZ587/2016,0.026722,0.148013,0.00195,-0.009197,Avian,N6
1284_A/goose/Yunlin/15010,A/goose/Yunlin/15010005/2015,0.134111,0.008895,0.062934,0.051011,Avian,N2
1285_A/goose/Yunlin/15010,A/goose/Yunlin/15010009-1/2015,0.134111,0.008895,0.062934,0.051011,Avian,N2
1286_A/goose/Yunlin/15010,A/goose/Yunlin/15010010-2/2015,0.134111,0.008895,0.062934,0.051011,Avian,N2
1287_A/goose/Yunlin/15010,A/goose/Yunlin/15010011-1/2015,0.134111,0.008895,0.062934,0.051011,Avian,N2
1288_A/goose/Yunlin/15040,A/goose/Yunlin/15040040/2015,0.009122,-0.026532,-0.022274,-0.006422,Avian,N8
1289_A/goose/Yunlin/16020,A/goose/Yunlin/16020008-4/2016,0.121256,0.017862,0.069997,0.051259,Avian,N2
1290_A/goose/Yunlin/16020,A/goose/Yunlin/16020011-1/2016,0.12697,0.011179,0.074851,0.051862,Avian,N2
1291_A/goose/Yunlin/16040,A/goose/Yunlin/16040002-2/2016,0.131155,0.020641,0.068529,0.046057,Avian,N2
1292_A/goose/Yunlin/17100,A/goose/Yunlin/17100005/2017,0.163222,0.010474,0.080186,-0.011425,Avian,N2
1293_A/goose/Yunlin/18030,A/goose/Yunlin/18030020-2/2018,0.055801,-0.026071,-0.037803,0.001494,Avian,N2
1294_A/goose/Yunlin/18030,A/goose/Yunlin/18030020-3/2018,0.055801,-0.026071,-0.037803,0.001494,Avian,N2
1295_A/goose/Yunlin/18040,A/goose/Yunlin/18040002-3/2018,0.144622,-0.01525,0.065598,-0.012842,Avian,N2
1296_A/goose/Yunlin/18040,A/goose/Yunlin/18040018-2/2018,0.143298,-0.012654,0.071882,0.014168,Avian,N2
1297_A/goose/Yunlin/18090,A/goose/Yunlin/18090002-3/2018,0.136199,-0.021241,0.068249,0.011453,Avian,N2
1298_A/goose/Yunlin/18090,A/goose/Yunlin/18090006-1/2018,0.00876,0.07749,-0.036216,0.070342,Avian,N2
1299_A/goose/Yunlin/18110,A/goose/Yunlin/18110002-3/2018,0.083047,-0.01756,-0.053285,0.004918,Avian,N2
1300_A/goose/Yunnan/07.14,A/goose/Yunnan/07.14_DQWCK119/2015(H5N6),-0.091175,-0.023463,0.036464,0.002852,Avian,N6
1301_A/goose/Yunnan/07.14,A/goose/Yunnan/07.14_DQWCK122/2015(H5N6),-0.09183,-0.024963,0.035462,0.002006,Avian,N6
1302_A/goose/Zhejiang/771,A/goose/Zhejiang/77166/2014,-0.105413,-0.000334,0.021077,-0.025908,Avian,N2
1303_A/goose/Zhejiang/771,A/goose/Zhejiang/77167/2014,-0.105413,-0.000334,0.021077,-0.025908,Avian,N2
1304_A/goose/Zhejiang/771,A/goose/Zhejiang/77168/2014,-0.105413,-0.000334,0.021077,-0.025908,Avian,N2
1305_A/goose/Zhejiang/112,A/goose/Zhejiang/112071/2014,-0.082494,0.08028,-0.021213,0.093793,Avian,N1
1306_A/goose/Zhejiang/112,A/goose/Zhejiang/112080/2014,0.070947,-0.020944,-0.02172,0.041695,Avian,N6
1307_A/goose/Zhejiang/727,A/goose/Zhejiang/727092/2014,-0.123905,-0.044147,0.020421,-0.011361,Avian,N6
1308_A/goose/Zhejiang/727,A/goose/Zhejiang/727098/2014,-0.114126,0.007876,-0.019834,0.035121,Avian,N1
1309_A/goose/Zhejiang/727,A/goose/Zhejiang/727110/2014,-0.10894,-0.037073,0.012893,-0.016343,Avian,N6
1310_A/goose/Zhejiang/925,A/goose/Zhejiang/925036/2014,-0.096477,0.003902,-0.02174,0.005213,Avian,N6
1311_A/goose/Zhejiang/925,A/goose/Zhejiang/925037/2014,0.053943,0.127098,-0.000653,-0.024637,Avian,N8
1312_A/goose/Zhejiang/925,A/goose/Zhejiang/925104/2014,0.046134,0.077937,0.032561,-0.0785,Avian,N8
1313_A/goose/Zhejiang/925,A/goose/Zhejiang/925105/2014,-0.11317,-0.007924,-0.009939,0.035309,Avian,N6
1314_A/goose/Zhejiang/925,A/goose/Zhejiang/925106/2014,0.046657,0.080161,0.038318,-0.065982,Avian,N6
1315_A/goose/Zhejiang/925,A/goose/Zhejiang/925108/2014,-0.125467,-0.005385,-0.015025,0.036943,Avian,N6
1316_A/goose/Zhejiang/112,A/goose/Zhejiang/1120132/2014,0.051257,0.091716,0.024963,-0.092129,Avian,N6
1317_A/goose/Zhejiang/S12,A/goose/Zhejiang/S1266/2021,0.049254,-0.109269,0.02463,-0.034178,Avian,N8
1318_A/Great_black-headed,A/Great_black-headed_Gull/Qinghai/YO1/2015_H5N1,-0.065954,0.030648,-0.004246,0.019285,Avian,N1
1319_A/Great_Black-headed,A/Great_Black-headed_Gull/Qinghai/YO1-B/2016,0.094646,-0.073239,-0.002213,0.024594,Avian,N8
1320_A/Great_black-headed,A/Great_black-headed_Gull/Qinghai/YO6/2015_H5N1,-0.062112,0.027943,-0.005447,0.020631,Avian,N1
1321_A/Great_Cormorant/Hu,A/Great_Cormorant/Hubei/chenhu_V2/2015_mixed,0.048112,0.003902,-0.024016,-0.018769,Avian,N6
1322_A/Great_Cormorant/Hu,A/Great_Cormorant/Hubei/chenhu_V9/2015,0.044931,0.016599,-0.043031,-0.010905,Avian,N1
1323_A/Great_Cormorant/Hu,A/Great_Cormorant/Hubei/chenhu_V10/2015,0.044931,0.016599,-0.043031,-0.010905,Avian,N1
1324_A/Great_Cormorant/Hu,A/Great_Cormorant/Hubei/chenhu_V11/2015,0.04914,0.003472,-0.023742,-0.018392,Avian,N6
1325_A/Great_Cormorant/Hu,A/Great_Cormorant/Hubei/VI128/2015_H5N1,0.048112,0.003902,-0.024016,-0.018769,Avian,N1
1326_A/Great_Cormorant/Hu,A/Great_Cormorant/Hubei/VI132/2015_H5N1,0.048112,0.003902,-0.024016,-0.018769,Avian,N1
1327_A/Great_Cormorant/Hu,A/Great_Cormorant/Hubei/VI133/2015_H5N1,0.048112,0.003902,-0.024016,-0.018769,Avian,N1
1328_A/Great_Cormorant/Qi,A/Great_Cormorant/Qinghai/a51/2016,0.087977,-0.05665,-0.014587,0.011195,Avian,N8
1329_A/Great_Cormorant/Qi,A/Great_Cormorant/Qinghai/B82/2016,0.086002,-0.069301,-0.002734,0.019483,Avian,N8
1330_A/Great_Cormorant/Qi,A/Great_Cormorant/Qinghai/Y01/2016,0.091588,-0.067613,-0.007351,0.021951,Avian,N8
1331_A/Great_Crested_Greb,A/Great_Crested_Grebe/Qinghai/a737/2017,0.100224,-0.072146,-0.001207,0.043822,Avian,N8
1332_A/grebe/Ningxia/SD00,A/grebe/Ningxia/SD001/2021,0.056666,-0.103389,0.005166,-0.0521,Avian,N8
1333_A/grebe/Shaanxi/SD00,A/grebe/Shaanxi/SD001/2021,0.063301,-0.106351,0.007838,-0.054921,Avian,N8
1334_A/grebe/Shandong/SC1,A/grebe/Shandong/SC184/2021,0.055604,-0.114272,0.016947,-0.026196,Avian,N8
1335_A/green-winged_teal/,A/green-winged_teal/Guangdong/SD004/2021,0.079655,-0.104782,0.014616,-0.024771,Avian,N8
1336_A/Guangdong/1/2006|E,A/Guangdong/1/2006,-0.054659,0.022503,-0.043446,0.050582,Human,N1
1337_A/Guangdong/1/2008|E,A/Guangdong/1/2008,-0.069605,0.0261,-0.046713,0.044182,Human,N1
1338_A/Guangdong/2/2006|E,A/Guangdong/2/2006,-0.04322,0.02,-0.029815,0.041498,Human,N1
1339_A/Guangdong/18SF020/,A/Guangdong/18SF020/2018-09-30,-0.096632,0.012959,0.028454,-0.035105,Human,N6
1340_A/Guangdong/12903/20,A/Guangdong/12903/2021,0.036617,0.021961,0.027408,-0.017614,Human,N6
1341_A/Guangdong/lgf/2021,A/Guangdong/lgf/2021,0.029607,0.017971,0.005968,-0.020535,Human,N6
1342_A/Guangxi/1/2005|EPI,A/Guangxi/1/2005,-0.081122,0.024084,-0.031707,0.037043,Human,N1
1343_A/Guangxi/1/2005|EPI,A/Guangxi/1/2005,-0.053398,0.014672,-0.029314,0.051124,Human,N1
1344_A/Guangxi/1/2008|EPI,A/Guangxi/1/2008,-0.067337,0.014137,-0.053695,0.054072,Human,N1
1345_A/Guangxi/32797/2018,A/Guangxi/32797/2018,-0.113491,-0.002741,0.040157,-0.033134,Human,N6
1346_A/Guangxi/55726/2016,A/Guangxi/55726/2016,0.052037,0.115888,0.020099,0.018378,Human,N6
1347_A/Guangzhou/39715/20,A/Guangzhou/39715/2014,-0.095896,-0.036236,0.040952,-0.012291,Human,N6
1348_A/Guizhou/1/2009|EPI,A/Guizhou/1/2009,-0.073456,0.022721,-0.045188,0.020497,Human,N1
1349_A/GX-guilin/11151/20,A/GX-guilin/11151/2021,0.015866,0.082099,-0.036081,0.019648,Human,N6
1350_A/GX-hechi/01/2021|E,A/GX-hechi/01/2021,-0.000568,0.058828,-0.001082,-0.018521,Human,N6
1351_A/Hangzhou/01/2021|E,A/Hangzhou/01/2021,0.019751,0.097249,-0.031515,0.016599,Human,N6
1352_A/HeFei04171/2024|EP,A/HeFei04171/2024,0.049191,0.021424,-0.021555,0.014693,Human,N6
1353_A/heron/Kaohsiung/15,A/heron/Kaohsiung/15WB3284-1-5/2015,0.046083,0.007694,-0.05805,0.028563,Avian,Others
1354_A/heron/Taiwan/17DB0,A/heron/Taiwan/17DB0001/2017,0.167348,0.007452,0.070626,0.007146,Avian,N2
1355_A/Herring_Gull/Hubei,A/Herring_Gull/Hubei/CH-i149/2017_H5N8,0.091731,-0.069227,-0.006237,0.022176,Avian,N8
1356_A/hill_myna/Heilongj,A/hill_myna/Heilongjiang/0704/2012,-0.105905,0.01128,-0.023885,0.026369,Avian,N1
1357_A/Hong_Kong/5923/201,A/Hong_Kong/5923/2012,-0.111273,0.006538,-0.000827,0.013003,Human,N1
1358_A/Hubei/29578/2016_x,A/Hubei/29578/2016_x_PR8__(CNIC-HB29578),-0.055478,0.063457,0.036552,-0.077224,Human,N6
1359_A/Hubei/29578/2016|E,A/Hubei/29578/2016,0.02192,0.001883,-0.078485,-0.087172,Human,N6
1360_A/Hunan/1/2006|EPI_I,A/Hunan/1/2006,-0.060946,0.031477,-0.047063,0.045864,Human,N1
1361_A/Hunan/1/2008|EPI_I,A/Hunan/1/2008,-0.047422,0.037281,-0.019349,0.023958,Human,N1
1362_A/Hunan/2/2009|EPI_I,A/Hunan/2/2009,-0.083954,0.023851,-0.033734,0.034708,Human,N1
1363_A/Japanese_white-eye,A/Japanese_white-eye/Taoyuan/Q454/2012,-0.107748,0.006599,-0.026526,0.028134,Avian,N1
1364_A/Jiangsu/1/2007|EPI,A/Jiangsu/1/2007,-0.074654,0.01432,-0.034458,0.040525,Human,N1
1365_A/Jiangsu/1/2018|EPI,A/Jiangsu/1/2018,-0.127591,-0.0303,0.056633,-0.048677,Human,N6
1366_A/Jiangsu/1/2018|EPI,A/Jiangsu/1/2018,-0.127591,-0.0303,0.056633,-0.048677,Human,N6
1367_A/Jiangsu/1/2020_(H5,A/Jiangsu/1/2020_(H5N6),0.054716,0.028165,-0.048841,0.003669,Human,N6
1368_A/Jiangsu/1/2020(H5N,A/Jiangsu/1/2020(H5N6),0.054716,0.028165,-0.048841,0.003669,Human,N6
1369_A/Jiangsu/2/2007|EPI,A/Jiangsu/2/2007,-0.074654,0.01432,-0.034458,0.040525,Human,N1
1370_A/Jiangsu/JSSZ01/201,A/Jiangsu/JSSZ01/2018,-0.129445,-0.028253,0.049908,-0.055366,Human,N6
1371_A/Jiangxi/1/2005|EPI,A/Jiangxi/1/2005,-0.033224,0.071212,-0.068306,0.035552,Human,N1
1372_A/Jiangxi/16791/2022,A/Jiangxi/16791/2022,0.011611,0.079429,-0.030612,0.031919,Human,N6
1373_A/lesser_kestrel/Hei,A/lesser_kestrel/Heilongjiang/194/2007,-0.084591,0.026178,-0.042706,0.025143,Avian,N1
1374_A/lion/Hubei/1-2/201,A/lion/Hubei/1-2/2016,0.05197,-0.017294,-0.029617,-0.023595,Nonhuman Mammal,N1
1375_A/Luscinia_cyane/Jia,A/Luscinia_cyane/Jiangxi/U2/2016_(H5N6),0.04362,0.078457,0.030963,-0.061431,Avian,N6
1376_A/mallard_duck/Shang,A/mallard_duck/Shanghai/SH-9/2013,0.047465,0.073734,0.038551,-0.086959,Avian,N8
1377_A/mallard/Heilongjia,A/mallard/Heilongjiang/HLJ-69/2013,0.06863,-0.008552,-0.150989,-0.061974,Avian,N1
1378_A/Mallard/Jiangxi/JX,A/Mallard/Jiangxi/JXH9/2014_(H5N6),0.052889,-0.007714,-0.170019,-0.070808,Avian,N6
1379_A/Mallard/Jiangxi/JX,A/Mallard/Jiangxi/JXH22/2014_(H5N6),0.053865,-0.015877,-0.170097,-0.074324,Avian,N6
1380_A/mallard/Ningxia/17,A/mallard/Ningxia/175/2020,0.059396,-0.016014,-0.08375,0.002104,Avian,N8
1381_A/mallard/Ningxia/17,A/mallard/Ningxia/176/2020,0.050193,-0.022151,-0.078888,0.015622,Avian,N8
1382_A/mallard/Ningxia/23,A/mallard/Ningxia/239/2020,0.057377,-0.019688,-0.079019,0.006629,Avian,N8
1383_A/mallard/Ningxia/24,A/mallard/Ningxia/241/2020,0.057377,-0.019688,-0.079019,0.006629,Avian,N8
1384_A/mallard/Ningxia/24,A/mallard/Ningxia/247/2020,0.059396,-0.016014,-0.08375,0.002104,Avian,N8
1385_A/mallard/Ningxia/24,A/mallard/Ningxia/249/2020,0.058405,-0.020118,-0.078745,0.007005,Avian,N8
1386_A/mandarin_duck/Heil,A/mandarin_duck/Heilongjiang/HL-1/2021,0.059768,-0.007472,-0.086332,-0.044901,Avian,N1
1387_A/mandarin_duck/Hena,A/mandarin_duck/Henan/426/2021,0.030155,0.007955,0.023032,0.04418,Avian,N1
1388_A/meerkat/Shanghai/S,A/meerkat/Shanghai/SH-1/2012,-0.107847,0.010672,-0.025324,0.049552,Nonhuman Mammal,N1
1389_A/migratory_waterfow,A/migratory_waterfowl/Hubei/Chenhu1306/2014,-0.121398,-0.004101,-0.009574,0.021517,Avian,N6
1390_A/migratory_waterfow,A/migratory_waterfowl/Hubei/Chenhu1347/2014,-0.121398,-0.004101,-0.009574,0.021517,Avian,N6
1391_A/mink/China/181/201,A/mink/China/181/2019,-0.095578,-0.029996,0.064182,-0.031157,Nonhuman Mammal,N6
1392_A/mink/China/183/201,A/mink/China/183/2019,-0.078909,0.00348,0.049257,-0.052494,Nonhuman Mammal,N6
1393_A/mink/China/191/201,A/mink/China/191/2019,-0.079006,-0.000095,0.049529,-0.062982,Nonhuman Mammal,N6
1394_A/mink/China/456/201,A/mink/China/456/2018,-0.122758,-0.025015,0.041527,-0.02944,Nonhuman Mammal,N6
1395_A/mink/China/G/2015|,A/mink/China/G/2015,-0.092865,0.027261,-0.002327,0.032301,Nonhuman Mammal,N1
1396_A/mink/China/XB/2015,A/mink/China/XB/2015,0.047517,-0.004656,-0.039968,-0.009808,Nonhuman Mammal,N1
1397_A/mink/Eastern_China,A/mink/Eastern_China/006/2018,0.065995,-0.053807,-0.021719,0.037209,Nonhuman Mammal,N6
1398_A/mink/Eastern_China,A/mink/Eastern_China/149/2018,-0.087936,-0.006077,0.013897,-0.01139,Nonhuman Mammal,N6
1399_A/mink/Eastern_China,A/mink/Eastern_China/528/2018,0.058724,-0.057466,-0.020961,0.046323,Nonhuman Mammal,N6
1400_A/mink/Eastern_China,A/mink/Eastern_China/571/2018,-0.096642,-0.021234,0.04292,-0.039569,Nonhuman Mammal,N6
1401_A/mink/Eastern_China,A/mink/Eastern_China/0712/2018,0.013596,0.056056,0.028008,-0.068719,Nonhuman Mammal,N1
1402_A/mink/Northern_Chin,A/mink/Northern_China/110/2018,0.070441,-0.05893,-0.020371,0.03454,Nonhuman Mammal,N6
1403_A/Muscovy_duck/China,A/Muscovy_duck/China/FJFZ21/H5N6/2020,-0.104587,-0.02251,0.046365,-0.031538,Avian,N6
1404_A/Muscovy_duck/China,A/Muscovy_duck/China/H5N6/2020,-0.105872,-0.023438,0.044486,-0.029889,Avian,N6
1405_A/muscovy/duck/Hunan,A/muscovy/duck/Hunan/85/2014,-0.110626,-0.020886,0.020523,0.008709,Avian,N6
1406_A/muscovy/duck/Hunan,A/muscovy/duck/Hunan/88/2014,-0.113652,-0.025208,0.022089,-0.002202,Avian,N6
1407_A/muscovy/duck/Hunan,A/muscovy/duck/Hunan/89/2014,-0.110138,-0.022275,0.023248,-0.002032,Avian,N6
1408_A/muscovy/duck/Hunan,A/muscovy/duck/Hunan/90/2014,-0.10569,-0.014497,0.027301,0.008514,Avian,N6
1409_A/muscovy/duck/Hunan,A/muscovy/duck/Hunan/93/2014,-0.109512,-0.029683,0.019505,0.007705,Avian,N6
1410_A/muscovy/duck/Hunan,A/muscovy/duck/Hunan/94/2014,-0.104532,-0.009614,0.018043,0.012555,Avian,N6
1411_A/muscovy/duck/Hunan,A/muscovy/duck/Hunan/101/2014,-0.100156,-0.031873,0.008488,0.006133,Avian,N6
1412_A/muscovy/duck/Hunan,A/muscovy/duck/Hunan/102/2014,-0.076829,0.065149,-0.037555,-0.022311,Avian,N6
1413_A/muscovy/duck/Hunan,A/muscovy/duck/Hunan/103/2014,-0.099701,-0.027544,0.008176,0.017791,Avian,N6
1414_A/muscovy/duck/Hunan,A/muscovy/duck/Hunan/104/2014,-0.100201,-0.027983,0.007661,0.018576,Avian,N6
1415_A/muscovy/duck/Hunan,A/muscovy/duck/Hunan/125/2014,-0.101338,-0.024529,0.029799,0.01818,Avian,N6
1416_A/muscovy/duck/Hunan,A/muscovy/duck/Hunan/147/2014,-0.093989,-0.024111,0.031586,0.009661,Avian,N6
1417_A/muscovy/duck/Hunan,A/muscovy/duck/Hunan/148/2014,-0.090457,-0.025789,0.03041,0.020742,Avian,N6
1418_A/muscovy/duck/Hunan,A/muscovy/duck/Hunan/167/2014,-0.103199,-0.025775,0.003475,0.019533,Avian,N6
1419_A/muscovy/duck/Hunan,A/muscovy/duck/Hunan/183/2014,-0.116956,-0.02711,0.025469,-0.020566,Avian,N6
1420_A/muscovy/duck/Hunan,A/muscovy/duck/Hunan/216/2014,-0.099108,-0.031264,0.004468,0.020654,Avian,N6
1421_A/muscovy/duck/Hunan,A/muscovy/duck/Hunan/229/2014,-0.099108,-0.031264,0.004468,0.020654,Avian,N6
1422_A/muscovy/duck/Hunan,A/muscovy/duck/Hunan/232/2014,-0.106273,-0.020308,-0.015594,-0.029691,Avian,N6
1423_A/muscovy/duck/Hunan,A/muscovy/duck/Hunan/HN346/2015,-0.067191,-0.029435,0.022594,0.013286,Avian,N6
1424_A/muscovy/duck/Hunan,A/muscovy/duck/Hunan/HN347/2015,-0.067191,-0.029435,0.022594,0.013286,Avian,N6
1425_A/muscovy/duck/Hunan,A/muscovy/duck/Hunan/HN348/2015,-0.068403,-0.029982,0.021818,0.013834,Avian,N6
1426_A/muscovy/duck/Hunan,A/muscovy/duck/Hunan/HN349/2015,-0.067191,-0.029435,0.022594,0.013286,Avian,N6
1427_A/muscovy/duck/Hunan,A/muscovy/duck/Hunan/HN351/2015,-0.068403,-0.029982,0.021818,0.013834,Avian,N6
1428_A/muscovy/duck/Hunan,A/muscovy/duck/Hunan/HN352/2015,-0.072013,-0.024648,0.025451,0.001487,Avian,N6
1429_A/muscovy/duck/Hunan,A/muscovy/duck/Hunan/HN353/2015,-0.067191,-0.029435,0.022594,0.013286,Avian,N6
1430_A/muscovy/duck/Hunan,A/muscovy/duck/Hunan/HN354/2015,-0.067191,-0.029435,0.022594,0.013286,Avian,N6
1431_A/muscovy/duck/Hunan,A/muscovy/duck/Hunan/HN355/2015,-0.065842,-0.032616,0.021179,0.015636,Avian,N6
1432_A/muscovy/duck/Hunan,A/muscovy/duck/Hunan/HN356/2015,-0.067191,-0.029435,0.022594,0.013286,Avian,N6
1433_A/muscovy/duck/Hunan,A/muscovy/duck/Hunan/HN358/2015,-0.067191,-0.029435,0.022594,0.013286,Avian,N6
1434_A/muscovy/duck/Hunan,A/muscovy/duck/Hunan/HN359/2015,-0.066564,-0.031774,0.021942,0.015825,Avian,N6
1435_A/muscovy/duck/Hunan,A/muscovy/duck/Hunan/HN360/2015,-0.067191,-0.029435,0.022594,0.013286,Avian,N6
1436_A/muscovy/duck/Hunan,A/muscovy/duck/Hunan/HN364/2015,-0.068857,-0.024305,0.031444,0.009088,Avian,N6
1437_A/muscovy/duck/Hunan,A/muscovy/duck/Hunan/HN365/2015,-0.058224,-0.034515,0.022853,0.019318,Avian,N6
1438_A/muscovy/duck/Hunan,A/muscovy/duck/Hunan/HN366/2015,-0.061006,-0.033926,0.025966,0.013706,Avian,N6
1439_A/muscovy/duck/Hunan,A/muscovy/duck/Hunan/HN368/2015,-0.06684,-0.028172,0.022818,0.01412,Avian,N6
1440_A/mute_swan/Inner_Mo,A/mute_swan/Inner_Mongolia/w2-1/2020,0.078535,-0.097233,0.006893,-0.04216,Avian,N8
1441_A/mute_swan/Shandong,A/mute_swan/Shandong/1/2021,0.066777,-0.108793,0.010625,-0.047933,Avian,N8
1442_A/Nanjing/1/2015|EPI,A/Nanjing/1/2015,0.036821,-0.016572,-0.036503,-0.016161,Human,N1
1443_A/Northern_Pintail/H,A/Northern_Pintail/HK/MP692/2016,0.028118,0.116048,0.025376,-0.062719,Avian,N6
1444_A/oriental_magpie_ro,A/oriental_magpie_robin/HK/6154/2015,0.057774,-0.021728,-0.133452,-0.048801,Avian,N6
1445_A/ostrich/Suzhou/097,A/ostrich/Suzhou/097/2003,-0.042194,0.069971,-0.039943,0.056232,Avian,N1
1446_A/parrot/Guangdong/2,A/parrot/Guangdong/258/2004,0.040194,0.033331,-0.035289,0.021026,Avian,N2
1447_A/parrot/Guangdong/C,A/parrot/Guangdong/C99/2005,-0.037828,0.05573,-0.059351,0.050118,Avian,N1
1448_A/Pavo_cristatus/Chi,A/Pavo_cristatus/China/JS02/2018,0.009815,0.105812,0.000186,0.045181,Avian,N6
1449_A/Pavo_cristatus/Chi,A/Pavo_cristatus/China/K10/2018,0.009815,0.105812,0.000186,0.045181,Avian,N6
1450_A/Pavo_cristatus/Jia,A/Pavo_cristatus/Jiangxi/JA1/2016,-0.105129,-0.042192,0.049388,-0.052565,Avian,N6
1451_A/peacock/Yunnan/1/2,A/peacock/Yunnan/1/2015,0.049522,0.00178,-0.039048,-0.041056,Avian,N1
1452_A/peacock/Yunnan/3/2,A/peacock/Yunnan/3/2015,0.049522,0.00178,-0.039048,-0.041056,Avian,N1
1453_A/Peregrine_Falcon/H,A/Peregrine_Falcon/Hong_Kong/AFCD-HKU-21-013-27/2021,0.073112,-0.10325,0.019747,-0.047971,Avian,N8
1454_A/Phalacrocorax/Hube,A/Phalacrocorax/Hubei/01.09_V5/2015(H5N6),0.04914,0.003472,-0.023742,-0.018392,Avian,N6
1455_A/Phalacrocorax/Hube,A/Phalacrocorax/Hubei/01.09_V7/2015(H5N6),0.04914,0.003472,-0.023742,-0.018392,Avian,N6
1456_A/pheasant/Hebei/B02,A/pheasant/Hebei/B02/2021,0.061724,-0.107386,0.01143,-0.034257,Avian,N8
1457_A/pigeon/Fujian/1.17,A/pigeon/Fujian/1.17_FZHX0104-O/2017,0.017201,0.140493,-0.006923,-0.006358,Avian,N6
1458_A/pigeon/Guangdong/0,A/pigeon/Guangdong/04.15_SZBAXQ004/2015(H5N6),-0.112697,-0.037757,0.05336,-0.045075,Avian,N6
1459_A/pigeon/Guangdong/0,A/pigeon/Guangdong/04.16_SZLGWL006/2015(H5N6),-0.105484,-0.018675,0.03369,-0.01061,Avian,N6
1460_A/pigeon/Guangdong/0,A/pigeon/Guangdong/04.23_DGQTXC197-O/2015(H5N6),-0.122471,-0.022275,0.046731,-0.041853,Avian,N6
1461_A/pigeon/Hainan/1.14,A/pigeon/Hainan/1.14_HKPL006-C/2018,-0.097739,-0.017914,0.047258,-0.030115,Avian,N6
1462_A/pigeon/Hubei/RP25/,A/pigeon/Hubei/RP25/2012,0.057605,0.018497,-0.144598,-0.015158,Avian,N1
1463_A/Pigeon/Hunan/04.14,A/Pigeon/Hunan/04.14_YYXS0912-O/2015(Mixed),-0.128583,-0.019996,0.012277,0.029534,Avian,N6
1464_A/pigeon/Jiangsu/12.,A/pigeon/Jiangsu/12.22_TCCX053-P/2014(Mixed),-0.115876,0.025923,-0.00292,0.051833,Avian,N1
1465_A/Pigeon/Jiangxi/02.,A/Pigeon/Jiangxi/02.10__NCDZT0017-P/2015(H5N6),0.061852,-0.047376,-0.141893,-0.030178,Avian,N6
1466_A/Pigeon/Jiangxi/04.,A/Pigeon/Jiangxi/04.01__NCDZT0352-O/2015(H5N6),0.058304,-0.034635,-0.139117,-0.036634,Avian,N6
1467_A/pigeon/Jiangxi/S40,A/pigeon/Jiangxi/S40784/2021(H5N1),0.098262,-0.009483,-0.002988,0.063997,Avian,N1
1468_A/pigeon/Jilin/04.25,A/pigeon/Jilin/04.25_CCHL018-O/2015(H5N6),-0.109664,-0.033829,0.011322,-0.052604,Avian,N6
1469_A/pigeon/Jilin/04.25,A/pigeon/Jilin/04.25_CCHL019-O/2015(H5N1),-0.113572,0.006878,-0.015146,0.037182,Avian,N1
1470_A/pigeon/Jilin/S4176,A/pigeon/Jilin/S4176/2019(H5N1),-0.111784,0.01724,0.008105,0.055563,Avian,N1
1471_A/Pigeon/Shandong/WS,A/Pigeon/Shandong/WS17/2022,0.017346,0.09925,-0.060881,0.008272,Avian,N2
1472_A/pigeon/Sichuan/04.,A/pigeon/Sichuan/04.27_NBXJ743/2014(H5N6),-0.09477,-0.007401,0.007061,0.028918,Avian,N6
1473_A/pigeon/Sichuan/NCX,A/pigeon/Sichuan/NCXN29/2014,-0.089313,-0.015783,0.01049,0.007017,Avian,N1
1474_A/pigeon/Zhejiang/11,A/pigeon/Zhejiang/112089/2014,-0.111028,0.036333,-0.013787,0.04392,Avian,N1
1475_A/pigeon/Zhejiang/11,A/pigeon/Zhejiang/112090/2014,-0.101377,0.022654,-0.017829,0.054937,Avian,N1
1476_A/pigeon/Zhejiang/72,A/pigeon/Zhejiang/727097/2014,-0.114126,0.007876,-0.019834,0.035121,Avian,N1
1477_A/plateau_pika/Qingh,A/plateau_pika/Qinghai/04/2007,0.04741,0.021394,0.002565,-0.047431,Nonhuman Mammal,N1
1478_A/Quail/Guangxi/GX-2,A/Quail/Guangxi/GX-2/2017__(H5N6),0.000038,0.130114,0.004608,-0.037049,Avian,N6
1479_A/quail/Jiangsu/k010,A/quail/Jiangsu/k0104/2010,0.056468,-0.011322,-0.054735,0.017478,Avian,Others
1480_A/quail/Jiangxi/B9/2,A/quail/Jiangxi/B9/2015_(H5N6),0.050126,0.079657,0.046624,-0.073231,Avian,N6
1481_A/quail/Nanchang/663,A/quail/Nanchang/6631/2013,-0.121163,-0.008464,-0.000253,0.010819,Avian,N1
1482_A/Quail/Zhanjiang/16,A/Quail/Zhanjiang/16887/2016,0.042203,0.136743,0.005342,-0.003928,Avian,N6
1483_A/Quanzhou/2/2024|EP,A/Quanzhou/2/2024,-0.040226,0.108948,0.009809,0.044902,Human,N6
1484_A/Shandong/1/2009|EP,A/Shandong/1/2009,-0.060038,0.010015,-0.039164,0.044629,Human,N1
1485_A/Shenzhen/1/2015|EP,A/Shenzhen/1/2015,0.052162,-0.010292,-0.188416,-0.069671,Human,N6
1486_A/Shenzhen/1/2016|EP,A/Shenzhen/1/2016,0.062174,-0.038468,-0.113532,-0.06266,Human,N6
1487_A/Shenzhen/TH001/201,A/Shenzhen/TH001/2015_(H5N6),0.052162,-0.010292,-0.188416,-0.069671,Human,N6
1488_A/Shenzhen/TH003/201,A/Shenzhen/TH003/2016(H5N6),0.027567,0.000287,-0.105854,-0.084559,Human,N6
1489_A/Shoveller/Ningxia/,A/Shoveller/Ningxia/488-53/2015,-0.101752,-0.012959,0.010393,0.007513,Avian,N6
1490_A/Sichuan/1/2006|EPI,A/Sichuan/1/2006,-0.073464,0.025985,-0.03848,0.044479,Human,N1
1491_A/Sichuan/2/2006|EPI,A/Sichuan/2/2006,-0.060609,0.027729,-0.039622,0.052209,Human,N1
1492_A/Sichuan/26221/2014,A/Sichuan/26221/2014,-0.102744,-0.010797,0.004139,0.029117,Human,N6
1493_A/silkie_chicken/Don,A/silkie_chicken/Dongguan/2809/2013,-0.10385,-0.035973,0.015817,-0.00232,Avian,N6
1494_A/Spatula_querquedul,A/Spatula_querquedula/Chongming/H5N1_1/2024,0.044561,-0.013205,-0.018933,0.065359,Avian,N1
1495_A/Spoonbill/HK/17-18,A/Spoonbill/HK/17-18259/2017,0.105688,-0.081124,-0.005265,0.042748,Avian,N6
1496_A/spoonbill/Taiwan/D,A/spoonbill/Taiwan/DB645/2017,0.086933,-0.099313,-0.027654,0.028514,Avian,N6
1497_A/spot_billed_duck/N,A/spot_billed_duck/Ningxia/YG87/2017,0.085663,-0.071244,0.009526,0.056795,Avian,N6
1498_A/spot-billed_duck/N,A/spot-billed_duck/Ningxia/YG93/2017,0.085663,-0.071244,0.009526,0.056795,Avian,N6
1499_A/Streptopelia_decao,A/Streptopelia_decaocto/Jiangxi/E1/2015(H5N6),0.055901,-0.014762,-0.172903,-0.074402,Avian,N6
1500_A/Streptopelia_decao,A/Streptopelia_decaocto/Jiangxi/G6/2016(H5N6),-0.107228,0.021264,-0.012322,0.061247,Avian,N6
1501_A/Streptopelia_decao,A/Streptopelia_decaocto/Jiangxi/J8/2015_(H5N6),0.048144,-0.012073,-0.173591,-0.074796,Avian,N6
1502_A/swan_goose/Jilin/J,A/swan_goose/Jilin/JL01/2014,-0.118361,-0.008783,-0.003011,0.034173,Avian,N6
1503_A/swan/China/ST/2016,A/swan/China/ST/2016,0.074384,-0.05939,-0.019414,0.039875,Avian,N8
1504_A/swan/Hebei/B01/202,A/swan/Hebei/B01/2021,0.07197,-0.100285,0.01868,-0.045398,Avian,N8
1505_A/swan/Shandong/W376,A/swan/Shandong/W3762/2020,0.069363,-0.013333,-0.010072,0.069578,Avian,N8
1506_A/swine/China/RZ/201,A/swine/China/RZ/2018,-0.094143,-0.028637,0.031297,-0.01411,Nonhuman Mammal,N6
1507_A/swine/Guangdong/1/,A/swine/Guangdong/1/2014,-0.1025,-0.016373,0.032005,-0.018755,Nonhuman Mammal,N6
1508_A/swine/Guangdong/2/,A/swine/Guangdong/2/2014,-0.108976,-0.028408,0.021404,-0.010047,Nonhuman Mammal,N6
1509_A/swine/Guangdong/G3,A/swine/Guangdong/G3/2015,-0.12077,-0.003161,-0.009134,0.002205,Nonhuman Mammal,N6
1510_A/swine/Shandong/SD1,A/swine/Shandong/SD1/2014,-0.026706,0.051677,-0.048266,0.061845,Nonhuman Mammal,N1
1511_A/Syrrhaptes_paradox,A/Syrrhaptes_paradoxus/Guangdong/ZH283/2015,-0.106573,-0.027665,0.020588,0.007309,Avian,N6
1512_A/Taiwan/DV413/2006|,A/Taiwan/DV413/2006,0.037707,0.042882,-0.003635,0.010811,Avian,N2
1513_A/Taiwan/DV518/2006|,A/Taiwan/DV518/2006,0.033015,0.047374,-0.002549,0.009398,Avian,N2
1514_A/thrush/Taiwan/1512,A/thrush/Taiwan/15120021/2015,0.130152,0.019584,0.048904,0.046242,Avian,N2
1515_A/tiger/Yunnan/tig14,A/tiger/Yunnan/tig1404/2014,-0.091993,-0.025544,0.030265,-0.004958,Nonhuman Mammal,N1
1516_A/tiger/Yunnan/tig14,A/tiger/Yunnan/tig1412/2014,-0.092543,-0.020419,0.007357,0.02087,Nonhuman Mammal,N1
1517_A/tiger/Yunnan/tig15,A/tiger/Yunnan/tig1508/2015,0.034584,0.005308,-0.031111,-0.000899,Nonhuman Mammal,N1
1518_A/tundra_swan/Fujian,A/tundra_swan/Fujian/SD121/2023(H5N1),0.066622,0.008426,0.042366,0.069674,Avian,N1
1519_A/tundra_swan/Hubei/,A/tundra_swan/Hubei/BQ3/2020,0.077624,-0.108533,0.019846,-0.036872,Avian,N8
1520_A/tundra_swan/Hubei/,A/tundra_swan/Hubei/BQ4/2020,0.07768,-0.112879,0.008557,-0.043913,Avian,N8
1521_A/tundra_swan/Hubei/,A/tundra_swan/Hubei/BQ6/2020,0.072907,-0.108854,0.014208,-0.042665,Avian,N8
1522_A/tundra_swan/Hubei/,A/tundra_swan/Hubei/BQ7/2020,0.072443,-0.109059,0.014288,-0.049196,Avian,N8
1523_A/tundra_swan/Hubei/,A/tundra_swan/Hubei/BQ8/2020,0.073719,-0.111901,0.021711,-0.054766,Avian,N8
1524_A/tundra_swan/Hubei/,A/tundra_swan/Hubei/BQ9/2020,0.074172,-0.108282,0.015018,-0.043236,Avian,N8
1525_A/turkey/Changhua/16,A/turkey/Changhua/16010011-1/2016,0.127097,0.008877,0.075817,0.048747,Avian,N2
1526_A/turkey/Chiayi/1702,A/turkey/Chiayi/17020092-2/2017,0.067659,0.01253,-0.073968,-0.001525,Avian,N8
1527_A/turkey/Chiayi/1801,A/turkey/Chiayi/18010013-3/2018,0.164055,0.010218,0.064345,0.009229,Avian,N2
1528_A/turkey/Yunlin/1506,A/turkey/Yunlin/15060049-1/2015,0.134137,0.01576,0.070808,0.045695,Avian,N2
1529_A/turkey/Yunlin/1802,A/turkey/Yunlin/18020020-2/2018,0.157588,0.004041,0.050701,0.00562,Avian,N2
1530_A/turkey/Yunlin/1811,A/turkey/Yunlin/18110001-3/2018,0.142487,0.013456,0.051382,0.012873,Avian,N2
1531_A/turkey/Yunlin/1812,A/turkey/Yunlin/18120005-2/2018,0.065466,-0.027154,-0.05249,0.015774,Avian,N2
1532_A/turtle_dove/Guangd,A/turtle_dove/Guangdong/300/2005,-0.070403,0.026407,-0.032939,0.037153,Avian,N1
1533_A/turtle_dove/Hunan/,A/turtle_dove/Hunan/S4004/2020(H5N1),0.046043,0.012451,-0.03031,-0.039598,Avian,N1
1534_A/Waterfowl/Hubei/Ch,A/Waterfowl/Hubei/Chenhu1306/2014_H5N6,-0.121398,-0.004101,-0.009574,0.021517,Avian,N6
1535_A/Waterfowl/Hubei/Ch,A/Waterfowl/Hubei/Chenhu1347/2014_H5N6,-0.121398,-0.004101,-0.009574,0.021517,Avian,N6
1536_A/whiskered_tern/Hub,A/whiskered_tern/Hubei/BQ10/2020,0.072917,-0.108707,0.014345,-0.043042,Avian,N8
1537_A/white_naped_crane/,A/white_naped_crane/China/YA3/2018,0.016766,0.10752,-0.004563,0.03123,Avian,N6
1538_A/White-eyed_Pochard,A/White-eyed_Pochard/Ningxia/480-17/2015,0.009474,-0.105253,-0.025722,0.0418,Avian,N6
1539_A/whooper_swan/Henan,A/whooper_swan/Henan/8/2021,0.030633,0.009834,0.023757,0.045174,Avian,N1
1540_A/whooper_swan/Henan,A/whooper_swan/Henan/14/2021,0.030633,0.009834,0.023757,0.045174,Avian,N1
1541_A/whooper_swan/Henan,A/whooper_swan/Henan/44/2021,0.031712,0.010924,0.024287,0.044938,Avian,N1
1542_A/whooper_swan/Henan,A/whooper_swan/Henan/45/2021,0.030633,0.009834,0.023757,0.045174,Avian,N1
1543_A/whooper_swan/Henan,A/whooper_swan/Henan/46/2021,0.030633,0.009834,0.023757,0.045174,Avian,N1
1544_A/whooper_swan/Henan,A/whooper_swan/Henan/424/2021,0.030155,0.007955,0.023032,0.04418,Avian,N1
1545_A/whooper_swan/Henan,A/whooper_swan/Henan/SM1/2020,0.072907,-0.108854,0.014208,-0.042665,Avian,N8
1546_A/whooper_swan/Henan,A/whooper_swan/Henan/SM16/2020,0.068497,-0.110969,0.007964,-0.053752,Avian,N8
1547_A/whooper_swan/Henan,A/whooper_swan/Henan/SM31/2020,0.071383,-0.106991,0.01495,-0.053116,Avian,N8
1548_A/whooper_swan/Henan,A/whooper_swan/Henan/SM61/2020,0.075792,-0.103969,0.014163,-0.038664,Avian,N8
1549_A/whooper_swan/Henan,A/whooper_swan/Henan/SM76/2020,0.071201,-0.109472,0.013599,-0.042228,Avian,N8
1550_A/whooper_swan/Henan,A/whooper_swan/Henan/SM86/2020,0.073777,-0.107118,0.014897,-0.041224,Avian,N8
1551_A/whooper_swan/Henan,A/whooper_swan/Henan/SM111/2020,0.071641,-0.109425,0.013399,-0.042094,Avian,N8
1552_A/whooper_swan/Henan,A/whooper_swan/Henan/SMQ5/2020,0.073348,-0.105495,0.019027,-0.052125,Avian,N8
1553_A/whooper_swan/Henan,A/whooper_swan/Henan/SMQ7/2020,0.073134,-0.108826,0.011343,-0.049203,Avian,N8
1554_A/whooper_swan/Henan,A/whooper_swan/Henan/SMQ9/2020,0.073429,-0.107992,0.014157,-0.043041,Avian,N8
1555_A/whooper_swan/Henan,A/whooper_swan/Henan/SMQ10/2020,0.073429,-0.107992,0.014157,-0.043041,Avian,N8
1556_A/whooper_swan/Henan,A/whooper_swan/Henan/SMX1/2015(H5N1),-0.068254,0.017399,-0.018494,0.040284,Avian,N1
1557_A/whooper_swan/Henan,A/whooper_swan/Henan/SMX3/2015(H5N1),-0.067446,0.019742,-0.018924,0.037989,Avian,N1
1558_A/whooper_swan/Henan,A/whooper_swan/Henan/SMX4/2015(H5N1),-0.067446,0.019742,-0.018924,0.037989,Avian,N1
1559_A/whooper_swan/Henan,A/whooper_swan/Henan/SMX9/2015(H5N1),-0.070106,0.019973,-0.018927,0.037276,Avian,N1
1560_A/whooper_swan/Henan,A/whooper_swan/Henan/T578/2019,0.06434,-0.024426,-0.053249,0.031473,Avian,N2
1561_A/whooper_swan/Henan,A/whooper_swan/Henan/T874/2018,0.06434,-0.024426,-0.053249,0.031473,Avian,N2
1562_A/whooper_swan/Henan,A/whooper_swan/Henan/T880/2018,0.06434,-0.024426,-0.053249,0.031473,Avian,N2
1563_A/whooper_swan/Henan,A/whooper_swan/Henan/T886/2018,0.06434,-0.024426,-0.053249,0.031473,Avian,N2
1564_A/whooper_swan/Henan,A/whooper_swan/Henan/T888/2018,0.06434,-0.024426,-0.053249,0.031473,Avian,N2
1565_A/whooper_swan/Henan,A/whooper_swan/Henan/Y120/2018,0.06434,-0.024426,-0.053249,0.031473,Avian,N2
1566_A/whooper_swan/Inner,A/whooper_swan/Inner_Mongolia/w1-1/2020,0.079513,-0.10691,0.00791,-0.045091,Avian,N8
1567_A/Whooper_Swan/Sanme,A/Whooper_Swan/Sanmenxia/01/2016,0.077278,-0.066884,-0.022248,0.036497,Avian,N8
1568_A/Whooper_swan/Sanme,A/Whooper_swan/Sanmenxia/G2/2020,0.071155,-0.108695,0.014511,-0.033691,Avian,N8
1569_A/Whooper_swan/Sanme,A/Whooper_swan/Sanmenxia/G13/2020,0.06663,-0.103267,0.03184,-0.029769,Avian,N8
1570_A/Whooper_swan/Sanme,A/Whooper_swan/Sanmenxia/G15/2020,0.073429,-0.107992,0.014157,-0.043041,Avian,N8
1571_A/Whooper_swan/Sanme,A/Whooper_swan/Sanmenxia/G28/2020,0.066477,-0.102781,0.031221,-0.029874,Avian,N8
1572_A/Whooper_swan/Sanme,A/Whooper_swan/Sanmenxia/H1/2020,0.072718,-0.110629,0.011086,-0.041296,Avian,N8
1573_A/Whooper_swan/Sanme,A/Whooper_swan/Sanmenxia/H735/2020,0.071155,-0.108695,0.014511,-0.033691,Avian,N8
1574_A/Whooper_swan/Sanme,A/Whooper_swan/Sanmenxia/H810/2020,0.072907,-0.108854,0.014208,-0.042665,Avian,N8
1575_A/Whooper_swan/Sanme,A/Whooper_swan/Sanmenxia/Y10/2020,0.072907,-0.108854,0.014208,-0.042665,Avian,N8
1576_A/Whooper_swan/Sanme,A/Whooper_swan/Sanmenxia/Y11/2020,0.065379,-0.104898,0.018674,-0.044555,Avian,N8
1577_A/Whooper_swan/Sanme,A/Whooper_swan/Sanmenxia/Y12/2020,0.069042,-0.107596,0.017101,-0.036768,Avian,N8
1578_A/Whooper_swan/Sanme,A/Whooper_swan/Sanmenxia/Y15/2020,0.073429,-0.107992,0.014157,-0.043041,Avian,N8
1579_A/Whooper_swan/Sanme,A/Whooper_swan/Sanmenxia/Y18/2020,0.070418,-0.107835,0.015289,-0.033498,Avian,N8
1580_A/Whooper_swan/Sanme,A/Whooper_swan/Sanmenxia/Y19/2020,0.066204,-0.100782,0.013971,-0.035041,Avian,N8
1581_A/Whooper_swan/Sanme,A/Whooper_swan/Sanmenxia/Y20/2020,0.075695,-0.114194,0.006064,-0.041823,Avian,N8
1582_A/Whooper_swan/Sanme,A/Whooper_swan/Sanmenxia/Y21/2020,0.072907,-0.108854,0.014208,-0.042665,Avian,N8
1583_A/Whooper_swan/Sanme,A/Whooper_swan/Sanmenxia/Y23-2/2020,0.071383,-0.106991,0.01495,-0.053116,Avian,N8
1584_A/Whooper_swan/Sanme,A/Whooper_swan/Sanmenxia/Y27/2020,0.065567,-0.109321,0.013475,-0.043566,Avian,N8
1585_A/Whooper_swan/Sanme,A/Whooper_swan/Sanmenxia/Y36/2020,0.071232,-0.106515,0.014344,-0.053218,Avian,N8
1586_A/Whooper_swan/Sanme,A/Whooper_swan/Sanmenxia/Y48A/2020,0.07166,-0.111326,0.014703,-0.046975,Avian,N8
1587_A/Whooper_swan/Sanme,A/Whooper_swan/Sanmenxia/Y48B/2020,0.071383,-0.106991,0.01495,-0.053116,Avian,N8
1588_A/Whooper_swan/Sanme,A/Whooper_swan/Sanmenxia/Y52/2020,0.073429,-0.107992,0.014157,-0.043041,Avian,N8
1589_A/Whooper_swan/Sanme,A/Whooper_swan/Sanmenxia/Y56/2020,0.074156,-0.102107,0.013801,-0.032292,Avian,N8
1590_A/Whooper_swan/Sanme,A/Whooper_swan/Sanmenxia/Y57/2020,0.072907,-0.108854,0.014208,-0.042665,Avian,N8
1591_A/whooper_swan/Shaan,A/whooper_swan/Shaanxi/SXY2-1/2020,0.073429,-0.107992,0.014157,-0.043041,Avian,N8
1592_A/whooper_swan/Shaan,A/whooper_swan/Shaanxi/SXY26/2020,0.071641,-0.109425,0.013399,-0.042094,Avian,N8
1593_A/whooper_swan/Shaan,A/whooper_swan/Shaanxi/SXY66/2020,0.071641,-0.109425,0.013399,-0.042094,Avian,N8
1594_A/whooper_swan/Shand,A/whooper_swan/Shandong/SC176/2021,0.065819,-0.112319,0.00678,-0.039177,Avian,N8
1595_A/whooper_swan/Shand,A/whooper_swan/Shandong/SC185/2021,0.065708,-0.115804,0.012294,-0.041841,Avian,N8
1596_A/whooper_swan/Shand,A/whooper_swan/Shandong/SC188/2021,0.065037,-0.114587,0.007195,-0.036956,Avian,N8
1597_A/whooper_swan/Shand,A/whooper_swan/Shandong/SC195/2021,0.065704,-0.014747,-0.081544,0.005063,Avian,N8
1598_A/whooper_swan/Shand,A/whooper_swan/Shandong/SC198/2021,0.065942,-0.110986,0.012465,-0.035114,Avian,N8
1599_A/whooper_swan/Shand,A/whooper_swan/Shandong/SC199/2021,0.058602,-0.108173,0.019372,-0.033422,Avian,N8
1600_A/whooper_swan/Shand,A/whooper_swan/Shandong/SC200/2021,0.06038,-0.114518,0.012652,-0.026694,Avian,N8
1601_A/whooper_swan/Shanx,A/whooper_swan/Shanxi/4-1/2020,0.072907,-0.108854,0.014208,-0.042665,Avian,N8
1602_A/whooper_swan/Shanx,A/whooper_swan/Shanxi/4-2/2020,0.072907,-0.108854,0.014208,-0.042665,Avian,N8
1603_A/whooper_swan/Shanx,A/whooper_swan/Shanxi/14/2021,0.030633,0.009834,0.023757,0.045174,Avian,N1
1604_A/whooper_swan/Shanx,A/whooper_swan/Shanxi/20/2021,0.030633,0.009834,0.023757,0.045174,Avian,N1
1605_A/whooper_swan/Shanx,A/whooper_swan/Shanxi/RC01/2016,0.077278,-0.066884,-0.022248,0.036497,Avian,N8
1606_A/whooper_swan/Shanx,A/whooper_swan/Shanxi/SX16/2020,0.080241,-0.108296,0.014888,-0.027689,Avian,N8
1607_A/whooper_swan/Shanx,A/whooper_swan/Shanxi/SX31/2020,0.072907,-0.108854,0.014208,-0.042665,Avian,N8
1608_A/whooper_swan/Shanx,A/whooper_swan/Shanxi/SX56/2020,0.080053,-0.110072,0.011766,-0.02632,Avian,N8
1609_A/whooper_swan/Shanx,A/whooper_swan/Shanxi/SX106/2020,0.069376,-0.103983,0.018427,-0.039231,Avian,N8
1610_A/whooper_swan/Shanx,A/whooper_swan/Shanxi/SX116/2020,0.03821,0.020077,-0.052195,0.052974,Avian,N2
1611_A/whooper_swan/Shanx,A/whooper_swan/Shanxi/SX166/2020,0.075792,-0.103969,0.014163,-0.038664,Avian,N8
1612_A/whooper_swan/Shanx,A/whooper_swan/Shanxi/SX206/2020,0.075792,-0.103969,0.014163,-0.038664,Avian,N8
1613_A/whooper_swan/Shanx,A/whooper_swan/Shanxi/SX216/2020,0.075792,-0.103969,0.014163,-0.038664,Avian,N8
1614_A/whooper_swan/Shanx,A/whooper_swan/Shanxi/SX231/2020,0.075792,-0.103969,0.014163,-0.038664,Avian,N8
1615_A/whooper_swan/Shanx,A/whooper_swan/Shanxi/SX251/2020,0.069313,-0.10758,0.018884,-0.042396,Avian,N8
1616_A/whooper_swan/Shanx,A/whooper_swan/Shanxi/SX276/2020,0.073652,-0.112833,0.014912,-0.04409,Avian,N8
1617_A/whooper_swan/Shanx,A/whooper_swan/Shanxi/SX291/2020,0.069795,-0.099614,0.010893,-0.039071,Avian,N8
1618_A/whooper_swan/Shanx,A/whooper_swan/Shanxi/SX346/2020,0.066909,-0.104499,0.010939,-0.043072,Avian,N8
1619_A/Wigeon/Ningxia/476,A/Wigeon/Ningxia/476-12/2015,-0.070415,-0.063936,-0.011709,0.011367,Avian,N6
1620_A/wild_bird/Eastern_,A/wild_bird/Eastern_China/1754/2017,0.07709,-0.046686,-0.04026,0.04989,Avian,Others
1621_A/wild_bird/Eastern_,A/wild_bird/Eastern_China/1758/2017,0.06661,-0.059328,-0.033551,0.062915,Avian,Others
1622_A/wild_bird/Eastern_,A/wild_bird/Eastern_China/1759/2017,0.076231,-0.05097,-0.033084,0.053338,Avian,Others
1623_A/wild_bird/Hubei/12,A/wild_bird/Hubei/12.12_LGHF2W44/2016(H5N8),0.105697,-0.064327,-0.026595,0.030108,Avian,N8
1624_A/wild_bird/Hunan/01,A/wild_bird/Hunan/01.14_YYDTHF2-20-2/2016(H5N6),-0.144249,0.011208,0.023559,-0.029135,Avian,N6
1625_A/wild_bird/Hunan/01,A/wild_bird/Hunan/01.14_YYDTHF2-25-2/2016(H5N6),-0.027623,-0.062876,0.023332,-0.019201,Avian,N6
1626_A/wild_bird/Hunan/02,A/wild_bird/Hunan/02.24_YYDTHF2-114-2/2016(H5N6),-0.113411,-0.020176,0.052141,-0.03617,Avian,N6
1627_A/wild_bird/Hunan/02,A/wild_bird/Hunan/02.24_YYDTHF3-112/2016(H5N6),-0.112383,-0.020606,0.052415,-0.035794,Avian,N6
1628_A/wild_bird/Hunan/03,A/wild_bird/Hunan/03.08_DTHF2E3-2/2018(H5N6),-0.112383,-0.020606,0.052415,-0.035794,Avian,N6
1629_A/wild_bird/Taipei/0,A/wild_bird/Taipei/04WB12-522-11-15/2004,0.05468,0.033654,-0.009644,-0.003005,Avian,N6
1630_A/wild_bird/Zhejiang,A/wild_bird/Zhejiang/NBXS-1/2024,0.042506,0.019759,-0.04046,0.018511,Avian,N6
1631_A/wild_duck/Fujian/1,A/wild_duck/Fujian/1/2011,-0.077145,0.006881,-0.024282,0.034148,Avian,N1
1632_A/wild_duck/Fujian/2,A/wild_duck/Fujian/2/2011,-0.082312,0.001249,-0.020036,0.035152,Avian,N1
1633_A/wild_duck/Hebei/SD,A/wild_duck/Hebei/SD012/2021(H5N1),0.056805,0.006633,0.049861,0.053124,Avian,N1
1634_A/wild_duck/Hunan/12,A/wild_duck/Hunan/12.28_DTHD76-1/2016(H5N7),0.066071,-0.02159,-0.038854,0.016958,Avian,Others
1635_A/wild_duck/Jiangsu/,A/wild_duck/Jiangsu/SD019/2021,0.066695,-0.107501,0.015167,-0.035143,Avian,N8
1636_A/wild_duck/Jilin/HF,A/wild_duck/Jilin/HF/2011,-0.063281,-0.003625,-0.040497,0.026973,Avian,N1
1637_A/wild_duck/Jilin/ZF,A/wild_duck/Jilin/ZF/2011,0.023247,0.001407,-0.132907,-0.031371,Avian,N1
1638_A/wild_duck/Shandong,A/wild_duck/Shandong/1/2011,-0.055076,0.025411,-0.059509,-0.004896,Avian,N1
1639_A/wild_duck/Shandong,A/wild_duck/Shandong/2/2011,-0.026292,0.053351,-0.02339,0.030294,Avian,N1
1640_A/wild_duck/Shandong,A/wild_duck/Shandong/628/2011,0.071938,0.078041,0.042564,-0.048121,Avian,N1
1641_A/wild_duck/Shandong,A/wild_duck/Shandong/SC177/2021,0.065037,-0.114587,0.007195,-0.036956,Avian,N8
1642_A/wild_goose/Shandon,A/wild_goose/Shandong/SC196/2021,0.058602,-0.108173,0.019372,-0.033422,Avian,N8
1643_A/wild_pigeon/Jilin/,A/wild_pigeon/Jilin/CC01/2014,-0.131869,-0.026437,-0.02262,-0.022935,Avian,N6
1644_A/wildfowl/China/472,A/wildfowl/China/472/2014,-0.004699,0.031952,-0.025895,-0.011917,Avian,N2
1645_A/Xinjiang/1/2006|EP,A/Xinjiang/1/2006,-0.017847,0.084217,-0.053671,0.026136,Human,N1
1646_A/Xinjiang/1/2009|EP,A/Xinjiang/1/2009,-0.049648,0.018158,-0.04855,0.04721,Human,N1
1647_A/Yunnan/14563/2015|,A/Yunnan/14563/2015,0.044595,-0.025557,-0.12495,-0.023257,Human,N6
1648_A/Yunnan/DQ002/2015(,A/Yunnan/DQ002/2015(H5N6),0.05613,-0.036377,-0.131168,-0.041483,Human,N6
1649_A/Zhejiang/1/2006|EP,A/Zhejiang/1/2006,-0.058017,0.026295,-0.036784,0.03729,Human,N1
1650_A/Anas_platyrhynchos,A/Anas_platyrhynchos/jiujiang/H5N1/2024_H5N1,0.044561,-0.013205,-0.018933,0.065359,Avian,N1
1651_A/Anas_crecca/Hubei/,A/Anas_crecca/Hubei/Chenhu1623-5/2014_H5N6,-0.115448,-0.004239,-0.014295,0.013696,Avian,N6
1652_A/Anhui/1/2006_H5N1|,A/Anhui/1/2006_H5N1,-0.053912,0.037426,-0.035344,0.035538,Human,N1
1653_A/Anhui/1/2007_H5N1|,A/Anhui/1/2007_H5N1,-0.077822,0.025479,-0.047472,0.01984,Human,N1
1654_A/Anhui/2/2005_H5N1|,A/Anhui/2/2005_H5N1,-0.071003,0.021487,-0.034003,0.039738,Human,N1
1655_A/Anser_cygnoides/Ch,A/Anser_cygnoides/China/P126/2015_H5N1,-0.072446,-0.018364,0.022174,-0.000212,Avian,N1
1656_A/Anser_cygnoides/Hu,A/Anser_cygnoides/Hubei/FW44/2016_H5N8,0.105697,-0.064327,-0.026595,0.030108,Avian,N8
1657_A/Anser_fabalis/jiuj,A/Anser_fabalis/jiujiang/H5N1/2024_H5N1,0.044561,-0.013205,-0.018933,0.065359,Avian,N1
1658_A/Anser_fabalis/jiuj,A/Anser_fabalis/jiujiang/H5N1/2024_H5N1,0.044561,-0.013205,-0.018933,0.065359,Avian,N1
1659_A/Anser_fabalis/jiuj,A/Anser_fabalis/jiujiang/H5N1/2024_H5N1,0.044561,-0.013205,-0.018933,0.065359,Avian,N1
1660_A/Bulbul/Taiwan/0115,A/Bulbul/Taiwan/01156/2015_H5N3,0.0693,-0.007155,-0.054783,-0.002038,Avian,Others
1661_A/Changsha/1/2014_H5,A/Changsha/1/2014_H5N6,-0.100338,-0.025399,0.021019,-0.009622,Human,N6
1662_A/China/Original/201,A/China/Original/2018_H5N6,-0.129445,-0.028253,0.049908,-0.055366,Human,N6
1663_A/Chlidonias_hybrida,A/Chlidonias_hybrida/Hubei/55/2020_H5N8,0.073719,-0.111901,0.021711,-0.054766,Avian,N8
1664_A/Commom_Teal/Ningxi,A/Commom_Teal/Ningxia/474-9/2015_H5N6,-0.002393,-0.099188,-0.010255,0.037952,Avian,N6
1665_A/Copsychus_saularis,A/Copsychus_saularis/Guangdong/SW8/2014_H5N6,-0.095506,-0.00757,0.007846,0.002045,Avian,N6
1666_A/Cygnus_atratus/Hub,A/Cygnus_atratus/Hubei/2Z2-O/2016_H5N8,0.06521,-0.052743,-0.023543,0.028702,Avian,N8
1667_A/Cygnus_atratus/Hub,A/Cygnus_atratus/Hubei/HF-1/2016_H5N8,0.082999,-0.06069,-0.027974,0.039566,Avian,N8
1668_A/Cygnus_columbianus,A/Cygnus_columbianus/Hubei/116/2020_H5N8,0.074172,-0.108282,0.015018,-0.043236,Avian,N8
1669_A/Cygnus_columbianus,A/Cygnus_columbianus/Hubei/49/2020_H5N8,0.072907,-0.108854,0.014208,-0.042665,Avian,N8
1670_A/Cygnus_columbianus,A/Cygnus_columbianus/Hubei/50/2020_H5N8,0.076522,-0.111723,0.019155,-0.036205,Avian,N8
1671_A/Cygnus_columbianus,A/Cygnus_columbianus/Hubei/51/2020_H5N8,0.069771,-0.108626,0.008512,-0.046652,Avian,N8
1672_A/Cygnus_columbianus,A/Cygnus_columbianus/Hubei/52/2020_H5N8,0.069647,-0.109348,0.013591,-0.042659,Avian,N8
1673_A/Cygnus_columbianus,A/Cygnus_columbianus/Hubei/53/2020_H5N8,0.073719,-0.111901,0.021711,-0.054766,Avian,N8
1674_A/Cygnus_columbianus,A/Cygnus_columbianus/Hubei/56/2020_H5N8,0.072718,-0.110629,0.011086,-0.041296,Avian,N8
1675_A/Duck/Dongting/D76-,A/Duck/Dongting/D76-1/2016_H5N7,0.062358,-0.026968,-0.036723,0.012542,Avian,Others
1676_A/Duck/Jiangxi/631/2,A/Duck/Jiangxi/631/2024_H5N1,0.060596,0.0126,-0.026626,0.015401,Avian,N1
1677_A/Falcated_Duck/Ning,A/Falcated_Duck/Ningxia/484-29/2015_H5N6,0.02871,-0.084744,-0.025185,0.053115,Avian,N6
1678_A/Ferruginous_Pochar,A/Ferruginous_Pochard/Ningxia/480-17/2015_H5N6,0.009474,-0.105253,-0.025722,0.0418,Avian,N6
1679_A/Gadwall/Ningxia/47,A/Gadwall/Ningxia/472-7/2015_H5N6,-0.100857,-0.022463,0.017236,0.007192,Avian,N6
1680_A/Gallinula_chloropu,A/Gallinula_chloropus/Guangdong/GZ174/2014_H5N6,-0.097837,-0.014729,0.014863,-0.005612,Avian,N6
1681_A/Guangdong/1/2008_H,A/Guangdong/1/2008_H5N1,-0.069605,0.0261,-0.046713,0.044182,Human,N1
1682_A/Guangdong/2/2006_H,A/Guangdong/2/2006_H5N1,-0.04322,0.02,-0.029815,0.041498,Human,N1
1683_A/Guangdong/lgf/2021,A/Guangdong/lgf/2021_H5N6,0.029607,0.017971,0.005968,-0.020535,Human,N6
1684_A/Guangxi/1/2005_H5N,A/Guangxi/1/2005_H5N1,-0.042878,0.02126,-0.034137,0.045557,Human,N1
1685_A/Guangxi/1/2008_H5N,A/Guangxi/1/2008_H5N1,-0.067337,0.014137,-0.053695,0.054072,Human,N1
1686_A/Guangzhou/39715/20,A/Guangzhou/39715/2014_H5N6,-0.095896,-0.036236,0.040952,-0.012291,Human,N6
1687_A/Guizhou/1/2009_H5N,A/Guizhou/1/2009_H5N1,-0.073456,0.022721,-0.045188,0.020497,Human,N1
1688_A/Hunan/1/2008_H5N1|,A/Hunan/1/2008_H5N1,-0.047422,0.037281,-0.019349,0.023958,Human,N1
1689_A/Hunan/2/2009_H5N1|,A/Hunan/2/2009_H5N1,-0.083954,0.023851,-0.033734,0.034708,Human,N1
1690_A/Japanese_white-eye,A/Japanese_white-eye/Taoyuan/Q454/2012_H5N1,-0.107748,0.006599,-0.026526,0.028134,Avian,N1
1691_A/Nanjing/1/2015_H5N,A/Nanjing/1/2015_H5N1,0.036821,-0.016572,-0.036503,-0.016161,Human,N1
1692_A/Northern_Shoveler/,A/Northern_Shoveler/Ningxia/488-53/2015_H5N6,-0.101752,-0.012959,0.010393,0.007513,Avian,N6
1693_A/Pavo_cristatus/Chi,A/Pavo_cristatus/China/JS02/2018_H5N6,0.009815,0.105812,0.000186,0.045181,Avian,N6
1694_A/Pavo_cristatus/Chi,A/Pavo_cristatus/China/K10/2018_H5N6,0.009815,0.105812,0.000186,0.045181,Avian,N6
1695_A/Pavo_cristatus/Jia,A/Pavo_cristatus/Jiangxi/JA1/2016_H5N6,-0.105129,-0.042192,0.049388,-0.052565,Avian,N6
1696_A/Rattus_norvegicus/,A/Rattus_norvegicus/China/FS21/2021_H5N6,0.012215,0.098213,0.041585,-0.024354,Nonhuman Mammal,N6
1697_A/Shandong/1/2009_H5,A/Shandong/1/2009_H5N1,-0.060038,0.010015,-0.039164,0.044629,Human,N1
1698_A/Spatula_querquedul,A/Spatula_querquedula/chongming/H5N1/2024_H5N1,0.044561,-0.013205,-0.018933,0.065359,Avian,N1
1699_A/Syrrhaptes_paradox,A/Syrrhaptes_paradoxus/Guangdong/ZH283/2015_H5N6,-0.106573,-0.027665,0.020588,0.007309,Avian,N6
1700_A/Taiwan/DV413/2006_,A/Taiwan/DV413/2006_H5N2,0.037707,0.042882,-0.003635,0.010811,Avian,N2
1701_A/Taiwan/DV518/2006_,A/Taiwan/DV518/2006_H5N2,0.033015,0.047374,-0.002549,0.009398,Avian,N2
1702_A/Whooper_Swan/Sanme,A/Whooper_Swan/Sanmenxia/01/2016_H5N8,0.077278,-0.066884,-0.022248,0.036497,Avian,N8
1703_A/Wild_bird/Huadong/,A/Wild_bird/Huadong/CIXI20/2020_H5N8,0.067038,-0.11172,0.003091,-0.029145,Avian,N8
1704_A/Wild_bird/Huadong/,A/Wild_bird/Huadong/CM120/2017_H5N1,0.044221,0.010379,-0.044812,-0.013968,Avian,N1
1705_A/Wild_bird/Huadong/,A/Wild_bird/Huadong/DF10/2019_H5N6,-0.141111,-0.053594,0.046552,-0.039942,Avian,N6
1706_A/Wild_bird/Huadong/,A/Wild_bird/Huadong/DT10/2019_H5N1,-0.108658,0.006155,0.001406,0.021289,Avian,N1
1707_A/Wild_bird/Huadong/,A/Wild_bird/Huadong/GY116/2019_H5N6,-0.142812,-0.052033,0.040444,-0.046525,Avian,N6
1708_A/Wild_bird/Huadong/,A/Wild_bird/Huadong/GY183/2017_H5N6,0.015273,0.117185,0.028845,-0.050173,Avian,N6
1709_A/Wild_bird/Huadong/,A/Wild_bird/Huadong/GY999/2017_H5N6,0.009184,0.140743,-0.000059,-0.015429,Avian,N6
1710_A/Wild_bird/Huadong/,A/Wild_bird/Huadong/JYWB4/2013_H5N1,-0.107348,0.024429,-0.020284,0.046436,Avian,N1
1711_A/Wild_bird/Huadong/,A/Wild_bird/Huadong/QP10/2016_H5N6,-0.117891,-0.023947,0.04602,-0.043287,Avian,N6
1712_A/Wild_bird/Huadong/,A/Wild_bird/Huadong/SH17/2019_H5N6,-0.142965,-0.051547,0.039826,-0.04663,Avian,N6
1713_A/Wild_bird/Huadong/,A/Wild_bird/Huadong/SSW7/2017_H5N6,0.027483,0.112451,0.008469,-0.065127,Avian,N6
1714_A/Wild_bird/Huadong/,A/Wild_bird/Huadong/SZ1111/2016_H5N6,-0.104179,-0.017632,0.046855,-0.060631,Avian,N6
1715_A/Wild_bird/Huadong/,A/Wild_bird/Huadong/YC148/2019_H5N6,0.030029,0.117353,0.007177,-0.061977,Avian,N6
1716_A/Wild_bird/Huadong/,A/Wild_bird/Huadong/YX68/2019_H5N6,-0.131813,-0.046583,0.034313,-0.044844,Avian,N6
1717_A/Xinjiang/1/2009_H5,A/Xinjiang/1/2009_H5N1,-0.049648,0.018158,-0.04855,0.04721,Human,N1
1718_A/Yangzhou/125/2022_,A/Yangzhou/125/2022_H5N6,0.01499,0.102196,-0.032847,0.019974,Human,N6
1719_A/avian/Hong_Kong/07,A/avian/Hong_Kong/0719/2007_H5N1,-0.06496,0.027898,-0.031688,0.063834,Avian,N1
1720_A/avian/Hong_Kong/19,A/avian/Hong_Kong/1993/2007_H5N1,-0.066951,0.029405,-0.031896,0.06095,Avian,N1
1721_A/avian/Hong_Kong/23,A/avian/Hong_Kong/2372/2007_H5N1,-0.06496,0.027898,-0.031688,0.063834,Avian,N1
1722_A/baikal_teal/Xiangh,A/baikal_teal/Xianghai/426/2011_H5N2,0.047575,-0.02838,-0.019786,0.020419,Avian,N2
1723_A/bar-headed_goose/Q,A/bar-headed_goose/Qinghai/1-HVRI/2006_H5N1,-0.019163,0.061436,-0.083134,0.027864,Avian,N1
1724_A/bar-headed_goose/T,A/bar-headed_goose/Tibet/8/2006_H5N1,-0.01579,0.04985,-0.05596,0.012546,Avian,N1
1725_A/black_chicken/Jian,A/black_chicken/Jiangxi/10129/2014_H5N6,-0.123191,-0.009307,-0.00158,0.029573,Avian,N6
1726_A/brown-headed_gull/,A/brown-headed_gull/Qinghai/19/2009_H5N1,-0.077142,0.006919,-0.020039,0.019547,Avian,N1
1727_A/brown-headed_gull/,A/brown-headed_gull/Qinghai/9/2009_H5N1,-0.08589,0.01292,-0.020533,0.014597,Avian,N1
1728_A/canvasback/Xiangha,A/canvasback/Xianghai/428/2011_H5N2,0.049405,-0.041348,-0.016271,0.044757,Avian,N2
1729_A/cat/Sichuan/SC18/2,A/cat/Sichuan/SC18/2014_H5N6,-0.102744,-0.010797,0.004139,0.029117,Nonhuman Mammal,N6
1730_A/cat/Zhejiang/C1/20,A/cat/Zhejiang/C1/2016_H5N6,0.066001,-0.034809,-0.157038,-0.0349,Nonhuman Mammal,N6
1731_A/cat/Zhejiang/C2/20,A/cat/Zhejiang/C2/2016_H5N6,0.078922,-0.040275,-0.151518,-0.045941,Nonhuman Mammal,N6
1732_A/chicken/Anhui/MZ33,A/chicken/Anhui/MZ33/2016_H5N6,0.07461,-0.03921,-0.152443,-0.039847,Avian,N6
1733_A/chicken/Anhui/MZ34,A/chicken/Anhui/MZ34/2016_H5N6,0.077668,-0.033518,-0.154942,-0.035759,Avian,N6
1734_A/chicken/Beijing/BJ,A/chicken/Beijing/BJ7/2014_H5N2,0.079282,-0.028303,-0.148087,0.003233,Avian,N2
1735_A/chicken/CH/a556/20,A/chicken/CH/a556/2015_H5N2,0.01456,0.005509,-0.041529,-0.135021,Avian,N2
1736_A/chicken/Changhua/1,A/chicken/Changhua/15010120-1/2015_H5N2,0.134111,0.008895,0.062934,0.051011,Avian,N2
1737_A/chicken/Changhua/1,A/chicken/Changhua/15010288/2015_H5N2,0.134111,0.008895,0.062934,0.051011,Avian,N2
1738_A/chicken/Changhua/1,A/chicken/Changhua/15010324-2/2015_H5N2,0.129591,0.000139,0.06037,0.049564,Avian,N2
1739_A/chicken/Changhua/1,A/chicken/Changhua/15010361-1/2015_H5N2,0.127737,0.009496,0.062638,0.049898,Avian,N2
1740_A/chicken/Changhua/1,A/chicken/Changhua/15010362-2/2015_H5N2,0.135997,0.006812,0.069778,0.057817,Avian,N2
1741_A/chicken/Changhua/1,A/chicken/Changhua/15010363-2/2015_H5N2,0.137774,0.008406,0.065386,0.053767,Avian,N2
1742_A/chicken/Changhua/1,A/chicken/Changhua/15040036-1/2015_H5N8,0.009199,0.060098,0.006038,-0.065375,Avian,N8
1743_A/chicken/Changhua/1,A/chicken/Changhua/15040037-2/2015_H5N8,0.001178,0.057195,0.010592,-0.057985,Avian,N8
1744_A/chicken/Changhua/1,A/chicken/Changhua/15040042/2015_H5N8,0.00424,0.060512,0.006046,-0.06222,Avian,N8
1745_A/chicken/Changhua/1,A/chicken/Changhua/15040043-1/2015_H5N8,0.001463,0.057617,0.011623,-0.057427,Avian,N8
1746_A/chicken/Changhua/1,A/chicken/Changhua/15050013-1/2015_H5N2,0.14577,0.010921,0.063277,0.040979,Avian,N2
1747_A/chicken/Changhua/1,A/chicken/Changhua/15050038-1/2015_H5N8,0.022243,-0.022416,-0.02973,-0.002351,Avian,N8
1748_A/chicken/Changhua/1,A/chicken/Changhua/15060027-2/2015_H5N2,0.147209,0.012391,0.068693,0.041402,Avian,N2
1749_A/chicken/Changhua/1,A/chicken/Changhua/15060029/2015_H5N8,0.019252,-0.014016,-0.013611,-0.002154,Avian,N8
1750_A/chicken/Changhua/1,A/chicken/Changhua/15060037-1/2015_H5N2,0.161917,0.006143,0.050801,0.030147,Avian,N2
1751_A/chicken/Changhua/1,A/chicken/Changhua/15120008/2015_H5N2,0.122085,0.021989,0.070456,0.044307,Avian,N2
1752_A/chicken/Changhua/1,A/chicken/Changhua/16010060-2/2016_H5N2,0.16162,0.017231,0.058824,0.007256,Avian,N2
1753_A/chicken/Changhua/1,A/chicken/Changhua/17060006/2017_H5N2,0.167898,0.016596,0.064816,-0.012695,Avian,N2
1754_A/chicken/Changhua/1,A/chicken/Changhua/18040008-1/2018_H5N2,0.134995,-0.01145,0.072581,0.011004,Avian,N2
1755_A/chicken/Chiayi/150,A/chicken/Chiayi/15010287-2/2015_H5N2,0.136047,0.006198,0.062179,0.053798,Avian,N2
1756_A/chicken/Chiayi/150,A/chicken/Chiayi/15010409-2/2015_H5N2,0.136017,0.004747,0.066566,0.059091,Avian,N2
1757_A/chicken/Chiayi/150,A/chicken/Chiayi/15010454-1/2015_H5N8,0.012873,-0.019328,-0.022873,0.000118,Avian,N8
1758_A/chicken/Chiayi/170,A/chicken/Chiayi/17040009-2/2017_H5N2,0.163124,0.017745,0.06884,0.000796,Avian,N2
1759_A/chicken/Chiayi/181,A/chicken/Chiayi/18120003-1/2018_H5N2,0.074173,-0.015597,-0.03752,0.012455,Avian,N2
1760_A/chicken/China/007/,A/chicken/China/007/2019_H5N6,-0.094551,-0.030426,0.064456,-0.030781,Avian,N6
1761_A/chicken/China/1101,A/chicken/China/1101/2019_H5N6,-0.115768,-0.002944,0.016198,-0.052324,Avian,N6
1762_A/chicken/China/Cang,A/chicken/China/Cangzhou03/2023_H5N1,0.050728,-0.032202,-0.025134,0.05351,Avian,N1
1763_A/chicken/China/E93/,A/chicken/China/E93/2012_H5N1,-0.047316,0.073789,-0.093414,0.010709,Avian,N1
1764_A/chicken/China/E96/,A/chicken/China/E96/2012_H5N1,-0.04092,0.069134,-0.087774,0.011991,Avian,N1
1765_A/chicken/Chiping/03,A/chicken/Chiping/0321/2014_H5N2,0.060016,-0.042312,-0.141253,0.020541,Avian,N2
1766_A/chicken/Dongguan/2,A/chicken/Dongguan/2690/2013_H5N6,-0.101297,-0.031816,0.02639,-0.011889,Avian,N6
1767_A/chicken/Dongguan/3,A/chicken/Dongguan/3363/2013_H5N6,-0.101891,-0.025373,0.024629,-0.017969,Avian,N6
1768_A/chicken/Dongguan/4,A/chicken/Dongguan/4259/2013_H5N6,-0.101614,-0.029509,0.025275,-0.010205,Avian,N6
1769_A/chicken/Eastern_Ch,A/chicken/Eastern_China/HF9/2018_H5N2,0.045649,-0.049534,-0.131975,-0.034815,Avian,N2
1770_A/chicken/Eastern_Ch,A/chicken/Eastern_China/QY5/2018_H5N2,0.055145,-0.045625,-0.127483,-0.0368,Avian,N2
1771_A/chicken/Eastern_Ch,A/chicken/Eastern_China/ZG16/2010_H5N1,0.053108,0.00356,-0.106702,-0.044982,Avian,N1
1772_A/chicken/Eastern_Ch,A/chicken/Eastern_China/ZG56/2011_H5N1,-0.061367,0.01345,-0.020825,-0.002954,Avian,N1
1773_A/chicken/Fujian/1/2,A/chicken/Fujian/1/2007_H5N1,-0.050838,0.03173,-0.040745,0.024031,Avian,N1
1774_A/chicken/Fujian/11.,A/chicken/Fujian/11.23_FZHX0007-O/2017_H5N6,0.072288,-0.015129,-0.127144,-0.056732,Avian,N6
1775_A/chicken/GY/a451/20,A/chicken/GY/a451/2015_H5N2,0.004172,0.004994,-0.010192,-0.140804,Avian,N2
1776_A/chicken/Gansu/5/20,A/chicken/Gansu/5/2012_H5N1,-0.04675,0.064986,-0.081987,0.040674,Avian,N1
1777_A/chicken/Gansu/6/20,A/chicken/Gansu/6/2012_H5N1,-0.047814,0.071122,-0.096554,0.014011,Avian,N1
1778_A/chicken/Ganzhou/GZ,A/chicken/Ganzhou/GZ27/2015_H5N6,-0.106742,-0.01615,0.05217,-0.039346,Avian,N6
1779_A/chicken/Guangdong/,A/chicken/Guangdong/1/2005_H5N1,-0.035239,0.090774,-0.052329,0.016028,Avian,N1
1780_A/chicken/Guangdong/,A/chicken/Guangdong/GD1602/2016_H5N6,0.060089,-0.041954,-0.161985,-0.02999,Avian,N6
1781_A/chicken/Guangxi/16,A/chicken/Guangxi/16/2019_H5N6,0.004592,0.113794,0.043974,-0.07775,Avian,N6
1782_A/chicken/Guangxi/S2,A/chicken/Guangxi/S2039/2009_H5N1,-0.076045,0.001638,-0.037508,0.03004,Avian,N1
1783_A/chicken/Guizhou/7/,A/chicken/Guizhou/7/2008_H5N1,-0.041335,0.039228,-0.07555,0.010251,Avian,N1
1784_A/chicken/Hebei/1102,A/chicken/Hebei/1102-MA/2010_H5N2,0.07718,-0.000129,-0.145641,-0.060225,Avian,N2
1785_A/chicken/Hebei/1102,A/chicken/Hebei/1102/2010_H5N2,0.07718,-0.000129,-0.145641,-0.060225,Avian,N2
1786_A/chicken/Hebei/3/20,A/chicken/Hebei/3/2013_H5N2,0.053864,-0.054894,-0.142839,0.00851,Avian,N2
1787_A/chicken/Hebei/A-8/,A/chicken/Hebei/A-8/2009_H5N1,-0.034528,0.085055,-0.12007,0.027133,Avian,N1
1788_A/chicken/Heilongjia,A/chicken/Heilongjiang/S7/2014_H5N2,-0.10446,-0.016666,-0.005745,0.019413,Avian,N2
1789_A/chicken/Henan/A-7/,A/chicken/Henan/A-7/2006_H5N1,-0.042805,0.047772,-0.082141,0.014176,Avian,N1
1790_A/chicken/Henan/Q7/2,A/chicken/Henan/Q7/2013_H5N2,0.063957,-0.035375,-0.149147,0.008034,Avian,N2
1791_A/chicken/Henan/YB05,A/chicken/Henan/YB0597/2016_H5N6,0.071237,-0.032374,-0.157145,-0.035716,Avian,N6
1792_A/chicken/Hsinchu/16,A/chicken/Hsinchu/16080004-2/2016_H5N2,0.156615,0.015533,0.056592,-0.007178,Avian,N2
1793_A/chicken/Huadong/4/,A/chicken/Huadong/4/2008_H5N1,-0.039714,0.083392,-0.085556,0.001585,Avian,N1
1794_A/chicken/Hubei/2856,A/chicken/Hubei/2856/2007_H5N1,-0.065682,0.022298,-0.043312,0.036585,Avian,N1
1795_A/chicken/Hubei/ZYSJ,A/chicken/Hubei/ZYSJF11/2016_H5N6,0.071453,-0.038399,-0.145449,-0.034226,Avian,N6
1796_A/chicken/Hubei/ZYSJ,A/chicken/Hubei/ZYSJF16/2016_H5N6,0.071453,-0.038399,-0.145449,-0.034226,Avian,N6
1797_A/chicken/Hubei/ZYSJ,A/chicken/Hubei/ZYSJF38/2016_H5N6,0.071453,-0.038399,-0.145449,-0.034226,Avian,N6
1798_A/chicken/Hunan/02.0,A/chicken/Hunan/02.06_YYGK37J3-OC/2018_H5N6,-0.094392,-0.010321,0.058377,-0.024746,Avian,N6
1799_A/chicken/Hunan/03.0,A/chicken/Hunan/03.07_YYGK74L3-OC/2018_H5N6,-0.128437,-0.036568,0.052027,-0.049165,Avian,N6
1800_A/chicken/Hunan/12.2,A/chicken/Hunan/12.27_YYGK55J2-O/2016_H5N6,0.029762,0.155454,0.008391,-0.019599,Avian,N6
1801_A/chicken/Hunan/12.2,A/chicken/Hunan/12.27_YYGKK148-OC/2016_H5N6,0.025069,0.142423,0.002278,-0.033884,Avian,N6
1802_A/chicken/Hunan/1793,A/chicken/Hunan/1793/2007_H5N1,-0.048862,0.03344,-0.041717,0.049196,Avian,N1
1803_A/chicken/Hunan/21/2,A/chicken/Hunan/21/2005_H5N1,-0.059818,0.036798,-0.039368,0.029664,Avian,N1
1804_A/chicken/Hunan/3/20,A/chicken/Hunan/3/2007_H5N1,-0.045221,0.014988,-0.015855,0.025477,Avian,N1
1805_A/chicken/Hunan/3157,A/chicken/Hunan/3157/2006_H5N1,-0.070368,0.026633,-0.03504,0.022494,Avian,N1
1806_A/chicken/Hunan/8/20,A/chicken/Hunan/8/2008_H5N1,-0.075953,0.003395,-0.029028,0.015898,Avian,N1
1807_A/chicken/Jiangsu/10,A/chicken/Jiangsu/1001/2013_H5N2,0.0358,-0.019602,-0.136148,-0.057657,Avian,N2
1808_A/chicken/Jiangsu/18,A/chicken/Jiangsu/18/2008_H5N1,-0.019762,0.079015,-0.091916,0.001665,Avian,N1
1809_A/chicken/Jiangsu/24,A/chicken/Jiangsu/2477/2014_H5N1,-0.104153,0.01088,-0.007335,0.043324,Avian,N1
1810_A/chicken/Jiangsu/92,A/chicken/Jiangsu/927/2013_H5N1,-0.105743,0.021194,0.003624,0.049245,Avian,N1
1811_A/chicken/Jiangsu/XZ,A/chicken/Jiangsu/XZ216/2014_H5N2,0.055941,-0.028439,-0.124482,0.010036,Avian,N2
1812_A/chicken/Jiangsu/YB,A/chicken/Jiangsu/YB7/2015_H5N1,0.038778,0.002478,-0.039651,-0.018696,Avian,N1
1813_A/chicken/Jiangsu/k0,A/chicken/Jiangsu/k0402/2010_H5N1,0.026807,-0.005955,-0.096982,-0.034139,Avian,N1
1814_A/chicken/Jiangxi/25,A/chicken/Jiangxi/25/2011_H5N1,0.026992,-0.013816,0.059623,0.04701,Avian,N1
1815_A/chicken/Jiangxi/NC,A/chicken/Jiangxi/NCDZT1123/2014_H5N6,-0.114901,-0.034776,0.019734,0.014039,Avian,N6
1816_A/chicken/Jiangxi/NC,A/chicken/Jiangxi/NCDZT1126/2014_H5N6,-0.107145,-0.059207,0.006586,0.024072,Avian,N6
1817_A/chicken/Jiangyin/J,A/chicken/Jiangyin/JY090718/2019_H5N6,-0.079119,-0.022364,0.024981,-0.034837,Avian,N6
1818_A/chicken/Kaohsiung/,A/chicken/Kaohsiung/16010047/2016_H5N8,0.066597,0.006269,-0.046224,0.012617,Avian,N8
1819_A/chicken/Kaohsiung/,A/chicken/Kaohsiung/16020017-2/2016_H5N8,0.055113,0.01164,-0.053834,0.009337,Avian,N8
1820_A/chicken/Kaohsiung/,A/chicken/Kaohsiung/16040021-1/2016_H5N8,0.063331,0.002111,-0.067088,-0.000242,Avian,N8
1821_A/chicken/Kaohsiung/,A/chicken/Kaohsiung/16070003/2016_H5N8,0.067651,0.009688,-0.060681,-0.012719,Avian,N8
1822_A/chicken/Kaohsiung/,A/chicken/Kaohsiung/16120012/2016_H5N8,0.063088,0.009306,-0.043742,0.023111,Avian,N8
1823_A/chicken/Kaohsiung/,A/chicken/Kaohsiung/16MB0889/2016_H5N8,0.063331,0.002111,-0.067088,-0.000242,Avian,N8
1824_A/chicken/Kaohsiung/,A/chicken/Kaohsiung/17030023/2017_H5N8,0.056563,-0.002156,-0.05577,0.013166,Avian,N8
1825_A/chicken/Kaohsiung/,A/chicken/Kaohsiung/17040007/2017_H5N2,0.166388,0.022067,0.074538,0.002026,Avian,N2
1826_A/chicken/Kaohsiung/,A/chicken/Kaohsiung/17100002/2017_H5N2,0.163544,0.010826,0.059849,0.009683,Avian,N2
1827_A/chicken/Kaohsiung/,A/chicken/Kaohsiung/18080004-1/2018_H5N2,0.007379,0.063256,-0.025351,0.075059,Avian,N2
1828_A/chicken/Kaohsiung/,A/chicken/Kaohsiung/18080004-2/2018_H5N2,0.003549,0.0573,-0.032685,0.075918,Avian,N2
1829_A/chicken/Liaoning/2,A/chicken/Liaoning/23/2005_H5N1,-0.017847,0.084217,-0.053671,0.026136,Avian,N1
1830_A/chicken/Liaoning/A,A/chicken/Liaoning/A-1/2007_H5N1,-0.060863,0.057325,-0.119256,-0.017577,Avian,N1
1831_A/chicken/Liaoning/S,A/chicken/Liaoning/S4092/2011_H5N1,-0.048554,0.062648,-0.092624,0.024818,Avian,N1
1832_A/chicken/Miaoli/150,A/chicken/Miaoli/15010421-1/2015_H5N8,0.006623,0.063171,0.009944,-0.062156,Avian,N8
1833_A/chicken/Nantou/161,A/chicken/Nantou/16110023-1/2016_H5N8,0.066501,0.013401,-0.060663,-0.018621,Avian,N8
1834_A/chicken/New_Taipei,A/chicken/New_Taipei_City/16110019-1/2016_H5N8,0.060455,0.00857,-0.051492,0.024274,Avian,N8
1835_A/chicken/New_Taipei,A/chicken/New_Taipei_City/16110020-2/2016_H5N8,0.05833,0.005053,-0.050217,0.014236,Avian,N8
1836_A/chicken/New_Taipei,A/chicken/New_Taipei_City/17040002-2/2017_H5N2,0.165551,0.02315,0.071799,0.004899,Avian,N2
1837_A/chicken/New_Taipei,A/chicken/New_Taipei_City/17050004-2/2017_H5N8,0.052794,0.006339,-0.059112,-0.018891,Avian,N8
1838_A/chicken/New_Taipei,A/chicken/New_Taipei_City/17090001/2017_H5N8,0.05044,0.004663,-0.049902,-0.003391,Avian,N8
1839_A/chicken/New_Taipei,A/chicken/New_Taipei_City/17090002/2017_H5N8,0.052532,0.004587,-0.048504,-0.003923,Avian,N8
1840_A/chicken/New_Taipei,A/chicken/New_Taipei_City/17090003/2017_H5N8,0.048232,0.005091,-0.050357,-0.003778,Avian,N8
1841_A/chicken/New_Taipei,A/chicken/New_Taipei_City/18010021-3/2018_H5N2,0.159887,0.008843,0.060323,0.00046,Avian,N2
1842_A/chicken/Ningxia/2/,A/chicken/Ningxia/2/2012_H5N1,-0.04675,0.064986,-0.081987,0.040674,Avian,N1
1843_A/chicken/Ningxia/22,A/chicken/Ningxia/222/2012_H5N1,-0.045284,0.066441,-0.082707,0.042437,Avian,N1
1844_A/chicken/Ningxia/24,A/chicken/Ningxia/24/2006_H5N1,-0.039788,0.062424,-0.085316,0.025433,Avian,N1
1845_A/chicken/North_Chin,A/chicken/North_China/k0604/2010_H5N1,0.068973,0.002972,-0.099813,-0.043475,Avian,N1
1846_A/chicken/PH/A2821/2,A/chicken/PH/A2821/2013_H5N2,-0.003169,0.064985,0.012224,-0.068028,Avian,N2
1847_A/chicken/PT/a158/20,A/chicken/PT/a158/2015_H5N2,0.012315,0.010064,-0.036516,-0.141464,Avian,N2
1848_A/chicken/Pingtung/1,A/chicken/Pingtung/15050006-1/2015_H5N2,0.138953,0.001982,0.054002,0.049867,Avian,N2
1849_A/chicken/Pingtung/1,A/chicken/Pingtung/16020009-3/2016_H5N2,0.129237,0.00051,0.060487,0.031614,Avian,N2
1850_A/chicken/Pingtung/1,A/chicken/Pingtung/18010017-1/2018_H5N2,0.160818,0.021299,0.053002,0.000305,Avian,N2
1851_A/chicken/Pingtung/1,A/chicken/Pingtung/18020015-1/2018_H5N2,0.156033,0.013815,0.055116,0.012189,Avian,N2
1852_A/chicken/Qingdao/1/,A/chicken/Qingdao/1/2014_H5N2,0.064932,-0.035804,-0.129439,0.014668,Avian,N2
1853_A/chicken/SC/a688/20,A/chicken/SC/a688/2015_H5N2,0.006577,-0.013664,-0.053097,-0.114612,Avian,N2
1854_A/chicken/Shandong/A,A/chicken/Shandong/A-10/2006_H5N1,-0.048591,0.086319,-0.104708,0.005699,Avian,N1
1855_A/chicken/Shandong/S,A/chicken/Shandong/S3/2014_H5N2,0.064932,-0.035804,-0.129439,0.014668,Avian,N2
1856_A/chicken/Shantou/37,A/chicken/Shantou/3744/2003_H5N1,-0.042634,0.054147,-0.065013,0.06173,Avian,N1
1857_A/chicken/Shanxi/04.,A/chicken/Shanxi/04.28_TGRL001-O/2018_H5N6,0.041165,0.152111,-0.000587,-0.03054,Avian,N6
1858_A/chicken/Shanxi/10/,A/chicken/Shanxi/10/2006_H5N1,-0.041122,0.046321,-0.083007,0.005569,Avian,N1
1859_A/chicken/Shanxi/12.,A/chicken/Shanxi/12.01_TGYL014-C/2016_H5N6,0.024011,0.112595,0.025516,-0.082186,Avian,N6
1860_A/chicken/Sheny/0606,A/chicken/Sheny/0606/2008_H5N1,-0.004483,0.038995,-0.08077,0.037893,Avian,N1
1861_A/chicken/Shenzhen/1,A/chicken/Shenzhen/1061/2013_H5N6,-0.094822,-0.026313,0.023101,-0.007085,Avian,N6
1862_A/chicken/Shenzhen/1,A/chicken/Shenzhen/1845/2013_H5N6,-0.119597,0.00068,0.006435,0.031295,Avian,N6
1863_A/chicken/Shenzhen/2,A/chicken/Shenzhen/2269/2013_H5N6,-0.109811,-0.024934,0.035137,-0.008374,Avian,N6
1864_A/chicken/Shenzhen/2,A/chicken/Shenzhen/2396/2013_H5N6,-0.102128,-0.031985,0.022181,-0.011383,Avian,N6
1865_A/chicken/Shenzhen/2,A/chicken/Shenzhen/2464/2013_H5N6,-0.102128,-0.031985,0.022181,-0.011383,Avian,N6
1866_A/chicken/Shenzhen/4,A/chicken/Shenzhen/433/2013_H5N6,-0.11331,-0.025821,0.028317,-0.005972,Avian,N6
1867_A/chicken/Shenzhen/5,A/chicken/Shenzhen/552/2013_H5N6,-0.101392,-0.032683,0.021554,-0.011941,Avian,N6
1868_A/chicken/Shenzhen/7,A/chicken/Shenzhen/715/2013_H5N6,-0.11331,-0.025821,0.028317,-0.005972,Avian,N6
1869_A/chicken/Shijiazhua,A/chicken/Shijiazhuang/1209/2013_H5N2,0.068489,-0.045855,-0.146118,-0.021634,Avian,N2
1870_A/chicken/Sichuan/81,A/chicken/Sichuan/81/2005_H5N1,-0.057668,0.029196,-0.045111,0.0495,Avian,N1
1871_A/chicken/Sichuan/NC,A/chicken/Sichuan/NCJPL1/2014_H5N6,-0.114681,-0.006841,0.005908,0.037799,Avian,N6
1872_A/chicken/Sichuan/k1,A/chicken/Sichuan/k141/2017_H5N6,0.053917,-0.010143,-0.006749,0.073457,Avian,N6
1873_A/chicken/TC/a504/20,A/chicken/TC/a504/2015_H5N2,0.025454,0.011774,-0.023483,-0.143319,Avian,N2
1874_A/chicken/TY/a665/20,A/chicken/TY/a665/2015_H5N2,0.025504,0.00432,-0.037886,-0.136166,Avian,N2
1875_A/chicken/Taichung/1,A/chicken/Taichung/15010399/2015_H5N2,0.135997,0.006812,0.069778,0.057817,Avian,N2
1876_A/chicken/Taichung/1,A/chicken/Taichung/16040032-3/2016_H5N2,0.120637,0.025562,0.060742,0.035635,Avian,N2
1877_A/chicken/Taichung/1,A/chicken/Taichung/16050044-2/2016_H5N2,0.12768,0.012216,0.070007,0.044708,Avian,N2
1878_A/chicken/Taichung/1,A/chicken/Taichung/16110017-3/2016_H5N8,0.00371,-0.04014,-0.007937,0.00413,Avian,N8
1879_A/chicken/Tainan/150,A/chicken/Tainan/15020214/2015_H5N8,0.062721,-0.001214,-0.051545,0.004513,Avian,N8
1880_A/chicken/Tainan/160,A/chicken/Tainan/16040035-1/2016_H5N2,0.127169,0.016181,0.053685,0.058394,Avian,N2
1881_A/chicken/Tainan/170,A/chicken/Tainan/17030058-1/2017_H5N8,0.036297,-0.011134,-0.038571,0.009836,Avian,N8
1882_A/chicken/Taipei_Cit,A/chicken/Taipei_City/17090004/2017_H5N8,0.049967,-0.000287,-0.054887,-0.00872,Avian,N8
1883_A/chicken/Taipei_Cit,A/chicken/Taipei_City/18010007-3/2018_H5N2,0.155401,0.027123,0.073941,0.021186,Avian,N2
1884_A/chicken/Taipei_Cit,A/chicken/Taipei_City/18010008-3/2018_H5N2,0.165371,0.01882,0.064902,0.01504,Avian,N2
1885_A/chicken/Taipei/160,A/chicken/Taipei/16060022-4/2016_H5N8,0.080672,0.010817,-0.07029,0.004778,Avian,N8
1886_A/chicken/Taipei/160,A/chicken/Taipei/16060023-1/2016_H5N8,0.080672,0.010817,-0.07029,0.004778,Avian,N8
1887_A/chicken/Taipei/161,A/chicken/Taipei/16120021/2016_H5N8,0.048155,0.009878,-0.05376,0.021133,Avian,N8
1888_A/chicken/Taipei/170,A/chicken/Taipei/17050005-1/2017_H5N8,0.05211,0.003647,-0.052958,-0.012273,Avian,N8
1889_A/chicken/Taipei/170,A/chicken/Taipei/17050008-3/2017_H5N8,0.054497,0.004768,-0.052992,-0.012305,Avian,N8
1890_A/chicken/Taipei/170,A/chicken/Taipei/17050009-3/2017_H5N8,0.05211,0.003647,-0.052958,-0.012273,Avian,N8
1891_A/chicken/Taishun/TS,A/chicken/Taishun/TS2/2016_H5N6,0.054654,-0.010762,-0.023712,-0.026398,Avian,N6
1892_A/chicken/Taishun/TS,A/chicken/Taishun/TS90/2016_H5N6,0.054718,-0.03506,-0.139194,-0.035937,Avian,N6
1893_A/chicken/Taiwan/010,A/chicken/Taiwan/0101/2012_H5N2,0.038465,0.057517,0.01257,-0.043047,Avian,N2
1894_A/chicken/Taiwan/011,A/chicken/Taiwan/01174/2015_H5N3,0.060108,-0.005973,-0.056233,0.004421,Avian,Others
1895_A/chicken/Taiwan/050,A/chicken/Taiwan/0502/2012_H5N2,-0.012131,0.027894,0.031352,-0.07167,Avian,N2
1896_A/chicken/Taiwan/168,A/chicken/Taiwan/1682/2013_H5N2,0.066314,-0.0102,-0.02757,-0.121536,Avian,N2
1897_A/chicken/Taiwan/169,A/chicken/Taiwan/1692/2013_H5N2,0.06651,-0.008687,-0.02483,-0.122693,Avian,N2
1898_A/chicken/Taiwan/170,A/chicken/Taiwan/1704/2013_H5N2,0.066314,-0.0102,-0.02757,-0.121536,Avian,N2
1899_A/chicken/Taiwan/171,A/chicken/Taiwan/1711/2013_H5N2,0.06705,-0.011059,-0.028348,-0.121729,Avian,N2
1900_A/chicken/Taiwan/259,A/chicken/Taiwan/2593/2012_H5N2,0.006146,0.027106,-0.015719,-0.12451,Avian,N2
1901_A/chicken/Taiwan/294,A/chicken/Taiwan/2948/2013_H5N2,0.006699,0.029703,-0.012235,-0.123877,Avian,N2
1902_A/chicken/Taiwan/444,A/chicken/Taiwan/4443/2013_H5N2,0.019021,0.041517,0.021399,-0.086513,Avian,N2
1903_A/chicken/Taiwan/683,A/chicken/Taiwan/683/2012_H5N2,0.008401,0.015437,-0.015211,-0.117335,Avian,N2
1904_A/chicken/Taiwan/735,A/chicken/Taiwan/7350/2013_H5N2,0.008633,0.03494,0.023017,-0.071071,Avian,N2
1905_A/chicken/Taiwan/898,A/chicken/Taiwan/8988/2013_H5N2,0.004585,0.028751,-0.014149,-0.126487,Avian,N2
1906_A/chicken/Taiwan/899,A/chicken/Taiwan/8994/2013_H5N2,0.004514,0.025643,-0.019295,-0.130195,Avian,N2
1907_A/chicken/Taiwan/899,A/chicken/Taiwan/8996/2013_H5N2,0.003762,0.02652,-0.018501,-0.129998,Avian,N2
1908_A/chicken/Taiwan/A1/,A/chicken/Taiwan/A1/2019_H5N2,-0.002442,0.071803,0.001056,-0.111906,Avian,N2
1909_A/chicken/Taiwan/A19,A/chicken/Taiwan/A1997/2012_H5N2,0.01606,0.073548,0.042572,-0.081667,Avian,N2
1910_A/chicken/Taiwan/D2/,A/chicken/Taiwan/D2/2019_H5N2,-0.001743,0.06877,-0.037889,0.091969,Avian,N2
1911_A/chicken/Taiwan/D9/,A/chicken/Taiwan/D9/2019_H5N2,-0.002793,0.069209,-0.038168,0.091585,Avian,N2
1912_A/chicken/Tibet/LZ01,A/chicken/Tibet/LZ01/2010_H5N2,0.061495,0.042103,-0.142385,-0.006937,Avian,N2
1913_A/chicken/Wuhan/HAQL,A/chicken/Wuhan/HAQL07/2014_H5N1,0.045724,0.003884,-0.032094,-0.016326,Avian,N1
1914_A/chicken/Wuhan/HAQL,A/chicken/Wuhan/HAQL16/2014_H5N1,0.046386,0.001326,-0.03155,-0.013215,Avian,N1
1915_A/chicken/Wuhan/WHJF,A/chicken/Wuhan/WHJF/2014_H5N2,0.054292,-0.030054,-0.021218,0.056599,Avian,N2
1916_A/chicken/Wuhan/WHYJ,A/chicken/Wuhan/WHYJ01/2015_H5N6,-0.101699,-0.029958,0.005166,0.000643,Avian,N6
1917_A/chicken/Wuxi/WX-32,A/chicken/Wuxi/WX-32/2013_H5N1,-0.099184,0.008916,-0.029024,0.049766,Avian,N1
1918_A/chicken/Wuxi/WX-33,A/chicken/Wuxi/WX-33/2013_H5N1,-0.097097,0.014935,-0.023285,0.047388,Avian,N1
1919_A/chicken/Xinjiang/1,A/chicken/Xinjiang/17/2005_H5N1,-0.043382,0.059553,-0.093325,0.025283,Avian,N1
1920_A/chicken/Xinjiang/2,A/chicken/Xinjiang/27/2006_H5N1,-0.041396,0.045135,-0.091326,0.021622,Avian,N1
1921_A/chicken/Xinjiang/5,A/chicken/Xinjiang/53/2005_H5N1,-0.043212,0.04757,-0.073949,0.033892,Avian,N1
1922_A/chicken/Xinjiang/5,A/chicken/Xinjiang/54/2005_H5N1,-0.052774,0.052967,-0.074624,0.037613,Avian,N1
1923_A/chicken/Xinjiang/6,A/chicken/Xinjiang/67/2005_H5N1,-0.043545,0.04776,-0.079137,0.038459,Avian,N1
1924_A/chicken/Xinjiang/6,A/chicken/Xinjiang/68/2005_H5N1,-0.064032,0.056237,-0.064222,0.04527,Avian,N1
1925_A/chicken/Xuzhou/XZ6,A/chicken/Xuzhou/XZ6/2016_H5N6,-0.098494,-0.043606,-0.015008,-0.013209,Avian,N6
1926_A/chicken/YL/A3190/2,A/chicken/YL/A3190/2014_H5N2,0.028077,0.029073,0.051884,-0.083118,Avian,N2
1927_A/chicken/Yangzhou/Y,A/chicken/Yangzhou/YD1/2014_H5N6,-0.102313,-0.009835,0.019844,0.00719,Avian,N6
1928_A/chicken/Yuhang/1/2,A/chicken/Yuhang/1/2013_H5N9,0.063427,-0.018928,-0.160865,-0.05877,Avian,Others
1929_A/chicken/Yuhang/2/2,A/chicken/Yuhang/2/2013_H5N9,0.079453,0.003427,-0.126516,-0.055617,Avian,Others
1930_A/chicken/Yunlin/150,A/chicken/Yunlin/15020048-1/2015_H5N2,0.137989,0.009161,0.073299,0.058057,Avian,N2
1931_A/chicken/Yunlin/150,A/chicken/Yunlin/15040002-2/2015_H5N2,0.130411,0.014151,0.068434,0.045544,Avian,N2
1932_A/chicken/Yunlin/150,A/chicken/Yunlin/15040027/2015_H5N2,0.11772,0.025459,0.070326,0.030272,Avian,N2
1933_A/chicken/Yunlin/150,A/chicken/Yunlin/15050012/2015_H5N8,0.003261,0.057621,0.01247,-0.069347,Avian,N8
1934_A/chicken/Yunlin/150,A/chicken/Yunlin/15050037-2/2015_H5N2,0.132747,0.015704,0.072978,0.046851,Avian,N2
1935_A/chicken/Yunlin/150,A/chicken/Yunlin/15050039-2/2015_H5N2,0.12998,0.013211,0.068683,0.045347,Avian,N2
1936_A/chicken/Yunlin/150,A/chicken/Yunlin/15060014-1/2015_H5N2,0.133912,0.00796,0.061962,0.048558,Avian,N2
1937_A/chicken/Yunlin/150,A/chicken/Yunlin/15080024/2015_H5N2,0.129718,0.014228,0.076497,0.055113,Avian,N2
1938_A/chicken/Yunlin/160,A/chicken/Yunlin/16010001-1/2016_H5N2,0.154117,0.012966,0.063875,0.031464,Avian,N2
1939_A/chicken/Yunlin/160,A/chicken/Yunlin/16010008-1/2016_H5N2,0.130152,0.019584,0.048904,0.046242,Avian,N2
1940_A/chicken/Yunlin/160,A/chicken/Yunlin/16020038/2016_H5N8,0.000225,0.005612,-0.020337,0.016673,Avian,N8
1941_A/chicken/Yunlin/160,A/chicken/Yunlin/16050053/2016_H5N2,0.120619,0.025702,0.060867,0.035254,Avian,N2
1942_A/chicken/Yunlin/170,A/chicken/Yunlin/17010001/2017_H5N8,0.009705,-0.058094,-0.024696,0.009113,Avian,N8
1943_A/chicken/Yunlin/170,A/chicken/Yunlin/17010014/2017_H5N2,0.166593,0.018538,0.068824,0.005013,Avian,N2
1944_A/chicken/Yunlin/170,A/chicken/Yunlin/17020094-1/2017_H5N2,0.163278,0.018254,0.06715,0.003953,Avian,N2
1945_A/chicken/Yunlin/170,A/chicken/Yunlin/17020095-2/2017_H5N2,0.174268,0.007108,0.045659,-0.011598,Avian,N2
1946_A/chicken/Yunlin/170,A/chicken/Yunlin/17030001-1/2017_H5N2,0.160392,0.010454,0.059316,0.010018,Avian,N2
1947_A/chicken/Yunlin/170,A/chicken/Yunlin/17030007-1/2017_H5N2,0.16038,0.016419,0.059127,0.01579,Avian,N2
1948_A/chicken/Yunlin/170,A/chicken/Yunlin/17030010-1/2017_H5N2,0.161919,0.017889,0.073884,0.00058,Avian,N2
1949_A/chicken/Yunlin/170,A/chicken/Yunlin/17030014-1/2017_H5N2,0.162349,0.023674,0.053557,-0.000949,Avian,N2
1950_A/chicken/Yunlin/170,A/chicken/Yunlin/17030020-2/2017_H5N2,0.160193,0.022158,0.069981,0.001196,Avian,N2
1951_A/chicken/Yunlin/170,A/chicken/Yunlin/17030021-1/2017_H5N2,0.153189,0.013658,0.05339,-0.010354,Avian,N2
1952_A/chicken/Yunlin/170,A/chicken/Yunlin/17030032-2/2017_H5N2,0.169246,0.011452,0.042493,0.011038,Avian,N2
1953_A/chicken/Yunlin/170,A/chicken/Yunlin/17030065-2/2017_H5N2,0.172182,0.010582,0.067016,0.010934,Avian,N2
1954_A/chicken/Yunlin/170,A/chicken/Yunlin/17040003-1/2017_H5N2,0.16329,0.029049,0.044998,-0.008642,Avian,N2
1955_A/chicken/Yunlin/170,A/chicken/Yunlin/17040004-2/2017_H5N2,0.162035,0.016314,0.063462,0.014964,Avian,N2
1956_A/chicken/Yunlin/170,A/chicken/Yunlin/17040011-1/2017_H5N2,0.161878,0.013557,0.062551,0.006843,Avian,N2
1957_A/chicken/Yunlin/170,A/chicken/Yunlin/17060019/2017_H5N2,0.15489,0.01485,0.063269,-0.009655,Avian,N2
1958_A/chicken/Yunlin/170,A/chicken/Yunlin/17070010/2017_H5N2,0.167261,0.012467,0.065735,0.00948,Avian,N2
1959_A/chicken/Yunlin/180,A/chicken/Yunlin/18010001-2/2018_H5N2,0.162728,0.024205,0.068305,0.002714,Avian,N2
1960_A/chicken/Yunlin/180,A/chicken/Yunlin/18010023-1/2018_H5N2,0.162606,0.013002,0.053416,0.002932,Avian,N2
1961_A/chicken/Yunlin/180,A/chicken/Yunlin/18020003-2/2018_H5N2,0.158374,0.019903,0.065465,0.006964,Avian,N2
1962_A/chicken/Yunlin/180,A/chicken/Yunlin/18020004-1/2018_H5N2,0.158117,0.018392,0.061676,0.008235,Avian,N2
1963_A/chicken/Yunlin/180,A/chicken/Yunlin/18020005-2/2018_H5N2,0.160961,0.021071,0.06712,0.005796,Avian,N2
1964_A/chicken/Yunlin/180,A/chicken/Yunlin/18020008-2/2018_H5N2,0.165366,0.009592,0.059966,0.009529,Avian,N2
1965_A/chicken/Yunlin/180,A/chicken/Yunlin/18030002-1/2018_H5N2,0.149802,0.025972,0.054817,0.000694,Avian,N2
1966_A/chicken/Yunlin/180,A/chicken/Yunlin/18050013-1/2018_H5N2,0.15042,0.020946,0.045106,0.00626,Avian,N2
1967_A/chicken/Yunlin/180,A/chicken/Yunlin/18060001-2/2018_H5N2,0.150267,0.021431,0.044487,0.006155,Avian,N2
1968_A/chicken/Yunlin/180,A/chicken/Yunlin/18080006-1/2018_H5N2,0.144613,0.026579,0.072534,-0.004903,Avian,N2
1969_A/chicken/Yunnan/1/2,A/chicken/Yunnan/1/2014_H5N1,-0.046203,-0.025971,0.024542,0.007359,Avian,N1
1970_A/chicken/Yunnan/207,A/chicken/Yunnan/207/2004_H5N1,-0.035316,0.053252,-0.05381,0.04102,Avian,N1
1971_A/chicken/Yunnan/568,A/chicken/Yunnan/5686/2003_H5N1,-0.040788,0.053533,-0.053286,0.040022,Avian,N1
1972_A/chicken/Yunnan/679,A/chicken/Yunnan/6797/2003_H5N1,-0.040163,0.051437,-0.051507,0.041714,Avian,N1
1973_A/chicken/Yunnan/688,A/chicken/Yunnan/6885/2003_H5N1,-0.040644,0.053075,-0.052702,0.040122,Avian,N1
1974_A/chicken/Zhejiang/1,A/chicken/Zhejiang/102637/2016_H5N6,0.006743,0.049409,-0.055142,-0.021521,Avian,N6
1975_A/chicken/Zhejiang/1,A/chicken/Zhejiang/13160/2016_H5N6,0.071805,-0.040353,-0.115009,-0.043254,Avian,N6
1976_A/chicken/Zhejiang/1,A/chicken/Zhejiang/194/2016_H5N2,-0.116292,-0.016752,0.063293,-0.036575,Avian,N2
1977_A/chicken/Zhejiang/2,A/chicken/Zhejiang/209/2016_H5N2,-0.005439,0.062402,-0.008002,-0.054398,Avian,N2
1978_A/chicken/Zhejiang/2,A/chicken/Zhejiang/217/2016_H5N2,-0.064843,0.092069,0.011479,-0.039289,Avian,N2
1979_A/chicken/Zhejiang/2,A/chicken/Zhejiang/232/2016_H5N2,0.022553,0.107669,0.021556,-0.058065,Avian,N2
1980_A/chicken/Zhejiang/5,A/chicken/Zhejiang/514135/2015_H5N2,0.053308,0.070375,-0.040963,-0.005977,Avian,N2
1981_A/chicken/Zhejiang/5,A/chicken/Zhejiang/528127/2016_H5N6,0.033514,0.148254,-0.002492,0.002288,Avian,N6
1982_A/chicken/Zhejiang/6,A/chicken/Zhejiang/6107/2016_H5N6,0.077176,-0.024541,-0.154216,-0.031034,Avian,N6
1983_A/chicken/Zhejiang/6,A/chicken/Zhejiang/6C2/2013_H5N6,-0.119412,-0.004512,-0.003069,0.033993,Avian,N6
1984_A/chicken/Zhejiang/7,A/chicken/Zhejiang/727022/2014_H5N6,-0.124119,-0.04559,0.00733,-0.015819,Avian,N6
1985_A/chicken/Zhejiang/7,A/chicken/Zhejiang/727026/2014_H5N6,-0.115261,-0.04177,0.01135,-0.021601,Avian,N6
1986_A/chicken/Zhejiang/7,A/chicken/Zhejiang/727079/2014_H5N2,0.047456,-0.041798,-0.131682,-0.045993,Avian,N2
1987_A/chicken/Zhejiang/7,A/chicken/Zhejiang/727155/2014_H5N6,-0.120811,-0.050242,-0.000002,-0.014424,Avian,N6
1988_A/chicken/Zhejiang/7,A/chicken/Zhejiang/727159/2014_H5N2,0.075981,0.097776,-0.044982,-0.000387,Avian,N2
1989_A/chicken/Zhejiang/7,A/chicken/Zhejiang/7450/2015_H5N2,0.003506,0.072458,-0.004914,-0.062173,Avian,N2
1990_A/chicken/Zhejiang/8,A/chicken/Zhejiang/81643/2015_H5N2,0.001271,0.079585,-0.004469,-0.06673,Avian,N2
1991_A/common_mallard/Nin,A/common_mallard/Ningxia/YG71/2017_H5N6,0.074925,-0.092096,0.019885,0.052914,Avian,N6
1992_A/condor/Guangdong/1,A/condor/Guangdong/139/2003_H5N1,-0.038056,0.032434,-0.060915,0.054461,Avian,N1
1993_A/domestic_green-win,A/domestic_green-winged_teal/Hunan/3450/2006_H5N1,0.030744,0.003696,-0.021741,-0.007259,Avian,N1
1994_A/duck/Anhui/56/2005,A/duck/Anhui/56/2005_H5N1,-0.041563,0.039018,-0.032338,0.037396,Avian,N1
1995_A/duck/Anhui/S4/2016,A/duck/Anhui/S4/2016_H5N6,-0.119652,-0.033054,0.070002,-0.03971,Avian,N6
1996_A/duck/Changhua/15A0,A/duck/Changhua/15A03431-1-20T/2015_H5N2,0.135822,0.005951,0.06636,0.049099,Avian,N2
1997_A/duck/Changhua/15A0,A/duck/Changhua/15A03473-1-20T/2015_H5N2,0.127187,0.006127,0.062471,0.052719,Avian,N2
1998_A/duck/Chiayi/150800,A/duck/Chiayi/15080023/2015_H5N8,0.031543,-0.026756,-0.026494,0.001353,Avian,N8
1999_A/duck/China/0935/20,A/duck/China/0935/2017_H5N1,0.020352,0.127609,0.013203,-0.029082,Avian,N1
2000_A/duck/China/0936/20,A/duck/China/0936/2017_H5N6,0.020352,0.127609,0.013203,-0.029082,Avian,N6
2001_A/duck/China/0938/20,A/duck/China/0938/2017_H5N6,0.020352,0.127609,0.013203,-0.029082,Avian,N6
2002_A/duck/China/1033/20,A/duck/China/1033/2017_H5N1,-0.115502,0.005211,0.002244,0.010573,Avian,N1
2003_A/duck/China/E26/201,A/duck/China/E26/2012_H5N1,-0.057192,0.007099,-0.006762,0.009299,Avian,N1
2004_A/duck/China/E53/201,A/duck/China/E53/2012_H5N1,-0.086942,0.029066,-0.026367,0.015086,Avian,N1
2005_A/duck/China/YD1516/,A/duck/China/YD1516/2016_H5N2,0.001777,0.107378,0.012202,-0.067533,Avian,N2
2006_A/duck/Chongqing/S43,A/duck/Chongqing/S4362/2017_H5N3,0.042375,-0.008982,-0.030093,0.013721,Avian,Others
2007_A/duck/Dongguan/2685,A/duck/Dongguan/2685/2013_H5N6,-0.099455,-0.027671,0.023412,-0.00526,Avian,N6
2008_A/duck/Eastern_China,A/duck/Eastern_China/008/2008_H5N5,0.014314,0.060627,0.027316,-0.031031,Avian,Others
2009_A/duck/Eastern_China,A/duck/Eastern_China/031/2009_H5N5,0.025911,0.063273,0.023863,-0.021356,Avian,Others
2010_A/duck/Eastern_China,A/duck/Eastern_China/057/2007_H5N1,-0.052867,0.010785,-0.021424,0.026355,Avian,N1
2011_A/duck/Eastern_China,A/duck/Eastern_China/108/2008_H5N1,-0.027733,0.028886,-0.015364,0.02031,Avian,N1
2012_A/duck/Eastern_China,A/duck/Eastern_China/1111/2011_H5N2,0.030403,0.070395,0.009973,-0.032451,Avian,N2
2013_A/duck/Eastern_China,A/duck/Eastern_China/909/2009_H5N1,0.023923,0.06643,0.023875,-0.022777,Avian,N1
2014_A/duck/Eastern_China,A/duck/Eastern_China/JY/2014_H5N8,0.051905,0.08373,0.049007,-0.073224,Avian,N8
2015_A/duck/Eastern_China,A/duck/Eastern_China/L0230/2010_H5N2,0.006888,0.06789,0.026252,-0.030451,Avian,N2
2016_A/duck/Eastern_China,A/duck/Eastern_China/L0321/2010_H5N2,0.022839,0.062475,0.016108,-0.030451,Avian,N2
2017_A/duck/Eastern_China,A/duck/Eastern_China/L0405/2010_H5N8,0.078777,0.076978,0.043129,-0.05108,Avian,N8
2018_A/duck/Eastern_China,A/duck/Eastern_China/L0423/2011_H5N8,0.084592,0.069578,0.037326,-0.055418,Avian,N8
2019_A/duck/Eastern_China,A/duck/Eastern_China/L0611/2011_H5N8,0.069933,0.078786,0.041508,-0.054598,Avian,N8
2020_A/duck/Eastern_China,A/duck/Eastern_China/L0722/2012_H5N8,0.079278,0.076238,0.042997,-0.051137,Avian,N8
2021_A/duck/Eastern_China,A/duck/Eastern_China/L1021/2012_H5N8,0.072856,0.035929,-0.007214,-0.009882,Avian,N8
2022_A/duck/Eastern_China,A/duck/Eastern_China/L1120/2012_H5N8,0.056467,0.077112,0.057478,-0.070555,Avian,N8
2023_A/duck/Eastern_China,A/duck/Eastern_China/S0131/2014_H5N2,0.008756,0.078708,0.025843,-0.071529,Avian,N2
2024_A/duck/Eastern_China,A/duck/Eastern_China/S0215/2014_H5N8,0.063985,0.087109,0.062471,-0.064871,Avian,N8
2025_A/duck/Eastern_China,A/duck/Eastern_China/S0322/2014__H5N6,-0.101653,-0.016146,0.019299,-0.00211,Avian,N6
2026_A/duck/Eastern_China,A/duck/Eastern_China/S0711/2014_H5N6,-0.107268,-0.006157,-0.012544,0.026314,Avian,N6
2027_A/duck/Eastern_China,A/duck/Eastern_China/S0808/2014_H5N2,0.000519,0.072681,-0.006827,-0.030075,Avian,N2
2028_A/duck/Eastern_China,A/duck/Eastern_China/S0908/2014_H5N6,-0.107245,-0.014891,0.012545,0.017375,Avian,N6
2029_A/duck/Eastern_China,A/duck/Eastern_China/S1109/2014_H5N8,0.049933,-0.023959,-0.021668,0.05996,Avian,N8
2030_A/duck/Eastern_China,A/duck/Eastern_China/S1210/2013_H5N8,0.106042,-0.009284,0.04889,-0.000879,Avian,N8
2031_A/duck/Fujian/1.17_F,A/duck/Fujian/1.17_FZHX0123-C/2017_H5N6,0.020987,0.080073,-0.049121,0.003046,Avian,N6
2032_A/duck/Fujian/10.26_,A/duck/Fujian/10.26_FZHX0002-O/2017_H5N6,0.013903,0.105659,0.00081,0.031359,Avian,N6
2033_A/duck/Fujian/10.26_,A/duck/Fujian/10.26_FZHX0010-O/2017_H5N6,0.016586,0.109074,-0.001919,0.034146,Avian,N6
2034_A/duck/Fujian/11.23_,A/duck/Fujian/11.23_FZHX0009-C/2017_H5N6,0.014137,0.106814,0.000328,0.030417,Avian,N6
2035_A/duck/Fujian/11.23_,A/duck/Fujian/11.23_FZHX0014-C/2017_H5N6,0.013541,0.101819,-0.005272,0.029811,Avian,N6
2036_A/duck/Fujian/11.23_,A/duck/Fujian/11.23_FZHX0015-C/2017_H5N6,0.016743,0.108578,-0.001288,0.034253,Avian,N6
2037_A/duck/Fujian/11.3_F,A/duck/Fujian/11.3_FZHX1132-O/2016_H5N6,0.0202,0.138285,-0.002737,-0.007315,Avian,N6
2038_A/duck/Fujian/11.3_F,A/duck/Fujian/11.3_FZHX1141-C/2016_H5N6,0.017201,0.140493,-0.006923,-0.006358,Avian,N6
2039_A/duck/Fujian/12.7_F,A/duck/Fujian/12.7_FZHX1202-O/2016_H5N6,0.017201,0.140493,-0.006923,-0.006358,Avian,N6
2040_A/duck/Fujian/12.7_F,A/duck/Fujian/12.7_FZHX1218-C/2016_H5N6,0.020483,0.136511,-0.004198,-0.008907,Avian,N6
2041_A/duck/Fujian/12.7_F,A/duck/Fujian/12.7_FZHX1219-O/2016_H5N6,0.020483,0.136511,-0.004198,-0.008907,Avian,N6
2042_A/duck/Fujian/12.7_F,A/duck/Fujian/12.7_FZHX1221-C/2016_H5N6,0.020483,0.136511,-0.004198,-0.008907,Avian,N6
2043_A/duck/Guangdong/11.,A/duck/Guangdong/11.18_SZBJ003-C/2016_H5N6,0.018386,0.119207,0.01162,-0.043151,Avian,N6
2044_A/duck/Guangdong/11.,A/duck/Guangdong/11.18_SZBJ003-O/2016_H5N6,0.018386,0.119207,0.01162,-0.043151,Avian,N6
2045_A/duck/Guangdong/11.,A/duck/Guangdong/11.18_SZBJ007-O/2016_H5N6,0.018386,0.119207,0.01162,-0.043151,Avian,N6
2046_A/duck/Guangdong/23/,A/duck/Guangdong/23/2004_H5N1,-0.058699,0.049858,-0.071173,0.001019,Avian,N1
2047_A/duck/Guangdong/GD0,A/duck/Guangdong/GD01/2014_H5N6,-0.100325,-0.022549,0.013309,0.00523,Avian,N6
2048_A/duck/Guangdong/s14,A/duck/Guangdong/s14044/2014_H5N8,0.051607,0.057589,0.058751,-0.077867,Avian,N8
2049_A/duck/Guangdong/wy1,A/duck/Guangdong/wy11/2008_H5N5,0.024118,0.030261,0.054974,-0.02525,Avian,Others
2050_A/duck/Guangdong/wy1,A/duck/Guangdong/wy19/2008_H5N5,0.026947,0.025277,0.04575,-0.032558,Avian,Others
2051_A/duck/Guangdong/wy2,A/duck/Guangdong/wy24/2008_H5N5,0.041845,0.048024,0.016969,-0.037224,Avian,Others
2052_A/duck/Guangzhou/018,A/duck/Guangzhou/018/2014_H5N6,-0.097136,-0.027676,0.021583,-0.0057,Avian,N6
2053_A/duck/Guangzhou/021,A/duck/Guangzhou/021/2014_H5N6,-0.104165,-0.031292,0.019888,-0.010571,Avian,N6
2054_A/duck/Guangzhou/412,A/duck/Guangzhou/41227/2014_H5N6,-0.08873,-0.02709,0.042771,0.011836,Avian,N6
2055_A/duck/Guizhou/7.27_,A/duck/Guizhou/7.27_ZYLJJ017-O/2018_H5N6,-0.104808,-0.010858,0.031159,-0.043449,Avian,N6
2056_A/duck/Guizhou/8.26_,A/duck/Guizhou/8.26_ZYLJJ016-O/2018_H5N6,-0.100868,0.019551,0.040581,-0.056224,Avian,N6
2057_A/duck/Guizhou/8.26_,A/duck/Guizhou/8.26_ZYLJJ017-O/2018_H5N6,-0.105549,-0.003134,0.032528,-0.032809,Avian,N6
2058_A/duck/Hainan/12.29_,A/duck/Hainan/12.29_HKPL002-C/2017_H5N6,-0.113602,0.016934,0.045588,-0.05791,Avian,N6
2059_A/duck/Hebei/0908/20,A/duck/Hebei/0908/2009_H5N2,0.066676,-0.004844,-0.020934,0.0395,Avian,N2
2060_A/duck/Hong_Kong/342,A/duck/Hong_Kong/342/1978_H5N2,0.040476,0.016245,-0.05229,0.02292,Avian,N2
2061_A/duck/Hsinchu/15020,A/duck/Hsinchu/15020216/2015_H5N2,0.134218,0.013539,0.076728,0.045441,Avian,N2
2062_A/duck/HuBei/03/2010,A/duck/HuBei/03/2010_H5N5,0.045193,0.033725,-0.115938,-0.023881,Avian,Others
2063_A/duck/Hubei/2911/20,A/duck/Hubei/2911/2007_H5N1,-0.067755,0.016152,-0.033424,0.021134,Avian,N1
2064_A/duck/Hubei/49/2005,A/duck/Hubei/49/2005_H5N1,-0.067815,0.024581,-0.036634,0.027948,Avian,N1
2065_A/duck/Hubei/SZY250/,A/duck/Hubei/SZY250/2016_H5N2,-0.002703,0.088566,0.001808,-0.070962,Avian,N2
2066_A/duck/Hubei/xn/2007,A/duck/Hubei/xn/2007_H5N1,-0.05199,0.036447,-0.042043,0.042746,Avian,N1
2067_A/duck/Hunan/01.12_Y,A/duck/Hunan/01.12_YYGK82H3-OC/2018_H5N6,-0.12937,-0.038799,0.044969,-0.035684,Avian,N6
2068_A/duck/Hunan/03.07_Y,A/duck/Hunan/03.07_YYGK25L3-OC/2018_H5N6,-0.093654,-0.008934,0.060147,-0.022738,Avian,N6
2069_A/duck/Hunan/03.07_Y,A/duck/Hunan/03.07_YYGK4L3-OC/2018_H5N6,0.020573,0.125268,0.023358,0.000115,Avian,N6
2070_A/duck/Hunan/03.24_Y,A/duck/Hunan/03.24_YYGK174M2-C/2017_H5N6,-0.139781,-0.022328,0.043937,-0.03146,Avian,N6
2071_A/duck/Hunan/03.24_Y,A/duck/Hunan/03.24_YYGK178M2-C/2017_H5N6,-0.138648,-0.022029,0.044308,-0.030719,Avian,N6
2072_A/duck/Hunan/03.24_Y,A/duck/Hunan/03.24_YYGK18M2-O/2017_H5N6,-0.138648,-0.022029,0.044308,-0.030719,Avian,N6
2073_A/duck/Hunan/03.24_Y,A/duck/Hunan/03.24_YYGK21M2-O/2017_H5N6,-0.137911,-0.022889,0.04353,-0.030912,Avian,N6
2074_A/duck/Hunan/1.12_YY,A/duck/Hunan/1.12_YYGK68H3-OC/2018_H5N6,-0.115547,0.004799,0.032352,-0.035532,Avian,N6
2075_A/duck/Hunan/1.12_YY,A/duck/Hunan/1.12_YYGK72H3-OC/2018_H5N6,-0.115547,0.004799,0.032352,-0.035532,Avian,N6
2076_A/duck/Hunan/1.12_YY,A/duck/Hunan/1.12_YYGK74H3-OC/2018_H5N6,-0.128579,-0.036577,0.044344,-0.027461,Avian,N6
2077_A/duck/Hunan/1.17_YY,A/duck/Hunan/1.17_YYGKK80-OC/2017_H5N6,0.026306,0.141387,0.004354,-0.032069,Avian,N6
2078_A/duck/Hunan/11.30_Y,A/duck/Hunan/11.30_YYGK59E3-OC/2017_H5N6,0.019252,0.108909,-0.004636,0.036723,Avian,N6
2079_A/duck/Hunan/11.30_Y,A/duck/Hunan/11.30_YYGK62E3-OC/2017_H5N6,-0.103572,-0.009603,0.052561,-0.037381,Avian,N6
2080_A/duck/Hunan/11.30_Y,A/duck/Hunan/11.30_YYGK63E3-OC/2017_H5N6,-0.103354,-0.007779,0.051285,-0.037965,Avian,N6
2081_A/duck/Hunan/11.30_Y,A/duck/Hunan/11.30_YYGK74E3-OC/2017_H5N8,0.082587,-0.061433,-0.023007,0.042292,Avian,N8
2082_A/duck/Hunan/11.30_Y,A/duck/Hunan/11.30_YYGK75E3-OC/2017_H5N6,0.082618,-0.059761,-0.020142,0.04115,Avian,N6
2083_A/duck/Hunan/12.27_Y,A/duck/Hunan/12.27_YYGK100J2-C/2016_H5N6,0.026261,0.145277,0.003527,-0.019626,Avian,N6
2084_A/duck/Hunan/12.27_Y,A/duck/Hunan/12.27_YYGK60J2-C/2016_H5N6,0.028729,0.158761,0.008778,-0.032368,Avian,N6
2085_A/duck/Hunan/12.27_Y,A/duck/Hunan/12.27_YYGK71J2-O/2016_H5N6,0.026261,0.145277,0.003527,-0.019626,Avian,N6
2086_A/duck/Hunan/12.27_Y,A/duck/Hunan/12.27_YYGK73J2-O/2016_H5N6,0.029762,0.155454,0.008391,-0.019599,Avian,N6
2087_A/duck/Hunan/12.27_Y,A/duck/Hunan/12.27_YYGK81J2-O/2016_H5N6,0.025233,0.145707,0.003254,-0.020002,Avian,N6
2088_A/duck/Hunan/12.27_Y,A/duck/Hunan/12.27_YYGK86J2-C/2016_H5N6,0.033173,0.158365,0.011027,-0.029388,Avian,N6
2089_A/duck/Hunan/12.27_Y,A/duck/Hunan/12.27_YYGK89J2-O/2016_H5N6,0.026261,0.145277,0.003527,-0.019626,Avian,N6
2090_A/duck/Hunan/12.27_Y,A/duck/Hunan/12.27_YYGK91J2-O/2016_H5N6,0.026261,0.145277,0.003527,-0.019626,Avian,N6
2091_A/duck/Hunan/12.27_Y,A/duck/Hunan/12.27_YYGK93J2-O/2016_H5N6,0.026261,0.145277,0.003527,-0.019626,Avian,N6
2092_A/duck/Hunan/12.27_Y,A/duck/Hunan/12.27_YYGK95J2-O/2016_H5N6,0.026261,0.145277,0.003527,-0.019626,Avian,N6
2093_A/duck/Hunan/12.27_Y,A/duck/Hunan/12.27_YYGK96J2-O/2016_H5N6,0.025659,0.145918,0.003553,-0.02109,Avian,N6
2094_A/duck/Hunan/12.27_Y,A/duck/Hunan/12.27_YYGK97J2-O/2016_H5N6,0.026261,0.145277,0.003527,-0.019626,Avian,N6
2095_A/duck/Hunan/2.06_YY,A/duck/Hunan/2.06_YYGK77J3-OC/2018_H5N6,-0.094392,-0.010321,0.058377,-0.024746,Avian,N6
2096_A/duck/Hunan/2.06_YY,A/duck/Hunan/2.06_YYGK78J3-OC/2018_H5N6,-0.106269,0.017517,0.014523,-0.046246,Avian,N6
2097_A/duck/Hunan/2.06_YY,A/duck/Hunan/2.06_YYGK84J3-OC/2018_H5N6,-0.094392,-0.010321,0.058377,-0.024746,Avian,N6
2098_A/duck/Hunan/2.06_YY,A/duck/Hunan/2.06_YYGK92J3-OC/2018_H5N6,-0.094392,-0.010321,0.058377,-0.024746,Avian,N6
2099_A/duck/Hunan/3/2007_,A/duck/Hunan/3/2007_H5N1,-0.046205,0.010996,-0.021153,0.018677,Avian,N1
2100_A/duck/Hunan/316/200,A/duck/Hunan/316/2005_H5N1,-0.057293,0.049057,-0.050061,0.050181,Avian,N1
2101_A/duck/Hunan/3315/20,A/duck/Hunan/3315/2006_H5N1,-0.071685,0.03196,-0.038602,0.021686,Avian,N1
2102_A/duck/Hunan/689/200,A/duck/Hunan/689/2006_H5N1,-0.056165,0.051446,-0.035479,0.029469,Avian,N1
2103_A/duck/Hunan/7.21_YY,A/duck/Hunan/7.21_YYGK41Y1-C/2016_H5N6,-0.122021,-0.020957,0.046019,-0.033879,Avian,N6
2104_A/duck/Hunan/733/200,A/duck/Hunan/733/2004_H5N1,-0.047272,0.050528,-0.047879,0.028842,Avian,N1
2105_A/duck/Hunan/8/2008_,A/duck/Hunan/8/2008_H5N1,0.04616,-0.027586,0.005985,0.020103,Avian,N1
2106_A/duck/Hunan/S4020/2,A/duck/Hunan/S4020/2008_H5N1,-0.065489,-0.013511,-0.063435,0.044249,Avian,N1
2107_A/duck/Hunan/S4030/2,A/duck/Hunan/S4030/2011_H5N1,-0.090653,0.008228,-0.057205,0.036103,Avian,N1
2108_A/duck/Hunan/S4101/2,A/duck/Hunan/S4101/2011_H5N2,0.09215,-0.014667,-0.013257,0.036843,Avian,N2
2109_A/duck/Hunan/S4120/2,A/duck/Hunan/S4120/2011_H5N2,0.092352,-0.012052,-0.01251,0.04536,Avian,N2
2110_A/duck/Hunan/S4150/2,A/duck/Hunan/S4150/2011_H5N1,-0.067827,-0.01362,-0.028646,-0.000286,Avian,N1
2111_A/duck/Hunan/S4220/2,A/duck/Hunan/S4220/2011_H5N1,-0.064428,-0.004759,-0.031124,0.01317,Avian,N1
2112_A/duck/Jiangsu/m234/,A/duck/Jiangsu/m234/2012_H5N2,0.10795,0.028391,-0.059542,0.042682,Avian,N2
2113_A/duck/Jiangxi/01.11,A/duck/Jiangxi/01.11_NCNP101G2-OC/2017_H5N6,-0.11063,0.001353,0.026935,-0.032169,Avian,N6
2114_A/duck/Jiangxi/10160,A/duck/Jiangxi/10160/2014_H5N6,-0.117437,-0.019083,-0.007277,0.02903,Avian,N6
2115_A/duck/Jiangxi/11.17,A/duck/Jiangxi/11.17_NCNP30Y2-O/2016_H5N6,0.007201,0.060576,-0.035679,0.04102,Avian,N6
2116_A/duck/Jiangxi/11.17,A/duck/Jiangxi/11.17_NCNP48Y2-C/2016_H5N6,0.007201,0.060576,-0.035679,0.04102,Avian,N6
2117_A/duck/Jiangxi/11.29,A/duck/Jiangxi/11.29_NCDZT71H2-O/2016_H5N6,0.03244,0.121293,0.016356,-0.049575,Avian,N6
2118_A/duck/Jiangxi/11.29,A/duck/Jiangxi/11.29_NCNP22D3-OC/2017_H5N6,0.043431,0.136627,0.012382,-0.021957,Avian,N6
2119_A/duck/Jiangxi/11.29,A/duck/Jiangxi/11.29_NCNP39D3-OC/2017_H5N6,-0.087482,0.005303,0.044293,-0.045665,Avian,N6
2120_A/duck/Jiangxi/120/2,A/duck/Jiangxi/120/2011_H5N1,0.048516,-0.014854,-0.106206,-0.035729,Avian,N1
2121_A/duck/Jiangxi/130/2,A/duck/Jiangxi/130/2011_H5N1,-0.071933,-0.015737,-0.032448,-0.012401,Avian,N1
2122_A/duck/Jiangxi/13469,A/duck/Jiangxi/13469/2014_H5N6,-0.109067,-0.012672,-0.007383,0.031508,Avian,N6
2123_A/duck/Jiangxi/13475,A/duck/Jiangxi/13475/2014_H5N6,-0.109067,-0.012672,-0.007383,0.031508,Avian,N6
2124_A/duck/Jiangxi/13484,A/duck/Jiangxi/13484/2014_H5N6,-0.109067,-0.012672,-0.007383,0.031508,Avian,N6
2125_A/duck/Jiangxi/2.28N,A/duck/Jiangxi/2.28NCNP23K3-OC/2018_H5N6,-0.095283,-0.001242,0.042463,-0.035544,Avian,N6
2126_A/duck/Jiangxi/2.28_,A/duck/Jiangxi/2.28_NCNP25K3-OC/2018_H5N6,-0.095283,-0.001242,0.042463,-0.035544,Avian,N6
2127_A/duck/Jiangxi/34/20,A/duck/Jiangxi/34/2011_H5N1,-0.095797,0.006302,-0.020637,0.024782,Avian,N1
2128_A/duck/Jiangxi/35/20,A/duck/Jiangxi/35/2011_H5N1,0.008774,-0.008522,-0.027988,0.048725,Avian,N1
2129_A/duck/Jiangxi/44/20,A/duck/Jiangxi/44/2011_H5N1,0.04736,0.021162,0.000186,-0.014328,Avian,N1
2130_A/duck/Jiangxi/5.26_,A/duck/Jiangxi/5.26_NCDZT80Q2-OC/2017_H5N6,-0.020723,-0.023255,-0.03293,-0.013731,Avian,N6
2131_A/duck/Jiangxi/80/20,A/duck/Jiangxi/80/2005_H5N1,-0.038608,0.077447,-0.069927,0.029475,Avian,N1
2132_A/duck/Jilin/JL-SIV/,A/duck/Jilin/JL-SIV/2013_H5N1,-0.044115,0.004728,-0.039303,0.02145,Avian,N1
2133_A/duck/Kaohsiung/150,A/duck/Kaohsiung/15010213/2015_H5N2,0.12944,0.006366,0.064281,0.043368,Avian,N2
2134_A/duck/Kaohsiung/15W,A/duck/Kaohsiung/15WB3298-1-5/2015_H5N3,0.027552,-0.021923,-0.044078,0.015206,Avian,Others
2135_A/duck/Kaohsiung/20W,A/duck/Kaohsiung/20WB0242-154/2020_H5N3,0.034484,0.001511,-0.027534,0.066638,Avian,Others
2136_A/duck/Liaoning/LN/2,A/duck/Liaoning/LN/2011_H5N5,0.055988,-0.015882,-0.054341,0.046095,Avian,Others
2137_A/duck/Nanchang/9789,A/duck/Nanchang/9789/2013_H5N1,-0.122232,-0.011175,0.006892,0.014577,Avian,N1
2138_A/duck/Nantou/15A343,A/duck/Nantou/15A3437/2015_H5N2,0.127187,0.006127,0.062471,0.052719,Avian,N2
2139_A/duck/Nantou/17A024,A/duck/Nantou/17A0243/2017_H5N2,0.172911,0.014212,0.073059,0.00589,Avian,N2
2140_A/duck/Pingtung/1501,A/duck/Pingtung/15010180/2015_H5N3,0.061092,-0.00489,-0.054401,0.004145,Avian,Others
2141_A/duck/Pingtung/1501,A/duck/Pingtung/15010444/2015_H5N2,0.121664,0.013341,0.062804,0.04168,Avian,N2
2142_A/duck/Pingtung/17A0,A/duck/Pingtung/17A0160/2017_H5N2,0.166746,0.018052,0.069442,0.005118,Avian,N2
2143_A/duck/Pingtung/18A0,A/duck/Pingtung/18A00003-11-20T/2018_H5N2,0.154817,0.00686,0.047638,0.01822,Avian,N2
2144_A/duck/Pingtung/18A0,A/duck/Pingtung/18A00076-11-20T/2018_H5N2,0.176962,-0.009578,0.072241,-0.003878,Avian,N2
2145_A/duck/Pingtung/18X0,A/duck/Pingtung/18X00077/2018_H5N2,0.005052,0.059801,-0.022247,0.081671,Avian,N2
2146_A/duck/Shandong/009/,A/duck/Shandong/009/2008_H5N1,0.04536,0.026216,-0.126236,-0.020078,Avian,N1
2147_A/duck/Shandong/Q1/2,A/duck/Shandong/Q1/2013_H5N8,0.040902,0.063657,0.05122,-0.082456,Avian,N8
2148_A/duck/Shandong/SD02,A/duck/Shandong/SD0261/2021_H5N6,0.082316,-0.109857,0.016998,-0.043667,Avian,N6
2149_A/duck/Shandong/SD02,A/duck/Shandong/SD0263/2021_H5N6,0.082316,-0.109857,0.016998,-0.043667,Avian,N6
2150_A/duck/Sichuan/NCXJ1,A/duck/Sichuan/NCXJ15/2014_H5N6,-0.09477,-0.007401,0.007061,0.028918,Avian,N6
2151_A/duck/Sichuan/NCXJ1,A/duck/Sichuan/NCXJ16/2014_H5N6,-0.106363,-0.00932,0.008179,0.039461,Avian,N6
2152_A/duck/Sichuan/NCXN1,A/duck/Sichuan/NCXN10/2014_H5N1,-0.084522,-0.023469,0.013376,0.005805,Avian,N1
2153_A/duck/Sichuan/NCXN1,A/duck/Sichuan/NCXN11/2014_H5N1,-0.089374,-0.015419,0.010364,0.006572,Avian,N1
2154_A/duck/Sichuan/SC482,A/duck/Sichuan/SC4822/2021_H5N6,-0.010217,0.115287,0.010563,0.018385,Avian,N6
2155_A/duck/Sichuan/SC569,A/duck/Sichuan/SC5698/2021_H5N6,-0.014048,0.109331,0.003229,0.019244,Avian,N6
2156_A/duck/Taichung/1501,A/duck/Taichung/15010400-1/2015_H5N2,0.136017,0.004747,0.066566,0.059091,Avian,N2
2157_A/duck/Tainan/150104,A/duck/Tainan/15010403/2015_H5N8,0.008213,-0.024159,-0.021063,-0.004578,Avian,N8
2158_A/duck/Tainan/160100,A/duck/Tainan/16010020-1/2016_H5N2,0.126764,0.015877,0.079053,0.043897,Avian,N2
2159_A/duck/Tainan/16WB34,A/duck/Tainan/16WB3443-156-160/2016_H5N3,0.08049,-0.03355,-0.025351,0.015215,Avian,Others
2160_A/duck/Taipei/05WB83,A/duck/Taipei/05WB830-1-5-E2/2005_H5N2,0.02447,0.019527,-0.014723,-0.006965,Avian,N2
2161_A/duck/Taipei/18WB01,A/duck/Taipei/18WB0120-1-5-E1/2018_H5N3,0.056717,0.015085,-0.049822,0.005208,Avian,Others
2162_A/duck/Taipei/19WB02,A/duck/Taipei/19WB0235-14-16/2019_H5N3,0.031161,0.021171,0.000808,0.025586,Avian,Others
2163_A/duck/Taiwan/01006/,A/duck/Taiwan/01006/2015_H5N2,0.133104,0.009316,0.062666,0.050642,Avian,N2
2164_A/duck/Taiwan/11213/,A/duck/Taiwan/11213/2013_H5N2,0.033083,-0.022595,-0.055684,0.064946,Avian,N2
2165_A/duck/Taiwan/11254/,A/duck/Taiwan/11254/2013_H5N2,0.037245,-0.022726,-0.056451,0.074063,Avian,N2
2166_A/duck/Taiwan/A3400/,A/duck/Taiwan/A3400/2015_H5N8,0.062721,-0.001214,-0.051545,0.004513,Avian,N8
2167_A/duck/Taiwan/DV1238,A/duck/Taiwan/DV1238/2009_H5N2,0.042165,0.013,0.006137,-0.052829,Avian,N2
2168_A/duck/Taiwan/DV1241,A/duck/Taiwan/DV1241/2009_H5N2,0.042165,0.013,0.006137,-0.052829,Avian,N2
2169_A/duck/Taiwan/DV1242,A/duck/Taiwan/DV1242/2009_H5N2,0.042165,0.013,0.006137,-0.052829,Avian,N2
2170_A/duck/Taoyuan/16010,A/duck/Taoyuan/16010023-1/2016_H5N2,0.132104,0.009009,0.082137,0.053607,Avian,N2
2171_A/duck/Wenzhou/YJYF3,A/duck/Wenzhou/YJYF33/2015_H5N1,0.044625,-0.00149,-0.029286,-0.018733,Avian,N1
2172_A/duck/Wuhan/JXYFB22,A/duck/Wuhan/JXYFB22/2015_H5N6,-0.099726,-0.022897,0.009455,0.014423,Avian,N6
2173_A/duck/Wuhan/WHYF02/,A/duck/Wuhan/WHYF02/2015_H5N6,-0.109199,-0.030013,-0.000883,0.004397,Avian,N6
2174_A/duck/Xinjiang/12.1,A/duck/Xinjiang/12.18_WLMQXL001-C/2016_H5N8,0.100301,-0.072085,-0.016907,0.047377,Avian,N8
2175_A/duck/Yilan/17A0092,A/duck/Yilan/17A0092/2017_H5N2,0.167535,0.012405,0.067752,0.002589,Avian,N2
2176_A/duck/Yunlin/150102,A/duck/Yunlin/15010244-1/2015_H5N2,0.135895,0.003804,0.068822,0.058029,Avian,N2
2177_A/duck/Yunlin/150102,A/duck/Yunlin/15010277/2015_H5N8,0.007121,0.062267,0.011591,-0.062074,Avian,N8
2178_A/duck/Yunlin/150103,A/duck/Yunlin/15010310-4/2015_H5N2,0.135997,0.006812,0.069778,0.057817,Avian,N2
2179_A/duck/Yunlin/150103,A/duck/Yunlin/15010318-2/2015_H5N2,0.133352,0.011878,0.069184,0.051055,Avian,N2
2180_A/duck/Yunlin/150103,A/duck/Yunlin/15010369-1/2015_H5N2,0.135844,0.007298,0.069159,0.057712,Avian,N2
2181_A/duck/Yunlin/150104,A/duck/Yunlin/15010458-1/2015_H5N8,0.006767,0.064951,0.011508,-0.060046,Avian,N8
2182_A/duck/Yunlin/150700,A/duck/Yunlin/15070002-2/2015_H5N2,0.131718,0.016997,0.057915,0.054012,Avian,N2
2183_A/duck/Yunlin/15A501,A/duck/Yunlin/15A5019/2015_H5N2,0.137189,0.014744,0.058895,0.048586,Avian,N2
2184_A/duck/Yunlin/171100,A/duck/Yunlin/17110001/2017_H5N2,0.160797,0.028153,0.067799,-0.00002,Avian,N2
2185_A/duck/Yunlin/17A008,A/duck/Yunlin/17A0086/2017_H5N2,0.15864,0.013414,0.068966,-0.000735,Avian,N2
2186_A/duck/Yunlin/17A068,A/duck/Yunlin/17A0686/2017_H5N2,0.163544,0.010826,0.059849,0.009683,Avian,N2
2187_A/duck/Yunlin/180600,A/duck/Yunlin/18060007-3/2018_H5N2,0.150614,0.031577,0.071396,0.000418,Avian,N2
2188_A/duck/Yunlin/18X000,A/duck/Yunlin/18X00007-3/2018_H5N2,0.030661,-0.027617,-0.042081,0.013856,Avian,N2
2189_A/duck/Yunnan/4072/2,A/duck/Yunnan/4072/2003_H5N1,-0.039886,0.055272,-0.053105,0.03797,Avian,N1
2190_A/duck/Yunnan/426/20,A/duck/Yunnan/426/2004_H5N1,-0.03278,0.057032,-0.053523,0.030263,Avian,N1
2191_A/duck/Yunnan/4645/2,A/duck/Yunnan/4645/2003_H5N1,-0.039886,0.055272,-0.053105,0.03797,Avian,N1
2192_A/duck/Yunnan/47/200,A/duck/Yunnan/47/2006_H5N1,-0.065031,0.022805,-0.048836,0.031583,Avian,N1
2193_A/duck/Yunnan/485/20,A/duck/Yunnan/485/2004_H5N1,-0.035316,0.053252,-0.05381,0.04102,Avian,N1
2194_A/duck/Yunnan/4873/2,A/duck/Yunnan/4873/2006_H5N1,-0.063324,0.025087,-0.02541,0.049315,Avian,N1
2195_A/duck/Yunnan/5090/2,A/duck/Yunnan/5090/2003_H5N1,-0.045135,0.049279,-0.04878,0.046722,Avian,N1
2196_A/duck/Yunnan/5169/2,A/duck/Yunnan/5169/2003_H5N1,-0.047749,0.051315,-0.052285,0.047829,Avian,N1
2197_A/duck/Yunnan/522/20,A/duck/Yunnan/522/2004_H5N1,-0.040644,0.053075,-0.052702,0.040122,Avian,N1
2198_A/duck/Yunnan/5310/2,A/duck/Yunnan/5310/2006_H5N1,-0.05884,0.023695,-0.025746,0.039116,Avian,N1
2199_A/duck/Yunnan/5948/2,A/duck/Yunnan/5948/2003_H5N1,-0.040644,0.053075,-0.052702,0.040122,Avian,N1
2200_A/duck/Yunnan/6080/2,A/duck/Yunnan/6080/2003_H5N1,-0.040644,0.053075,-0.052702,0.040122,Avian,N1
2201_A/duck/Yunnan/6603/2,A/duck/Yunnan/6603/2003_H5N1,-0.039362,0.049855,-0.051107,0.027474,Avian,N1
2202_A/duck/Zhejiang/1026,A/duck/Zhejiang/1026109/2015_H5N2,-0.00163,0.084749,0.00235,-0.04274,Avian,N2
2203_A/duck/Zhejiang/1220,A/duck/Zhejiang/1220092/2014_H5N1,-0.111836,0.03399,-0.013357,0.046215,Avian,N1
2204_A/duck/Zhejiang/213/,A/duck/Zhejiang/213/2011_H5N1,-0.088279,0.031239,-0.012667,0.043441,Avian,N1
2205_A/duck/Zhejiang/224/,A/duck/Zhejiang/224/2011_H5N1,-0.091329,0.018291,-0.022191,0.0304,Avian,N1
2206_A/duck/Zhejiang/2242,A/duck/Zhejiang/2242/2011_H5N1,-0.091329,0.018291,-0.022191,0.0304,Avian,N1
2207_A/duck/Zhejiang/2243,A/duck/Zhejiang/2243/2011_H5N1,-0.091329,0.018291,-0.022191,0.0304,Avian,N1
2208_A/duck/Zhejiang/2244,A/duck/Zhejiang/2244/2011_H5N1,-0.091329,0.018291,-0.022191,0.0304,Avian,N1
2209_A/duck/Zhejiang/2245,A/duck/Zhejiang/2245/2011_H5N1,0.06838,-0.049404,-0.027175,-0.009474,Avian,N1
2210_A/duck/Zhejiang/2248,A/duck/Zhejiang/2248/2011_H5N1,-0.091329,0.018291,-0.022191,0.0304,Avian,N1
2211_A/duck/Zhejiang/6D18,A/duck/Zhejiang/6D18/2013_H5N8,0.052315,0.086206,0.05075,-0.077157,Avian,N8
2212_A/duck/Zhejiang/6D2/,A/duck/Zhejiang/6D2/2013_H5N6,-0.12022,-0.006856,-0.002639,0.036288,Avian,N6
2213_A/duck/Zhejiang/6DK1,A/duck/Zhejiang/6DK19/2013_H5N2,0.045046,0.135817,-0.006124,0.039935,Avian,N2
2214_A/duck/Zhejiang/7270,A/duck/Zhejiang/727041/2014_H5N2,0.025896,-0.017453,-0.036747,0.050209,Avian,N2
2215_A/duck/Zhejiang/7271,A/duck/Zhejiang/727158/2014_H5N6,-0.112506,-0.042203,0.012774,-0.02142,Avian,N6
2216_A/duck/Zhejiang/7713,A/duck/Zhejiang/77138/2014_H5N2,-0.107761,0.003412,0.025258,-0.021329,Avian,N2
2217_A/duck/Zhejiang/9250,A/duck/Zhejiang/925019/2014_H5N8,0.041492,0.069993,0.036247,-0.070429,Avian,N8
2218_A/duck/Zhejiang/9251,A/duck/Zhejiang/925169/2014_H5N8,0.062952,0.08986,0.041509,-0.055952,Avian,N8
2219_A/duck/Zhejiang/W24/,A/duck/Zhejiang/W24/2013_H5N8,0.053729,0.072483,0.041427,-0.081241,Avian,N8
2220_A/egret/Zhejiang/W15,A/egret/Zhejiang/W15/2017_H5N6,0.030226,0.122152,0.017776,-0.061621,Avian,N6
2221_A/egret/Zhejiang/W18,A/egret/Zhejiang/W18/2017_H5N6,0.036877,-0.014816,-0.174551,-0.049902,Avian,N6
2222_A/equine/China/61/20,A/equine/China/61/2010_H5N1,-0.058991,0.035952,-0.047266,0.056409,Nonhuman Mammal,N1
2223_A/equine/China/67/20,A/equine/China/67/2010_H5N1,-0.058991,0.035952,-0.047266,0.056409,Nonhuman Mammal,N1
2224_A/equine/China/68/20,A/equine/China/68/2010_H5N1,-0.061989,0.03816,-0.051451,0.057366,Nonhuman Mammal,N1
2225_A/eurasian_coot/Shan,A/eurasian_coot/Shandong/W5611/2020_H5N8,0.068294,-0.10884,0.011279,-0.034604,Avian,N8
2226_A/eurasian_coot/Shan,A/eurasian_coot/Shandong/W6137/2020_H5N8,0.065743,-0.109235,0.012347,-0.035368,Avian,N8
2227_A/eurasian_coot/Shan,A/eurasian_coot/Shandong/W6143/2020_H5N8,0.072815,-0.102778,0.00933,-0.030614,Avian,N8
2228_A/eurasian_coot/Shan,A/eurasian_coot/Shandong/W6150/2020_H5N8,0.068294,-0.10884,0.011279,-0.034604,Avian,N8
2229_A/feline/Guangdong/2,A/feline/Guangdong/2/2015_H5N6,-0.08789,-0.041059,0.036188,0.001953,Nonhuman Mammal,N6
2230_A/gadwall/Ningxia/YG,A/gadwall/Ningxia/YG61/2017_H5N6,0.074613,-0.091887,0.020613,0.05307,Avian,N6
2231_A/goose/Changhua/150,A/goose/Changhua/15040008/2015_H5N2,0.143217,0.007035,0.068958,0.056456,Avian,N2
2232_A/goose/Chiayi/15010,A/goose/Chiayi/15010008-3/2015_H5N2,0.134847,0.008035,0.062156,0.050818,Avian,N2
2233_A/goose/Chiayi/15010,A/goose/Chiayi/15010016-1/2015_H5N2,0.130166,0.012506,0.062814,0.036242,Avian,N2
2234_A/goose/Chiayi/15020,A/goose/Chiayi/15020022/2015_H5N8,0.012378,0.053395,0.004246,-0.062699,Avian,N8
2235_A/goose/Chiayi/16010,A/goose/Chiayi/16010017-2/2016_H5N2,0.126367,0.015229,0.079078,0.043386,Avian,N2
2236_A/goose/Chiayi/16040,A/goose/Chiayi/16040003-1/2016_H5N2,0.125261,0.011265,0.090431,0.050809,Avian,N2
2237_A/goose/Chiayi/16040,A/goose/Chiayi/16040005/2016_H5N2,0.125415,0.010779,0.09105,0.050914,Avian,N2
2238_A/goose/Chiayi/17020,A/goose/Chiayi/17020027-1/2017_H5N2,0.162312,0.020223,0.064714,0.004896,Avian,N2
2239_A/goose/Chiayi/17040,A/goose/Chiayi/17040014/2017_H5N2,0.123974,0.007469,0.055078,0.033891,Avian,N2
2240_A/goose/Chiayi/18010,A/goose/Chiayi/18010006/2018_H5N2,0.167006,0.026757,0.060659,-0.001663,Avian,N2
2241_A/goose/Chiayi/18020,A/goose/Chiayi/18020014-1/2018_H5N2,0.17054,0.036564,0.060241,0.009633,Avian,N2
2242_A/goose/Chiayi/18020,A/goose/Chiayi/18020014-2/2018_H5N2,0.17054,0.036564,0.060241,0.009633,Avian,N2
2243_A/goose/China/0701/2,A/goose/China/0701/2018_H5N6,-0.096042,-0.029943,0.030335,-0.015927,Avian,N6
2244_A/goose/China/1/2021,A/goose/China/1/2021_H5N8,0.071093,-0.113932,0.018626,-0.041351,Avian,N8
2245_A/goose/China/1106/2,A/goose/China/1106/2016_H5N2,0.009268,0.089028,0.000434,-0.073303,Avian,N2
2246_A/goose/China/E43/20,A/goose/China/E43/2012_H5N1,-0.091915,0.013363,-0.000896,0.025016,Avian,N1
2247_A/goose/China/M14/20,A/goose/China/M14/2016_H5N6,0.079476,-0.033127,-0.158587,-0.0399,Avian,N6
2248_A/goose/Eastern_Chin,A/goose/Eastern_China/1112/2011_H5N2,0.013445,0.065438,0.022776,-0.028106,Avian,N2
2249_A/goose/Eastern_Chin,A/goose/Eastern_China/223/2008_H5N1,0.072393,0.017043,-0.139469,-0.031182,Avian,N1
2250_A/goose/Eastern_Chin,A/goose/Eastern_China/CZ/2013_H5N8,0.052784,0.075297,0.045214,-0.083218,Avian,N8
2251_A/goose/Eastern_Chin,A/goose/Eastern_China/L1204/2012_H5N8,0.044609,0.055996,0.068098,-0.064117,Avian,N8
2252_A/goose/Eastern_Chin,A/goose/Eastern_China/L1214/2012_H5N8,0.06729,0.082025,0.04794,-0.062871,Avian,N8
2253_A/goose/Eastern_Chin,A/goose/Eastern_China/S0408/2014_H5N8,0.053459,0.076383,0.03746,-0.064718,Avian,N8
2254_A/goose/Eastern_Chin,A/goose/Eastern_China/S0513/2013_H5N6,-0.101815,-0.017545,0.010178,-0.003805,Avian,N6
2255_A/goose/Fujian/10.11,A/goose/Fujian/10.11_FZHX1001-C/2016_H5N6,0.017201,0.140493,-0.006923,-0.006358,Avian,N6
2256_A/goose/Fujian/10.26,A/goose/Fujian/10.26_FZHX0002-C/2017_H5N6,0.016743,0.108578,-0.001288,0.034253,Avian,N6
2257_A/goose/Fujian/10.26,A/goose/Fujian/10.26_FZHX0002-O/2017_H5N6,0.016743,0.108578,-0.001288,0.034253,Avian,N6
2258_A/goose/Fujian/10.26,A/goose/Fujian/10.26_FZHX0004-C/2017_H5N6,0.015088,0.115573,-0.007582,0.04597,Avian,N6
2259_A/goose/Fujian/10.26,A/goose/Fujian/10.26_FZHX0004-O/2017_H5N6,0.015322,0.116728,-0.008064,0.045028,Avian,N6
2260_A/goose/Fujian/10.26,A/goose/Fujian/10.26_FZHX0006-C/2017_H5N6,0.015088,0.115573,-0.007582,0.04597,Avian,N6
2261_A/goose/Fujian/10.26,A/goose/Fujian/10.26_FZHX0006-O/2017_H5N6,0.015088,0.115573,-0.007582,0.04597,Avian,N6
2262_A/goose/Fujian/10.26,A/goose/Fujian/10.26_FZHX0007-O/2017_H5N6,0.016743,0.108578,-0.001288,0.034253,Avian,N6
2263_A/goose/Fujian/10.26,A/goose/Fujian/10.26_FZHX0008-C/2017_H5N6,0.015088,0.115573,-0.007582,0.04597,Avian,N6
2264_A/goose/Fujian/10.26,A/goose/Fujian/10.26_FZHX0014-O/2017_H5N6,0.016743,0.108578,-0.001288,0.034253,Avian,N6
2265_A/goose/Fujian/11.3_,A/goose/Fujian/11.3_FZHX1102-C/2016_H5N6,0.017201,0.140493,-0.006923,-0.006358,Avian,N6
2266_A/goose/Fujian/3.15_,A/goose/Fujian/3.15_FZHX0001-O/2018_H5N6,-0.111693,0.015396,0.034663,-0.054249,Avian,N6
2267_A/goose/Fujian/3.15_,A/goose/Fujian/3.15_FZHX0005-C/2018_H5N6,-0.106956,0.020567,0.032448,-0.049439,Avian,N6
2268_A/goose/Fujian/3.15_,A/goose/Fujian/3.15_FZHX0007-C/2018_H5N6,-0.117704,0.009227,0.022285,-0.043555,Avian,N6
2269_A/goose/Fujian/3.15_,A/goose/Fujian/3.15_FZHX0008-C/2018_H5N6,-0.099234,0.021675,0.036268,-0.044728,Avian,N6
2270_A/goose/Fujian/3.15_,A/goose/Fujian/3.15_FZHX0010-O/2018_H5N6,-0.09766,0.006428,0.028766,-0.02938,Avian,N6
2271_A/goose/GuangDong/11,A/goose/GuangDong/1189/2023_H5N1,0.047462,0.002064,-0.031357,0.011609,Avian,N1
2272_A/goose/Guangdong/7.,A/goose/Guangdong/7.20_DGCP010-C/2017_H5N6,-0.11457,0.003537,0.024829,-0.033827,Avian,N6
2273_A/goose/Guangdong/72,A/goose/Guangdong/72/2004_H5N1,-0.043495,0.085787,-0.07167,0.039919,Avian,N1
2274_A/goose/Guangdong/QY,A/goose/Guangdong/QY01/2016_H5N6,-0.111813,-0.015655,0.05094,-0.051834,Avian,N6
2275_A/goose/Guangdong/k0,A/goose/Guangdong/k0103/2010_H5N5,0.032571,0.037778,0.032966,-0.027599,Avian,Others
2276_A/goose/Guangdong/s1,A/goose/Guangdong/s13124/2013_H5N8,0.051607,0.057589,0.058751,-0.077867,Avian,N8
2277_A/goose/Hebei/HG12/2,A/goose/Hebei/HG12/2021_H5N8,0.06792,-0.111358,0.011865,-0.034507,Avian,N8
2278_A/goose/Henan/01.01_,A/goose/Henan/01.01_LYGL001-O/2017_H5N6,0.035549,0.102988,0.026693,-0.065895,Avian,N6
2279_A/goose/Hong_Kong/23,A/goose/Hong_Kong/23/1978_H5N3,0.010921,0.020242,-0.026813,0.022912,Avian,Others
2280_A/goose/Hubei/65/200,A/goose/Hubei/65/2005_H5N1,-0.068046,0.02864,-0.049766,0.019007,Avian,N1
2281_A/goose/Inner_Mongol,A/goose/Inner_Mongolia/IM-192/2014_H5N1,0.053013,-0.039578,-0.022364,0.066794,Avian,N1
2282_A/goose/Jiangsu/QD5/,A/goose/Jiangsu/QD5/2014_H5N8,0.053758,0.084919,0.04454,-0.068912,Avian,N8
2283_A/goose/Jiangsu/k040,A/goose/Jiangsu/k0403/2010_H5N1,0.033056,-0.006515,-0.095248,-0.017559,Avian,N1
2284_A/goose/Pingtung/150,A/goose/Pingtung/15010007-4/2015_H5N2,0.13131,0.012289,0.061863,0.043525,Avian,N2
2285_A/goose/Pingtung/150,A/goose/Pingtung/15010037-1/2015_H5N2,0.130573,0.013148,0.062641,0.043718,Avian,N2
2286_A/goose/Pingtung/150,A/goose/Pingtung/15050014/2015_H5N8,0.068749,0.002387,-0.04902,0.010506,Avian,N8
2287_A/goose/Pingtung/160,A/goose/Pingtung/16010061/2016_H5N8,0.06459,0.010227,-0.051893,0.014286,Avian,N8
2288_A/goose/Shantou/1763,A/goose/Shantou/1763/2014_H5N6,-0.099971,-0.035303,0.018568,0.00932,Avian,N6
2289_A/goose/Tainan/16040,A/goose/Tainan/16040018-1/2016_H5N8,0.066919,0.03159,-0.057359,0.006683,Avian,N8
2290_A/goose/Tainan/16070,A/goose/Tainan/16070002/2016_H5N8,0.060098,0.025081,-0.066938,0.008532,Avian,N8
2291_A/goose/Tainan/17030,A/goose/Tainan/17030022-1/2017_H5N2,0.160104,0.022362,0.071679,0.00356,Avian,N2
2292_A/goose/Tainan/17030,A/goose/Tainan/17030024-1/2017_H5N2,0.166942,0.013893,0.070842,-0.006529,Avian,N2
2293_A/goose/Tainan/18010,A/goose/Tainan/18010022-1/2018_H5N2,0.156482,0.01334,0.076109,0.001728,Avian,N2
2294_A/goose/Tainan/18050,A/goose/Tainan/18050014-1/2018_H5N2,0.134224,-0.017463,0.072032,0.008366,Avian,N2
2295_A/goose/Taiwan/01019,A/goose/Taiwan/01019/2015_H5N8,0.007202,-0.025025,-0.02465,-0.004256,Avian,N8
2296_A/goose/Taiwan/01022,A/goose/Taiwan/01022/2015_H5N2,0.130926,0.005535,0.070298,0.054909,Avian,N2
2297_A/goose/Taiwan/01023,A/goose/Taiwan/01023/2015_H5N2,0.13412,0.013161,0.063726,0.036189,Avian,N2
2298_A/goose/Taiwan/01031,A/goose/Taiwan/01031/2015_H5N2,0.13506,0.013311,0.067162,0.04576,Avian,N2
2299_A/goose/Taiwan/01038,A/goose/Taiwan/01038/2015_H5N3,0.056229,-0.005152,-0.037031,0.003513,Avian,Others
2300_A/goose/Taiwan/01039,A/goose/Taiwan/01039/2015_H5N8,-0.005371,0.056704,0.012703,-0.068891,Avian,N8
2301_A/goose/Taiwan/01040,A/goose/Taiwan/01040/2015_H5N2,0.127017,0.008308,0.061511,0.049965,Avian,N2
2302_A/goose/Taiwan/TNC1/,A/goose/Taiwan/TNC1/2015_H5N8,0.006623,0.063171,0.009944,-0.062156,Avian,N8
2303_A/goose/Taiwan/TNC10,A/goose/Taiwan/TNC10/2015_H5N8,0.007765,0.063618,0.00937,-0.06147,Avian,N8
2304_A/goose/Taiwan/TNC11,A/goose/Taiwan/TNC11/2015_H5N8,0.011245,-0.017054,-0.022741,-0.010142,Avian,N8
2305_A/goose/Taiwan/TNC12,A/goose/Taiwan/TNC12/2015_H5N8,0.006623,0.063171,0.009944,-0.062156,Avian,N8
2306_A/goose/Taiwan/TNC14,A/goose/Taiwan/TNC14/2015_H5N8,0.007765,0.063618,0.00937,-0.06147,Avian,N8
2307_A/goose/Taiwan/TNC3/,A/goose/Taiwan/TNC3/2015_H5N8,0.004737,0.065254,0.003101,-0.068962,Avian,N8
2308_A/goose/Taiwan/TNC7/,A/goose/Taiwan/TNC7/2015_H5N8,0.005617,0.063592,0.009676,-0.062525,Avian,N8
2309_A/goose/Taiwan/TNC9/,A/goose/Taiwan/TNC9/2015_H5N8,0.006623,0.063171,0.009944,-0.062156,Avian,N8
2310_A/goose/Taiwan/TNO15,A/goose/Taiwan/TNO15/2015_H5N8,0.012873,-0.019328,-0.022873,0.000118,Avian,N8
2311_A/goose/Taiwan/TNO3/,A/goose/Taiwan/TNO3/2015_H5N8,-0.0034,0.060026,0.005283,-0.063158,Avian,N8
2312_A/goose/Taiwan/TNO9/,A/goose/Taiwan/TNO9/2015_H5N8,0.011245,-0.017054,-0.022741,-0.010142,Avian,N8
2313_A/goose/Taoyuan/1501,A/goose/Taoyuan/15010041/2015_H5N8,0.006623,0.063171,0.009944,-0.062156,Avian,N8
2314_A/goose/Taoyuan/1812,A/goose/Taoyuan/18120002-2/2018_H5N2,0.075396,-0.024987,-0.017616,0.012788,Avian,N2
2315_A/goose/Xinjiang/12.,A/goose/Xinjiang/12.18_WLMQXL001-C/2016_H5N6,-0.08493,-0.013923,0.036743,-0.003369,Avian,N6
2316_A/goose/Xinjiang/12.,A/goose/Xinjiang/12.18_WLMQXL002-O/2016_H5N6,-0.085052,-0.014804,0.037205,-0.002717,Avian,N6
2317_A/goose/Xinjiang/12.,A/goose/Xinjiang/12.18_WLMQXL003-C/2016_H5N8,0.092951,-0.068207,-0.017651,0.043131,Avian,N8
2318_A/goose/Xinjiang/12.,A/goose/Xinjiang/12.18_WLMQXL003-O/2016_H5N8,0.092951,-0.068207,-0.017651,0.043131,Avian,N8
2319_A/goose/Xinjiang/12.,A/goose/Xinjiang/12.18_WLMQXL004-C/2016_H5N8,0.092726,-0.06655,-0.019473,0.043209,Avian,N8
2320_A/goose/Xinjiang/12.,A/goose/Xinjiang/12.18_WLMQXL004-O/2016_H5N8,0.092951,-0.068207,-0.017651,0.043131,Avian,N8
2321_A/goose/Yangzhou/042,A/goose/Yangzhou/0420/2014_H5N8,0.042567,0.067605,0.048916,-0.07696,Avian,N8
2322_A/goose/Yangzhou/YZ5,A/goose/Yangzhou/YZ587/2016_H5N6,0.026722,0.148013,0.00195,-0.009197,Avian,N6
2323_A/goose/Yunlin/15010,A/goose/Yunlin/15010005/2015_H5N2,0.134111,0.008895,0.062934,0.051011,Avian,N2
2324_A/goose/Yunlin/15010,A/goose/Yunlin/15010009-1/2015_H5N2,0.134111,0.008895,0.062934,0.051011,Avian,N2
2325_A/goose/Yunlin/15010,A/goose/Yunlin/15010010-2/2015_H5N2,0.134111,0.008895,0.062934,0.051011,Avian,N2
2326_A/goose/Yunlin/15010,A/goose/Yunlin/15010011-1/2015_H5N2,0.134111,0.008895,0.062934,0.051011,Avian,N2
2327_A/goose/Yunlin/15010,A/goose/Yunlin/15010029-1/2015_H5N2,0.135159,0.009763,0.064914,0.049574,Avian,N2
2328_A/goose/Yunlin/15040,A/goose/Yunlin/15040040/2015_H5N8,0.009122,-0.026532,-0.022274,-0.006422,Avian,N8
2329_A/goose/Yunlin/16020,A/goose/Yunlin/16020008-4/2016_H5N2,0.121256,0.017862,0.069997,0.051259,Avian,N2
2330_A/goose/Yunlin/16020,A/goose/Yunlin/16020011-1/2016_H5N2,0.12697,0.011179,0.074851,0.051862,Avian,N2
2331_A/goose/Yunlin/16040,A/goose/Yunlin/16040002-2/2016_H5N2,0.131155,0.020641,0.068529,0.046057,Avian,N2
2332_A/goose/Yunlin/17100,A/goose/Yunlin/17100005/2017_H5N2,0.163222,0.010474,0.080186,-0.011425,Avian,N2
2333_A/goose/Yunlin/18030,A/goose/Yunlin/18030020-2/2018_H5N2,0.055801,-0.026071,-0.037803,0.001494,Avian,N2
2334_A/goose/Yunlin/18030,A/goose/Yunlin/18030020-3/2018_H5N2,0.055801,-0.026071,-0.037803,0.001494,Avian,N2
2335_A/goose/Yunlin/18040,A/goose/Yunlin/18040002-3/2018_H5N2,0.144622,-0.01525,0.065598,-0.012842,Avian,N2
2336_A/goose/Yunlin/18040,A/goose/Yunlin/18040018-2/2018_H5N2,0.143298,-0.012654,0.071882,0.014168,Avian,N2
2337_A/goose/Yunlin/18090,A/goose/Yunlin/18090002-3/2018_H5N2,0.136199,-0.021241,0.068249,0.011453,Avian,N2
2338_A/goose/Yunlin/18090,A/goose/Yunlin/18090006-1/2018_H5N2,0.00876,0.07749,-0.036216,0.070342,Avian,N2
2339_A/goose/Yunlin/18110,A/goose/Yunlin/18110002-3/2018_H5N2,0.083047,-0.01756,-0.053285,0.004918,Avian,N2
2340_A/goose/Yunnan/3798/,A/goose/Yunnan/3798/2006_H5N1,-0.072606,0.020139,-0.028568,0.055362,Avian,N1
2341_A/goose/Yunnan/4371/,A/goose/Yunnan/4371/2006_H5N1,-0.063539,0.024097,-0.028001,0.045254,Avian,N1
2342_A/goose/Yunnan/4389/,A/goose/Yunnan/4389/2006_H5N1,-0.064051,0.02224,-0.02745,0.046925,Avian,N1
2343_A/goose/Yunnan/4985/,A/goose/Yunnan/4985/2006_H5N1,-0.062742,0.022927,-0.028538,0.049991,Avian,N1
2344_A/goose/Yunnan/5141/,A/goose/Yunnan/5141/2006_H5N1,-0.058454,0.037391,-0.018788,0.036188,Avian,N1
2345_A/goose/Yunnan/5769/,A/goose/Yunnan/5769/2006_H5N1,-0.060794,0.030684,-0.027884,0.049211,Avian,N1
2346_A/goose/Yunnan/5979/,A/goose/Yunnan/5979/2006_H5N1,-0.060794,0.030684,-0.027884,0.049211,Avian,N1
2347_A/goose/Yunnan/6193/,A/goose/Yunnan/6193/2006_H5N1,-0.066655,0.03216,-0.031599,0.046161,Avian,N1
2348_A/goose/Zhejiang/112,A/goose/Zhejiang/1120132/2014_H5N6,0.051257,0.091716,0.024963,-0.092129,Avian,N6
2349_A/goose/Zhejiang/112,A/goose/Zhejiang/112071/2014_H5N1,-0.082494,0.08028,-0.021213,0.093793,Avian,N1
2350_A/goose/Zhejiang/112,A/goose/Zhejiang/112080/2014_H5N6,0.070947,-0.020944,-0.02172,0.041695,Avian,N6
2351_A/goose/Zhejiang/727,A/goose/Zhejiang/727092/2014_H5N6,-0.123905,-0.044147,0.020421,-0.011361,Avian,N6
2352_A/goose/Zhejiang/727,A/goose/Zhejiang/727098/2014_H5N1,-0.114126,0.007876,-0.019834,0.035121,Avian,N1
2353_A/goose/Zhejiang/727,A/goose/Zhejiang/727110/2014_H5N6,-0.10894,-0.037073,0.012893,-0.016343,Avian,N6
2354_A/goose/Zhejiang/771,A/goose/Zhejiang/77166/2014_H5N2,-0.105413,-0.000334,0.021077,-0.025908,Avian,N2
2355_A/goose/Zhejiang/771,A/goose/Zhejiang/77167/2014_H5N2,-0.105413,-0.000334,0.021077,-0.025908,Avian,N2
2356_A/goose/Zhejiang/771,A/goose/Zhejiang/77168/2014_H5N2,-0.105413,-0.000334,0.021077,-0.025908,Avian,N2
2357_A/goose/Zhejiang/925,A/goose/Zhejiang/925036/2014_H5N6,-0.096477,0.003902,-0.02174,0.005213,Avian,N6
2358_A/goose/Zhejiang/925,A/goose/Zhejiang/925037/2014_H5N8,0.053943,0.127098,-0.000653,-0.024637,Avian,N8
2359_A/goose/Zhejiang/925,A/goose/Zhejiang/925104/2014_H5N8,0.046134,0.077937,0.032561,-0.0785,Avian,N8
2360_A/goose/Zhejiang/925,A/goose/Zhejiang/925105/2014_H5N6,-0.11317,-0.007924,-0.009939,0.035309,Avian,N6
2361_A/goose/Zhejiang/925,A/goose/Zhejiang/925106/2014_H5N6,0.046657,0.080161,0.038318,-0.065982,Avian,N6
2362_A/goose/Zhejiang/925,A/goose/Zhejiang/925108/2014_H5N6,-0.125467,-0.005385,-0.015025,0.036943,Avian,N6
2363_A/great_black-headed,A/great_black-headed_gull/Qinghai/8/2009_H5N1,-0.07587,0.014947,-0.024248,0.014413,Avian,N1
2364_A/great_crested-greb,A/great_crested-grebe/Qinghai/1/2009_H5N1,-0.051257,-0.004657,-0.030878,0.000468,Avian,N1
2365_A/great_egret/Hong_K,A/great_egret/Hong_Kong/807/2008_H5N1,-0.063271,0.002148,-0.038928,0.013907,Avian,N1
2366_A/great_tit/Panjing/,A/great_tit/Panjing/PJ-66/2013_H5N1,0.06863,-0.008552,-0.150989,-0.061974,Avian,N1
2367_A/green-winged_teal/,A/green-winged_teal/Xianghai/430/2011_H5N2,0.049738,-0.034961,-0.025075,0.033279,Avian,N2
2368_A/grey_heron/Hong_Ko,A/grey_heron/Hong_Kong/1046/2008_H5N1,-0.067005,0.008805,-0.035992,0.024832,Avian,N1
2369_A/grey_heron/Hong_Ko,A/grey_heron/Hong_Kong/3088/2007_H5N1,-0.069147,0.008085,-0.043652,0.002774,Avian,N1
2370_A/heron/Kaohsiung/15,A/heron/Kaohsiung/15WB3284-1-5/2015_H5N3,0.046083,0.007694,-0.05805,0.028563,Avian,Others
2371_A/heron/Yilan/17DB00,A/heron/Yilan/17DB0001/2017_H5N2,0.167348,0.007452,0.070626,0.007146,Avian,N2
2372_A/hill_myna/Heilongj,A/hill_myna/Heilongjiang/0704/2012_H5N1,-0.105905,0.01128,-0.023885,0.026369,Avian,N1
2373_A/lesser_kestrel/Hei,A/lesser_kestrel/Heilongjiang/194/2007_H5N1,-0.084591,0.026178,-0.042706,0.025143,Avian,N1
2374_A/lion/Hubei/1-2/201,A/lion/Hubei/1-2/2016_H5N1,0.05197,-0.017294,-0.029617,-0.023595,Nonhuman Mammal,N1
2375_A/little_egret/Hong_,A/little_egret/Hong_Kong/8550/2007_H5N1,-0.047842,0.051084,-0.043931,-0.006994,Avian,N1
2376_A/little_grebe/Xiang,A/little_grebe/Xianghai/429/2011_H5N2,0.003459,0.064906,-0.007294,-0.045851,Avian,N2
2377_A/magpie_robin/Hong_,A/magpie_robin/Hong_Kong/1097/2008_H5N1,-0.068729,0.009172,-0.033326,0.016969,Avian,N1
2378_A/magpie_robin/Hong_,A/magpie_robin/Hong_Kong/1897/2008_H5N1,-0.06506,0.012255,-0.0408,0.02078,Avian,N1
2379_A/mallard/Shanghai/S,A/mallard/Shanghai/SH-9/2013_H5N8,0.047465,0.073734,0.038551,-0.086959,Avian,N8
2380_A/meerkat/Shanghai/S,A/meerkat/Shanghai/SH-1/2012_H5N1,-0.107847,0.010672,-0.025324,0.049552,Avian,N1
2381_A/migratory_waterfow,A/migratory_waterfowl/Hubei/Chenhu1306/2014_H5N6,-0.121398,-0.004101,-0.009574,0.021517,Avian,N6
2382_A/migratory_waterfow,A/migratory_waterfowl/Hubei/Chenhu1347/2014_H5N6,-0.121398,-0.004101,-0.009574,0.021517,Avian,N6
2383_A/mink/China/181/201,A/mink/China/181/2019_H5N6,-0.095578,-0.029996,0.064182,-0.031157,Nonhuman Mammal,N6
2384_A/mink/China/183/201,A/mink/China/183/2019_H5N6,-0.078909,0.00348,0.049257,-0.052494,Nonhuman Mammal,N6
2385_A/mink/China/191/201,A/mink/China/191/2019_H5N6,-0.079006,-0.000095,0.049529,-0.062982,Nonhuman Mammal,N6
2386_A/mink/China/456/201,A/mink/China/456/2018_H5N6,-0.122758,-0.025015,0.041527,-0.02944,Nonhuman Mammal,N6
2387_A/mink/China/G/2015_,A/mink/China/G/2015_H5N1,-0.092865,0.027261,-0.002327,0.032301,Nonhuman Mammal,N1
2388_A/mink/China/XB/2015,A/mink/China/XB/2015_H5N1,0.047517,-0.004656,-0.039968,-0.009808,Nonhuman Mammal,N1
2389_A/mink/Eastern_China,A/mink/Eastern_China/006/2018_H5N6,0.065995,-0.053807,-0.021719,0.037209,Nonhuman Mammal,N6
2390_A/mink/Eastern_China,A/mink/Eastern_China/0712/2018_H5N1,0.013596,0.056056,0.028008,-0.068719,Nonhuman Mammal,N1
2391_A/mink/Eastern_China,A/mink/Eastern_China/149/2018_H5N6,-0.087936,-0.006077,0.013897,-0.01139,Nonhuman Mammal,N6
2392_A/mink/Eastern_China,A/mink/Eastern_China/528/2018_H5N6,0.058724,-0.057466,-0.020961,0.046323,Nonhuman Mammal,N6
2393_A/mink/Eastern_China,A/mink/Eastern_China/571/2018_H5N6,-0.096642,-0.021234,0.04292,-0.039569,Nonhuman Mammal,N6
2394_A/mink/Northern_Chin,A/mink/Northern_China/110/2018_H5N6,0.070441,-0.05893,-0.020371,0.03454,Nonhuman Mammal,N6
2395_A/night_heron/Taiwan,A/night_heron/Taiwan/A289/2015_H5N2,0.134111,0.008895,0.062934,0.051011,Avian,N2
2396_A/oriental_magpie_ro,A/oriental_magpie_robin/HK/6154/2015_H5N6,0.057774,-0.021728,-0.133452,-0.048801,Avian,N6
2397_A/ostrich/Suzhou/097,A/ostrich/Suzhou/097/2003_H5N1,-0.042194,0.069971,-0.039943,0.056232,Avian,N1
2398_A/parrot/Guangdong/2,A/parrot/Guangdong/258/2004_H5N2,0.040194,0.033331,-0.035289,0.021026,Avian,N2
2399_A/parrot/Guangdong/C,A/parrot/Guangdong/C99/2005_H5N1,-0.037828,0.05573,-0.059351,0.050118,Avian,N1
2400_A/partridge/Shantou/,A/partridge/Shantou/2886/2003_H5N1,-0.040029,0.069668,-0.052943,0.046923,Avian,N1
2401_A/peacock/Yunnan/1/2,A/peacock/Yunnan/1/2015_H5N1,0.049522,0.00178,-0.039048,-0.041056,Avian,N1
2402_A/peacock/Yunnan/3/2,A/peacock/Yunnan/3/2015_H5N1,0.049522,0.00178,-0.039048,-0.041056,Avian,N1
2403_A/peregrine_falcon/H,A/peregrine_falcon/Hong_Kong/2142/2008_H5N1,0.060783,0.025951,-0.117739,-0.017954,Avian,N1
2404_A/pheasant/Shantou/3,A/pheasant/Shantou/3535/2003_H5N1,-0.042206,0.06575,-0.072557,0.031782,Avian,N1
2405_A/pheasant/Shantou/4,A/pheasant/Shantou/4567/2002_H5N1,-0.041893,0.07062,-0.069988,0.064302,Avian,N1
2406_A/pied_megpie/Liaoni,A/pied_megpie/Liaoning/7/2006_H5N1,-0.004386,0.093742,-0.063277,0.01443,Avian,N1
2407_A/pigeon/Fujian/1.17,A/pigeon/Fujian/1.17_FZHX0104-O/2017_H5N6,0.017201,0.140493,-0.006923,-0.006358,Avian,N6
2408_A/pigeon/Hainan/1.14,A/pigeon/Hainan/1.14_HKPL006-C/2018_H5N6,-0.097739,-0.017914,0.047258,-0.030115,Avian,N6
2409_A/pigeon/Hubei/RP25/,A/pigeon/Hubei/RP25/2012_H5N1,0.057605,0.018497,-0.144598,-0.015158,Avian,N1
2410_A/pigeon/Sichuan/NCX,A/pigeon/Sichuan/NCXN29/2014_H5N1,-0.089313,-0.015783,0.01049,0.007017,Avian,N1
2411_A/pigeon/Zhejiang/11,A/pigeon/Zhejiang/112089/2014_H5N1,-0.111028,0.036333,-0.013787,0.04392,Avian,N1
2412_A/pigeon/Zhejiang/11,A/pigeon/Zhejiang/112090/2014_H5N1,-0.101377,0.022654,-0.017829,0.054937,Avian,N1
2413_A/pigeon/Zhejiang/72,A/pigeon/Zhejiang/727097/2014_H5N1,-0.114126,0.007876,-0.019834,0.035121,Avian,N1
2414_A/plateau_pika/Qingh,A/plateau_pika/Qinghai/04/2007_H5N1,0.04741,0.021394,0.002565,-0.047431,Nonhuman Mammal,N1
2415_A/quail/Guangxi/11/2,A/quail/Guangxi/11/2002_H5N1,-0.0393,0.073508,-0.040953,0.060228,Avian,N1
2416_A/quail/Guangxi/12/2,A/quail/Guangxi/12/2002_H5N1,-0.037156,0.069613,-0.034351,0.069782,Avian,N1
2417_A/quail/Guangxi/13/2,A/quail/Guangxi/13/2002_H5N1,-0.031293,0.068866,-0.043212,0.06166,Avian,N1
2418_A/quail/Jiangsu/k010,A/quail/Jiangsu/k0104/2010_H5N5,0.056468,-0.011322,-0.054735,0.017478,Avian,Others
2419_A/quail/Nanchang/663,A/quail/Nanchang/6631/2013_H5N1,-0.121163,-0.008464,-0.000253,0.010819,Avian,N1
2420_A/shrike/Tibet/13/20,A/shrike/Tibet/13/2006_H5N1,-0.028784,0.030607,-0.043453,0.030728,Avian,N1
2421_A/silkie_chicken/Don,A/silkie_chicken/Dongguan/2809/2013_H5N6,-0.10385,-0.035973,0.015817,-0.00232,Avian,N6
2422_A/silky_chicken/Shan,A/silky_chicken/Shantou/475/2004_H5N1,-0.059521,0.03887,-0.05306,0.020306,Avian,N1
2423_A/spot-billed_duck/N,A/spot-billed_duck/Ningxia/YG83/2017_H5N6,0.077238,-0.089893,0.00918,0.048589,Avian,N6
2424_A/spot-billed_duck/N,A/spot-billed_duck/Ningxia/YG87/2017_H5N6,0.085663,-0.071244,0.009526,0.056795,Avian,N6
2425_A/spot-billed_duck/N,A/spot-billed_duck/Ningxia/YG93/2017_H5N6,0.085663,-0.071244,0.009526,0.056795,Avian,N6
2426_A/spot-billed_duck/X,A/spot-billed_duck/Xianghai/427/2011_H5N2,0.059538,-0.036322,-0.029533,0.026006,Avian,N2
2427_A/swan_goose/Jilin/J,A/swan_goose/Jilin/JL01/2014_H5N6,-0.118361,-0.008783,-0.003011,0.034173,Avian,N6
2428_A/swan/China/ST/2016,A/swan/China/ST/2016_H5N8,0.074384,-0.05939,-0.019414,0.039875,Avian,N8
2429_A/swan/Shandong/W376,A/swan/Shandong/W3762/2020_H5N8,0.069363,-0.013333,-0.010072,0.069578,Avian,N8
2430_A/swan/Shanghai/10/2,A/swan/Shanghai/10/2009_H5N1,-0.065587,0.029775,-0.042177,0.044361,Avian,N1
2431_A/swine/China/RZ/201,A/swine/China/RZ/2018_H5N6,-0.094143,-0.028637,0.031297,-0.01411,Nonhuman Mammal,N6
2432_A/swine/Guangdong/1/,A/swine/Guangdong/1/2014_H5N6,-0.1025,-0.016373,0.032005,-0.018755,Nonhuman Mammal,N6
2433_A/swine/Guangdong/2/,A/swine/Guangdong/2/2014_H5N6,-0.108976,-0.028408,0.021404,-0.010047,Nonhuman Mammal,N6
2434_A/swine/Guangxi/592/,A/swine/Guangxi/592/2011_H5N1,-0.101433,-0.006991,-0.030233,0.032433,Nonhuman Mammal,N1
2435_A/swine/Jiangsu/1/20,A/swine/Jiangsu/1/2008_H5N1,-0.028532,0.077698,-0.078134,0.016085,Nonhuman Mammal,N1
2436_A/swine/Jiangsu/2/20,A/swine/Jiangsu/2/2009_H5N1,-0.064802,0.034015,-0.048147,0.03675,Nonhuman Mammal,N1
2437_A/swine/Shandong/SD1,A/swine/Shandong/SD1/2014_H5N1,-0.026706,0.051677,-0.048266,0.061845,Nonhuman Mammal,N1
2438_A/swine/Zhejiang/SW5,A/swine/Zhejiang/SW57/2015_H5N1,-0.125345,0.012637,-0.012874,0.042114,Nonhuman Mammal,N1
2439_A/thrush/Taipei_City,A/thrush/Taipei_City/15120021/2015_H5N2,0.130152,0.019584,0.048904,0.046242,Avian,N2
2440_A/thrush/Taiwan/A234,A/thrush/Taiwan/A234/2015_H5N2,0.134048,0.003095,0.062398,0.036704,Avian,N2
2441_A/tiger/Yunnan/tig14,A/tiger/Yunnan/tig1404/2014_H5N1,-0.091993,-0.025544,0.030265,-0.004958,Nonhuman Mammal,N1
2442_A/tiger/Yunnan/tig14,A/tiger/Yunnan/tig1412/2014_H5N1,-0.092543,-0.020419,0.007357,0.02087,Nonhuman Mammal,N1
2443_A/tiger/Yunnan/tig15,A/tiger/Yunnan/tig1508/2015_H5N1,0.034584,0.005308,-0.031111,-0.000899,Nonhuman Mammal,N1
2444_A/turkey/Changhua/16,A/turkey/Changhua/16010011-1/2016_H5N2,0.127097,0.008877,0.075817,0.048747,Avian,N2
2445_A/turkey/Chiayi/1702,A/turkey/Chiayi/17020092-2/2017_H5N8,0.067659,0.01253,-0.073968,-0.001525,Avian,N8
2446_A/turkey/Chiayi/1801,A/turkey/Chiayi/18010013-3/2018_H5N2,0.164055,0.010218,0.064345,0.009229,Avian,N2
2447_A/turkey/Yunlin/1506,A/turkey/Yunlin/15060049-1/2015_H5N2,0.134137,0.01576,0.070808,0.045695,Avian,N2
2448_A/turkey/Yunlin/1802,A/turkey/Yunlin/18020020-2/2018_H5N2,0.157588,0.004041,0.050701,0.00562,Avian,N2
2449_A/turkey/Yunlin/1811,A/turkey/Yunlin/18110001-3/2018_H5N2,0.142487,0.013456,0.051382,0.012873,Avian,N2
2450_A/turkey/Yunlin/1812,A/turkey/Yunlin/18120005-2/2018_H5N2,0.065466,-0.027154,-0.05249,0.015774,Avian,N2
2451_A/turtle_dove/Guangd,A/turtle_dove/Guangdong/300/2005_H5N1,-0.070403,0.026407,-0.032939,0.037153,Avian,N1
2452_A/turtledove/Wuhan/H,A/turtledove/Wuhan/HKBJ43/2015_H5N6,-0.106242,-0.024086,-0.001027,0.005883,Avian,N6
2453_A/turtledove/Wuhan/W,A/turtledove/Wuhan/WHBJ12/2014_H5N6,-0.10416,-0.023478,-0.003226,0.007391,Avian,N6
2454_A/turtledove/Wuhan/W,A/turtledove/Wuhan/WHBJ28/2014_H5N6,-0.10416,-0.023478,-0.003226,0.007391,Avian,N6
2455_A/waterfowl/Hong_Kon,A/waterfowl/Hong_Kong/378.5/2001_H5N1,-0.03664,0.029373,-0.032154,0.053271,Avian,N1
2456_A/white-naped_crane/,A/white-naped_crane/China/ya3/2018_H5N6,0.016766,0.10752,-0.004563,0.03123,Avian,N6
2457_A/whooper_swan/Shanx,A/whooper_swan/Shanxi/RC01/2016_H5N8,0.077278,-0.066884,-0.022248,0.036497,Avian,N8
2458_A/wild_bird/Eastern_,A/wild_bird/Eastern_China/1754/2017_H5N3,0.07709,-0.046686,-0.04026,0.04989,Avian,Others
2459_A/wild_bird/Eastern_,A/wild_bird/Eastern_China/1758/2017_H5N3,0.06661,-0.059328,-0.033551,0.062915,Avian,Others
2460_A/wild_bird/Eastern_,A/wild_bird/Eastern_China/1759/2017_H5N3,0.076231,-0.05097,-0.033084,0.053338,Avian,Others
2461_A/wild_bird/Taipei/0,A/wild_bird/Taipei/04WB12-522-11-15/2004_H5N6,0.05468,0.033654,-0.009644,-0.003005,Avian,N6
2462_A/wild_duck/Fujian/1,A/wild_duck/Fujian/1/2011_H5N1,-0.077145,0.006881,-0.024282,0.034148,Avian,N1
2463_A/wild_duck/Fujian/2,A/wild_duck/Fujian/2/2011_H5N1,-0.082312,0.001249,-0.020036,0.035152,Avian,N1
2464_A/wild_duck/Jilin/HF,A/wild_duck/Jilin/HF/2011_H5N1,-0.063281,-0.003625,-0.040497,0.026973,Avian,N1
2465_A/wild_duck/Jilin/ZF,A/wild_duck/Jilin/ZF/2011_H5N1,0.023247,0.001407,-0.132907,-0.031371,Avian,N1
2466_A/wild_duck/Liaoning,A/wild_duck/Liaoning/8/2006_H5N1,-0.019562,0.080325,-0.085359,0.00876,Avian,N1
2467_A/wild_duck/Shandong,A/wild_duck/Shandong/1/2011_H5N1,-0.055076,0.025411,-0.059509,-0.004896,Avian,N1
2468_A/wild_duck/Shandong,A/wild_duck/Shandong/2/2011_H5N1,-0.026292,0.053351,-0.02339,0.030294,Avian,N1
2469_A/wild_duck/Shandong,A/wild_duck/Shandong/628/2011_H5N1,0.071938,0.078041,0.042564,-0.048121,Avian,N1
2470_A/wild_duck/Shandong,A/wild_duck/Shandong/W3580/2020_H5N8,0.073816,-0.103313,0.010156,-0.031084,Avian,N8
2471_A/wild_pigeon/Jilin/,A/wild_pigeon/Jilin/CC01/2014_H5N6,-0.131869,-0.026437,-0.02262,-0.022935,Avian,N6
2472_A/Eurasian_Wigeon/Ni,A/Eurasian_Wigeon/Ningxia/476-12/2015_H5N6,-0.070415,-0.063936,-0.011709,0.011367,Avian,N6
