label,Isolate,Axis1,Axis2,Axis3,Axis4,Host,Subtype
1_A/Indonesia/5/2005,A/Indonesia/5/2005,-0.016412,0.014177,-0.008087,0.007037,Human,N1
2_A/Hong_Kong/483/1997,A/Hong Kong/483/1997,0.140033,-0.021546,0.002264,0.002727,Human,N1
3_A/Hong_Kong/482/97,A/Hong Kong/482/97,0.128803,-0.013342,-0.001714,-0.006359,Human,N1
4_A/Chicken/HongKong/F,A/Chicken/HongKong/FY150/01,0.195002,-0.055947,0.01888,-0.054272,Avian,N1
5_A/Chicken/HongKong/Y,A/Chicken/HongKong/YU822.2/01,0.176579,0.021143,0.041945,-0.068482,Avian,N1
6_A/Chicken/HongKong/Y,A/Chicken/HongKong/YU562/01,0.146477,0.012109,-0.00966,-0.062369,Avian,N1
7_A/Pheasant/Hong_Kong,A/Pheasant/Hong Kong/FY155/01,0.042534,0.009653,0.006995,0.04619,Avian,N1
8_A/Hong_Kong/486/97,A/Hong Kong/486/97,0.128803,-0.013342,-0.001714,-0.006359,Human,N1
9_A/Thailand/16/2004,A/Thailand/16/2004,-0.022312,0.024116,-0.022755,0.015667,Human,N1
10_A/Hong_Kong/538/97,A/Hong Kong/538/97,0.133621,-0.00312,0.006698,0.011497,Human,N1
11_A/chicken/Indonesia/,A/chicken/Indonesia/7/2003,-0.034658,0.026446,-0.022277,0.036618,Avian,N1
12_A/chicken/Korea/ES/0,A/chicken/Korea/ES/03,-0.02351,0.000565,-0.006082,0.008371,Avian,N1
13_A/Hong_Kong/156/97,A/Hong Kong/156/97,0.135822,-0.003043,-0.013516,0.000792,Human,N1
14_A/whooper_swan/Mongo,A/whooper swan/Mongolia/244/2005,-0.020339,0.011077,-0.016763,0.009125,Avian,N1
15_A/Vietnam/UT3062/200,A/Vietnam/UT3062/2004,-0.020855,0.030193,-0.006211,0.026258,Human,N1
16_A/Anas_crecca/Hubei/,A/Anas_crecca/Hubei/Chenhu1623-5/2014_H5N6,-0.098296,0.007546,0.008923,-0.022517,Avian,N6
17_A/Anas_crecca/Hubei/,A/Anas_crecca/Hubei/Chenhu1623-5/2014,-0.098296,0.007546,0.008923,-0.022517,Avian,N6
18_A/Anas_platyrhynchos,A/Anas_platyrhynchos/Chongming/H5N1_1/2024,0.097017,0.031608,0.037968,0.004269,Avian,N1
19_A/Anas_platyrhynchos,A/Anas_platyrhynchos/Jiujiang/H5N1/2024,0.097017,0.031608,0.037968,0.004269,Avian,N1
20_A/Anhui/1/2005|EPI_I,A/Anhui/1/2005,-0.024775,-0.028631,-0.048794,0.036564,Human,N1
21_A/Anhui/1/2006|EPI_I,A/Anhui/1/2006,-0.048573,0.00434,-0.047884,0.023722,Human,N1
22_A/Anhui/2/2005|EPI_I,A/Anhui/2/2005,-0.043282,-0.000261,-0.054165,0.036551,Human,N1
23_A/Anhui/2021-00011/2,A/Anhui/2021-00011/2020,-0.075561,-0.038173,0.05766,-0.033253,Human,N6
24_A/Anhui/33163/2016|E,A/Anhui/33163/2016,-0.020562,-0.007901,0.015765,-0.038929,Human,N6
25_A/Anser_albifrons/Hu,A/Anser_albifrons/Hubei/Chenhu586/2013_H5N3,0.079044,0.026469,-0.026575,0.023594,Avian,Others
26_A/Anser_cygnoides/Ch,A/Anser_cygnoides/China/P126/2015,-0.135641,0.051412,-0.011497,-0.009903,Avian,N1
27_A/Anser_cygnoides/Hu,A/Anser_cygnoides/Hubei/FW44/2016,0.068513,0.110979,-0.003248,0.032186,Avian,N8
28_A/Anser_fabalis/Huna,A/Anser_fabalis/Hunan/03.09__YYDTH0007/2015(H5N6),-0.121672,-0.001943,0.003425,-0.020039,Avian,N6
29_A/Anser_fabalis/Jiuj,A/Anser_fabalis/Jiujiang/H5N1/2024,0.097017,0.031608,0.037968,0.004269,Avian,N1
30_A/bar_headed_goose/T,A/bar_headed_goose/Tibet/T1707/2021,0.132128,-0.018051,0.123561,0.061988,Avian,N8
31_A/Bar-headed_Goose/Q,A/Bar-headed_Goose/Qinghai/A11/2016,0.082482,0.042185,-0.065927,0.036933,Avian,N8
32_A/Bar-headed_Goose/Q,A/Bar-headed_Goose/Qinghai/A13/2016,0.08526,0.030569,-0.057545,0.024858,Avian,N8
33_A/Bar-headed_Goose/Q,A/Bar-headed_Goose/Qinghai/a15/2016,0.088111,0.013178,-0.050737,0.015051,Avian,N8
34_A/Bar-headed_Goose/Q,A/Bar-headed_Goose/Qinghai/A16/2016,0.089885,0.01104,-0.05064,0.018824,Avian,N8
35_A/Bar-headed_Goose/Q,A/Bar-headed_Goose/Qinghai/A17/2016,0.088111,0.013178,-0.050737,0.015051,Avian,N8
36_A/Bar-headed_Goose/Q,A/Bar-headed_Goose/Qinghai/A19/2016,0.085924,0.029593,-0.058152,0.025158,Avian,N8
37_A/Bar-headed_Goose/Q,A/Bar-headed_Goose/Qinghai/A20/2016,0.08684,0.009711,-0.051301,0.014357,Avian,N8
38_A/Bar-headed_Goose/Q,A/Bar-headed_Goose/Qinghai/A22/2016,0.091252,0.032357,-0.056069,0.032723,Avian,N8
39_A/Bar-headed_Goose/Q,A/Bar-headed_Goose/Qinghai/A23/2016,0.088111,0.013178,-0.050737,0.015051,Avian,N8
40_A/Bar-headed_Goose/Q,A/Bar-headed_Goose/Qinghai/a24/2016,0.078524,0.013136,-0.053042,0.003334,Avian,N8
41_A/Bar-headed_Goose/Q,A/Bar-headed_Goose/Qinghai/a26/2016,0.083366,0.013632,-0.057172,0.004299,Avian,N8
42_A/Bar-headed_Goose/Q,A/Bar-headed_Goose/Qinghai/a27/2016,0.078524,0.013136,-0.053042,0.003334,Avian,N8
43_A/Bar-headed_Goose/Q,A/Bar-headed_Goose/Qinghai/a32/2016,0.078524,0.013136,-0.053042,0.003334,Avian,N8
44_A/Bar-headed_Goose/Q,A/Bar-headed_Goose/Qinghai/a43/2016,0.080154,0.014106,-0.056487,0.00127,Avian,N8
45_A/Bar-headed_Goose/Q,A/Bar-headed_Goose/Qinghai/a45/2016,0.08526,0.030569,-0.057545,0.024858,Avian,N8
46_A/Bar-headed_Goose/Q,A/Bar-headed_Goose/Qinghai/a61/2016,0.078524,0.013136,-0.053042,0.003334,Avian,N8
47_A/Bar-headed_Goose/Q,A/Bar-headed_Goose/Qinghai/a88/2016,0.090604,0.032034,-0.055406,0.03361,Avian,N8
48_A/Bar-headed_Goose/Q,A/Bar-headed_Goose/Qinghai/a91/2016,0.087955,0.01902,-0.05269,0.0294,Avian,N8
49_A/Bar-headed_Goose/Q,A/Bar-headed_Goose/Qinghai/a92/2016,0.090424,0.032378,-0.055838,0.032849,Avian,N8
50_A/Bar-headed_Goose/Q,A/Bar-headed_Goose/Qinghai/a93/2016,0.088111,0.013178,-0.050737,0.015051,Avian,N8
51_A/Bar-headed_Goose/Q,A/Bar-headed_Goose/Qinghai/a113/2016,0.08526,0.030569,-0.057545,0.024858,Avian,N8
52_A/Bar-headed_Goose/Q,A/Bar-headed_Goose/Qinghai/a114/2016,0.088111,0.013178,-0.050737,0.015051,Avian,N8
53_A/Bar-headed_Goose/Q,A/Bar-headed_Goose/Qinghai/a115/2016,0.083654,0.040865,-0.06775,0.035988,Avian,N8
54_A/Bar-headed_Goose/Q,A/Bar-headed_Goose/Qinghai/a210/2017,0.076846,0.077207,-0.012123,0.022226,Avian,N8
55_A/Bar-headed_Goose/Q,A/Bar-headed_Goose/Qinghai/a218/2017,0.071884,0.081472,-0.003396,0.033612,Avian,N8
56_A/Bar-headed_Goose/Q,A/Bar-headed_Goose/Qinghai/a237/2017,0.076846,0.077207,-0.012123,0.022226,Avian,N8
57_A/Bar-headed_Goose/Q,A/Bar-headed_Goose/Qinghai/a765/2017,0.076846,0.077207,-0.012123,0.022226,Avian,N8
58_A/Bar-headed_Goose/Q,A/Bar-headed_Goose/Qinghai/a893/2017,0.076846,0.077207,-0.012123,0.022226,Avian,N8
59_A/Bar-headed_Goose/Q,A/Bar-headed_Goose/Qinghai/B11/2016,0.090424,0.032378,-0.055838,0.032849,Avian,N8
60_A/Bar-headed_Goose/Q,A/Bar-headed_Goose/Qinghai/B12/2016,0.088111,0.013178,-0.050737,0.015051,Avian,N8
61_A/Bar-headed_Goose/Q,A/Bar-headed_Goose/Qinghai/B34/2016,0.088111,0.013178,-0.050737,0.015051,Avian,N8
62_A/Bar-headed_Goose/Q,A/Bar-headed_Goose/Qinghai/B44/2016,0.088531,0.028051,-0.055439,0.027856,Avian,N8
63_A/Bar-headed_Goose/Q,A/Bar-headed_Goose/Qinghai/B51/2016,0.088111,0.013178,-0.050737,0.015051,Avian,N8
64_A/Bar-headed_Goose/Q,A/Bar-headed_Goose/Qinghai/B54/2016,0.091252,0.032357,-0.056069,0.032723,Avian,N8
65_A/Bar-headed_Goose/Q,A/Bar-headed_Goose/Qinghai/B655/2017,0.071884,0.081472,-0.003396,0.033612,Avian,N8
66_A/Bar-headed_Goose/Q,A/Bar-headed_Goose/Qinghai/BTY1-B/2016,0.090424,0.032378,-0.055838,0.032849,Avian,N8
67_A/Bar-headed_Goose/Q,A/Bar-headed_Goose/Qinghai/BTY2/2015_H5N1,-0.108252,-0.053696,-0.064591,0.001293,Avian,N1
68_A/Bar-headed_Goose/Q,A/Bar-headed_Goose/Qinghai/BTY2-B/2016,0.094727,0.011536,-0.05477,0.019789,Avian,N8
69_A/Bar-headed_Goose/Q,A/Bar-headed_Goose/Qinghai/BTY2-LU/2016,0.088111,0.013178,-0.050737,0.015051,Avian,N8
70_A/Bar-headed_Goose/Q,A/Bar-headed_Goose/Qinghai/BTY3-B/2016,0.083947,0.042596,-0.059615,0.031714,Avian,N8
71_A/Bar-headed_Goose/Q,A/Bar-headed_Goose/Qinghai/BTY3-LU/2016,0.090424,0.032378,-0.055838,0.032849,Avian,N8
72_A/Bar-headed_Goose/Q,A/Bar-headed_Goose/Qinghai/BTY4-B/2016,0.090424,0.032378,-0.055838,0.032849,Avian,N8
73_A/Bar-headed_Goose/Q,A/Bar-headed_Goose/Qinghai/BTY4-LU/2016,0.090332,0.027199,-0.05642,0.029917,Avian,N8
74_A/Bar-headed_Goose/Q,A/Bar-headed_Goose/Qinghai/BTY5-B/2016,0.090424,0.032378,-0.055838,0.032849,Avian,N8
75_A/Bar-headed_Goose/Q,A/Bar-headed_Goose/Qinghai/BTY6-B/2016,0.089222,0.012016,-0.050033,0.018524,Avian,N8
76_A/Bar-headed_Goose/Q,A/Bar-headed_Goose/Qinghai/BTY6-LU/2016,0.094727,0.011536,-0.05477,0.019789,Avian,N8
77_A/Bar-headed_Goose/Q,A/Bar-headed_Goose/Qinghai/BTY7-B/2016,0.083654,0.040865,-0.06775,0.035988,Avian,N8
78_A/Bar-headed_Goose/Q,A/Bar-headed_Goose/Qinghai/BTY7-LU1/2016,0.083654,0.040865,-0.06775,0.035988,Avian,N8
79_A/Bar-headed_Goose/Q,A/Bar-headed_Goose/Qinghai/BTY7-LU2/2016,0.083654,0.040865,-0.06775,0.035988,Avian,N8
80_A/Bar-headed_Goose/Q,A/Bar-headed_Goose/Qinghai/BTY8-B/2016,0.087847,0.027032,-0.051124,0.042391,Avian,N8
81_A/Bar-headed_Goose/Q,A/Bar-headed_Goose/Qinghai/BTY8-LU/2016,0.088803,0.031572,-0.053632,0.037907,Avian,N8
82_A/Bar-headed_Goose/Q,A/Bar-headed_Goose/Qinghai/BTY9-B/2016,0.089752,0.033587,-0.05449,0.033625,Avian,N8
83_A/Bar-headed_Goose/Q,A/Bar-headed_Goose/Qinghai/BTY9-LU/2016,0.090424,0.032378,-0.055838,0.032849,Avian,N8
84_A/Bar-headed_Goose/Q,A/Bar-headed_Goose/Qinghai/BTY10-B/2016,0.092953,0.013673,-0.054867,0.016016,Avian,N8
85_A/Bar-headed_Goose/Q,A/Bar-headed_Goose/Qinghai/BTY10-LU/2016,0.087408,0.014289,-0.049354,0.015865,Avian,N8
86_A/Bar-headed_Goose/Q,A/Bar-headed_Goose/Qinghai/BTY11-B/2016,0.08684,0.009711,-0.051301,0.014357,Avian,N8
87_A/Bar-headed_Goose/Q,A/Bar-headed_Goose/Qinghai/BTY11-LU/2016,0.08684,0.009711,-0.051301,0.014357,Avian,N8
88_A/Bar-headed_Goose/Q,A/Bar-headed_Goose/Qinghai/BTY12-B/2016,0.090424,0.032378,-0.055838,0.032849,Avian,N8
89_A/Bar-headed_Goose/Q,A/Bar-headed_Goose/Qinghai/BTY12-LU/2016,0.090424,0.032378,-0.055838,0.032849,Avian,N8
90_A/Bar-headed_Goose/Q,A/Bar-headed_Goose/Qinghai/BTY13-B/2016,0.088111,0.013178,-0.050737,0.015051,Avian,N8
91_A/Bar-headed_Goose/Q,A/Bar-headed_Goose/Qinghai/BTY13-LU/2016,0.096069,0.011448,-0.053884,0.018913,Avian,N8
92_A/Bar-headed_Goose/Q,A/Bar-headed_Goose/Qinghai/BTY14-B/2016,0.092953,0.013673,-0.054867,0.016016,Avian,N8
93_A/Bar-headed_Goose/Q,A/Bar-headed_Goose/Qinghai/BTY14-LU/2016,0.088111,0.013178,-0.050737,0.015051,Avian,N8
94_A/Bar-headed_Goose/Q,A/Bar-headed_Goose/Qinghai/BTY15-B/2016,0.092953,0.013673,-0.054867,0.016016,Avian,N8
95_A/Bar-headed_Goose/Q,A/Bar-headed_Goose/Qinghai/BTY15-LU/2016,0.092953,0.013673,-0.054867,0.016016,Avian,N8
96_A/Bar-headed_Goose/Q,A/Bar-headed_Goose/Qinghai/BTY16-B/2016,0.083654,0.040865,-0.06775,0.035988,Avian,N8
97_A/Bar-headed_Goose/Q,A/Bar-headed_Goose/Qinghai/BTY16-LU/2016,0.083654,0.040865,-0.06775,0.035988,Avian,N8
98_A/Bar-headed_Goose/Q,A/Bar-headed_Goose/Qinghai/BTY17-B/2016,0.085944,0.031769,-0.048495,0.027218,Avian,N8
99_A/Bar-headed_Goose/Q,A/Bar-headed_Goose/Qinghai/BTY17-LU/2016,0.089048,0.032301,-0.055908,0.03115,Avian,N8
100_A/Bar-headed_Goose/Q,A/Bar-headed_Goose/Qinghai/BTY18-B/2016,0.094727,0.011536,-0.05477,0.019789,Avian,N8
101_A/Bar-headed_Goose/Q,A/Bar-headed_Goose/Qinghai/BTY18-LU/2016,0.088111,0.013178,-0.050737,0.015051,Avian,N8
102_A/Bar-headed_Goose/Q,A/Bar-headed_Goose/Qinghai/HDT001/2016,0.085924,0.029593,-0.058152,0.025158,Avian,N8
103_A/Bar-headed_Goose/Q,A/Bar-headed_Goose/Qinghai/p2/2016,0.078524,0.013136,-0.053042,0.003334,Avian,N8
104_A/Bar-headed_Goose/Q,A/Bar-headed_Goose/Qinghai/p9/2016,0.090424,0.032378,-0.055838,0.032849,Avian,N8
105_A/Bar-headed_Goose/Q,A/Bar-headed_Goose/Qinghai/p18/2016,0.090424,0.032378,-0.055838,0.032849,Avian,N8
106_A/Bar-headed_goose/Q,A/Bar-headed_goose/Qinghai/X402/2015_H5N6,-0.108388,0.00275,-0.005684,0.001679,Avian,N6
107_A/Bar-headed_goose/Q,A/Bar-headed_goose/Qinghai/X417/2015_H5N6,-0.105396,0.001326,-0.008848,0.002001,Avian,N6
108_A/Bar-headed_goose/Q,A/Bar-headed_goose/Qinghai/X418-1/2015_H5N6,-0.108388,0.00275,-0.005684,0.001679,Avian,N6
109_A/Bar-headed_goose/Q,A/Bar-headed_goose/Qinghai/X418-2/2015_H5N6,-0.108388,0.00275,-0.005684,0.001679,Avian,N6
110_A/Bar-headed_goose/Q,A/Bar-headed_goose/Qinghai/X424/2015_H5N6,-0.108388,0.00275,-0.005684,0.001679,Avian,N6
111_A/Bar-headed_goose/Q,A/Bar-headed_goose/Qinghai/X428/2015_H5N6,-0.108388,0.00275,-0.005684,0.001679,Avian,N6
112_A/Bar-headed_goose/Q,A/Bar-headed_goose/Qinghai/X430/2015_H5N6,-0.11232,0.003316,-0.004194,-0.003416,Avian,N6
113_A/Bar-headed_goose/Q,A/Bar-headed_goose/Qinghai/X437/2015_H5N6,-0.102068,-0.000456,-0.008191,0.000803,Avian,N6
114_A/Bar-headed_Goose/Q,A/Bar-headed_Goose/Qinghai/XX13/2016,0.088111,0.013178,-0.050737,0.015051,Avian,N8
115_A/Bar-headed_Goose/Q,A/Bar-headed_Goose/Qinghai/XX22/2016,0.067578,-0.010553,-0.066103,0.015327,Avian,N8
116_A/Bar-headed_Goose/Q,A/Bar-headed_Goose/Qinghai/XX76/2016,0.078524,0.013136,-0.053042,0.003334,Avian,N8
117_A/Bar-headed_Goose/Q,A/Bar-headed_Goose/Qinghai/XX111/2016,0.083678,0.012414,-0.043502,0.00937,Avian,N8
118_A/Bar-headed_Goose/Q,A/Bar-headed_Goose/Qinghai/XX446/2016,0.064635,0.010613,-0.074358,0.025229,Avian,N8
119_A/Bar-headed_Goose/Q,A/Bar-headed_Goose/Qinghai/XX782/2016,0.088111,0.013178,-0.050737,0.015051,Avian,N8
120_A/Bar-headed_Goose/Q,A/Bar-headed_Goose/Qinghai/XXI122/2016,0.088111,0.013178,-0.050737,0.015051,Avian,N8
121_A/Bar-headed_Goose/T,A/Bar-headed_Goose/Tibet/XZ6/2021,0.12584,-0.022165,0.133894,0.054849,Avian,N8
122_A/Bar-headed_Goose/T,A/Bar-headed_Goose/Tibet/XZ71/2021,0.128968,-0.01932,0.131691,0.057435,Avian,N8
123_A/Bar-headed_Goose/T,A/Bar-headed_Goose/Tibet/XZ81/2021,0.128304,-0.018344,0.132298,0.057134,Avian,N8
124_A/Bar-headed_Goose/T,A/Bar-headed_Goose/Tibet/XZ181/2021,0.12584,-0.022165,0.133894,0.054849,Avian,N8
125_A/Bar-headed_Goose/T,A/Bar-headed_Goose/Tibet/XZ901/2021,0.121738,0.006821,0.071215,0.028676,Avian,N1
126_A/Bar-headed_Goose/T,A/Bar-headed_Goose/Tibet/XZ1131/2021,0.121738,0.006821,0.071215,0.028676,Avian,N1
127_A/Bar-headed_Goose/T,A/Bar-headed_Goose/Tibet/XZQ5-1/2021,0.128304,-0.018344,0.132298,0.057134,Avian,N8
128_A/Bar-headed_Goose/T,A/Bar-headed_Goose/Tibet/XZQ7/2021,0.128304,-0.018344,0.132298,0.057134,Avian,N8
129_A/Bar-headed_Goose/T,A/Bar-headed_Goose/Tibet/XZQ8-1/2021,0.128304,-0.018344,0.132298,0.057134,Avian,N8
130_A/Bar-headed_Goose/T,A/Bar-headed_Goose/Tibet/XZQ9-1/2021,0.128304,-0.018344,0.132298,0.057134,Avian,N8
131_A/Bar-headed_Goose/T,A/Bar-headed_Goose/Tibet/XZQ10-1/2021,0.128304,-0.018344,0.132298,0.057134,Avian,N8
132_A/Bar-headed_Goose/T,A/Bar-headed_Goose/Tibet/XZQ13-1/2021,0.129304,-0.021422,0.129374,0.058653,Avian,N8
133_A/Bar-headed_Goose/T,A/Bar-headed_Goose/Tibet/XZQ17-1/2021,0.12584,-0.022165,0.133894,0.054849,Avian,N8
134_A/Bar-headed_Goose/T,A/Bar-headed_Goose/Tibet/XZQ18-1/2021,0.12584,-0.022165,0.133894,0.054849,Avian,N8
135_A/bean_goose/Hubei/B,A/bean_goose/Hubei/BQ11/2020,0.129838,-0.017732,0.12965,0.058605,Avian,N8
136_A/Bean_Goose/Hubei/c,A/Bean_Goose/Hubei/chenhu__XVI311-2_/2016_H5N8,0.111167,0.066946,-0.075247,0.00958,Avian,N8
137_A/Bean_goose/Hubei/C,A/Bean_goose/Hubei/CH-i119/2017,0.08526,0.030569,-0.057545,0.024858,Avian,N8
138_A/Bean_goose/Hubei/C,A/Bean_goose/Hubei/CH-i122/2017_H5N8,0.075428,0.004939,-0.039605,0.016547,Avian,N8
139_A/Bean_goose/Hubei/C,A/Bean_goose/Hubei/CH-I225/2017,-0.089319,-0.005227,0.008721,0.015193,Avian,N6
140_A/Bean_goose/Hubei/C,A/Bean_goose/Hubei/CH-i320/2017_H5N8,0.080828,0.029805,-0.050309,0.019177,Avian,N8
141_A/black_chicken/Jian,A/black_chicken/Jiangxi/10129/2014,-0.10923,-0.019266,0.021104,0.003038,Avian,N6
142_A/Black_faced_Spoonb,A/Black_faced_Spoonbill/AFCD-HKU-22-21944-01009/2022,0.084547,-0.055767,0.085257,0.029477,Avian,N1
143_A/Black_Faced_Spoonb,A/Black_Faced_Spoonbill/Hong_Kong/AFCD-HKU-21-17198.01012/2021,0.119625,0.010239,0.057116,0.040799,Avian,N1
144_A/Black_Faced_Spoonb,A/Black_Faced_Spoonbill/Hong_Kong/AFCD-HKU-22-21429-01012/2022,0.081592,-0.044851,0.053098,0.037504,Avian,N1
145_A/black_swan/Beijing,A/black_swan/Beijing/1/2021,0.148171,-0.021539,0.129843,0.028841,Avian,N8
146_A/black-backed_gull/,A/black-backed_gull/Shandong/SC189/2021,0.151456,-0.018014,0.130471,0.033806,Avian,N8
147_A/Black-necked_Grebe,A/Black-necked_Grebe/Inner_Mongolia/Anal_swab4/2015_H5N1,-0.080629,-0.008231,-0.023019,-0.001148,Avian,N1
148_A/Black-necked_Grebe,A/Black-necked_Grebe/Inner_Mongolia/Brain1/2015_H5N1,-0.080783,-0.049757,-0.011692,0.008177,Avian,N1
149_A/Black-necked_Grebe,A/Black-necked_Grebe/Inner_Mongolia/Brain3/2015_H5N1,-0.080783,-0.049757,-0.011692,0.008177,Avian,N1
150_A/Black-necked_Grebe,A/Black-necked_Grebe/Inner_Mongolia/Liver3/2015_H5N1,-0.080783,-0.049757,-0.011692,0.008177,Avian,N1
151_A/Black-necked_Grebe,A/Black-necked_Grebe/Inner_Mongolia/Lung2/2015_H5N1,-0.080783,-0.049757,-0.011692,0.008177,Avian,N1
152_A/Black-necked_Grebe,A/Black-necked_Grebe/Inner_Mongolia/Lung3-2/2015_H5N1,-0.080783,-0.049757,-0.011692,0.008177,Avian,N1
153_A/Black-necked_Grebe,A/Black-necked_Grebe/Inner_Mongolia/Oropharynx_swab3/2015_H5N1,-0.080783,-0.049757,-0.011692,0.008177,Avian,N1
154_A/Black-necked_Grebe,A/Black-necked_Grebe/Inner_Mongolia/Trachea3/2015_H5N1,-0.080783,-0.049757,-0.011692,0.008177,Avian,N1
155_A/Brown-headed_Gull/,A/Brown-headed_Gull/Qinghai/ZTO1-B/2016,0.087117,0.032855,-0.059547,0.024752,Avian,N8
156_A/Brown-headed_Gull/,A/Brown-headed_Gull/Qinghai/ZTO1-LU/2016,0.083346,0.033621,-0.059538,0.021868,Avian,N8
157_A/Brown-headed_Gull/,A/Brown-headed_Gull/Qinghai/ZTO3-B/2016,0.092953,0.013673,-0.054867,0.016016,Avian,N8
158_A/Brown-headed_Gull/,A/Brown-headed_Gull/Qinghai/ZTO3-LU/2016,0.089885,0.01104,-0.05064,0.018824,Avian,N8
159_A/Brown-headed_Gull/,A/Brown-headed_Gull/Qinghai/ZTO4-B/2016,0.086047,0.011593,-0.049185,0.01385,Avian,N8
160_A/Brown-headed_Gull/,A/Brown-headed_Gull/Qinghai/ZTO5-B/2016,0.092199,0.03024,-0.055741,0.036623,Avian,N8
161_A/Brown-headed_Gull/,A/Brown-headed_Gull/Qinghai/ZTO5-K/2016,0.090424,0.032378,-0.055838,0.032849,Avian,N8
162_A/Brown-headed_Gull/,A/Brown-headed_Gull/Qinghai/ZTO6-MU/2016,0.088111,0.013178,-0.050737,0.015051,Avian,N8
163_A/Brown-headed_Gull/,A/Brown-headed_Gull/Qinghai/ZTO6-SP/2016,0.083654,0.040865,-0.06775,0.035988,Avian,N8
164_A/brown-headed_gull/,A/brown-headed_gull/Tibet/1-1/2021,0.127312,-0.018494,0.131195,0.057751,Avian,N8
165_A/Brown-headed_Gull/,A/Brown-headed_Gull/Tibet/XZ19/2021,0.12584,-0.022165,0.133894,0.054849,Avian,N8
166_A/Brown-headed_Gull/,A/Brown-headed_Gull/Tibet/XZQ15-2/2021,0.125415,-0.014109,0.130194,0.050597,Avian,N8
167_A/Brown-headed_Gull/,A/Brown-headed_Gull/Tibet/XZQ16-2/2021,0.127125,-0.013077,0.133126,0.053391,Avian,N8
168_A/canine/China/GX30/,A/canine/China/GX30/2023,0.141794,0.069521,-0.027927,0.019554,Nonhuman Mammal,N6
169_A/cat/Sichuan/SC18/2,A/cat/Sichuan/SC18/2014,-0.114185,-0.021475,0.0231,0.010776,Nonhuman Mammal,N6
170_A/cat/Zhejiang/C1/20,A/cat/Zhejiang/C1/2016,0.025895,-0.038402,0.014574,-0.049772,Nonhuman Mammal,N6
171_A/cat/Zhejiang/C2/20,A/cat/Zhejiang/C2/2016,0.026547,-0.039361,0.013978,-0.049476,Nonhuman Mammal,N6
172_A/Changsha/1/2014|EP,A/Changsha/1/2014,-0.120663,0.004064,-0.000599,-0.014722,Human,N6
173_A/chicken/Anhui/S174,A/chicken/Anhui/S1740/2022(H5N1),0.12455,0.015364,0.058242,0.011605,Avian,N1
174_A/chicken/Beijing/BJ,A/chicken/Beijing/BJ7/2014,0.06113,-0.050534,0.01162,-0.066023,Avian,N2
175_A/chicken/CH/a556/20,A/chicken/CH/a556/2015,0.202236,0.082248,0.027861,-0.233529,Avian,N2
176_A/chicken/Changhua/1,A/chicken/Changhua/15010120-1/2015,0.08623,0.096589,-0.044436,0.027978,Avian,N2
177_A/chicken/Changhua/1,A/chicken/Changhua/15010288/2015,0.073619,0.076915,-0.054108,0.036899,Avian,N2
178_A/chicken/Changhua/1,A/chicken/Changhua/15010324-2/2015,0.076627,0.075588,-0.054479,0.037169,Avian,N2
179_A/chicken/Changhua/1,A/chicken/Changhua/15010361-1/2015,0.076627,0.075588,-0.054479,0.037169,Avian,N2
180_A/chicken/Changhua/1,A/chicken/Changhua/15010362-2/2015,0.076627,0.075588,-0.054479,0.037169,Avian,N2
181_A/chicken/Changhua/1,A/chicken/Changhua/15010363-2/2015,0.08854,0.064164,-0.053173,0.03381,Avian,N2
182_A/chicken/Changhua/1,A/chicken/Changhua/15040036-1/2015,0.136647,-0.205272,-0.016892,0.011789,Avian,N8
183_A/chicken/Changhua/1,A/chicken/Changhua/15040037-2/2015,0.135128,-0.19906,-0.0344,0.010706,Avian,N8
184_A/chicken/Changhua/1,A/chicken/Changhua/15040042/2015,0.138057,-0.193606,-0.03628,0.011492,Avian,N8
185_A/chicken/Changhua/1,A/chicken/Changhua/15040043-1/2015,0.138057,-0.193606,-0.03628,0.011492,Avian,N8
186_A/chicken/Changhua/1,A/chicken/Changhua/15050013-1/2015,0.076855,0.071232,-0.054251,0.03978,Avian,N2
187_A/chicken/Changhua/1,A/chicken/Changhua/15050038-1/2015,0.072282,0.058234,-0.073534,0.00067,Avian,N8
188_A/chicken/Changhua/1,A/chicken/Changhua/15060027-2/2015,0.072205,0.073386,-0.056363,0.03565,Avian,N2
189_A/chicken/Changhua/1,A/chicken/Changhua/15060029/2015,0.078632,0.05373,-0.06397,-0.002438,Avian,N8
190_A/chicken/Changhua/1,A/chicken/Changhua/15060037-1/2015,0.072653,0.072402,-0.055369,0.037735,Avian,N2
191_A/chicken/Changhua/1,A/chicken/Changhua/15120008/2015,0.070643,0.079478,-0.054035,0.021881,Avian,N2
192_A/chicken/Changhua/1,A/chicken/Changhua/16010060-2/2016,0.087808,0.092321,-0.044111,0.038164,Avian,N2
193_A/chicken/Changhua/1,A/chicken/Changhua/17060006/2017,0.080719,0.08631,-0.034086,0.02863,Avian,N2
194_A/chicken/Changhua/1,A/chicken/Changhua/18040008-1/2018,0.085937,0.032329,0.003014,0.029638,Avian,N2
195_A/chicken/Chiayi/150,A/chicken/Chiayi/15010287-2/2015,0.073619,0.076915,-0.054108,0.036899,Avian,N2
196_A/chicken/Chiayi/150,A/chicken/Chiayi/15010409-2/2015,0.077872,0.07722,-0.062237,0.029975,Avian,N2
197_A/chicken/Chiayi/150,A/chicken/Chiayi/15010454-1/2015,0.086292,0.059931,-0.067805,0.005482,Avian,N8
198_A/chicken/Chiayi/170,A/chicken/Chiayi/17040009-2/2017,0.098198,0.077891,-0.036519,0.026381,Avian,N2
199_A/chicken/Chiayi/181,A/chicken/Chiayi/18120003-1/2018,0.08754,-0.010173,-0.057814,0.05329,Avian,N2
200_A/chicken/China/007/,A/chicken/China/007/2019,-0.118651,0.003647,0.024432,-0.011741,Avian,N6
201_A/chicken/China/Cang,A/chicken/China/Cangzhou03/2023,0.07523,0.043806,0.031852,0.026919,Avian,N1
202_A/chicken/China/E93/,A/chicken/China/E93/2012,0.018495,0.024968,0.032797,0.025054,Avian,N1
203_A/chicken/China/E96/,A/chicken/China/E96/2012,0.018016,0.025022,0.030475,0.017225,Avian,N1
204_A/chicken/Chiping/03,A/chicken/Chiping/0321/2014,0.02423,-0.047359,0.039485,-0.043585,Avian,N2
205_A/chicken/chongqing/,A/chicken/chongqing/H1/2021,-0.065727,-0.04689,0.048545,-0.04241,Avian,N6
206_A/chicken/Chongqing/,A/chicken/Chongqing/SD001/2021,-0.065727,-0.04689,0.048545,-0.04241,Avian,N6
207_A/chicken/Dongguan/2,A/chicken/Dongguan/2690/2013,-0.11324,0.001638,0.010088,-0.002406,Avian,N6
208_A/chicken/Dongguan/3,A/chicken/Dongguan/3363/2013,-0.112827,0.002671,0.009937,-0.003259,Avian,N6
209_A/chicken/Dongguan/4,A/chicken/Dongguan/4259/2013,-0.112827,0.002671,0.009937,-0.003259,Avian,N6
210_A/chicken/Fujian/05.,A/chicken/Fujian/05.07_FZHC11K-O/2015(Mixed),-0.105813,0.005816,0.029364,0.003561,Avian,N6
211_A/chicken/Fujian/09.,A/chicken/Fujian/09.16_GT101/2014(Mixed),-0.107984,0.009004,0.012873,0.005688,Avian,N6
212_A/chicken/Fujian/10.,A/chicken/Fujian/10.08_FZH102/2014(Mixed),-0.105199,-0.000486,0.001013,-0.001106,Avian,N6
213_A/chicken/Fujian/11.,A/chicken/Fujian/11.23_FZHX0007-O/2017,-0.103999,0.051476,0.038088,-0.007718,Avian,N6
214_A/chicken/Gansu/5/20,A/chicken/Gansu/5/2012,0.007882,0.046094,0.033727,0.006309,Avian,N1
215_A/chicken/Gansu/6/20,A/chicken/Gansu/6/2012,0.018495,0.024968,0.032797,0.025054,Avian,N1
216_A/chicken/Ganzhou/GZ,A/chicken/Ganzhou/GZ27/2015,-0.111554,-0.024472,0.005911,0.002148,Avian,N6
217_A/chicken/Guangdong/,A/chicken/Guangdong/04.15_SZBAXQ019/2015(H5N6),-0.013804,-0.046758,-0.009174,-0.082988,Avian,N6
218_A/chicken/Guangdong/,A/chicken/Guangdong/10.16_SZLGKQHY-072/2015,-0.050749,-0.033674,-0.015503,-0.053457,Avian,N6
219_A/chicken/Guangdong/,A/chicken/Guangdong/GD1602/2016,0.051307,-0.000315,0.028614,-0.094236,Avian,N6
220_A/chicken/Guangdong/,A/chicken/Guangdong/MG170989/2021,-0.038214,0.029858,0.021964,-0.065339,Avian,N6
221_A/chicken/Guangdong/,A/chicken/Guangdong/MG171127/2021,-0.041221,0.031184,0.022335,-0.065609,Avian,N6
222_A/chicken/Guangdong/,A/chicken/Guangdong/MG171361/2021,-0.040557,0.030209,0.021728,-0.065308,Avian,N6
223_A/chicken/Guangdong/,A/chicken/Guangdong/MG171771/2021,0.115148,0.031976,-0.068385,-0.016564,Avian,N6
224_A/chicken/Guangdong/,A/chicken/Guangdong/MG173168/2022,0.093022,-0.005062,0.020307,-0.005494,Avian,N6
225_A/chicken/Guangdong/,A/chicken/Guangdong/MG173169/2022,0.130615,0.062551,-0.027864,0.00074,Avian,N6
226_A/chicken/Guangxi/04,A/chicken/Guangxi/04.10_NM140/2015(H5N6),-0.085376,-0.005935,0.006549,-0.014611,Avian,N6
227_A/chicken/Guangxi/16,A/chicken/Guangxi/16/2019,-0.030481,-0.036531,-0.003835,-0.000632,Avian,N6
228_A/chicken/Guangxi/S2,A/chicken/Guangxi/S2039/2009,-0.043265,0.003641,0.003882,-0.002051,Avian,N1
229_A/chicken/Guizhou/8.,A/chicken/Guizhou/8.26_ZYLJJ014-O/2018,0.014065,0.002366,0.07281,0.00887,Avian,N6
230_A/chicken/GY/a451/20,A/chicken/GY/a451/2015,0.20398,0.083822,0.028122,-0.234231,Avian,N2
231_A/Chicken/Hangzhou/E,A/Chicken/Hangzhou/E1149/2021,-0.10378,-0.031774,0.011847,-0.012345,Avian,N6
232_A/chicken/Hebei/3/20,A/chicken/Hebei/3/2013,0.07162,-0.048686,0.004491,-0.059263,Avian,N2
233_A/chicken/Heilongjia,A/chicken/Heilongjiang/S7/2014,-0.11773,0.002108,0.002714,-0.020994,Avian,N2
234_A/chicken/Henan/Q7/2,A/chicken/Henan/Q7/2013,0.060824,-0.037549,0.008199,-0.060053,Avian,N2
235_A/chicken/Hsinchu/16,A/chicken/Hsinchu/16080004-2/2016,0.10205,0.075893,-0.047373,0.038239,Avian,N2
236_A/chicken/Hubei/03.0,A/chicken/Hubei/03.06__WHWTZ0115-O/2015(H5N6),0.061876,-0.007683,0.029929,-0.062113,Avian,N6
237_A/chicken/Hubei/03.0,A/chicken/Hubei/03.06__WHWTZ0148-O/2015(H5N6),-0.123557,0.004493,-0.017164,-0.030828,Avian,N6
238_A/chicken/Hubei/2856,A/chicken/Hubei/2856/2007,-0.040254,0.011412,-0.062823,0.023184,Avian,N1
239_A/chicken/Hubei/ZYSJ,A/chicken/Hubei/ZYSJF11/2016,0.06751,-0.019273,0.017406,-0.088594,Avian,N6
240_A/chicken/Hubei/ZYSJ,A/chicken/Hubei/ZYSJF16/2016,0.06751,-0.019273,0.017406,-0.088594,Avian,N6
241_A/chicken/Hubei/ZYSJ,A/chicken/Hubei/ZYSJF38/2016,0.06751,-0.019273,0.017406,-0.088594,Avian,N6
242_A/Chicken/Huizhou/16,A/Chicken/Huizhou/16274/2016(H5N6),-0.122524,-0.010799,0.004497,0.008847,Avian,N6
243_A/chicken/Hunan/02.0,A/chicken/Hunan/02.06_YYGK37J3-OC/2018,-0.110752,-0.010422,0.013602,-0.002736,Avian,N6
244_A/chicken/Hunan/03.0,A/chicken/Hunan/03.07_YYGK40L3-OC/2018,0.012471,0.003332,0.075206,0.009525,Avian,N6
245_A/chicken/Hunan/03.0,A/chicken/Hunan/03.07_YYGK74L3-OC/2018,-0.11802,-0.00087,0.020455,-0.012053,Avian,N6
246_A/chicken/Hunan/3.07,A/chicken/Hunan/3.07_YYGK81L3-OC/2018,0.012471,0.003332,0.075206,0.009525,Avian,N6
247_A/chicken/Hunan/04.1,A/chicken/Hunan/04.14_YYGK607-P/2015(H5N6),-0.111935,0.013452,0.008704,-0.011017,Avian,N6
248_A/chicken/Hunan/04.1,A/chicken/Hunan/04.14_YYKG0533-Z-O/2015(H5N6),-0.099457,0.012566,-0.006953,-0.011187,Avian,N6
249_A/chicken/Hunan/04.1,A/chicken/Hunan/04.14_YYXS0812-O/2015(Mixed),-0.108388,0.00275,-0.005684,0.001679,Avian,N6
250_A/chicken/Hunan/12.0,A/chicken/Hunan/12.07__YYGK114-P/2013(H5N6),-0.099856,-0.026677,0.016349,-0.002156,Avian,N6
251_A/chicken/Hunan/12.0,A/chicken/Hunan/12.07_YYGKY67-P/2013(Mixed),-0.10249,0.017398,-0.012475,-0.019033,Avian,N6
252_A/chicken/Hunan/12.2,A/chicken/Hunan/12.27_YYGK19J2-C/2016,0.017619,0.00124,0.066421,0.024389,Avian,N6
253_A/chicken/Hunan/12.2,A/chicken/Hunan/12.27_YYGK55J2-O/2016,-0.122548,0.000187,0.005463,-0.011653,Avian,N6
254_A/chicken/Hunan/12.2,A/chicken/Hunan/12.27_YYGKK148-OC/2016,-0.106588,0.002687,0.011467,-0.002064,Avian,N6
255_A/chicken/Hunan/12.2,A/chicken/Hunan/12.28_YYGK034-P/2013(H5N6),-0.11324,0.001638,0.010088,-0.002406,Avian,N6
256_A/chicken/Hunan/1793,A/chicken/Hunan/1793/2007,-0.017641,-0.0067,-0.078457,0.025437,Avian,N1
257_A/chicken/Hunan/3157,A/chicken/Hunan/3157/2006,-0.054156,-0.035863,-0.059972,0.033503,Avian,N1
258_A/chicken/Hunan/HN40,A/chicken/Hunan/HN40/2015,-0.110031,-0.024789,0.047122,0.004476,Avian,N6
259_A/chicken/Hunan/HN58,A/chicken/Hunan/HN58/2015,-0.119507,-0.014603,0.028189,0.000459,Avian,N6
260_A/chicken/Hunan/HN75,A/chicken/Hunan/HN75/2015,-0.09746,0.001163,0.009564,-0.009871,Avian,N6
261_A/chicken/Hunan/HN15,A/chicken/Hunan/HN158/2015,-0.099539,-0.013663,0.007043,0.010107,Avian,N6
262_A/chicken/Hunan/HN24,A/chicken/Hunan/HN244/2015,-0.109425,-0.013705,0.004665,-0.001976,Avian,N6
263_A/chicken/Hunan/HN24,A/chicken/Hunan/HN245/2015,-0.109425,-0.013705,0.004665,-0.001976,Avian,N6
264_A/chicken/Hunan/HN24,A/chicken/Hunan/HN247/2015,-0.109425,-0.013705,0.004665,-0.001976,Avian,N6
265_A/chicken/Hunan/HN24,A/chicken/Hunan/HN248/2015,-0.107589,-0.013712,0.006118,-0.000761,Avian,N6
266_A/chicken/Hunan/HN24,A/chicken/Hunan/HN249/2015,-0.105989,-0.013962,0.004139,-0.002589,Avian,N6
267_A/chicken/Hunan/HN25,A/chicken/Hunan/HN250/2015,-0.109425,-0.013705,0.004665,-0.001976,Avian,N6
268_A/chicken/Hunan/HN25,A/chicken/Hunan/HN251/2015,-0.109425,-0.013705,0.004665,-0.001976,Avian,N6
269_A/chicken/Hunan/HN25,A/chicken/Hunan/HN252/2015,-0.110348,-0.012265,0.006371,-0.001118,Avian,N6
270_A/chicken/Hunan/HN25,A/chicken/Hunan/HN254/2015,-0.109425,-0.013705,0.004665,-0.001976,Avian,N6
271_A/chicken/Hunan/HN25,A/chicken/Hunan/HN255/2015,-0.109425,-0.013705,0.004665,-0.001976,Avian,N6
272_A/chicken/Hunan/HN26,A/chicken/Hunan/HN263/2015,-0.110457,-0.001377,0.012351,0.007073,Avian,N6
273_A/chicken/Hunan/HN26,A/chicken/Hunan/HN264/2015,-0.110457,-0.001377,0.012351,0.007073,Avian,N6
274_A/chicken/Hunan/HN26,A/chicken/Hunan/HN265/2015,-0.109794,-0.002353,0.011744,0.007374,Avian,N6
275_A/chicken/Hunan/HN26,A/chicken/Hunan/HN266/2015,-0.110457,-0.001377,0.012351,0.007073,Avian,N6
276_A/chicken/Hunan/HN30,A/chicken/Hunan/HN301/2015,-0.09301,-0.011696,0.002261,0.001441,Avian,N6
277_A/chicken/Hunan/HN30,A/chicken/Hunan/HN302/2015,-0.09301,-0.011696,0.002261,0.001441,Avian,N6
278_A/chicken/Hunan/HN30,A/chicken/Hunan/HN303/2015,-0.09301,-0.011696,0.002261,0.001441,Avian,N6
279_A/chicken/Hunan/HN30,A/chicken/Hunan/HN304/2015,-0.09301,-0.011696,0.002261,0.001441,Avian,N6
280_A/chicken/Hunan/HN30,A/chicken/Hunan/HN305/2015,-0.09301,-0.011696,0.002261,0.001441,Avian,N6
281_A/chicken/Hunan/HN30,A/chicken/Hunan/HN306/2015,-0.09301,-0.011696,0.002261,0.001441,Avian,N6
282_A/chicken/Hunan/HN30,A/chicken/Hunan/HN307/2015,-0.094165,-0.00975,0.013421,0.013323,Avian,N6
283_A/chicken/Hunan/HN30,A/chicken/Hunan/HN308/2015,-0.091258,-0.016313,0.003015,0.002683,Avian,N6
284_A/chicken/Hunan/S100,A/chicken/Hunan/S10029/2018(H5N1),-0.032353,-0.033969,0.005191,0.002126,Avian,N1
285_A/chicken/Jiangsu/03,A/chicken/Jiangsu/03.17_WX006-P/2015(H5N1),-0.07994,-0.046271,-0.03276,-0.020942,Avian,N1
286_A/chicken/Jiangsu/92,A/chicken/Jiangsu/927/2013,-0.05546,-0.014665,-0.021489,-0.013394,Avian,N1
287_A/chicken/Jiangsu/10,A/chicken/Jiangsu/1001/2013,0.028357,-0.014525,0.022449,-0.008134,Avian,N2
288_A/chicken/Jiangsu/24,A/chicken/Jiangsu/2477/2014,-0.055585,-0.037397,-0.039483,-0.016673,Avian,N1
289_A/chicken/Jiangsu/k0,A/chicken/Jiangsu/k0402/2010,-0.075791,-0.033565,-0.051811,0.026742,Avian,N1
290_A/chicken/Jiangsu/SE,A/chicken/Jiangsu/SE2228/2017(H5N1),-0.067641,-0.027296,-0.030103,-0.015092,Avian,N1
291_A/chicken/Jiangsu/WX,A/chicken/Jiangsu/WXBING2/2014,-0.112116,-0.000256,-0.000771,-0.013967,Avian,N6
292_A/chicken/Jiangsu/WX,A/chicken/Jiangsu/WXS7393/2014,-0.112116,-0.000256,-0.000771,-0.013967,Avian,N6
293_A/chicken/Jiangsu/XZ,A/chicken/Jiangsu/XZ216/2014,-0.06774,-0.029436,-0.04539,-0.015979,Avian,N2
294_A/chicken/Jiangsu/YB,A/chicken/Jiangsu/YB7/2015,-0.076942,-0.059189,-0.032176,-0.02345,Avian,N1
295_A/chicken/Jiangxi/01,A/chicken/Jiangxi/01.14_NCJD125-P/2015(H5N6),0.055191,0.005074,0.043603,-0.076867,Avian,N6
296_A/chicken/Jiangxi/02,A/chicken/Jiangxi/02.05_YGYXG023-P/2015(H5N6),-0.122254,0.001883,0.002434,0.004015,Avian,N6
297_A/chicken/Jiangxi/02,A/chicken/Jiangxi/02.05_YGYXG035-P/2015(H5N6),0.059047,-0.003974,0.044639,-0.069708,Avian,N6
298_A/chicken/Jiangxi/04,A/chicken/Jiangxi/04.01__NCDZT0040-O/2015(H5N6),0.050485,-0.005412,0.037766,-0.078178,Avian,N6
299_A/chicken/Jiangxi/04,A/chicken/Jiangxi/04.01__NCDZT0042-O/2015(H5N6),0.050485,-0.005412,0.037766,-0.078178,Avian,N6
300_A/chicken/Jiangxi/04,A/chicken/Jiangxi/04.01__NCDZT0175-P/2015(H5N6),0.048789,-0.002557,0.035478,-0.08204,Avian,N6
301_A/chicken/Jiangxi/04,A/chicken/Jiangxi/04.01__NCDZT0291-P/2015(H5N6),0.050485,-0.005412,0.037766,-0.078178,Avian,N6
302_A/chicken/Jiangxi/04,A/chicken/Jiangxi/04.01__NCJD0119-O/2015(H5N6),-0.104948,0.005317,0.006855,-0.015335,Avian,N6
303_A/chicken/Jiangxi/04,A/chicken/Jiangxi/04.01__NCJD0137-O/2015(H5N6),0.029802,-0.040307,0.017632,-0.055849,Avian,N6
304_A/chicken/Jiangxi/04,A/chicken/Jiangxi/04.01_NCDZT0192-P/2015(H5N6),0.049165,-0.00605,0.044647,-0.075217,Avian,N6
305_A/chicken/Jiangxi/04,A/chicken/Jiangxi/04.01_NCDZT0203-P/2015(H5N6),0.040582,-0.027069,0.027409,-0.0687,Avian,N6
306_A/chicken/Jiangxi/04,A/chicken/Jiangxi/04.01_NCDZT0238-P/2015(H5N6),0.050485,-0.005412,0.037766,-0.078178,Avian,N6
307_A/chicken/Jiangxi/04,A/chicken/Jiangxi/04.01_NCDZT0279-P/2015(H5N6),0.050485,-0.005412,0.037766,-0.078178,Avian,N6
308_A/chicken/Jiangxi/04,A/chicken/Jiangxi/04.01_NCDZT0285-P/2015(H5N6),0.050485,-0.005412,0.037766,-0.078178,Avian,N6
309_A/chicken/Jiangxi/04,A/chicken/Jiangxi/04.01_NCDZT0299-P/2015(Mixed),0.050485,-0.005412,0.037766,-0.078178,Avian,Others
310_A/chicken/Jiangxi/04,A/chicken/Jiangxi/04.01_NCJD131-1-O/2015(H5N6),-0.097019,0.008117,0.026246,-0.021768,Avian,N6
311_A/chicken/Jiangxi/05,A/chicken/Jiangxi/05.06__NCDZT0039B-P/2015(H5N6),0.040599,-0.005455,0.035389,-0.090261,Avian,N6
312_A/chicken/Jiangxi/10,A/chicken/Jiangxi/10.30_NCDZT17B3-OC/2017,-0.010774,-0.037899,-0.00557,-0.027518,Avian,N6
313_A/chicken/Jiangxi/12,A/chicken/Jiangxi/12.05_NCDZT007/2014(H5N6),-0.108495,0.019368,0.022916,-0.015694,Avian,N6
314_A/chicken/Jiangxi/12,A/chicken/Jiangxi/12.05_NCDZT0012/2014(H5N6),-0.107385,0.020044,0.020561,-0.011875,Avian,N6
315_A/chicken/Jiangxi/12,A/chicken/Jiangxi/12.05_NCDZT0020/2014(H5N6),-0.108495,0.019368,0.022916,-0.015694,Avian,N6
316_A/chicken/Jiangxi/12,A/chicken/Jiangxi/12.05_NCDZT0032/2014(H5N6),-0.117682,-0.000926,0.014349,-0.003296,Avian,N6
317_A/chicken/Jiangxi/12,A/chicken/Jiangxi/12.05_NCNP006/2014(H5N6),-0.107385,0.020044,0.020561,-0.011875,Avian,N6
318_A/chicken/Jiangxi/25,A/chicken/Jiangxi/25/2011,-0.10845,-0.027816,-0.014117,0.050451,Avian,N1
319_A/Chicken/Jiangxi/45,A/Chicken/Jiangxi/45093/2016,0.059011,-0.007918,0.014553,-0.079993,Avian,N6
320_A/chicken/Jiangxi/S4,A/chicken/Jiangxi/S40653/2021(H5N1),0.125011,0.016517,0.058074,0.010654,Avian,N1
321_A/chicken/Jilin/04.1,A/chicken/Jilin/04.11_CCHSL007/2015(Mixed),-0.110686,0.009478,0.025591,0.011228,Avian,N6
322_A/chicken/Jilin/04.1,A/chicken/Jilin/04.12_MHK001-O/2015(H5N1),-0.067546,-0.038519,-0.047733,-0.003325,Avian,N1
323_A/chicken/Jilin/04.1,A/chicken/Jilin/04.12_MHK002-O/2015(H5N1),-0.067546,-0.038519,-0.047733,-0.003325,Avian,N1
324_A/chicken/Jilin/04.1,A/chicken/Jilin/04.12_MHK003-O/2015(H5N1),-0.067546,-0.038519,-0.047733,-0.003325,Avian,N1
325_A/chicken/Jilin/04.1,A/chicken/Jilin/04.12_MHK004-O/2015(Mixed),-0.067546,-0.038519,-0.047733,-0.003325,Avian,N1
326_A/chicken/Jilin/04.2,A/chicken/Jilin/04.25_MHK009/2015(H5N1),-0.064987,-0.039258,-0.047238,-0.00508,Avian,N1
327_A/chicken/Jilin/S125,A/chicken/Jilin/S1255/2019(H5N1),-0.005968,-0.039837,-0.024993,0.000411,Avian,N1
328_A/chicken/Jilin/S127,A/chicken/Jilin/S1271/2019(H5N1),-0.009551,-0.040606,-0.020317,-0.003525,Avian,N1
329_A/chicken/Kaohsiung/,A/chicken/Kaohsiung/16MB0889/2016,0.085735,0.072834,-0.053532,-0.033571,Avian,N8
330_A/chicken/Kaohsiung/,A/chicken/Kaohsiung/16010047/2016,0.079118,0.081653,-0.053199,-0.029735,Avian,N8
331_A/chicken/Kaohsiung/,A/chicken/Kaohsiung/16020017-2/2016,0.087483,0.084455,-0.051137,-0.034531,Avian,N8
332_A/chicken/Kaohsiung/,A/chicken/Kaohsiung/16040021-1/2016,0.085735,0.072834,-0.053532,-0.033571,Avian,N8
333_A/chicken/Kaohsiung/,A/chicken/Kaohsiung/16070003/2016,0.090232,0.09152,-0.055448,-0.024373,Avian,N8
334_A/chicken/Kaohsiung/,A/chicken/Kaohsiung/16120012/2016,0.09539,0.068552,-0.052648,-0.040289,Avian,N8
335_A/chicken/Kaohsiung/,A/chicken/Kaohsiung/17030023/2017,0.092296,0.078853,-0.057731,-0.031827,Avian,N8
336_A/chicken/Kaohsiung/,A/chicken/Kaohsiung/17040007/2017,0.094067,0.064212,-0.037723,0.016902,Avian,N2
337_A/chicken/Kaohsiung/,A/chicken/Kaohsiung/17100002/2017,0.095806,0.063037,0.002698,0.028883,Avian,N2
338_A/chicken/Kaohsiung/,A/chicken/Kaohsiung/18080004-1/2018,0.101572,0.073245,-0.05683,0.035973,Avian,N2
339_A/chicken/Kaohsiung/,A/chicken/Kaohsiung/18080004-2/2018,0.101572,0.073245,-0.05683,0.035973,Avian,N2
340_A/chicken/Liaoning/S,A/chicken/Liaoning/S4092/2011,0.048547,0.042391,0.053133,-0.022279,Avian,N1
341_A/chicken/Liaoning/S,A/chicken/Liaoning/SD035/2018(H5N1),-0.023487,-0.040996,-0.004001,0.004385,Avian,N1
342_A/chicken/Miaoli/150,A/chicken/Miaoli/15010421-1/2015,0.138057,-0.193606,-0.03628,0.011492,Avian,N8
343_A/chicken/Nantou/161,A/chicken/Nantou/16110023-1/2016,0.090077,0.090156,-0.070936,-0.040133,Avian,N8
344_A/chicken/New_Taipei,A/chicken/New_Taipei_City/16110019-1/2016,0.085828,0.078012,-0.05295,-0.030638,Avian,N8
345_A/chicken/New_Taipei,A/chicken/New_Taipei_City/16110020-2/2016,0.081175,0.079947,-0.051621,-0.031915,Avian,N8
346_A/chicken/New_Taipei,A/chicken/New_Taipei_City/17040002-2/2017,0.075018,0.099464,-0.058485,0.031434,Avian,N2
347_A/chicken/New_Taipei,A/chicken/New_Taipei_City/17050004-2/2017,0.098599,0.104137,-0.037643,-0.056555,Avian,N8
348_A/chicken/New_Taipei,A/chicken/New_Taipei_City/17090001/2017,0.089829,0.116915,-0.043066,-0.038833,Avian,N8
349_A/chicken/New_Taipei,A/chicken/New_Taipei_City/17090002/2017,0.093733,0.121626,-0.040266,-0.042789,Avian,N8
350_A/chicken/New_Taipei,A/chicken/New_Taipei_City/17090003/2017,0.093668,0.116362,-0.044521,-0.033859,Avian,N8
351_A/chicken/New_Taipei,A/chicken/New_Taipei_City/18010021-3/2018,0.056776,0.050889,-0.034218,0.024423,Avian,N2
352_A/chicken/Ningxia/2/,A/chicken/Ningxia/2/2012,-0.001607,0.049646,0.034308,0.001159,Avian,N1
353_A/chicken/Ningxia/22,A/chicken/Ningxia/222/2012,0.002326,0.04908,0.032818,0.006254,Avian,N1
354_A/chicken/PH/A2821/2,A/chicken/PH/A2821/2013,0.215955,0.089783,0.035471,-0.219607,Avian,N2
355_A/chicken/Pingtung/1,A/chicken/Pingtung/15050006-1/2015,0.072694,0.076154,-0.052989,0.032073,Avian,N2
356_A/chicken/Pingtung/1,A/chicken/Pingtung/16020009-3/2016,0.071807,0.064325,-0.036366,0.028976,Avian,N2
357_A/chicken/Pingtung/1,A/chicken/Pingtung/18010017-1/2018,0.094738,0.078644,-0.053785,0.027255,Avian,N2
358_A/chicken/Pingtung/1,A/chicken/Pingtung/18020015-1/2018,0.05535,0.042169,-0.023403,0.01514,Avian,N2
359_A/chicken/PT/a158/20,A/chicken/PT/a158/2015,0.20686,0.08509,0.030866,-0.22771,Avian,N2
360_A/chicken/Qingdao/1/,A/chicken/Qingdao/1/2014,0.024014,-0.042964,0.014243,-0.059387,Avian,N2
361_A/chicken/SC/a688/20,A/chicken/SC/a688/2015,0.205994,0.074382,0.062024,-0.212862,Avian,N2
362_A/chicken/Shaanxi/SD,A/chicken/Shaanxi/SD001/2021,-0.070357,-0.045363,0.062112,-0.028897,Avian,N6
363_A/chicken/Shandong/1,A/chicken/Shandong/12.03_YA-CK/2014(H5N1),-0.092606,-0.042194,-0.031171,-0.016576,Avian,N1
364_A/Chicken/Shandong/J,A/Chicken/Shandong/J01/2009,-0.031295,0.042647,0.010826,0.066023,Avian,N1
365_A/Chicken/Shandong/J,A/Chicken/Shandong/J02/2009,0.016017,0.023212,0.039456,-0.01335,Avian,N1
366_A/Chicken/Shandong/J,A/Chicken/Shandong/J03/2009,0.007145,0.039309,0.018221,0.005845,Avian,N1
367_A/Chicken/Shandong/J,A/Chicken/Shandong/J04/2009,0.027729,0.029982,0.02304,-0.025538,Avian,N1
368_A/Chicken/Shandong/J,A/Chicken/Shandong/J06/2009,-0.047338,-0.039028,-0.046441,0.032172,Avian,N1
369_A/chicken/Shandong/K,A/chicken/Shandong/KD02699/2013,0.116948,-0.209046,-0.098743,-0.014285,Avian,N8
370_A/chicken/Shandong/S,A/chicken/Shandong/S3/2014,0.024527,-0.048254,0.013495,-0.062339,Avian,N2
371_A/chicken/Shanghai/S,A/chicken/Shanghai/S1123/2019(H5N1),-0.079756,-0.032996,-0.028016,-0.026819,Avian,N1
372_A/chicken/Shanghai/S,A/chicken/Shanghai/S4030/2017(H5N1),-0.064112,-0.035536,-0.032759,-0.014527,Avian,N1
373_A/chicken/Shanxi/04.,A/chicken/Shanxi/04.28_TGRL024-O/2018,-0.113466,-0.050873,-0.022173,-0.001921,Avian,N6
374_A/chicken/Shanxi/12.,A/chicken/Shanxi/12.01_TGYL014-C/2016,-0.115527,0.000595,0.013464,0.001829,Avian,N6
375_A/chicken/Shenzhen/4,A/chicken/Shenzhen/433/2013,-0.114256,0.008712,-0.005942,-0.01207,Avian,N6
376_A/chicken/Shenzhen/5,A/chicken/Shenzhen/552/2013,-0.11324,0.001638,0.010088,-0.002406,Avian,N6
377_A/chicken/Shenzhen/7,A/chicken/Shenzhen/715/2013,-0.114256,0.008712,-0.005942,-0.01207,Avian,N6
378_A/chicken/Shenzhen/1,A/chicken/Shenzhen/1061/2013,-0.100273,0.001963,0.014753,0.014177,Avian,N6
379_A/chicken/Shenzhen/1,A/chicken/Shenzhen/1845/2013,-0.117003,-0.011188,0.002221,-0.007716,Avian,N6
380_A/chicken/Shenzhen/2,A/chicken/Shenzhen/2269/2013,-0.11324,0.001638,0.010088,-0.002406,Avian,N6
381_A/chicken/Shenzhen/2,A/chicken/Shenzhen/2396/2013,-0.11911,-0.003971,0.013749,-0.016806,Avian,N6
382_A/chicken/Shenzhen/2,A/chicken/Shenzhen/2464/2013,-0.11324,0.001638,0.010088,-0.002406,Avian,N6
383_A/chicken/Shijiazhua,A/chicken/Shijiazhuang/1209/2013,0.059402,-0.022119,0.011543,-0.107774,Avian,N2
384_A/chicken/Sichuan/k1,A/chicken/Sichuan/k141/2017,-0.12917,0.002657,0.010545,-0.011769,Avian,N6
385_A/chicken/Sichuan/NC,A/chicken/Sichuan/NCJPL1/2014,-0.116319,-0.026878,0.019685,0.00927,Avian,N6
386_A/Chicken/Suzhou/j5/,A/Chicken/Suzhou/j5/2019,-0.115874,0.002584,0.018429,-0.011475,Avian,N6
387_A/Chicken/Suzhou/j6/,A/Chicken/Suzhou/j6/2019,-0.115874,0.002584,0.018429,-0.011475,Avian,N6
388_A/chicken/Taichung/1,A/chicken/Taichung/15010399/2015,0.076627,0.075588,-0.054479,0.037169,Avian,N2
389_A/chicken/Taichung/1,A/chicken/Taichung/16040032-3/2016,0.092801,0.069853,-0.060773,0.020357,Avian,N2
390_A/chicken/Taichung/1,A/chicken/Taichung/16050044-2/2016,0.074922,0.083562,-0.050127,0.031096,Avian,N2
391_A/chicken/Taichung/1,A/chicken/Taichung/16110017-3/2016,0.084422,0.085391,-0.072603,-0.011292,Avian,N8
392_A/chicken/Tainan/150,A/chicken/Tainan/15020214/2015,0.077297,0.079739,-0.041042,-0.028811,Avian,N8
393_A/chicken/Tainan/160,A/chicken/Tainan/16040035-1/2016,0.071747,0.067844,-0.044061,0.043082,Avian,N2
394_A/chicken/Tainan/170,A/chicken/Tainan/17030058-1/2017,0.078911,0.076433,-0.053274,-0.028757,Avian,N8
395_A/chicken/Taipei_Cit,A/chicken/Taipei_City/17090004/2017,0.096798,0.109784,-0.04322,-0.045477,Avian,N8
396_A/chicken/Taipei_Cit,A/chicken/Taipei_City/18010007-3/2018,0.068218,0.061758,-0.021025,0.047416,Avian,N2
397_A/chicken/Taipei_Cit,A/chicken/Taipei_City/18010008-3/2018,0.104409,0.051332,0.008894,0.024755,Avian,N2
398_A/chicken/Taipei/160,A/chicken/Taipei/16060022-4/2016,0.086843,0.078417,-0.055029,-0.028025,Avian,N8
399_A/chicken/Taipei/160,A/chicken/Taipei/16060023-1/2016,0.086843,0.078417,-0.055029,-0.028025,Avian,N8
400_A/chicken/Taipei/161,A/chicken/Taipei/16120021/2016,0.092419,0.055601,-0.0357,-0.042752,Avian,N8
401_A/chicken/Taipei/170,A/chicken/Taipei/17050005-1/2017,0.088256,0.107946,-0.043938,-0.041624,Avian,N8
402_A/chicken/Taipei/170,A/chicken/Taipei/17050008-3/2017,0.08888,0.10561,-0.03688,-0.052851,Avian,N8
403_A/chicken/Taipei/170,A/chicken/Taipei/17050009-3/2017,0.090612,0.106348,-0.042896,-0.041827,Avian,N8
404_A/chicken/Taishun/TS,A/chicken/Taishun/TS2/2016,0.006873,-0.025851,-0.006801,-0.05145,Avian,N6
405_A/chicken/Taishun/TS,A/chicken/Taishun/TS90/2016,0.0394,-0.039138,0.002845,-0.050863,Avian,N6
406_A/chicken/Taiwan/010,A/chicken/Taiwan/0101/2012,0.145433,0.033066,-0.006191,-0.077968,Avian,N2
407_A/chicken/Taiwan/050,A/chicken/Taiwan/0502/2012,0.213565,0.07351,-0.019783,-0.175254,Avian,N2
408_A/chicken/Taiwan/683,A/chicken/Taiwan/683/2012,0.21472,0.083402,0.056038,-0.190387,Avian,N2
409_A/chicken/Taiwan/011,A/chicken/Taiwan/01174/2015,0.077843,0.083812,-0.036829,-0.030837,Avian,Others
410_A/chicken/Taiwan/168,A/chicken/Taiwan/1682/2013,0.261834,0.04214,0.14443,-0.157511,Avian,N2
411_A/chicken/Taiwan/169,A/chicken/Taiwan/1692/2013,0.260139,0.044995,0.142141,-0.161373,Avian,N2
412_A/chicken/Taiwan/170,A/chicken/Taiwan/1704/2013,0.260139,0.044995,0.142141,-0.161373,Avian,N2
413_A/chicken/Taiwan/171,A/chicken/Taiwan/1711/2013,0.260139,0.044995,0.142141,-0.161373,Avian,N2
414_A/chicken/Taiwan/259,A/chicken/Taiwan/2593/2012,0.211336,0.086523,0.041202,-0.221209,Avian,N2
415_A/chicken/Taiwan/294,A/chicken/Taiwan/2948/2013,0.218648,0.106711,0.045641,-0.22746,Avian,N2
416_A/chicken/Taiwan/444,A/chicken/Taiwan/4443/2013,0.204758,0.088223,0.051425,-0.223197,Avian,N2
417_A/chicken/Taiwan/735,A/chicken/Taiwan/7350/2013,0.209692,0.113312,0.060306,-0.228741,Avian,N2
418_A/chicken/Taiwan/898,A/chicken/Taiwan/8988/2013,0.209359,0.09251,0.041289,-0.220892,Avian,N2
419_A/chicken/Taiwan/899,A/chicken/Taiwan/8994/2013,0.209359,0.09251,0.041289,-0.220892,Avian,N2
420_A/chicken/Taiwan/899,A/chicken/Taiwan/8996/2013,0.209359,0.09251,0.041289,-0.220892,Avian,N2
421_A/chicken/Taiwan/A1/,A/chicken/Taiwan/A1/2019,0.197056,0.051807,0.041988,-0.245001,Avian,N2
422_A/chicken/Taiwan/a17,A/chicken/Taiwan/a174/2015,0.078507,0.082836,-0.037437,-0.030537,Avian,Others
423_A/chicken/Taiwan/A19,A/chicken/Taiwan/A1997/2012,0.102434,0.030026,0.025245,-0.080179,Avian,N2
424_A/chicken/Taiwan/D2/,A/chicken/Taiwan/D2/2019,0.080535,0.097619,-0.030139,0.01672,Avian,N2
425_A/chicken/Taiwan/D9/,A/chicken/Taiwan/D9/2019,0.0813,0.097125,-0.032005,0.017869,Avian,N2
426_A/chicken/Taiwan/u7/,A/chicken/Taiwan/u7/2016,0.083185,0.088074,-0.03942,0.033154,Avian,N2
427_A/chicken/Taiwan/x37,A/chicken/Taiwan/x37/2016,0.090542,0.072681,-0.048168,-0.032457,Avian,N8
428_A/chicken/TC/a504/20,A/chicken/TC/a504/2015,0.204772,0.083046,0.03041,-0.226776,Avian,N2
429_A/chicken/TY/a665/20,A/chicken/TY/a665/2015,0.211238,0.081399,0.046792,-0.2308,Avian,N2
430_A/chicken/Wuxi/7157/,A/chicken/Wuxi/7157/2015,-0.088292,-0.005074,-0.005463,-0.007425,Avian,N6
431_A/chicken/Wuxi/7765/,A/chicken/Wuxi/7765/2016,-0.065598,-0.001555,-0.001603,-0.012038,Avian,N6
432_A/chicken/Wuxi/SC739,A/chicken/Wuxi/SC7393/2015,-0.112116,-0.000256,-0.000771,-0.013967,Avian,N6
433_A/chicken/Wuxi/WX-32,A/chicken/Wuxi/WX-32/2013,-0.051143,-0.036095,-0.030053,-0.010577,Avian,N1
434_A/chicken/Wuxi/WX-33,A/chicken/Wuxi/WX-33/2013,-0.038875,-0.038834,-0.02634,-0.008939,Avian,N1
435_A/chicken/Xinjiang/S,A/chicken/Xinjiang/S1016/2019(H5N1),-0.075824,-0.033562,-0.029506,-0.021723,Avian,N1
436_A/chicken/Xinjiang/S,A/chicken/Xinjiang/S1081/2019(H5N1),-0.073265,-0.034301,-0.029012,-0.023479,Avian,N1
437_A/chicken/Xinjiang/S,A/chicken/Xinjiang/S1170/2019(H5N1),-0.077955,-0.033931,-0.03376,-0.024727,Avian,N1
438_A/Chicken/Xuzhou/470,A/Chicken/Xuzhou/470/2017,-0.115874,0.002584,0.018429,-0.011475,Avian,N6
439_A/chicken/Xuzhou/XZ6,A/chicken/Xuzhou/XZ6/2016,-0.088624,-0.001757,0.006429,-0.024053,Avian,N6
440_A/Chicken/Yangzhou/f,A/Chicken/Yangzhou/f6/2018,-0.120004,0.003488,0.019499,-0.016988,Avian,N6
441_A/Chicken/Yangzhou/f,A/Chicken/Yangzhou/f9/2018,-0.120004,0.003488,0.019499,-0.016988,Avian,N6
442_A/Chicken/Yangzhou/f,A/Chicken/Yangzhou/f14/2018,-0.120004,0.003488,0.019499,-0.016988,Avian,N6
443_A/chicken/Yangzhou/Y,A/chicken/Yangzhou/YD1/2014,-0.126288,-0.026195,0.0097,-0.011662,Avian,N6
444_A/chicken/YL/A3190/2,A/chicken/YL/A3190/2014,0.117213,0.061781,0.050657,-0.079834,Avian,N2
445_A/chicken/Yuhang/1/2,A/chicken/Yuhang/1/2013,-0.093715,-0.058227,0.006327,0.042336,Avian,Others
446_A/chicken/Yuhang/2/2,A/chicken/Yuhang/2/2013,-0.093715,-0.058227,0.006327,0.042336,Avian,Others
447_A/chicken/Yunlin/150,A/chicken/Yunlin/15020048-1/2015,0.076066,0.075579,-0.054322,0.037272,Avian,N2
448_A/chicken/Yunlin/150,A/chicken/Yunlin/15040002-2/2015,0.080246,0.075169,-0.047515,0.028884,Avian,N2
449_A/chicken/Yunlin/150,A/chicken/Yunlin/15040027/2015,0.074163,0.07636,-0.046387,0.029147,Avian,N2
450_A/chicken/Yunlin/150,A/chicken/Yunlin/15050012/2015,0.138057,-0.193606,-0.03628,0.011492,Avian,N8
451_A/chicken/Yunlin/150,A/chicken/Yunlin/15050037-2/2015,0.080558,0.075506,-0.053313,0.032979,Avian,N2
452_A/chicken/Yunlin/150,A/chicken/Yunlin/15050039-2/2015,0.078115,0.076211,-0.053785,0.034654,Avian,N2
453_A/chicken/Yunlin/150,A/chicken/Yunlin/15060014-1/2015,0.077775,0.07655,-0.058505,0.031498,Avian,N2
454_A/chicken/Yunlin/150,A/chicken/Yunlin/15080024/2015,0.072866,0.085268,-0.051705,0.033276,Avian,N2
455_A/chicken/Yunlin/160,A/chicken/Yunlin/16010001-1/2016,0.082272,0.094909,-0.054884,0.022086,Avian,N2
456_A/chicken/Yunlin/160,A/chicken/Yunlin/16010008-1/2016,0.081182,0.074936,-0.049097,0.045792,Avian,N2
457_A/chicken/Yunlin/160,A/chicken/Yunlin/16020038/2016,0.08015,0.055604,-0.0724,0.004487,Avian,N8
458_A/chicken/Yunlin/160,A/chicken/Yunlin/16050053/2016,0.090743,0.064643,-0.064065,0.018905,Avian,N2
459_A/chicken/Yunlin/170,A/chicken/Yunlin/17010001/2017,0.087545,0.064895,-0.07776,0.009869,Avian,N8
460_A/chicken/Yunlin/170,A/chicken/Yunlin/17010014/2017,0.085019,0.089896,-0.043179,0.033849,Avian,N2
461_A/chicken/Yunlin/170,A/chicken/Yunlin/17020094-1/2017,0.06498,0.083978,-0.068059,0.037996,Avian,N2
462_A/chicken/Yunlin/170,A/chicken/Yunlin/17020095-2/2017,0.101479,0.075204,-0.037894,0.034177,Avian,N2
463_A/chicken/Yunlin/170,A/chicken/Yunlin/17030001-1/2017,0.085244,0.073621,-0.037409,0.030718,Avian,N2
464_A/chicken/Yunlin/170,A/chicken/Yunlin/17030007-1/2017,0.10305,0.073844,-0.0307,0.038135,Avian,N2
465_A/chicken/Yunlin/170,A/chicken/Yunlin/17030010-1/2017,0.084502,0.087733,-0.045834,0.034965,Avian,N2
466_A/chicken/Yunlin/170,A/chicken/Yunlin/17030014-1/2017,0.092336,0.052538,-0.03484,0.018674,Avian,N2
467_A/chicken/Yunlin/170,A/chicken/Yunlin/17030020-2/2017,0.085812,0.075691,-0.035676,0.03283,Avian,N2
468_A/chicken/Yunlin/170,A/chicken/Yunlin/17030021-1/2017,0.090149,0.068954,-0.042255,0.028782,Avian,N2
469_A/chicken/Yunlin/170,A/chicken/Yunlin/17030032-2/2017,0.079144,0.08875,-0.03681,0.02486,Avian,N2
470_A/chicken/Yunlin/170,A/chicken/Yunlin/17030065-2/2017,0.095968,0.079581,-0.050102,0.040292,Avian,N2
471_A/chicken/Yunlin/170,A/chicken/Yunlin/17040003-1/2017,0.094692,0.075121,-0.019894,0.048673,Avian,N2
472_A/chicken/Yunlin/170,A/chicken/Yunlin/17040004-2/2017,0.081988,0.061375,-0.031355,0.018633,Avian,N2
473_A/chicken/Yunlin/170,A/chicken/Yunlin/17040011-1/2017,0.083858,0.070189,-0.034878,0.027278,Avian,N2
474_A/chicken/Yunlin/170,A/chicken/Yunlin/17060019/2017,0.094936,0.089594,-0.02782,0.028002,Avian,N2
475_A/chicken/Yunlin/170,A/chicken/Yunlin/17070010/2017,0.085913,0.07334,-0.029116,0.031057,Avian,N2
476_A/chicken/Yunlin/180,A/chicken/Yunlin/18010001-2/2018,0.086908,0.067137,-0.0284,0.03126,Avian,N2
477_A/chicken/Yunlin/180,A/chicken/Yunlin/18010003-3/2018,0.090094,0.050273,-0.020815,0.019844,Avian,N2
478_A/chicken/Yunlin/180,A/chicken/Yunlin/18010023-1/2018,0.113754,0.061964,0.009809,0.036156,Avian,N2
479_A/chicken/Yunlin/180,A/chicken/Yunlin/18020003-2/2018,0.096356,0.065431,0.014174,0.030619,Avian,N2
480_A/chicken/Yunlin/180,A/chicken/Yunlin/18020004-1/2018,0.094649,0.066816,0.015842,0.030822,Avian,N2
481_A/chicken/Yunlin/180,A/chicken/Yunlin/18020005-2/2018,0.096356,0.065431,0.014174,0.030619,Avian,N2
482_A/chicken/Yunlin/180,A/chicken/Yunlin/18020008-2/2018,0.10422,0.064298,0.011194,0.04081,Avian,N2
483_A/chicken/Yunlin/180,A/chicken/Yunlin/18030002-1/2018,0.092822,0.065599,0.012289,0.017839,Avian,N2
484_A/chicken/Yunlin/180,A/chicken/Yunlin/18050013-1/2018,0.099022,0.057196,0.005066,0.006305,Avian,N2
485_A/chicken/Yunlin/180,A/chicken/Yunlin/18060001-2/2018,0.099022,0.057196,0.005066,0.006305,Avian,N2
486_A/chicken/Yunlin/180,A/chicken/Yunlin/18080006-1/2018,0.080574,0.082933,-0.014224,-0.051207,Avian,N2
487_A/chicken/Yunnan/1/2,A/chicken/Yunnan/1/2014,-0.136642,0.053395,-0.026367,-0.022064,Avian,N1
488_A/chicken/Yunnan/02.,A/chicken/Yunnan/02.09_DQXY008L/2015(H5N6),0.028442,-0.043699,0.017282,-0.056713,Avian,N6
489_A/chicken/Yunnan/03.,A/chicken/Yunnan/03.15_DQJT0054-Z-P/2015(H5N6),-0.11289,0.01478,0.008926,-0.011857,Avian,N6
490_A/chicken/Yunnan/03.,A/chicken/Yunnan/03.16__DQJT0068-O/2015(H5N6),0.041384,-0.043119,0.022299,-0.039904,Avian,N6
491_A/chicken/Yunnan/03.,A/chicken/Yunnan/03.16_DQJT069-O/2015(H5N6),-0.108388,0.00275,-0.005684,0.001679,Avian,N6
492_A/chicken/Yunnan/03.,A/chicken/Yunnan/03.16_DQXYL0034-O/2015(H5N6),0.029802,-0.040307,0.017632,-0.055849,Avian,N6
493_A/chicken/Yunnan/03.,A/chicken/Yunnan/03.16_DQXYL057-O/2015(H5N6),-0.108388,0.00275,-0.005684,0.001679,Avian,N6
494_A/chicken/Yunnan/07.,A/chicken/Yunnan/07.11_DQENM005/2015(H5N6),-0.134985,0.006482,-0.022623,-0.000246,Avian,N6
495_A/Chicken/Yunnan/YN-,A/Chicken/Yunnan/YN-8/2016__(H5N6),-0.100207,-0.006342,-0.013753,-0.021591,Avian,N6
496_A/Chicken/Yunnan/YN-,A/Chicken/Yunnan/YN-11/2016__(H5N6),-0.106518,-0.009542,-0.016873,-0.022834,Avian,N6
497_A/Chicken/Yunnan/YN-,A/Chicken/Yunnan/YN-12/2016__(H5N6),-0.096633,-0.009443,-0.011508,-0.025645,Avian,N6
498_A/chicken/Zhejiang/1,A/chicken/Zhejiang/194/2016,-0.086247,-0.006062,-0.00785,-0.008844,Avian,N2
499_A/chicken/Zhejiang/2,A/chicken/Zhejiang/209/2016,0.106826,-0.202695,-0.066979,0.007907,Avian,N2
500_A/chicken/Zhejiang/2,A/chicken/Zhejiang/217/2016,-0.086247,-0.006062,-0.00785,-0.008844,Avian,N2
501_A/chicken/Zhejiang/2,A/chicken/Zhejiang/232/2016,0.120718,-0.210166,-0.042775,0.016137,Avian,N2
502_A/chicken/Zhejiang/7,A/chicken/Zhejiang/7450/2015,0.125172,-0.231948,-0.046725,-0.002846,Avian,N2
503_A/chicken/Zhejiang/8,A/chicken/Zhejiang/81643/2015,0.092083,-0.227166,-0.039027,0.020856,Avian,N2
504_A/chicken/Zhejiang/5,A/chicken/Zhejiang/514135/2015,0.077871,-0.005414,-0.006937,0.021739,Avian,N2
505_A/chicken/Zhejiang/7,A/chicken/Zhejiang/727022/2014,-0.111505,0.003694,0.016342,-0.011295,Avian,N6
506_A/chicken/Zhejiang/7,A/chicken/Zhejiang/727026/2014,-0.114304,0.006334,0.015535,-0.007889,Avian,N6
507_A/chicken/Zhejiang/7,A/chicken/Zhejiang/727079/2014,-0.08332,-0.018144,0.068622,0.008301,Avian,N2
508_A/chicken/Zhejiang/7,A/chicken/Zhejiang/727155/2014,-0.10317,0.00239,0.028654,-0.013747,Avian,N6
509_A/chicken/Zhejiang/7,A/chicken/Zhejiang/727159/2014,-0.08332,-0.018144,0.068622,0.008301,Avian,N2
510_A/chickenl/Jiangxi/E,A/chickenl/Jiangxi/E84/2014_(H5N6),-0.111989,0.002219,0.002379,-0.009907,Avian,N6
511_A/Chlidonias_hybrida,A/Chlidonias_hybrida/Hubei/55/2020,0.136421,-0.020726,0.11976,0.068285,Avian,N8
512_A/Commom_Teal/Ningxi,A/Commom_Teal/Ningxia/474-9/2015,-0.113011,0.009612,0.012564,-0.005566,Avian,N6
513_A/common_coot/Shando,A/common_coot/Shandong/SC197/2021,0.160549,-0.003969,0.135259,0.023585,Avian,N8
514_A/common_crane/Yunna,A/common_crane/Yunnan-Huize/27/2021(H5N8),0.126476,-0.019336,0.127202,0.063169,Avian,N8
515_A/common_pochard/Nin,A/common_pochard/Ningxia/243/2020,0.097244,-0.042158,0.100009,0.035491,Avian,N8
516_A/common_teal/Ningxi,A/common_teal/Ningxia/105/2020,0.12864,-0.020446,0.129981,0.058353,Avian,N8
517_A/common_teal/Ningxi,A/common_teal/Ningxia/181/2020,0.097244,-0.042158,0.100009,0.035491,Avian,N8
518_A/common_teal/Ningxi,A/common_teal/Ningxia/189/2020,0.101423,-0.044804,0.097816,0.034816,Avian,N8
519_A/common_teal/Ningxi,A/common_teal/Ningxia/237/2020,0.098506,-0.042573,0.09877,0.035509,Avian,N8
520_A/common_teal/Ningxi,A/common_teal/Ningxia/245/2020,0.104889,-0.041274,0.099922,0.035496,Avian,N8
521_A/common_teal/Ningxi,A/common_teal/Ningxia/253/2020,0.104889,-0.041274,0.099922,0.035496,Avian,N8
522_A/common_teal/Shaanx,A/common_teal/Shaanxi/SXY1-1/2020,0.12864,-0.020446,0.129981,0.058353,Avian,N8
523_A/condor/Guangdong/1,A/condor/Guangdong/139/2003,-0.041662,0.017359,-0.008711,0.019373,Avian,N1
524_A/Copsychus_saularis,A/Copsychus_saularis/Guangdong/SW8/2014,-0.09834,-0.003361,0.011271,-0.005655,Avian,N6
525_A/Curlew/Hong_Kong/A,A/Curlew/Hong_Kong/AFCD-HKU-22-01095.01009/2022,0.115484,0.005759,0.052248,0.023866,Avian,N1
526_A/Cygnus_atratus/Hub,A/Cygnus_atratus/Hubei/2Z2-O/2016,0.087113,0.032996,-0.04826,0.017485,Avian,N8
527_A/Cygnus_atratus/Hub,A/Cygnus_atratus/Hubei/HF-1/2016,0.085121,0.032312,-0.039531,0.024677,Avian,N8
528_A/Cygnus_columbianus,A/Cygnus_columbianus/Hubei/49/2020,0.133817,-0.030993,0.1187,0.052266,Avian,N8
529_A/Cygnus_columbianus,A/Cygnus_columbianus/Hubei/50/2020,0.128871,-0.020065,0.119002,0.05948,Avian,N8
530_A/Cygnus_columbianus,A/Cygnus_columbianus/Hubei/51/2020,0.133249,-0.020735,0.126234,0.058109,Avian,N8
531_A/Cygnus_columbianus,A/Cygnus_columbianus/Hubei/52/2020,0.136421,-0.020726,0.11976,0.068285,Avian,N8
532_A/Cygnus_columbianus,A/Cygnus_columbianus/Hubei/53/2020,0.136421,-0.020726,0.11976,0.068285,Avian,N8
533_A/Cygnus_columbianus,A/Cygnus_columbianus/Hubei/56/2020,0.135691,-0.022249,0.122276,0.073125,Avian,N8
534_A/Cygnus_columbianus,A/Cygnus_columbianus/Hubei/116/2020,0.136421,-0.020726,0.11976,0.068285,Avian,N8
535_A/Cygnus_columbianus,A/Cygnus_columbianus/Hubei/117/2021,0.089037,-0.01156,0.070116,0.019834,Avian,N1
536_A/Cygnus_columbianus,A/Cygnus_columbianus/Hubei/121/2021,0.093688,-0.05337,0.06414,0.027831,Avian,N1
537_A/Cygnus_columbianus,A/Cygnus_columbianus/Hubei/123/2021,0.089037,-0.01156,0.070116,0.019834,Avian,N1
538_A/Cygnus_columbianus,A/Cygnus_columbianus/Hubei/128/2021,0.089037,-0.01156,0.070116,0.019834,Avian,N1
539_A/domestic_green-win,A/domestic_green-winged_teal/Hunan/3450/2006,0.144241,0.048537,0.024516,0.007305,Avian,N1
540_A/duck/Anhui/AH328/2,A/duck/Anhui/AH328/2015,-0.086247,-0.006062,-0.00785,-0.008844,Avian,N6
541_A/duck/Anhui/S4/2016,A/duck/Anhui/S4/2016,-0.108057,-0.002686,-0.002949,-0.003114,Avian,N6
542_A/duck/Changhua/15A0,A/duck/Changhua/15A03431-1-20T/2015,0.075741,0.07347,-0.053982,0.039059,Avian,N2
543_A/duck/Changhua/15A0,A/duck/Changhua/15A03473-1-20T/2015,0.076448,0.074346,-0.055177,0.033462,Avian,N2
544_A/duck/Chiayi/150800,A/duck/Chiayi/15080023/2015,0.076656,0.058203,-0.074949,0.002924,Avian,N8
545_A/duck/China/0936/20,A/duck/China/0936/2017,-0.119862,0.04293,0.021632,-0.014639,Avian,N6
546_A/duck/China/0938/20,A/duck/China/0938/2017,-0.067219,-0.033982,-0.034271,-0.014682,Avian,N6
547_A/duck/China/DK87/20,A/duck/China/DK87/2016,-0.098257,0.019902,0.026336,-0.016156,Avian,N6
548_A/duck/China/E26/201,A/duck/China/E26/2012,-0.07016,-0.031249,-0.047613,0.028844,Avian,N1
549_A/duck/China/E53/201,A/duck/China/E53/2012,-0.007218,0.026724,0.016003,0.037339,Avian,N1
550_A/Duck/China/H5N6/20,A/Duck/China/H5N6/2020,-0.110657,-0.002218,-0.002179,-0.01442,Avian,N6
551_A/duck/China/YD1516/,A/duck/China/YD1516/2016,0.117367,-0.221409,-0.057008,0.013011,Avian,N2
552_A/duck/Chongqing/S43,A/duck/Chongqing/S4362/2017,0.08734,0.03847,-0.032999,0.010073,Avian,Others
553_A/duck/Dongguan/2685,A/duck/Dongguan/2685/2013,-0.113085,0.007392,-0.007765,-0.013015,Avian,N6
554_A/Duck/Dongting/D76-,A/Duck/Dongting/D76-1/2016,0.109798,0.040607,-0.051879,-0.017071,Avian,Others
555_A/duck/Eastern_China,A/duck/Eastern_China/008/2008,0.117853,-0.142615,-0.053573,-0.025048,Avian,Others
556_A/duck/Eastern_China,A/duck/Eastern_China/031/2009,0.119293,-0.138004,-0.06506,-0.026244,Avian,Others
557_A/duck/Eastern_China,A/duck/Eastern_China/108/2008,0.114015,-0.142062,-0.052119,-0.030023,Avian,N1
558_A/duck/Eastern_China,A/duck/Eastern_China/909/2009,0.106758,0.027605,-0.063396,0.018329,Avian,N1
559_A/duck/Eastern_China,A/duck/Eastern_China/JY/2014,0.13113,-0.174961,-0.072009,-0.018107,Avian,N8
560_A/duck/Eastern_China,A/duck/Eastern_China/L0230/2010,0.099536,-0.180613,-0.074416,-0.015178,Avian,N2
561_A/duck/Eastern_China,A/duck/Eastern_China/L0321/2010,0.095668,-0.17542,-0.087988,-0.03357,Avian,N2
562_A/duck/Eastern_China,A/duck/Eastern_China/L0405/2010,0.121788,-0.192636,-0.089652,-0.011242,Avian,N8
563_A/duck/Eastern_China,A/duck/Eastern_China/L0423/2011,0.127807,-0.193083,-0.094828,-0.009871,Avian,N8
564_A/duck/Eastern_China,A/duck/Eastern_China/L0611/2011,0.128011,-0.21683,-0.083985,-0.014855,Avian,N8
565_A/duck/Eastern_China,A/duck/Eastern_China/L0722/2012,0.123024,-0.198291,-0.088823,-0.003052,Avian,N8
566_A/duck/Eastern_China,A/duck/Eastern_China/L1021/2012,0.121757,-0.203552,-0.080416,-0.009164,Avian,N8
567_A/duck/Eastern_China,A/duck/Eastern_China/L1120/2012,0.141337,-0.212301,-0.065254,-0.01669,Avian,N8
568_A/duck/Eastern_China,A/duck/Eastern_China/S0131/2014,0.13206,-0.196521,-0.037111,0.00693,Avian,N2
569_A/duck/Eastern_China,A/duck/Eastern_China/S0215/2014,0.12891,-0.193662,-0.092095,-0.0099,Avian,N8
570_A/duck/Eastern_China,A/duck/Eastern_China/S0322/2014,0.013232,-0.011744,-0.046634,0.005479,Avian,N6
571_A/duck/Eastern_China,A/duck/Eastern_China/S0711/2014,-0.132595,-0.025902,0.000205,-0.032039,Avian,N6
572_A/duck/Eastern_China,A/duck/Eastern_China/S0808/2014,0.070024,-0.190133,-0.077497,-0.043959,Avian,N2
573_A/duck/Eastern_China,A/duck/Eastern_China/S0908/2014,-0.116392,0.022761,-0.007743,-0.01348,Avian,N6
574_A/duck/Eastern_China,A/duck/Eastern_China/S1109/2014,0.128507,-0.182498,-0.028025,-0.021129,Avian,N8
575_A/duck/Eastern_China,A/duck/Eastern_China/S1210/2013,0.137595,-0.173085,-0.068537,-0.016296,Avian,N8
576_A/duck/Fujian/1.17_F,A/duck/Fujian/1.17_FZHX0123-C/2017,-0.0763,0.022543,-0.002972,-0.008184,Avian,N6
577_A/duck/Fujian/03.18_,A/duck/Fujian/03.18_GTFJ-15-10/2015(Mixed),-0.101764,0.00391,0.005156,-0.004044,Avian,N6
578_A/duck/Fujian/05.07_,A/duck/Fujian/05.07_FZHMD4K-O/2015(Mixed),-0.105274,0.001192,0.01907,0.003161,Avian,N6
579_A/duck/Fujian/05.07_,A/duck/Fujian/05.07_FZHMD12AK-O/2015(Mixed),-0.109207,0.001758,0.02056,-0.001934,Avian,N6
580_A/duck/Fujian/05.07_,A/duck/Fujian/05.07_FZHMDK14-O/2015(H5N6),-0.109207,0.001758,0.02056,-0.001934,Avian,N6
581_A/duck/Fujian/10.26_,A/duck/Fujian/10.26_FZHX0002-O/2017,-0.091868,0.037801,0.041303,-0.014883,Avian,N6
582_A/duck/Fujian/10.26_,A/duck/Fujian/10.26_FZHX0010-O/2017,-0.087573,0.078234,0.055727,-0.011132,Avian,N6
583_A/duck/Fujian/11.3_F,A/duck/Fujian/11.3_FZHX1132-O/2016,-0.081146,0.022074,-0.000538,-0.008654,Avian,N6
584_A/duck/Fujian/11.3_F,A/duck/Fujian/11.3_FZHX1141-C/2016,-0.080002,0.022369,-0.004298,-0.011213,Avian,N6
585_A/duck/Fujian/11.23_,A/duck/Fujian/11.23_FZHX0009-C/2017,-0.072582,0.031609,0.065122,-0.010874,Avian,N6
586_A/duck/Fujian/11.23_,A/duck/Fujian/11.23_FZHX0014-C/2017,-0.053066,0.052437,0.046192,-0.039827,Avian,N6
587_A/duck/Fujian/11.23_,A/duck/Fujian/11.23_FZHX0015-C/2017,-0.122614,0.04818,0.031111,-0.002937,Avian,N6
588_A/duck/Fujian/12.7_F,A/duck/Fujian/12.7_FZHX1202-O/2016,-0.0763,0.022543,-0.002972,-0.008184,Avian,N6
589_A/duck/Fujian/12.7_F,A/duck/Fujian/12.7_FZHX1218-C/2016,-0.075116,0.021586,0.004286,-0.004815,Avian,N6
590_A/duck/Fujian/12.7_F,A/duck/Fujian/12.7_FZHX1219-O/2016,-0.075116,0.021586,0.004286,-0.004815,Avian,N6
591_A/duck/Fujian/12.7_F,A/duck/Fujian/12.7_FZHX1221-C/2016,-0.075116,0.021586,0.004286,-0.004815,Avian,N6
592_A/duck/Fujian/S1233/,A/duck/Fujian/S1233/2018(H5N1),-0.123366,-0.010894,0.029303,-0.020688,Avian,N1
593_A/duck/Fujian/S1273/,A/duck/Fujian/S1273/2018(H5N1),-0.078568,-0.033268,-0.028807,-0.027884,Avian,N1
594_A/Duck/Fujian/S4146/,A/Duck/Fujian/S4146/2010,-0.110726,-0.035582,-0.016379,0.054097,Avian,N1
595_A/duck/Guangdong/01.,A/duck/Guangdong/01.01_SZSGXJK001-G/2016,-0.126091,-0.021228,0.000602,0.002128,Avian,N6
596_A/duck/Guangdong/01.,A/duck/Guangdong/01.01_SZSGXJK001-Y_/2016,-0.106719,0.001141,0.021537,0.001598,Avian,N6
597_A/duck/Guangdong/01.,A/duck/Guangdong/01.01_SZSGXJK002-G/2016,-0.103808,-0.001095,0.008126,-0.004863,Avian,N6
598_A/duck/Guangdong/01.,A/duck/Guangdong/01.01_SZSGXJK002-Y/2016,-0.104821,-0.000649,0.017941,0.001745,Avian,N6
599_A/duck/Guangdong/01.,A/duck/Guangdong/01.01_SZSGXJK003-G/2016,-0.104821,-0.000649,0.017941,0.001745,Avian,N6
600_A/duck/Guangdong/01.,A/duck/Guangdong/01.01_SZSGXJK004-Y/2016,-0.104821,-0.000649,0.017941,0.001745,Avian,N6
601_A/duck/Guangdong/01.,A/duck/Guangdong/01.01_SZSGXJK005-G_/2016,-0.107835,-0.000241,0.014252,-0.000789,Avian,N6
602_A/duck/Guangdong/01.,A/duck/Guangdong/01.01_SZSGXJK005-Y/2016,-0.104821,-0.000649,0.017941,0.001745,Avian,N6
603_A/duck/Guangdong/01.,A/duck/Guangdong/01.01_SZSGXJK006-G/2016,-0.103398,0.000758,0.011619,-0.000851,Avian,N6
604_A/duck/Guangdong/01.,A/duck/Guangdong/01.01_SZSGXJK006-Y/2016,-0.104821,-0.000649,0.017941,0.001745,Avian,N6
605_A/duck/Guangdong/02.,A/duck/Guangdong/02.11_DGCP092-P/2015(Mixed),-0.094485,-0.010747,0.048639,-0.014145,Avian,N6
606_A/duck/Guangdong/02.,A/duck/Guangdong/02.11_DGCP093-P/2015(Mixed),-0.094485,-0.010747,0.048639,-0.014145,Avian,N6
607_A/duck/Guangdong/02.,A/duck/Guangdong/02.11_DGCP094-P/2015(Mixed),-0.094485,-0.010747,0.048639,-0.014145,Avian,N6
608_A/duck/Guangdong/02.,A/duck/Guangdong/02.11_DGCP102-P/2015(Mixed),-0.092898,0.000274,0.042574,-0.008691,Avian,N6
609_A/duck/Guangdong/02.,A/duck/Guangdong/02.11_DGCP103-P/2015(Mixed),-0.094485,-0.010747,0.048639,-0.014145,Avian,N6
610_A/duck/Guangdong/02.,A/duck/Guangdong/02.11_DGCP104-P/2015(Mixed),-0.094485,-0.010747,0.048639,-0.014145,Avian,N6
611_A/duck/Guangdong/03.,A/duck/Guangdong/03.26_DGCP062-P/2015(H5N6),-0.096217,-0.001093,0.007591,0.00814,Avian,N6
612_A/duck/Guangdong/03.,A/duck/Guangdong/03.26_DGCP066-O/2015(H5N6),-0.098833,0.000105,0.008641,0.00527,Avian,N6
613_A/duck/Guangdong/03.,A/duck/Guangdong/03.26_DGCP074-O/2015(H5N6),-0.101918,-0.01224,0.023645,0.002487,Avian,N6
614_A/duck/Guangdong/03.,A/duck/Guangdong/03.26_DGCP075-O/2015(Mixed),-0.102948,0.03116,0.027332,-0.003702,Avian,N6
615_A/duck/Guangdong/03.,A/duck/Guangdong/03.26_DGCP076-O/2015(H5N6),-0.101918,-0.01224,0.023645,0.002487,Avian,N6
616_A/duck/Guangdong/03.,A/duck/Guangdong/03.26_DGCP076-P/2015(H5N6),-0.101918,-0.01224,0.023645,0.002487,Avian,N6
617_A/duck/Guangdong/03.,A/duck/Guangdong/03.26_DGCP077-O/2015(H5N6),-0.102948,0.03116,0.027332,-0.003702,Avian,N6
618_A/duck/Guangdong/03.,A/duck/Guangdong/03.26_DGCP078-P/2015(H5N6),-0.101918,-0.01224,0.023645,0.002487,Avian,N6
619_A/duck/Guangdong/03.,A/duck/Guangdong/03.26_DGCP080-P/2015(H5N6),-0.099016,0.030594,0.025842,0.001393,Avian,N6
620_A/duck/Guangdong/03.,A/duck/Guangdong/03.26_DGCP082-O/2015(H5N6),-0.099016,0.030594,0.025842,0.001393,Avian,N6
621_A/duck/Guangdong/03.,A/duck/Guangdong/03.26_DGCP084-P/2015(H5N6),-0.101918,-0.01224,0.023645,0.002487,Avian,N6
622_A/duck/Guangdong/03.,A/duck/Guangdong/03.26_DGCP709-P/2015(H5N6),-0.101918,-0.01224,0.023645,0.002487,Avian,N6
623_A/duck/Guangdong/03.,A/duck/Guangdong/03.26_DGCPLB007-O/2015(H5N6),-0.101918,-0.01224,0.023645,0.002487,Avian,N6
624_A/duck/Guangdong/03.,A/duck/Guangdong/03.26_DGCPLB007-P/2015(H5N6),-0.101918,-0.01224,0.023645,0.002487,Avian,N6
625_A/duck/Guangdong/03.,A/duck/Guangdong/03.26_DGCPLB019-P/2015(H5N6),-0.100825,-0.000579,0.01737,0.012462,Avian,N6
626_A/duck/Guangdong/03.,A/duck/Guangdong/03.26_DGCPLB021-O/2015(H5N6),-0.098833,0.000105,0.008641,0.00527,Avian,N6
627_A/duck/Guangdong/03.,A/duck/Guangdong/03.26_DGCPLB022-O/2015(H5N6),-0.098833,0.000105,0.008641,0.00527,Avian,N6
628_A/duck/Guangdong/03.,A/duck/Guangdong/03.26_DGCPLB022-P/2015(H5N6),-0.098833,0.000105,0.008641,0.00527,Avian,N6
629_A/duck/Guangdong/03.,A/duck/Guangdong/03.26_DGCPLB023-O/2015(H5N6),-0.098833,0.000105,0.008641,0.00527,Avian,N6
630_A/duck/Guangdong/03.,A/duck/Guangdong/03.26_DGCPLB023-P/2015(H5N6),-0.100825,-0.000579,0.01737,0.012462,Avian,N6
631_A/duck/Guangdong/03.,A/duck/Guangdong/03.26_DGCPLB024-O/2015(H5N6),-0.098833,0.000105,0.008641,0.00527,Avian,N6
632_A/duck/Guangdong/03.,A/duck/Guangdong/03.27_DGQTSJ129-O/2015(Mixed),-0.098833,0.000105,0.008641,0.00527,Avian,N6
633_A/duck/Guangdong/03.,A/duck/Guangdong/03.27_DGQTSJ131-O/2015(Mixed),-0.095897,0.000523,0.015066,0.014099,Avian,N6
634_A/duck/Guangdong/03.,A/duck/Guangdong/03.27_DGQTSJ133-O/2015(Mixed),-0.098833,0.000105,0.008641,0.00527,Avian,N6
635_A/duck/Guangdong/03.,A/duck/Guangdong/03.27_DGQTSJ134-O/2015(Mixed),-0.095897,0.000523,0.015066,0.014099,Avian,N6
636_A/duck/Guangdong/03.,A/duck/Guangdong/03.27_DGQTXC203-O/2015(Mixed),-0.098833,0.000105,0.008641,0.00527,Avian,N6
637_A/duck/Guangdong/04.,A/duck/Guangdong/04.15_SZBAXQ019/2015(Mixed),-0.099788,0.001433,0.008863,0.00443,Avian,N6
638_A/duck/Guangdong/04.,A/duck/Guangdong/04.15_SZBAXQ020/2015(H5N6),-0.096464,-0.006028,0.012317,0.012425,Avian,N6
639_A/duck/Guangdong/04.,A/duck/Guangdong/04.15_SZBAXQ021/2015(H5N6),-0.100303,-0.005475,0.013772,0.007451,Avian,N6
640_A/duck/Guangdong/04.,A/duck/Guangdong/04.16_LGDBL001/2015(Mixed),-0.104372,0.003099,0.008442,0.004785,Avian,N6
641_A/duck/Guangdong/04.,A/duck/Guangdong/04.16_SZLGDBL005/2015(H5N6),-0.102948,0.03116,0.027332,-0.003702,Avian,N6
642_A/duck/Guangdong/04.,A/duck/Guangdong/04.16_SZLGDBL009/2015(H5N6),-0.104455,0.00351,0.008438,0.004688,Avian,N6
643_A/duck/Guangdong/04.,A/duck/Guangdong/04.16_SZLGDBL013/2015(H5N6),-0.098833,0.000105,0.008641,0.00527,Avian,N6
644_A/duck/Guangdong/04.,A/duck/Guangdong/04.16_SZLGWL002/2015(H5N6),-0.109425,-0.013705,0.004665,-0.001976,Avian,N6
645_A/duck/Guangdong/04.,A/duck/Guangdong/04.22_DGCP068-O/2015(H5N6),-0.102481,-0.009419,0.017748,-0.011322,Avian,N6
646_A/duck/Guangdong/04.,A/duck/Guangdong/04.22_DGCP071-P/2015(Mixed),-0.102481,-0.009419,0.017748,-0.011322,Avian,N6
647_A/duck/Guangdong/04.,A/duck/Guangdong/04.22_DGCP079-O/2015(H5N6),-0.098833,0.000105,0.008641,0.00527,Avian,N6
648_A/duck/Guangdong/04.,A/duck/Guangdong/04.22_DGCP083-O/2015(Mixed),-0.098833,0.000105,0.008641,0.00527,Avian,N6
649_A/duck/Guangdong/04.,A/duck/Guangdong/04.22_DGCP084-O/2015(H5N6),-0.098833,0.000105,0.008641,0.00527,Avian,N6
650_A/duck/Guangdong/04.,A/duck/Guangdong/04.22_DGCPLB018-O/2015(H5N6),-0.061371,-0.036221,-0.000367,-0.027062,Avian,N6
651_A/duck/Guangdong/04.,A/duck/Guangdong/04.22_DGCPLB020-O/2015(H5N6),-0.102481,-0.009419,0.017748,-0.011322,Avian,N6
652_A/duck/Guangdong/04.,A/duck/Guangdong/04.22_DGCPLB022-O/2015(Mixed),-0.102481,-0.009419,0.017748,-0.011322,Avian,N6
653_A/duck/Guangdong/04.,A/duck/Guangdong/04.22_DGCPLB041-P/2015(H5N6),-0.060957,-0.035187,-0.000517,-0.027914,Avian,N6
654_A/duck/Guangdong/04.,A/duck/Guangdong/04.22_DGCPLB044-P/2015(H5N6),-0.058924,-0.034435,0.000148,-0.024693,Avian,N6
655_A/duck/Guangdong/04.,A/duck/Guangdong/04.23_DGQTSJ121-O/2015(Mixed),-0.095897,0.000523,0.015066,0.014099,Avian,N6
656_A/duck/Guangdong/04.,A/duck/Guangdong/04.23_DGQTSJ123-O/2015(Mixed),-0.095897,0.000523,0.015066,0.014099,Avian,N6
657_A/duck/Guangdong/04.,A/duck/Guangdong/04.23_DGQTSJ127-O/2015(Mixed),-0.098833,0.000105,0.008641,0.00527,Avian,N6
658_A/duck/Guangdong/04.,A/duck/Guangdong/04.23_DGQTSJ128-O/2015(Mixed),-0.098833,0.000105,0.008641,0.00527,Avian,N6
659_A/duck/Guangdong/04.,A/duck/Guangdong/04.23_DGQTSJ134-O/2015(Mixed),-0.073206,-0.002251,0.002884,-0.012488,Avian,N6
660_A/duck/Guangdong/04.,A/duck/Guangdong/04.23_DGQTSJ135-O/2015(Mixed),-0.098833,0.000105,0.008641,0.00527,Avian,N6
661_A/duck/Guangdong/04.,A/duck/Guangdong/04.23_DGQTSJ135-P/2015(Mixed),-0.098833,0.000105,0.008641,0.00527,Avian,N6
662_A/duck/Guangdong/04.,A/duck/Guangdong/04.23_DGQTSJ138-O/2015(Mixed),-0.098833,0.000105,0.008641,0.00527,Avian,N6
663_A/duck/Guangdong/04.,A/duck/Guangdong/04.23_DGQTSJ138-P/2015(Mixed),-0.098833,0.000105,0.008641,0.00527,Avian,N6
664_A/duck/Guangdong/04.,A/duck/Guangdong/04.23_DGQTSJ144-O/2015(Mixed),-0.12446,0.002461,0.014397,0.023027,Avian,N6
665_A/duck/Guangdong/04.,A/duck/Guangdong/04.23_DGQTSJ145-O/2015(H5N6),-0.110757,-0.005066,0.012032,-0.006651,Avian,N6
666_A/duck/Guangdong/04.,A/duck/Guangdong/04.23_DGQTSJ146-O/2015(Mixed),-0.098833,0.000105,0.008641,0.00527,Avian,N6
667_A/duck/Guangdong/04.,A/duck/Guangdong/04.23_DGQTSJ147-O/2015(Mixed),-0.110757,-0.005066,0.012032,-0.006651,Avian,N6
668_A/duck/Guangdong/04.,A/duck/Guangdong/04.23_DGQTSJ148-O/2015(Mixed),-0.110757,-0.005066,0.012032,-0.006651,Avian,N6
669_A/duck/Guangdong/04.,A/duck/Guangdong/04.23_DGQTXC183-O/2015(Mixed),-0.098833,0.000105,0.008641,0.00527,Avian,N6
670_A/duck/Guangdong/04.,A/duck/Guangdong/04.23_DGQTXC185-O/2015(Mixed),-0.098833,0.000105,0.008641,0.00527,Avian,N6
671_A/duck/Guangdong/04.,A/duck/Guangdong/04.23_DGQTXC186-O/2015(Mixed),-0.098833,0.000105,0.008641,0.00527,Avian,N6
672_A/duck/Guangdong/04.,A/duck/Guangdong/04.23_DGQTXC187-O/2015(Mixed),-0.098169,-0.000871,0.008034,0.00557,Avian,N6
673_A/duck/Guangdong/04.,A/duck/Guangdong/04.23_DGQTXC187-P/2015(Mixed),-0.098833,0.000105,0.008641,0.00527,Avian,N6
674_A/duck/Guangdong/04.,A/duck/Guangdong/04.23_DGQTXC188-O/2015(Mixed),-0.098833,0.000105,0.008641,0.00527,Avian,N6
675_A/duck/Guangdong/04.,A/duck/Guangdong/04.23_DGQTXC188-P/2015(Mixed),-0.095897,0.000523,0.015066,0.014099,Avian,N6
676_A/duck/Guangdong/04.,A/duck/Guangdong/04.23_DGQTXC201-O/2015(Mixed),-0.108719,0.000062,0.006263,-0.006813,Avian,N6
677_A/duck/Guangdong/04.,A/duck/Guangdong/04.23_DGQTXC202-O/2015(H5N6),-0.108331,-0.015549,-0.005907,-0.013233,Avian,N6
678_A/duck/Guangdong/04.,A/duck/Guangdong/04.23_DGQTXC202-O/2015(Mixed),-0.098833,0.000105,0.008641,0.00527,Avian,N6
679_A/duck/Guangdong/04.,A/duck/Guangdong/04.23_DGQTXC203-O/2015(H5N6),-0.098833,0.000105,0.008641,0.00527,Avian,N6
680_A/duck/Guangdong/04.,A/duck/Guangdong/04.23_DGQTXC204-O/2015(Mixed),-0.098833,0.000105,0.008641,0.00527,Avian,N6
681_A/duck/Guangdong/04.,A/duck/Guangdong/04.23_DGQTXC204-P/2015(Mixed),-0.095897,0.000523,0.015066,0.014099,Avian,N6
682_A/duck/Guangdong/04.,A/duck/Guangdong/04.23_DGQTXC205-O/2015(Mixed),-0.095897,0.000523,0.015066,0.014099,Avian,N6
683_A/duck/Guangdong/04.,A/duck/Guangdong/04.23_DGQTXC206-O/2015(Mixed),-0.098833,0.000105,0.008641,0.00527,Avian,N6
684_A/duck/Guangdong/04.,A/duck/Guangdong/04.23_DGQTXC207-O/2015(Mixed),-0.095897,0.000523,0.015066,0.014099,Avian,N6
685_A/duck/Guangdong/04.,A/duck/Guangdong/04.23_DGQTXC207-P/2015(Mixed),-0.095897,0.000523,0.015066,0.014099,Avian,N6
686_A/duck/Guangdong/04.,A/duck/Guangdong/04.23_DGQTXC213-O/2015(H5N6),-0.108331,-0.015549,-0.005907,-0.013233,Avian,N6
687_A/duck/Guangdong/04.,A/duck/Guangdong/04.23_DGQTXC213-P/2015(H5N6),-0.108331,-0.015549,-0.005907,-0.013233,Avian,N6
688_A/duck/Guangdong/04.,A/duck/Guangdong/04.23_DGQTXC227-P/2015(Mixed),-0.110757,-0.005066,0.012032,-0.006651,Avian,N6
689_A/duck/Guangdong/04.,A/duck/Guangdong/04.23_DGQTXC229-P/2015(H5N6),-0.110757,-0.005066,0.012032,-0.006651,Avian,N6
690_A/duck/Guangdong/04.,A/duck/Guangdong/04.23_DGQTXC230-P/2015(Mixed),-0.110757,-0.005066,0.012032,-0.006651,Avian,N6
691_A/duck/Guangdong/04.,A/duck/Guangdong/04.23_DGQTXC231-O/2015(H5N6),-0.100854,0.016591,0.022389,-0.016129,Avian,N6
692_A/duck/Guangdong/04.,A/duck/Guangdong/04.23_DGQTXC231-P/2015(Mixed),-0.100854,0.016591,0.022389,-0.016129,Avian,N6
693_A/duck/Guangdong/04.,A/duck/Guangdong/04.23_DGQTXC232-P/2015(H5N6),-0.110757,-0.005066,0.012032,-0.006651,Avian,N6
694_A/duck/Guangdong/04.,A/duck/Guangdong/04.23_DGQTXC233-P/2015(Mixed),-0.110757,-0.005066,0.012032,-0.006651,Avian,N6
695_A/duck/Guangdong/04.,A/duck/Guangdong/04.23_DGQTXC235-O/2015(H5N6),-0.110757,-0.005066,0.012032,-0.006651,Avian,N6
696_A/duck/Guangdong/04.,A/duck/Guangdong/04.23_DGQTXC236-P/2015(H5N6),-0.103969,-0.002753,0.011108,0.00349,Avian,N6
697_A/duck/Guangdong/11.,A/duck/Guangdong/11.18_SZBJ003-C/2016,-0.095699,-0.015415,0.013386,0.01501,Avian,N6
698_A/duck/Guangdong/11.,A/duck/Guangdong/11.18_SZBJ003-O/2016,-0.095699,-0.015415,0.013386,0.01501,Avian,N6
699_A/duck/Guangdong/11.,A/duck/Guangdong/11.18_SZBJ007-O/2016,-0.095699,-0.015415,0.013386,0.01501,Avian,N6
700_A/duck/Guangdong/KGZ,A/duck/Guangdong/KGZ15783/2021,0.137373,-0.017058,0.138556,0.038798,Avian,N8
701_A/duck/Guangdong/KGZ,A/duck/Guangdong/KGZ16007/2021,-0.039106,0.031041,0.017258,-0.063757,Avian,N6
702_A/duck/Guangdong/KGZ,A/duck/Guangdong/KGZ16008/2021,-0.039106,0.031041,0.017258,-0.063757,Avian,N6
703_A/duck/Guangdong/KGZ,A/duck/Guangdong/KGZ16009/2021,-0.042793,0.042776,0.022723,-0.060726,Avian,N6
704_A/duck/Guangdong/KGZ,A/duck/Guangdong/KGZ16012/2021,-0.039106,0.031041,0.017258,-0.063757,Avian,N6
705_A/duck/Guangdong/KGZ,A/duck/Guangdong/KGZ16015/2021,0.150167,-0.004773,0.155131,0.053817,Avian,N8
706_A/Duck/Guangdong/PO1,A/Duck/Guangdong/PO17281256/MZH/2017-8-21,-0.121351,0.002797,0.016218,-0.009622,Avian,N6
707_A/Duck/Guangdong/PO1,A/Duck/Guangdong/PO17281388/MZH/2017-10-24,-0.124561,-0.010508,0.029766,-0.020878,Avian,N6
708_A/Duck/Guangdong/PO1,A/Duck/Guangdong/PO17284260/YJ/2017-7-12,-0.064212,-0.008977,0.057351,-0.054438,Avian,N6
709_A/Duck/Guangdong/PO1,A/Duck/Guangdong/PO1707260017/GZH/2017-08-02,-0.120195,-0.000607,0.018018,-0.013271,Avian,N6
710_A/Duck/Guangdong/PY5,A/Duck/Guangdong/PY501/2014(H5N6),-0.107147,-0.00219,-0.004965,-0.000852,Avian,N6
711_A/Duck/Guangdong/PY5,A/Duck/Guangdong/PY503/2014(H5N6),-0.114953,-0.026031,-0.000089,-0.0098,Avian,N6
712_A/duck/Guangdong/S12,A/duck/Guangdong/S1269/2021,0.134236,-0.001497,0.138664,0.048109,Avian,N8
713_A/duck/Guangdong/S13,A/duck/Guangdong/S1330/2016,-0.110937,0.003352,0.005211,0.006231,Avian,N6
714_A/duck/Guangdong/S45,A/duck/Guangdong/S4518/2021(H5N1),0.101459,0.004576,0.063955,0.006241,Avian,N1
715_A/duck/Guangdong/S45,A/duck/Guangdong/S4525/2021(H5N1),0.100713,0.005058,0.065773,0.005121,Avian,N1
716_A/duck/Guangdong/S48,A/duck/Guangdong/S4879/2020,0.130348,-0.000155,0.143832,0.045834,Avian,N6
717_A/duck/Guangdong/s14,A/duck/Guangdong/s14044/2014,0.145248,-0.175161,-0.04392,-0.035757,Avian,N8
718_A/duck/Guangdong/SE1,A/duck/Guangdong/SE195/2021,-0.095943,0.052659,0.017231,-0.038136,Avian,N6
719_A/Duck/Guangdong/SS1,A/Duck/Guangdong/SS1A1/2014(H5N6),-0.086272,-0.016177,-0.006254,-0.020478,Avian,N6
720_A/duck/Guangdong/wy1,A/duck/Guangdong/wy11/2008,0.117325,-0.130852,-0.075669,-0.038203,Avian,Others
721_A/duck/Guangdong/wy1,A/duck/Guangdong/wy19/2008,0.121659,-0.129365,-0.079325,-0.037508,Avian,Others
722_A/duck/Guangdong/wy2,A/duck/Guangdong/wy24/2008,0.115881,-0.131545,-0.074992,-0.042202,Avian,Others
723_A/Duck/Guangdong/Yan,A/Duck/Guangdong/Yangjiang/PO18284009/2018-01-09,-0.102149,0.002074,0.019352,0.005582,Avian,N6
724_A/duck/Guangxi/12.25,A/duck/Guangxi/12.25_GLGX-14-08/2014(Mixed),-0.113699,-0.009399,0.000662,-0.008864,Avian,N6
725_A/duck/Guangxi/S1009,A/duck/Guangxi/S10099/2021,0.151781,-0.003436,0.153519,0.061583,Avian,N8
726_A/duck/Guangxi/S1026,A/duck/Guangxi/S10263/2021,0.152445,-0.004412,0.152912,0.061884,Avian,N8
727_A/duck/Guangxi/S1104,A/duck/Guangxi/S11043/2021,0.15061,-0.002117,0.155342,0.062528,Avian,N8
728_A/duck/Guangxi/S2119,A/duck/Guangxi/S21194/2021,0.149372,-0.007885,0.156373,0.055516,Avian,N8
729_A/duck/Guangxi/S3111,A/duck/Guangxi/S31116/2021(H5N6),0.154897,-0.005225,0.162315,0.052726,Avian,N6
730_A/duck/Guangzhou/018,A/duck/Guangzhou/018/2014,-0.118102,0.000832,0.009642,-0.008299,Avian,N6
731_A/duck/Guangzhou/021,A/duck/Guangzhou/021/2014,-0.094469,-0.002669,0.009684,-0.009915,Avian,N6
732_A/duck/Guizhou/7.27_,A/duck/Guizhou/7.27_ZYLJJ017-O/2018,-0.146245,0.003398,0.024345,-0.003804,Avian,N6
733_A/duck/Guizhou/8.26_,A/duck/Guizhou/8.26_ZYLJJ016-O/2018,-0.145239,-0.012678,0.033055,-0.030984,Avian,N6
734_A/duck/Guizhou/8.26_,A/duck/Guizhou/8.26_ZYLJJ017-O/2018,-0.150601,0.001881,0.025469,-0.010409,Avian,N6
735_A/duck/Guizhou/S1321,A/duck/Guizhou/S1321/2022(H5N1),0.104048,0.002751,0.063808,0.008046,Avian,N1
736_A/duck/Guizhou/S1711,A/duck/Guizhou/S1711/2024(H5N1),0.030116,0.082661,0.038466,0.017095,Avian,N1
737_A/duck/Guizhou/S4702,A/duck/Guizhou/S4702/2021(H5N6),-0.10669,-0.050625,0.029473,-0.004327,Avian,N6
738_A/duck/Hainan/12.29_,A/duck/Hainan/12.29_HKPL002-C/2017,-0.118293,-0.01804,0.024356,-0.03047,Avian,N6
739_A/duck/Hebei/3/2011|,A/duck/Hebei/3/2011,0.120823,-0.201476,-0.091698,-0.007031,Avian,N2
740_A/duck/Hebei/S1070/2,A/duck/Hebei/S1070/2021,0.155105,-0.022771,0.130305,0.039098,Avian,N8
741_A/duck/Henan/01.01_L,A/duck/Henan/01.01_LYGL003-O/2017,-0.071077,0.028238,0.062481,0.014617,Avian,N6
742_A/duck/Henan/S1381/2,A/duck/Henan/S1381/2021,0.151315,-0.028934,0.124378,0.035154,Avian,N8
743_A/duck/Hsinchu/15020,A/duck/Hsinchu/15020216/2015,0.076137,0.072374,-0.054951,0.038482,Avian,N2
744_A/duck/Hubei/03.06__,A/duck/Hubei/03.06__WHWTZ0107-O/2015(Mixed),0.104515,-0.006985,-0.001149,0.008965,Avian,N2
745_A/duck/Hubei/03.06__,A/duck/Hubei/03.06__WHWTZ0111-O/2015(Mixed),-0.121672,-0.001943,0.003425,-0.020039,Avian,N6
746_A/duck/Hubei/03.06__,A/duck/Hubei/03.06__WHWTZ0123-O/2015(H5N6),-0.121672,-0.001943,0.003425,-0.020039,Avian,N6
747_A/duck/Hubei/03.06__,A/duck/Hubei/03.06__WHWTZ0125-O/2015(H5N6),-0.121672,-0.001943,0.003425,-0.020039,Avian,N6
748_A/duck/Hubei/03.06__,A/duck/Hubei/03.06__WHWTZ0129-P/2015(H5N6),-0.121672,-0.001943,0.003425,-0.020039,Avian,N6
749_A/duck/Hubei/03.06__,A/duck/Hubei/03.06__WHWTZ0150-P/2015(Mixed),0.129185,0.047524,0.00994,0.029575,Avian,N6
750_A/duck/Hubei/03.06__,A/duck/Hubei/03.06__WHWTZ0155-P/2015(H5N1),-0.087107,-0.059714,-0.025825,-0.019638,Avian,N1
751_A/duck/HuBei/03.06__,A/duck/HuBei/03.06__WHWTZ0158-P/2015(H5N6),-0.121672,-0.001943,0.003425,-0.020039,Avian,N6
752_A/duck/Hubei/03.06_W,A/duck/Hubei/03.06_WHWTZ0124-O/2015(H5N6),-0.121672,-0.001943,0.003425,-0.020039,Avian,N6
753_A/duck/Hubei/03.06_W,A/duck/Hubei/03.06_WHWTZ0130-O/2015(H5N6),-0.121672,-0.001943,0.003425,-0.020039,Avian,N6
754_A/duck/Hubei/46/2009,A/duck/Hubei/46/2009,-0.027404,0.002162,0.010409,-0.005434,Avian,N1
755_A/duck/Hubei/2911/20,A/duck/Hubei/2911/2007,-0.058948,-0.039308,-0.044192,0.049342,Avian,N1
756_A/duck/Hubei/S4465/2,A/duck/Hubei/S4465/2021(H5N1),0.125011,0.016517,0.058074,0.010654,Avian,N1
757_A/duck/Hubei/SE128/2,A/duck/Hubei/SE128/2022(H5N1),0.122668,0.016937,0.05412,-0.001615,Avian,N1
758_A/duck/Hubei/SE220/2,A/duck/Hubei/SE220/2022(H5N1),0.097439,0.008603,0.065106,0.002084,Avian,N1
759_A/duck/Hubei/SZY250/,A/duck/Hubei/SZY250/2016,0.125614,-0.217194,-0.054696,0.019093,Avian,N2
760_A/duck/Hubei/xn/2007,A/duck/Hubei/xn/2007,-0.043854,0.016732,-0.017621,0.044079,Avian,N1
761_A/duck/Hunan/1.12_YY,A/duck/Hunan/1.12_YYGK68H3-OC/2018,-0.116842,0.004324,0.037447,-0.041405,Avian,N6
762_A/duck/Hunan/1.12_YY,A/duck/Hunan/1.12_YYGK72H3-OC/2018,-0.127917,-0.016013,0.028913,-0.030982,Avian,N6
763_A/duck/Hunan/1.12_YY,A/duck/Hunan/1.12_YYGK74H3-OC/2018,-0.116705,0.00181,0.019513,-0.016179,Avian,N6
764_A/duck/Hunan/01.12_Y,A/duck/Hunan/01.12_YYGK82H3-OC/2018,-0.116705,0.00181,0.019513,-0.016179,Avian,N6
765_A/duck/Hunan/01.16_Y,A/duck/Hunan/01.16_YYFQH128-P/2014(Mixed),-0.134756,-0.045421,-0.011772,-0.007792,Avian,N6
766_A/duck/Hunan/01.16_Y,A/duck/Hunan/01.16_YYFQH185-P/2014(H5N6),-0.134327,-0.04435,-0.011928,-0.008674,Avian,N6
767_A/duck/Hunan/01.16_Y,A/duck/Hunan/01.16_YYFQH299-P/2014(H5N6),-0.104948,0.005317,0.006855,-0.015335,Avian,N6
768_A/duck/Hunan/01.16_Y,A/duck/Hunan/01.16_YYFQH303-P/2014(H5N6),-0.104948,0.005317,0.006855,-0.015335,Avian,N6
769_A/duck/Hunan/01.16_Y,A/duck/Hunan/01.16_YYFQH304-P/2014(H5N6),-0.104948,0.005317,0.006855,-0.015335,Avian,N6
770_A/duck/Hunan/01.16_Y,A/duck/Hunan/01.16_YYFQH305-P/2014(H5N6),-0.106644,0.008172,0.004566,-0.019197,Avian,N6
771_A/duck/Hunan/01.16_Y,A/duck/Hunan/01.16_YYFQH306-P/2014(H5N6),-0.104948,0.005317,0.006855,-0.015335,Avian,N6
772_A/duck/Hunan/01.16_Y,A/duck/Hunan/01.16_YYFQH309-P/2014(H5N6),-0.104948,0.005317,0.006855,-0.015335,Avian,N6
773_A/duck/Hunan/01.16_Y,A/duck/Hunan/01.16_YYFQH317-P/2014(H5N6),-0.106644,0.008172,0.004566,-0.019197,Avian,N6
774_A/duck/Hunan/01.16_Y,A/duck/Hunan/01.16_YYFQH319-P/2014(H5N6),-0.104948,0.005317,0.006855,-0.015335,Avian,N6
775_A/duck/Hunan/01.16_Y,A/duck/Hunan/01.16_YYGK218-P/2014(H5N6),-0.104948,0.005317,0.006855,-0.015335,Avian,N6
776_A/duck/Hunan/1.17_YY,A/duck/Hunan/1.17_YYGKK80-OC/2017,-0.106588,0.002687,0.011467,-0.002064,Avian,N6
777_A/duck/Hunan/01.21_Y,A/duck/Hunan/01.21_YYFQH009-O/2015(H5N6),-0.089594,0.011295,-0.009118,-0.031957,Avian,N6
778_A/duck/Hunan/01.21_Y,A/duck/Hunan/01.21_YYFQH019-P/2015(H5N6),-0.114291,-0.026632,0.041365,-0.011173,Avian,N6
779_A/duck/Hunan/01.21_Y,A/duck/Hunan/01.21_YYFQH024-P/2015(H5N6),-0.08821,0.011037,-0.009496,-0.032,Avian,N6
780_A/duck/Hunan/01.21_Y,A/duck/Hunan/01.21_YYFQH025-P/2015(H5N6),-0.096278,0.01968,-0.014292,-0.02107,Avian,N6
781_A/duck/Hunan/01.21_Y,A/duck/Hunan/01.21_YYFQH030-O/2015(H5N6),-0.089594,0.011295,-0.009118,-0.031957,Avian,N6
782_A/duck/Hunan/2.06_YY,A/duck/Hunan/2.06_YYGK77J3-OC/2018,-0.110752,-0.010422,0.013602,-0.002736,Avian,N6
783_A/duck/Hunan/2.06_YY,A/duck/Hunan/2.06_YYGK78J3-OC/2018,-0.117205,-0.013619,0.011656,-0.025013,Avian,N6
784_A/duck/Hunan/2.06_YY,A/duck/Hunan/2.06_YYGK84J3-OC/2018,-0.110752,-0.010422,0.013602,-0.002736,Avian,N6
785_A/duck/Hunan/2.06_YY,A/duck/Hunan/2.06_YYGK92J3-OC/2018,-0.110752,-0.010422,0.013602,-0.002736,Avian,N6
786_A/duck/Hunan/02.07__,A/duck/Hunan/02.07__YYFQHY12Y-O/2015(H5N6),-0.096253,0.019359,-0.014171,-0.021125,Avian,N6
787_A/duck/Hunan/02.07__,A/duck/Hunan/02.07__YYFQHY20Y-O/2015(H5N6),-0.096253,0.019359,-0.014171,-0.021125,Avian,N6
788_A/duck/Hunan/02.07_Y,A/duck/Hunan/02.07_YYFQH026-O/2015(H5N6),-0.114291,-0.026632,0.041365,-0.011173,Avian,N6
789_A/duck/Hunan/02.07_Y,A/duck/Hunan/02.07_YYFQH029-O/2015(H5N6),-0.096253,0.019359,-0.014171,-0.021125,Avian,N6
790_A/duck/Hunan/02.07_Y,A/duck/Hunan/02.07_YYFQH032-O/2015(H5N6),-0.114291,-0.026632,0.041365,-0.011173,Avian,N6
791_A/duck/Hunan/02.16_Y,A/duck/Hunan/02.16_YYGK281-P/2014(H5N6),-0.104948,0.005317,0.006855,-0.015335,Avian,N6
792_A/duck/Hunan/02.26__,A/duck/Hunan/02.26__YYFQH293-P/2014(H5N6),-0.106644,0.008172,0.004566,-0.019197,Avian,N6
793_A/duck/Hunan/02.26__,A/duck/Hunan/02.26__YYFQH320-P/2014(H5N6),-0.104948,0.005317,0.006855,-0.015335,Avian,N6
794_A/duck/Hunan/02.26__,A/duck/Hunan/02.26__YYGK251-P/2014(H5N6),-0.104948,0.005317,0.006855,-0.015335,Avian,N6
795_A/duck/Hunan/02.26__,A/duck/Hunan/02.26__YYGK0255-P/2014(H5N6),-0.104948,0.005317,0.006855,-0.015335,Avian,N6
796_A/duck/Hunan/02.26_Y,A/duck/Hunan/02.26_YYFQH290-P/2014(H5N6),-0.113486,-0.024841,0.005567,-0.008174,Avian,N6
797_A/duck/Hunan/02.26_Y,A/duck/Hunan/02.26_YYFQH294-P/2014(H5N6),-0.104948,0.005317,0.006855,-0.015335,Avian,N6
798_A/duck/Hunan/02.26_Y,A/duck/Hunan/02.26_YYFQH308-P/2014(H5N6),-0.104948,0.005317,0.006855,-0.015335,Avian,N6
799_A/duck/Hunan/02.26_Y,A/duck/Hunan/02.26_YYFQHY291-P/2014(H5N6),-0.096278,0.01968,-0.014292,-0.02107,Avian,N6
800_A/duck/Hunan/02.26_Y,A/duck/Hunan/02.26_YYGK250-P/2014(H5N6),-0.099856,-0.026677,0.016349,-0.002156,Avian,N6
801_A/duck/Hunan/02.26_Y,A/duck/Hunan/02.26_YYGK254-P/2014(H5N6),-0.104948,0.005317,0.006855,-0.015335,Avian,N6
802_A/duck/Hunan/02.26_Y,A/duck/Hunan/02.26_YYGK263-P/2014(H5N6),-0.111879,-0.027269,0.007256,-0.012785,Avian,N6
803_A/duck/Hunan/02.26_Y,A/duck/Hunan/02.26_YYGK267-P/2014(H5N6),-0.111879,-0.027269,0.007256,-0.012785,Avian,N6
804_A/duck/Hunan/02.26_Y,A/duck/Hunan/02.26_YYGK271-P/2014(H5N6),-0.111879,-0.027269,0.007256,-0.012785,Avian,N6
805_A/duck/Hunan/02.26_Y,A/duck/Hunan/02.26_YYGK276-P/2014(H5N6),-0.111879,-0.027269,0.007256,-0.012785,Avian,N6
806_A/duck/Hunan/02.26_Y,A/duck/Hunan/02.26_YYGKY298-P/2014(H5N6),-0.104948,0.005317,0.006855,-0.015335,Avian,N6
807_A/duck/Hunan/02.26_Y,A/duck/Hunan/02.26_YYGQH295-P/2014(H5N6),-0.104948,0.005317,0.006855,-0.015335,Avian,N6
808_A/duck/Hunan/03.07_Y,A/duck/Hunan/03.07_YYGK1L3-OC/2018,0.075282,-0.051624,0.000092,0.026482,Avian,N1
809_A/duck/Hunan/03.07_Y,A/duck/Hunan/03.07_YYGK4L3-OC/2018,-0.066747,-0.020162,0.05247,-0.024874,Avian,N6
810_A/duck/Hunan/03.07_Y,A/duck/Hunan/03.07_YYGK25L3-OC/2018,-0.114096,-0.012166,0.014742,-0.004426,Avian,N6
811_A/duck/Hunan/03.07_Y,A/duck/Hunan/03.07_YYGK31L3-OC/2018,-0.11802,-0.00087,0.020455,-0.012053,Avian,N6
812_A/duck/Hunan/03.09_Y,A/duck/Hunan/03.09_YYFQH0036-P/2015(Mixed),-0.085555,0.010372,0.018253,-0.028414,Avian,N6
813_A/duck/Hunan/03.09_Y,A/duck/Hunan/03.09_YYFQH0046-O/2015(Mixed),-0.088103,-0.014034,0.008586,-0.029438,Avian,N6
814_A/duck/Hunan/03.09_Y,A/duck/Hunan/03.09_YYFQH0047-O/2015(H5N6),-0.122254,0.003003,-0.013163,-0.01449,Avian,N6
815_A/duck/Hunan/03.24_Y,A/duck/Hunan/03.24_YYGK18M2-O/2017,-0.133319,0.001167,-0.0022,-0.001225,Avian,N6
816_A/duck/Hunan/03.24_Y,A/duck/Hunan/03.24_YYGK21M2-O/2017,-0.129386,0.000601,-0.00369,0.003871,Avian,N6
817_A/duck/Hunan/03.24_Y,A/duck/Hunan/03.24_YYGK174M2-C/2017,-0.129386,0.000601,-0.00369,0.003871,Avian,N6
818_A/duck/Hunan/03.24_Y,A/duck/Hunan/03.24_YYGK178M2-C/2017,-0.129386,0.000601,-0.00369,0.003871,Avian,N6
819_A/duck/Hunan/04.14_Y,A/duck/Hunan/04.14_YYGK067-O/2015(Mixed),-0.103198,0.009308,-0.005937,-0.032238,Avian,N6
820_A/duck/Hunan/04.14_Y,A/duck/Hunan/04.14_YYGK0439-Z-P/2015(Mixed),-0.10249,0.017398,-0.012475,-0.019033,Avian,N6
821_A/duck/Hunan/04.14_Y,A/duck/Hunan/04.14_YYGK451-1-O/2015(Mixed),-0.126117,0.005231,-0.017659,-0.029073,Avian,N6
822_A/duck/Hunan/04.14_Y,A/duck/Hunan/04.14_YYGK460-O/2015(H5N6),-0.120595,0.005171,-0.012417,-0.036948,Avian,N6
823_A/duck/Hunan/04.14_Y,A/duck/Hunan/04.14_YYGK464-O/2015(H5N6),-0.103198,0.009308,-0.005937,-0.032238,Avian,N6
824_A/duck/Hunan/04.14_Y,A/duck/Hunan/04.14_YYGK468-O/2015(H5N6),-0.103198,0.009308,-0.005937,-0.032238,Avian,N6
825_A/duck/Hunan/04.14_Y,A/duck/Hunan/04.14_YYGK472-O/2015(Mixed),-0.103198,0.009308,-0.005937,-0.032238,Avian,N6
826_A/duck/Hunan/04.14_Y,A/duck/Hunan/04.14_YYGK0878-P/2015(H5N6),-0.124729,0.005813,-0.015341,-0.029883,Avian,N6
827_A/duck/Hunan/04.14_Y,A/duck/Hunan/04.14_YYXS877-P/2015(H5N6),-0.124729,0.005813,-0.015341,-0.029883,Avian,N6
828_A/duck/Hunan/04.22_L,A/duck/Hunan/04.22_LDDX037-P/2015(H5N6),-0.106418,-0.015032,0.004295,-0.001706,Avian,N6
829_A/duck/Hunan/7.21_YY,A/duck/Hunan/7.21_YYGK41Y1-C/2016,-0.115225,-0.003947,-0.003494,0.013414,Avian,N6
830_A/duck/Hunan/11.30_Y,A/duck/Hunan/11.30_YYGK59E3-OC/2017,-0.103764,0.059672,0.040632,-0.010966,Avian,N6
831_A/duck/Hunan/11.30_Y,A/duck/Hunan/11.30_YYGK62E3-OC/2017,-0.104506,0.025093,0.028614,-0.0163,Avian,N6
832_A/duck/Hunan/11.30_Y,A/duck/Hunan/11.30_YYGK63E3-OC/2017,-0.114409,0.003436,0.018257,-0.006823,Avian,N6
833_A/duck/Hunan/11.30_Y,A/duck/Hunan/11.30_YYGK74E3-OC/2017,0.091904,0.026847,-0.039785,0.023396,Avian,N8
834_A/duck/Hunan/11.30_Y,A/duck/Hunan/11.30_YYGK75E3-OC/2017,-0.115531,0.011163,0.007837,-0.01579,Avian,N6
835_A/duck/Hunan/12.07__,A/duck/Hunan/12.07__YYGK44-P/2013(Mixed),-0.048063,-0.000827,-0.046178,-0.021967,Avian,N1
836_A/duck/Hunan/12.07__,A/duck/Hunan/12.07__YYGK97-P/2013(H5N1),0.013513,0.06073,0.015979,-0.000608,Avian,N1
837_A/duck/Hunan/12.07__,A/duck/Hunan/12.07__YYGK110-P/2013(H5N6),-0.110225,0.00123,0.013777,0.000127,Avian,N6
838_A/duck/Hunan/12.07__,A/duck/Hunan/12.07__YYGK111-P/2013(H5N6),-0.11324,0.001638,0.010088,-0.002406,Avian,N6
839_A/duck/Hunan/12.07__,A/duck/Hunan/12.07__YYGK118-P/2013(H5N6),-0.10715,-0.025632,-0.000661,-0.00809,Avian,N6
840_A/duck/Hunan/12.07_Y,A/duck/Hunan/12.07_YGK098-P/2013(H5N6),-0.11324,0.001638,0.010088,-0.002406,Avian,N6
841_A/duck/Hunan/12.07_Y,A/duck/Hunan/12.07_YYGK007-P/2013(H5N1),0.013513,0.06073,0.015979,-0.000608,Avian,N1
842_A/duck/Hunan/12.07_Y,A/duck/Hunan/12.07_YYGK032-P/2013(H5N6),-0.111899,-0.013821,-0.000498,-0.00272,Avian,N6
843_A/duck/Hunan/12.07_Y,A/duck/Hunan/12.07_YYGK68-P/2013(H5N6),-0.110728,-0.01514,-0.002321,-0.003665,Avian,N6
844_A/duck/Hunan/12.07_Y,A/duck/Hunan/12.07_YYGK100-P/2013(H5N1),-0.075617,-0.007585,-0.025821,-0.010991,Avian,N1
845_A/duck/Hunan/12.07_Y,A/duck/Hunan/12.07_YYGK108-P/2013(H5N6),-0.11324,0.001638,0.010088,-0.002406,Avian,N6
846_A/duck/Hunan/12.07_Y,A/duck/Hunan/12.07_YYGK113-P/2013(H5N6),-0.11324,0.001638,0.010088,-0.002406,Avian,N6
847_A/duck/Hunan/12.17__,A/duck/Hunan/12.17__YYFQH0046-1-O/2014(Mixed),-0.097002,-0.003959,0.000656,-0.028229,Avian,N6
848_A/duck/Hunan/12.17__,A/duck/Hunan/12.17__YYFQH0072-O/2014(Mixed),-0.098323,-0.004597,0.007536,-0.025268,Avian,N6
849_A/duck/Hunan/12.17__,A/duck/Hunan/12.17__YYGK0066-P/2014(H5N6),-0.103916,0.022102,-0.006729,-0.021811,Avian,N6
850_A/duck/Hunan/12.17_Y,A/duck/Hunan/12.17_YYGK014/2014(H5N6),-0.088639,0.009967,-0.00934,-0.031117,Avian,N6
851_A/duck/Hunan/12.17_Y,A/duck/Hunan/12.17_YYGK040/2014(H5N6),-0.088639,0.009967,-0.00934,-0.031117,Avian,N6
852_A/duck/Hunan/12.17_Y,A/duck/Hunan/12.17_YYGK056/2014(H5N6),-0.113189,-0.007835,-0.000705,-0.008928,Avian,N6
853_A/duck/Hunan/12.17_Y,A/duck/Hunan/12.17_YYGK0056/2014(H5N6),-0.096278,0.01968,-0.014292,-0.02107,Avian,N6
854_A/duck/Hunan/12.17_Y,A/duck/Hunan/12.17_YYGK0057/2014(H5N6),-0.088639,0.009967,-0.00934,-0.031117,Avian,N6
855_A/duck/Hunan/12.17_Y,A/duck/Hunan/12.17_YYGK0063-O/2014(H5N6),-0.097002,-0.003959,0.000656,-0.028229,Avian,N6
856_A/duck/Hunan/12.17_Y,A/duck/Hunan/12.17_YYGK079-1/2014(H5N6),-0.10249,0.017398,-0.012475,-0.019033,Avian,N6
857_A/duck/Hunan/12.17_Y,A/duck/Hunan/12.17_YYGK082/2014(H5N6),-0.115105,-0.006033,0.002936,-0.009103,Avian,N6
858_A/duck/Hunan/12.27_Y,A/duck/Hunan/12.27_YYGK60J2-C/2016,-0.122548,0.000187,0.005463,-0.011653,Avian,N6
859_A/duck/Hunan/12.27_Y,A/duck/Hunan/12.27_YYGK71J2-O/2016,-0.106588,0.002687,0.011467,-0.002064,Avian,N6
860_A/duck/Hunan/12.27_Y,A/duck/Hunan/12.27_YYGK73J2-O/2016,-0.122548,0.000187,0.005463,-0.011653,Avian,N6
861_A/duck/Hunan/12.27_Y,A/duck/Hunan/12.27_YYGK81J2-O/2016,-0.106588,0.002687,0.011467,-0.002064,Avian,N6
862_A/duck/Hunan/12.27_Y,A/duck/Hunan/12.27_YYGK86J2-C/2016,-0.122548,0.000187,0.005463,-0.011653,Avian,N6
863_A/duck/Hunan/12.27_Y,A/duck/Hunan/12.27_YYGK89J2-O/2016,-0.106588,0.002687,0.011467,-0.002064,Avian,N6
864_A/duck/Hunan/12.27_Y,A/duck/Hunan/12.27_YYGK91J2-O/2016,-0.106588,0.002687,0.011467,-0.002064,Avian,N6
865_A/duck/Hunan/12.27_Y,A/duck/Hunan/12.27_YYGK93J2-O/2016,-0.106588,0.002687,0.011467,-0.002064,Avian,N6
866_A/duck/Hunan/12.27_Y,A/duck/Hunan/12.27_YYGK95J2-O/2016,-0.106588,0.002687,0.011467,-0.002064,Avian,N6
867_A/duck/Hunan/12.27_Y,A/duck/Hunan/12.27_YYGK96J2-O/2016,-0.106588,0.002687,0.011467,-0.002064,Avian,N6
868_A/duck/Hunan/12.27_Y,A/duck/Hunan/12.27_YYGK97J2-O/2016,-0.105416,0.001367,0.009644,-0.003009,Avian,N6
869_A/duck/Hunan/12.27_Y,A/duck/Hunan/12.27_YYGK100J2-C/2016,-0.105416,0.001367,0.009644,-0.003009,Avian,N6
870_A/duck/Hunan/193/201,A/duck/Hunan/193/2014,-0.119425,-0.014298,0.036465,-0.008026,Avian,N6
871_A/duck/Hunan/233/201,A/duck/Hunan/233/2014,-0.135228,0.014661,0.010788,0.011251,Avian,N6
872_A/duck/Hunan/316/200,A/duck/Hunan/316/2005,0.005351,-0.015917,-0.048734,0.021213,Avian,N1
873_A/duck/Hunan/689/200,A/duck/Hunan/689/2006,-0.057928,-0.030192,-0.056066,0.035775,Avian,N1
874_A/duck/Hunan/3315/20,A/duck/Hunan/3315/2006,-0.038226,-0.01223,-0.026343,0.046572,Avian,N1
875_A/duck/Hunan/HN05/20,A/duck/Hunan/HN05/2014,-0.114568,-0.014104,0.033855,0.001896,Avian,N6
876_A/duck/Hunan/HN13/20,A/duck/Hunan/HN13/2015,-0.110926,-0.00868,0.000742,-0.009778,Avian,N6
877_A/duck/Hunan/HN16/20,A/duck/Hunan/HN16/2015,-0.110926,-0.00868,0.000742,-0.009778,Avian,N6
878_A/duck/Hunan/HN29/20,A/duck/Hunan/HN29/2015,-0.115569,-0.030612,0.040682,-0.008716,Avian,N6
879_A/duck/Hunan/HN42/20,A/duck/Hunan/HN42/2015,-0.101893,-0.000237,0.001955,-0.010021,Avian,N6
880_A/duck/Hunan/HN45/20,A/duck/Hunan/HN45/2015,-0.114071,-0.027212,0.040668,-0.008115,Avian,N6
881_A/duck/Hunan/HN53/20,A/duck/Hunan/HN53/2015,-0.114071,-0.027212,0.040668,-0.008115,Avian,N6
882_A/duck/Hunan/HN54/20,A/duck/Hunan/HN54/2015,-0.114071,-0.027212,0.040668,-0.008115,Avian,N6
883_A/duck/Hunan/HN59/20,A/duck/Hunan/HN59/2015,-0.114071,-0.027212,0.040668,-0.008115,Avian,N6
884_A/duck/Hunan/HN60/20,A/duck/Hunan/HN60/2015,-0.114071,-0.027212,0.040668,-0.008115,Avian,N6
885_A/duck/Hunan/HN61/20,A/duck/Hunan/HN61/2015,-0.110959,-0.029148,0.041788,-0.008697,Avian,N6
886_A/duck/Hunan/HN64/20,A/duck/Hunan/HN64/2015,-0.114071,-0.027212,0.040668,-0.008115,Avian,N6
887_A/duck/Hunan/HN66/20,A/duck/Hunan/HN66/2015,-0.114071,-0.027212,0.040668,-0.008115,Avian,N6
888_A/duck/Hunan/HN67/20,A/duck/Hunan/HN67/2015,-0.114071,-0.027212,0.040668,-0.008115,Avian,N6
889_A/duck/Hunan/HN71/20,A/duck/Hunan/HN71/2015,-0.101893,-0.000237,0.001955,-0.010021,Avian,N6
890_A/duck/Hunan/HN72/20,A/duck/Hunan/HN72/2015,-0.110926,-0.00868,0.000742,-0.009778,Avian,N6
891_A/duck/Hunan/HN74/20,A/duck/Hunan/HN74/2015,-0.113806,0.011188,0.000649,-0.006661,Avian,N6
892_A/duck/Hunan/HN76/20,A/duck/Hunan/HN76/2015,-0.110926,-0.00868,0.000742,-0.009778,Avian,N6
893_A/duck/Hunan/HN78/20,A/duck/Hunan/HN78/2015,-0.114071,-0.027212,0.040668,-0.008115,Avian,N6
894_A/duck/Hunan/HN80/20,A/duck/Hunan/HN80/2015,-0.101893,-0.000237,0.001955,-0.010021,Avian,N6
895_A/duck/Hunan/HN162/2,A/duck/Hunan/HN162/2015,-0.099539,-0.013663,0.007043,0.010107,Avian,N6
896_A/duck/Hunan/HN163/2,A/duck/Hunan/HN163/2015,-0.109425,-0.013705,0.004665,-0.001976,Avian,N6
897_A/duck/Hunan/HN167/2,A/duck/Hunan/HN167/2015,-0.099539,-0.013663,0.007043,0.010107,Avian,N6
898_A/duck/Hunan/HN171/2,A/duck/Hunan/HN171/2015,-0.099539,-0.013663,0.007043,0.010107,Avian,N6
899_A/duck/Hunan/HN172/2,A/duck/Hunan/HN172/2015,-0.099539,-0.013663,0.007043,0.010107,Avian,N6
900_A/duck/Hunan/HN174/2,A/duck/Hunan/HN174/2015,-0.099539,-0.013663,0.007043,0.010107,Avian,N6
901_A/duck/Hunan/HN176/2,A/duck/Hunan/HN176/2015,0.088362,-0.012775,0.015536,-0.025273,Avian,N6
902_A/duck/Hunan/HN177/2,A/duck/Hunan/HN177/2015,-0.103376,-0.024994,0.008599,0.000042,Avian,N6
903_A/duck/Hunan/HN178/2,A/duck/Hunan/HN178/2015,-0.109425,-0.013705,0.004665,-0.001976,Avian,N6
904_A/duck/Hunan/HN182/2,A/duck/Hunan/HN182/2015,-0.099539,-0.013663,0.007043,0.010107,Avian,N6
905_A/duck/Hunan/HN183/2,A/duck/Hunan/HN183/2015,-0.109425,-0.013705,0.004665,-0.001976,Avian,N6
906_A/duck/Hunan/HN186/2,A/duck/Hunan/HN186/2015,-0.109425,-0.013705,0.004665,-0.001976,Avian,N6
907_A/duck/Hunan/HN190/2,A/duck/Hunan/HN190/2015,-0.098307,-0.010639,0.0073,0.010821,Avian,N6
908_A/duck/Hunan/HN191/2,A/duck/Hunan/HN191/2015,-0.099539,-0.013663,0.007043,0.010107,Avian,N6
909_A/duck/Hunan/HN192/2,A/duck/Hunan/HN192/2015,-0.098307,-0.010639,0.0073,0.010821,Avian,N6
910_A/duck/Hunan/HN194/2,A/duck/Hunan/HN194/2015,-0.097454,-0.013549,0.008378,0.011235,Avian,N6
911_A/duck/Hunan/HN195/2,A/duck/Hunan/HN195/2015,-0.099539,-0.013663,0.007043,0.010107,Avian,N6
912_A/duck/Hunan/HN197/2,A/duck/Hunan/HN197/2015,-0.109425,-0.013705,0.004665,-0.001976,Avian,N6
913_A/duck/Hunan/HN201/2,A/duck/Hunan/HN201/2015,-0.098307,-0.010639,0.0073,0.010821,Avian,N6
914_A/duck/Hunan/HN204/2,A/duck/Hunan/HN204/2015,-0.096531,-0.01499,0.006672,0.010376,Avian,N6
915_A/duck/Hunan/HN205/2,A/duck/Hunan/HN205/2015,-0.099539,-0.013663,0.007043,0.010107,Avian,N6
916_A/duck/Hunan/HN206/2,A/duck/Hunan/HN206/2015,-0.099539,-0.013663,0.007043,0.010107,Avian,N6
917_A/duck/Hunan/HN207/2,A/duck/Hunan/HN207/2015,-0.109425,-0.013705,0.004665,-0.001976,Avian,N6
918_A/duck/Hunan/HN208/2,A/duck/Hunan/HN208/2015,-0.109425,-0.013705,0.004665,-0.001976,Avian,N6
919_A/duck/Hunan/HN209/2,A/duck/Hunan/HN209/2015,-0.099539,-0.013663,0.007043,0.010107,Avian,N6
920_A/duck/Hunan/HN210/2,A/duck/Hunan/HN210/2015,-0.099539,-0.013663,0.007043,0.010107,Avian,N6
921_A/duck/Hunan/HN212/2,A/duck/Hunan/HN212/2015,-0.099539,-0.013663,0.007043,0.010107,Avian,N6
922_A/duck/Hunan/HN214/2,A/duck/Hunan/HN214/2015,0.080942,-0.004906,0.039581,0.005111,Avian,N6
923_A/duck/Hunan/HN215/2,A/duck/Hunan/HN215/2015,-0.112278,-0.011931,0.003639,-0.001442,Avian,N6
924_A/duck/Hunan/HN216/2,A/duck/Hunan/HN216/2015,-0.110307,-0.014398,0.006307,-0.003248,Avian,N6
925_A/duck/Hunan/HN217/2,A/duck/Hunan/HN217/2015,-0.096531,-0.01499,0.006672,0.010376,Avian,N6
926_A/duck/Hunan/HN220/2,A/duck/Hunan/HN220/2015,-0.109425,-0.013705,0.004665,-0.001976,Avian,N6
927_A/duck/Hunan/HN221/2,A/duck/Hunan/HN221/2015,-0.097703,-0.01367,0.008495,0.011321,Avian,N6
928_A/duck/Hunan/HN224/2,A/duck/Hunan/HN224/2015,-0.094593,-0.014058,-0.002336,0.00541,Avian,N6
929_A/duck/Hunan/HN227/2,A/duck/Hunan/HN227/2015,-0.098073,-0.012083,0.007963,0.009323,Avian,N6
930_A/duck/Hunan/HN230/2,A/duck/Hunan/HN230/2015,-0.099539,-0.013663,0.007043,0.010107,Avian,N6
931_A/duck/Hunan/HN232/2,A/duck/Hunan/HN232/2015,-0.080257,-0.069625,-0.017897,-0.03304,Avian,N6
932_A/duck/Hunan/HN234/2,A/duck/Hunan/HN234/2015,0.080942,-0.004906,0.039581,0.005111,Avian,N6
933_A/duck/Hunan/HN236/2,A/duck/Hunan/HN236/2015,0.077948,0.002642,0.034115,0.012974,Avian,N6
934_A/duck/Hunan/HN238/2,A/duck/Hunan/HN238/2015,0.080942,-0.004906,0.039581,0.005111,Avian,N6
935_A/duck/Hunan/HN239/2,A/duck/Hunan/HN239/2015,-0.120276,-0.024951,0.039141,0.004691,Avian,N6
936_A/duck/Hunan/HN240/2,A/duck/Hunan/HN240/2015,0.078162,-0.00615,0.041098,0.004374,Avian,N6
937_A/duck/Hunan/HN241/2,A/duck/Hunan/HN241/2015,-0.102398,-0.027762,0.03573,-0.006135,Avian,N6
938_A/duck/Hunan/HN242/2,A/duck/Hunan/HN242/2015,0.080942,-0.004906,0.039581,0.005111,Avian,N6
939_A/duck/Hunan/HN278/2,A/duck/Hunan/HN278/2015,-0.0844,-0.002675,0.005325,-0.018418,Avian,N6
940_A/duck/Hunan/HN285/2,A/duck/Hunan/HN285/2015,-0.0844,-0.002675,0.005325,-0.018418,Avian,N6
941_A/duck/Hunan/HN288/2,A/duck/Hunan/HN288/2015,-0.0844,-0.002675,0.005325,-0.018418,Avian,N6
942_A/duck/Hunan/HN333/2,A/duck/Hunan/HN333/2015,-0.115248,0.004771,0.003876,0.001162,Avian,N6
943_A/duck/Hunan/HN334/2,A/duck/Hunan/HN334/2015,-0.11918,0.005337,0.005366,-0.003934,Avian,N6
944_A/duck/Hunan/HN335/2,A/duck/Hunan/HN335/2015,-0.117068,-0.001061,0.014011,0.003335,Avian,N6
945_A/duck/Hunan/HN336/2,A/duck/Hunan/HN336/2015,-0.112382,-0.006497,0.007586,0.006371,Avian,N6
946_A/duck/Hunan/HN339/2,A/duck/Hunan/HN339/2015,-0.113892,0.005426,-0.003191,-0.001879,Avian,N6
947_A/duck/Hunan/HN341/2,A/duck/Hunan/HN341/2015,-0.115248,0.004771,0.003876,0.001162,Avian,N6
948_A/duck/Hunan/HN342/2,A/duck/Hunan/HN342/2015,-0.115248,0.004771,0.003876,0.001162,Avian,N6
949_A/duck/Hunan/HN343/2,A/duck/Hunan/HN343/2015,-0.112153,0.001477,0.010062,0.003211,Avian,N6
950_A/duck/Hunan/S4020/2,A/duck/Hunan/S4020/2008,-0.031705,0.029206,-0.005403,0.050483,Avian,N1
951_A/duck/Hunan/S4030/2,A/duck/Hunan/S4030/2011,0.003133,0.0815,-0.030328,0.014475,Avian,N1
952_A/duck/Hunan/S4101/2,A/duck/Hunan/S4101/2011,0.189295,-0.056929,0.012943,-0.127514,Avian,N2
953_A/duck/Hunan/S4120/2,A/duck/Hunan/S4120/2011,0.188893,-0.053723,0.016364,-0.123972,Avian,N2
954_A/duck/Hunan/S4150/2,A/duck/Hunan/S4150/2011,-0.091856,-0.036755,-0.04172,0.003743,Avian,N1
955_A/duck/Hunan/S4220/2,A/duck/Hunan/S4220/2011,-0.06587,-0.032232,-0.003075,0.017915,Avian,N1
956_A/duck/Hunan/S40199/,A/duck/Hunan/S40199/2021(H5N6),0.119107,0.082638,-0.038548,0.013238,Avian,N6
957_A/duck/Hunan/S40268/,A/duck/Hunan/S40268/2021(H5N6),-0.089788,-0.051139,0.017852,-0.026943,Avian,N6
958_A/duck/Jiangsu/m234/,A/duck/Jiangsu/m234/2012,0.134605,-0.214656,-0.036583,-0.014809,Avian,N2
959_A/duck/Jiangsu/S4439,A/duck/Jiangsu/S4439/2017(H5N1),-0.067219,-0.033982,-0.034271,-0.014682,Avian,N1
960_A/duck/Jiangsu/SE112,A/duck/Jiangsu/SE1128/2018(H5N1),-0.07373,-0.037945,-0.03023,-0.016118,Avian,N1
961_A/duck/Jiangxi/01.11,A/duck/Jiangxi/01.11_NCNP101G2-OC/2017,-0.126584,-0.003149,0.010012,-0.032441,Avian,N6
962_A/duck/Jiangxi/01.14,A/duck/Jiangxi/01.14_NCJD034-P/2015(Mixed),0.07249,0.036269,-0.023006,0.01494,Avian,N6
963_A/duck/Jiangxi/01.14,A/duck/Jiangxi/01.14_NCJD054-P/2015(H5N6),-0.10504,0.000049,-0.00037,-0.007111,Avian,N6
964_A/duck/Jiangxi/01.14,A/duck/Jiangxi/01.14_NCJD064-P/2015(Mixed),-0.117471,0.01197,-0.001733,-0.003606,Avian,N6
965_A/duck/Jiangxi/02.05,A/duck/Jiangxi/02.05_YGYXG038-P/2015(H5N6),-0.122254,0.001883,0.002434,0.004015,Avian,N6
966_A/duck/Jiangxi/02.06,A/duck/Jiangxi/02.06_NCJD036-P/2015(H5N6),-0.122254,0.001883,0.002434,0.004015,Avian,N6
967_A/duck/Jiangxi/02.06,A/duck/Jiangxi/02.06_NCJD039-P/2015(H5N6),-0.099646,-0.003509,0.003086,-0.007305,Avian,N6
968_A/duck/Jiangxi/2.28_,A/duck/Jiangxi/2.28_NCNP25K3-OC/2018,-0.119337,0.001841,0.022949,-0.015279,Avian,N6
969_A/duck/Jiangxi/2.28N,A/duck/Jiangxi/2.28NCNP23K3-OC/2018,-0.119337,0.001841,0.022949,-0.015279,Avian,N6
970_A/duck/Jiangxi/03.11,A/duck/Jiangxi/03.11_NCHJX-15-06/2015(Mixed),-0.101515,-0.006787,-0.00502,-0.018608,Avian,N6
971_A/duck/Jiangxi/04.01,A/duck/Jiangxi/04.01__NCDZT0312-O/2015(H5N6),-0.105789,0.020408,0.019899,-0.013024,Avian,N6
972_A/duck/Jiangxi/04.01,A/duck/Jiangxi/04.01__NCDZT0334-P/2015(H5N6),-0.105789,0.020408,0.019899,-0.013024,Avian,N6
973_A/duck/Jiangxi/04.01,A/duck/Jiangxi/04.01_NCDZT0304-O/2015(Mixed),-0.094136,0.017526,-0.023543,-0.008925,Avian,N6
974_A/duck/Jiangxi/05.07,A/duck/Jiangxi/05.07__NCJD0067A-P/2015(H5N6),0.056248,-0.004262,0.02913,-0.071071,Avian,N6
975_A/duck/Jiangxi/5.26_,A/duck/Jiangxi/5.26_NCDZT80Q2-OC/2017,-0.099207,0.026055,0.033097,0.001115,Avian,N6
976_A/duck/Jiangxi/11.17,A/duck/Jiangxi/11.17_NCNP30Y2-O/2016,-0.099641,-0.004226,0.008916,-0.006634,Avian,N6
977_A/duck/Jiangxi/11.17,A/duck/Jiangxi/11.17_NCNP48Y2-C/2016,-0.099641,-0.004226,0.008916,-0.006634,Avian,N6
978_A/duck/Jiangxi/11.29,A/duck/Jiangxi/11.29_NCDZT71H2-O/2016,-0.133713,0.001596,0.011168,0.004421,Avian,N6
979_A/duck/Jiangxi/11.29,A/duck/Jiangxi/11.29_NCNP22D3-OC/2017,-0.123719,0.001506,0.007286,-0.010708,Avian,N6
980_A/duck/Jiangxi/11.29,A/duck/Jiangxi/11.29_NCNP39D3-OC/2017,-0.104363,0.019968,0.028389,-0.006348,Avian,N6
981_A/duck/Jiangxi/34/20,A/duck/Jiangxi/34/2011,-0.105564,-0.026314,-0.014842,0.051983,Avian,N1
982_A/duck/Jiangxi/35/20,A/duck/Jiangxi/35/2011,-0.097191,0.009206,-0.006334,0.035213,Avian,N1
983_A/duck/Jiangxi/44/20,A/duck/Jiangxi/44/2011,0.140115,0.073898,-0.003942,-0.056822,Avian,N1
984_A/duck/Jiangxi/95/20,A/duck/Jiangxi/95/2014,-0.114596,0.000983,0.017155,0.000634,Avian,N6
985_A/duck/Jiangxi/120/2,A/duck/Jiangxi/120/2011,-0.045001,-0.011773,-0.06742,0.001487,Avian,N1
986_A/duck/Jiangxi/130/2,A/duck/Jiangxi/130/2011,-0.077622,-0.048206,-0.047071,-0.000499,Avian,N1
987_A/duck/Jiangxi/13469,A/duck/Jiangxi/13469/2014,-0.122708,-0.02586,0.002582,-0.019956,Avian,N6
988_A/duck/Jiangxi/13475,A/duck/Jiangxi/13475/2014,-0.122708,-0.02586,0.002582,-0.019956,Avian,N6
989_A/duck/Jiangxi/13484,A/duck/Jiangxi/13484/2014,-0.122708,-0.02586,0.002582,-0.019956,Avian,N6
990_A/Duck/Jiangxi/50446,A/Duck/Jiangxi/50446/2016,-0.090287,-0.019904,0.011365,-0.008771,Avian,N6
991_A/Duck/Jiangxi/50455,A/Duck/Jiangxi/50455/2016,-0.10851,0.001049,0.013883,-0.003768,Avian,N6
992_A/duck/Jiangxi/E7/20,A/duck/Jiangxi/E7/2014_(H5N6),-0.108981,0.000892,0.002009,-0.009637,Avian,N6
993_A/duck/Jiangxi/F31/2,A/duck/Jiangxi/F31/2014(H5N6),-0.105974,-0.000434,0.001638,-0.009367,Avian,N6
994_A/duck/Jiangxi/NCDZT,A/duck/Jiangxi/NCDZT1123/2014,-0.108981,0.000892,0.002009,-0.009637,Avian,N6
995_A/duck/Jiangxi/NCDZT,A/duck/Jiangxi/NCDZT1126/2014,-0.105974,-0.000434,0.001638,-0.009367,Avian,N6
996_A/duck/Jiangxi/S1025,A/duck/Jiangxi/S10252/2021,0.151831,-0.024738,0.124596,0.033846,Avian,N8
997_A/duck/Jiangxi/S4083,A/duck/Jiangxi/S40833/2021(H5N1),0.125166,0.022272,0.04022,0.000046,Avian,N1
998_A/duck/Jilin/04.04_S,A/duck/Jilin/04.04_SY002-O/2015(Mixed),-0.075921,-0.034377,-0.041398,-0.018293,Avian,N1
999_A/duck/Jilin/JL-SIV/,A/duck/Jilin/JL-SIV/2013,-0.006109,0.028844,-0.021031,0.029746,Avian,N1
1000_A/duck/Jilin/S1261/2,A/duck/Jilin/S1261/2019(H5N1),-0.009551,-0.040606,-0.020317,-0.003525,Avian,N1
1001_A/duck/Jilin/S4171/2,A/duck/Jilin/S4171/2019(H5N1),-0.025307,-0.005653,0.005192,-0.00545,Avian,N1
1002_A/duck/Kaohsiung/15W,A/duck/Kaohsiung/15WB3298-1-5/2015,0.06771,0.084181,-0.037875,-0.02586,Avian,Others
1003_A/duck/Kaohsiung/20W,A/duck/Kaohsiung/20WB0242-154/2020,0.095494,0.073817,-0.004486,0.016829,Avian,Others
1004_A/duck/Kaohsiung/150,A/duck/Kaohsiung/15010213/2015,0.076627,0.075588,-0.054479,0.037169,Avian,N2
1005_A/duck/Liaoning/LN/2,A/duck/Liaoning/LN/2011,0.099671,-0.137163,-0.04612,-0.026604,Avian,Others
1006_A/duck/Nanchang/9789,A/duck/Nanchang/9789/2013,-0.083686,0.018463,0.029166,0.005383,Avian,N1
1007_A/duck/Nantou/15A343,A/duck/Nantou/15A3437/2015,0.076448,0.074346,-0.055177,0.033462,Avian,N2
1008_A/duck/Nantou/17A024,A/duck/Nantou/17A0243/2017,0.097663,0.074856,-0.038622,0.035331,Avian,N2
1009_A/duck/Ningxia/YG61/,A/duck/Ningxia/YG61/2017,0.137543,0.025916,0.052046,0.017558,Avian,N6
1010_A/duck/Ningxia/YG71/,A/duck/Ningxia/YG71/2017,0.137543,0.025916,0.052046,0.017558,Avian,N6
1011_A/duck/Ningxia/YG83/,A/duck/Ningxia/YG83/2017,0.126128,0.030227,0.069177,0.032534,Avian,N6
1012_A/duck/Pingtung/17A0,A/duck/Pingtung/17A0160/2017,0.095992,0.091458,-0.04841,0.039989,Avian,N2
1013_A/duck/Pingtung/18A0,A/duck/Pingtung/18A00003-11-20T/2018,0.094738,0.078644,-0.053785,0.027255,Avian,N2
1014_A/duck/Pingtung/18A0,A/duck/Pingtung/18A00076-11-20T/2018,0.073587,0.089098,-0.049874,0.028268,Avian,N2
1015_A/duck/Pingtung/18X0,A/duck/Pingtung/18X00077/2018,0.097347,0.071784,-0.057558,0.033125,Avian,N2
1016_A/duck/Pingtung/1501,A/duck/Pingtung/15010180/2015,0.073184,0.086575,-0.030482,-0.037365,Avian,Others
1017_A/duck/Pingtung/1501,A/duck/Pingtung/15010444/2015,0.075042,0.080365,-0.057088,0.038288,Avian,N2
1018_A/duck/Shandong/009/,A/duck/Shandong/009/2008,-0.012809,0.031445,-0.03884,0.060168,Avian,N1
1019_A/duck/Shandong/11.1,A/duck/Shandong/11.14_DL-DKd11/2013(H5N8),0.125216,-0.189383,-0.087181,-0.00557,Avian,N8
1020_A/duck/Shandong/11.1,A/duck/Shandong/11.14_RD/2013(H5N8),0.125216,-0.189383,-0.087181,-0.00557,Avian,N8
1021_A/duck/Shandong/Q1/2,A/duck/Shandong/Q1/2013,0.143027,-0.251159,-0.034639,-0.017494,Avian,N8
1022_A/duck/Shandong/SD02,A/duck/Shandong/SD0261/2021,0.128616,-0.023182,0.120185,0.04592,Avian,N6
1023_A/duck/Shandong/SD02,A/duck/Shandong/SD0263/2021,0.128616,-0.023182,0.120185,0.04592,Avian,N6
1024_A/Duck/Shandong/Y01/,A/Duck/Shandong/Y01/2009,-0.075017,-0.040819,-0.060313,0.029717,Avian,N1
1025_A/Duck/Shandong/Y02/,A/Duck/Shandong/Y02/2009,-0.0796,-0.029476,-0.042872,0.034075,Avian,N1
1026_A/duck/Sichuan/04.27,A/duck/Sichuan/04.27_NBXJ71/2014(H5N6),-0.112724,-0.023218,0.02187,0.009975,Avian,N6
1027_A/duck/Sichuan/04.27,A/duck/Sichuan/04.27_NBXJ79/2014(H5N6),-0.111154,-0.02635,0.01528,0.0103,Avian,N6
1028_A/duck/Sichuan/04.27,A/duck/Sichuan/04.27_NBXJ711/2014(Mixed),-0.113679,-0.02189,0.022092,0.009135,Avian,N6
1029_A/duck/Sichuan/04.27,A/duck/Sichuan/04.27_NBXJ717/2014(H5N6),-0.111154,-0.02635,0.01528,0.0103,Avian,N6
1030_A/duck/Sichuan/04.27,A/duck/Sichuan/04.27_NBXJ720/2014(H5N6),-0.113679,-0.02189,0.022092,0.009135,Avian,N6
1031_A/duck/Sichuan/04.27,A/duck/Sichuan/04.27_NCXJ073/2014(H5N6),-0.112724,-0.023218,0.02187,0.009975,Avian,N6
1032_A/duck/Sichuan/NCXJ1,A/duck/Sichuan/NCXJ15/2014,-0.112724,-0.023218,0.02187,0.009975,Avian,N6
1033_A/duck/Sichuan/NCXJ2,A/duck/Sichuan/NCXJ24/2014,-0.111154,-0.02635,0.01528,0.0103,Avian,N6
1034_A/duck/Sichuan/NCXN1,A/duck/Sichuan/NCXN10/2014,-0.123151,-0.006239,0.050897,0.009375,Avian,N1
1035_A/duck/Sichuan/NCXN1,A/duck/Sichuan/NCXN11/2014,-0.133039,0.001166,0.023881,0.016081,Avian,N1
1036_A/duck/Sichuan/S1805,A/duck/Sichuan/S1805/2021,-0.070357,-0.045363,0.062112,-0.028897,Avian,N6
1037_A/duck/Sichuan/SC482,A/duck/Sichuan/SC4822/2021,-0.067501,-0.046134,0.061675,-0.028634,Avian,N6
1038_A/duck/Sichuan/SC569,A/duck/Sichuan/SC5698/2021,-0.062185,-0.046161,0.057337,-0.027598,Avian,N6
1039_A/duck/Sichuan/SD002,A/duck/Sichuan/SD002/2021,-0.063874,-0.048284,0.056122,-0.017837,Avian,N6
1040_A/duck/Taichung/1501,A/duck/Taichung/15010400-1/2015,0.078536,0.076244,-0.062844,0.030276,Avian,N2
1041_A/duck/Tainan/16WB34,A/duck/Tainan/16WB3443-156-160/2016,0.086995,0.051054,-0.035808,0.012761,Avian,Others
1042_A/duck/Tainan/150104,A/duck/Tainan/15010403/2015,0.086292,0.059931,-0.067805,0.005482,Avian,N8
1043_A/duck/Tainan/160100,A/duck/Tainan/16010024-1/2016,0.057432,0.088845,-0.054514,0.013475,Avian,N2
1044_A/duck/Taipei/05WB83,A/duck/Taipei/05WB830-1-5-E2/2005,0.067421,0.025049,-0.02892,0.063885,Avian,N2
1045_A/duck/Taipei/18WB01,A/duck/Taipei/18WB0120-1-5-E1/2018,0.11039,0.061866,-0.032148,0.017449,Avian,Others
1046_A/duck/Taipei/19WB02,A/duck/Taipei/19WB0235-14-16/2019,0.087968,0.052362,0.032478,-0.001811,Avian,Others
1047_A/duck/Taiwan/01006/,A/duck/Taiwan/01006/2015,0.078021,0.076116,-0.056827,0.040942,Avian,N2
1048_A/duck/Taiwan/11213/,A/duck/Taiwan/11213/2013,0.1422,0.065247,-0.049178,-0.029581,Avian,N2
1049_A/duck/Taiwan/11254/,A/duck/Taiwan/11254/2013,0.146372,0.067114,-0.051912,-0.027571,Avian,N2
1050_A/duck/Taiwan/a043/2,A/duck/Taiwan/a043/2015,0.075781,0.076636,-0.053636,0.037248,Avian,N2
1051_A/duck/Taiwan/a068/2,A/duck/Taiwan/a068/2015,0.065452,0.078049,-0.034919,-0.033717,Avian,N8
1052_A/duck/Taiwan/A3400/,A/duck/Taiwan/A3400/2015,0.07699,0.079208,-0.042396,-0.02869,Avian,N8
1053_A/duck/Taiwan/DV1238,A/duck/Taiwan/DV1238/2009,0.100431,-0.012907,-0.054802,-0.004627,Avian,N2
1054_A/duck/Taiwan/DV1241,A/duck/Taiwan/DV1241/2009,0.100431,-0.012907,-0.054802,-0.004627,Avian,N2
1055_A/duck/Taiwan/DV1242,A/duck/Taiwan/DV1242/2009,0.100431,-0.012907,-0.054802,-0.004627,Avian,N2
1056_A/duck/Taoyuan/16010,A/duck/Taoyuan/16010023-1/2016,0.07096,0.084375,-0.054702,0.022437,Avian,N2
1057_A/duck/Wuxi/7249/201,A/duck/Wuxi/7249/2015,-0.085515,-0.009412,-0.00397,-0.003882,Avian,N6
1058_A/duck/Xinjiang/12.1,A/duck/Xinjiang/12.18_WLMQXL001-C/2016,0.071393,0.097569,-0.010191,0.044667,Avian,N8
1059_A/duck/Xinjiang/S106,A/duck/Xinjiang/S1066/2019(H5N1),-0.073265,-0.034301,-0.029012,-0.023479,Avian,N1
1060_A/duck/Xinjiang/S112,A/duck/Xinjiang/S1126/2019(H5N1),-0.079756,-0.032996,-0.028016,-0.026819,Avian,N1
1061_A/duck/Yilan/17A0092,A/duck/Yilan/17A0092/2017,0.074575,0.089307,-0.038975,0.032189,Avian,N2
1062_A/duck/Yunlin/15A501,A/duck/Yunlin/15A5019/2015,0.076529,0.067346,-0.044744,0.022864,Avian,N2
1063_A/duck/Yunlin/17A008,A/duck/Yunlin/17A0086/2017,0.092563,0.071676,-0.036906,0.033662,Avian,N2
1064_A/duck/Yunlin/17A068,A/duck/Yunlin/17A0686/2017,0.098526,0.061499,0.004795,0.028729,Avian,N2
1065_A/duck/Yunlin/18X000,A/duck/Yunlin/18X00007-3/2018,0.091094,0.088453,-0.045009,0.018953,Avian,N2
1066_A/duck/Yunlin/150102,A/duck/Yunlin/15010244-1/2015,0.076627,0.075588,-0.054479,0.037169,Avian,N2
1067_A/duck/Yunlin/150102,A/duck/Yunlin/15010277/2015,0.139796,-0.196534,-0.033933,0.015453,Avian,N8
1068_A/duck/Yunlin/150103,A/duck/Yunlin/15010310-4/2015,0.076627,0.075588,-0.054479,0.037169,Avian,N2
1069_A/duck/Yunlin/150103,A/duck/Yunlin/15010318-2/2015,0.081572,0.075194,-0.063858,0.032472,Avian,N2
1070_A/duck/Yunlin/150103,A/duck/Yunlin/15010369-1/2015,0.080403,0.075256,-0.053355,0.041278,Avian,N2
1071_A/duck/Yunlin/150104,A/duck/Yunlin/15010458-1/2015,0.138057,-0.193606,-0.03628,0.011492,Avian,N8
1072_A/duck/Yunlin/150700,A/duck/Yunlin/15070002-2/2015,0.076935,0.067349,-0.043886,0.024088,Avian,N2
1073_A/duck/Yunlin/171100,A/duck/Yunlin/17110001/2017,0.078204,0.069927,-0.036524,-0.032954,Avian,N2
1074_A/duck/Yunlin/180600,A/duck/Yunlin/18060007-3/2018,0.075849,0.06035,-0.030336,-0.045958,Avian,N2
1075_A/duck/Yunnan/03.15_,A/duck/Yunnan/03.15_DQWGH005-O/2015(H5N6),-0.108388,0.00275,-0.005684,0.001679,Avian,N6
1076_A/duck/Yunnan/03.16_,A/duck/Yunnan/03.16_DQXYL003-O/2015(H5N6),-0.108388,0.00275,-0.005684,0.001679,Avian,N6
1077_A/duck/Yunnan/03.16_,A/duck/Yunnan/03.16_DQXYL007-O/2015(Mixed),-0.106729,0.000781,0.004728,0.004324,Avian,N6
1078_A/duck/Yunnan/03.16_,A/duck/Yunnan/03.16_DQXYL022-O/2015(H5N6),-0.108388,0.00275,-0.005684,0.001679,Avian,N6
1079_A/duck/Yunnan/03.16_,A/duck/Yunnan/03.16_DQXYL0039-O/2015(H5N6),-0.108388,0.00275,-0.005684,0.001679,Avian,N6
1080_A/duck/Yunnan/07.15_,A/duck/Yunnan/07.15_DQNPH124/2015(H5N6),-0.091281,0.018142,0.003601,-0.012119,Avian,N6
1081_A/duck/Yunnan/07.15_,A/duck/Yunnan/07.15_DQNPH125/2015(H5N6),-0.114602,0.019027,-0.001896,-0.00729,Avian,N6
1082_A/duck/Yunnan/07.15_,A/duck/Yunnan/07.15_DQNPH127/2015(H5N6),-0.104699,0.040684,0.008461,-0.016768,Avian,N6
1083_A/duck/Yunnan/07.15_,A/duck/Yunnan/07.15_DQNPH129/2015(H5N6),-0.092671,0.019977,0.010763,-0.020648,Avian,N6
1084_A/duck/Yunnan/S4318/,A/duck/Yunnan/S4318/2021(H5N6),-0.069037,-0.044957,0.057285,-0.032606,Avian,N6
1085_A/Duck/Yunnan/YN-2/2,A/Duck/Yunnan/YN-2/2016_(H5N6),-0.108392,-0.006037,-0.015115,-0.030538,Avian,N6
1086_A/Duck/Yunnan/YN-4/2,A/Duck/Yunnan/YN-4/2015__(H5N6),-0.103262,-0.003927,0.001502,-0.007679,Avian,N6
1087_A/Duck/Yunnan/YN-9/2,A/Duck/Yunnan/YN-9/2016__(H5N6),-0.093041,-0.020196,-0.011935,-0.017257,Avian,N6
1088_A/Duck/Zhanjiang/155,A/Duck/Zhanjiang/15577/2015,-0.109332,-0.008527,0.005248,0.000957,Avian,N6
1089_A/duck/Zhejiang/02.2,A/duck/Zhejiang/02.28_JHZJ-15-04/2015(Mixed),-0.10504,0.000049,-0.00037,-0.007111,Avian,N6
1090_A/duck/Zhejiang/6D18,A/duck/Zhejiang/6D18/2013,0.107447,-0.172619,-0.066673,-0.005633,Avian,N8
1091_A/duck/Zhejiang/7713,A/duck/Zhejiang/77138/2014,-0.114119,0.022574,0.000459,-0.013949,Avian,N2
1092_A/duck/Zhejiang/7270,A/duck/Zhejiang/727041/2014,-0.101952,0.018381,0.009603,0.00556,Avian,N2
1093_A/duck/Zhejiang/7271,A/duck/Zhejiang/727158/2014,-0.125252,0.005408,0.019299,-0.002779,Avian,N6
1094_A/duck/Zhejiang/9250,A/duck/Zhejiang/925019/2014,0.124206,-0.161871,-0.067508,-0.006002,Avian,N8
1095_A/duck/Zhejiang/9251,A/duck/Zhejiang/925169/2014,0.113601,-0.159725,-0.069751,-0.010325,Avian,N8
1096_A/duck/Zhejiang/1026,A/duck/Zhejiang/1026109/2015,0.120909,-0.236768,-0.056279,0.002895,Avian,N2
1097_A/duck/Zhejiang/1220,A/duck/Zhejiang/1220092/2014,-0.084846,-0.035287,-0.032487,0.00499,Avian,N1
1098_A/duck/Zhejiang/S409,A/duck/Zhejiang/S4091/2017(H5N1),-0.054307,-0.045434,-0.021051,-0.008328,Avian,N1
1099_A/duck/Zhejiang/S485,A/duck/Zhejiang/S4854/2021(H5N6),-0.078271,-0.045953,0.012637,-0.024555,Avian,N6
1100_A/duck/Zhejiang/W24/,A/duck/Zhejiang/W24/2013,0.114308,-0.144564,-0.06415,-0.020654,Avian,N8
1101_A/egret/Jiangsu/SD02,A/egret/Jiangsu/SD021/2021,0.153373,-0.023724,0.12767,0.036606,Avian,N8
1102_A/Egret/Shangdong/JN,A/Egret/Shangdong/JN529/2023,-0.121093,-0.020928,0.008534,-0.003004,Avian,N6
1103_A/environment/Hunan/,A/environment/Hunan/HN261/2015,-0.102287,-0.002942,0.007177,-0.007156,Avian,N6
1104_A/Environment/Shando,A/Environment/Shandong/WS15/2022,-0.070847,-0.042954,0.015812,-0.048089,Avian,N2
1105_A/Environment/Shando,A/Environment/Shandong/WS16/2022,-0.093017,-0.072789,0.01871,-0.054485,Avian,N2
1106_A/Environment/Shando,A/Environment/Shandong/WS19/2022,-0.085644,-0.043965,0.004365,-0.033098,Avian,N2
1107_A/equine/China/61/20,A/equine/China/61/2010,-0.050138,0.021463,-0.019552,0.023274,Nonhuman Mammal,N1
1108_A/equine/China/67/20,A/equine/China/67/2010,-0.050138,0.021463,-0.019552,0.023274,Nonhuman Mammal,N1
1109_A/equine/China/68/20,A/equine/China/68/2010,-0.051724,0.010442,-0.013488,0.01782,Nonhuman Mammal,N1
1110_A/eurasian_eagle-owl,A/eurasian_eagle-owl/Henan/SMQ11/2020,0.12864,-0.020446,0.129981,0.058353,Avian,N8
1111_A/Eurasian_Teal/Hong,A/Eurasian_Teal/Hong_Kong/AFCD-HKU-23-14009-01020/2023,0.088252,-0.045722,0.056549,0.01968,Avian,N1
1112_A/Eurasian_Teal/Hong,A/Eurasian_Teal/Hong_Kong/AFCD-HKU-23-14383-02001/2023,0.086041,-0.04265,0.068416,0.031319,Avian,N1
1113_A/Eurasian_Wigeon/Ho,A/Eurasian_Wigeon/Hong_Kong/AFCD-HKU-23-14484-01001/2023,0.086041,-0.04265,0.068416,0.031319,Avian,N1
1114_A/Eurasian_Wigeon/Ho,A/Eurasian_Wigeon/Hong_Kong/AFCD-HKU-23-14524-01009/2023,0.086041,-0.04265,0.068416,0.031319,Avian,N1
1115_A/Falcated_Duck/Ning,A/Falcated_Duck/Ningxia/484-29/2015,-0.066594,0.009709,0.023818,-0.028016,Avian,N6
1116_A/Falco_peregrinus/B,A/Falco_peregrinus/Beijing/1/_2022,0.086714,-0.067269,0.088945,0.025473,Avian,N1
1117_A/feline/Guangdong/2,A/feline/Guangdong/2/2014(H5N6),-0.120441,-0.003099,-0.006168,-0.005155,Nonhuman Mammal,N6
1118_A/Fujian/1/2005|EPI_,A/Fujian/1/2005,-0.045578,0.000806,-0.039599,0.037603,Human,N1
1119_A/Fujian/1/2007|EPI_,A/Fujian/1/2007,-0.054299,0.002837,-0.011942,-0.001812,Human,N1
1120_A/Fujian/1/2024(H5N6,A/Fujian/1/2024(H5N6),0.138284,0.105738,-0.018362,-0.017529,Human,N6
1121_A/Fujian/2/2024(H5N6,A/Fujian/2/2024(H5N6),0.142122,0.105185,-0.019817,-0.012555,Human,N6
1122_A/Fujian-Sanyuan/210,A/Fujian-Sanyuan/21099/2017_x_PR8_(CNIC-21099),0.066851,-0.035916,-0.079193,-0.037991,Human,N6
1123_A/Fujian-Sanyuan/210,A/Fujian-Sanyuan/21099/2017,-0.095532,-0.012331,0.009628,-0.008936,Human,N6
1124_A/Gadwall/Ningxia/47,A/Gadwall/Ningxia/472-7/2015,-0.093393,0.013385,0.031397,-0.009314,Avian,N6
1125_A/Gallinago_Stenura/,A/Gallinago_Stenura/Hong_Kong/AFCD-HKU-23-14383-01014/2023,0.086041,-0.04265,0.068416,0.031319,Avian,N1
1126_A/Gallinula_chloropu,A/Gallinula_chloropus/Guangdong/GZ174/2014,-0.110134,0.004221,0.021067,0.002451,Avian,N6
1127_A/Goose/_Guangdong_/,A/Goose/_Guangdong_/JG125/2013(H5N6),-0.108876,0.000966,0.00265,-0.005178,Avian,N6
1128_A/Goose/_Guangdong_/,A/Goose/_Guangdong_/SSLBY/2015(H5N6),-0.111844,0.00232,0.009186,0.004503,Avian,N6
1129_A/Goose/_Guangdong_/,A/Goose/_Guangdong_/SSZYP/2015(H5N6),-0.125935,0.000267,-0.001658,-0.031145,Avian,N6
1130_A/goose/Anhui/AH350/,A/goose/Anhui/AH350/2015,-0.097484,-0.003591,0.030633,0.020787,Avian,N6
1131_A/goose/Changhua/150,A/goose/Changhua/15040008/2015,0.074389,0.076896,-0.035727,0.053189,Avian,N2
1132_A/goose/Chiayi/15010,A/goose/Chiayi/15010008-3/2015,0.068807,0.081734,-0.051377,0.036361,Avian,N2
1133_A/goose/Chiayi/15010,A/goose/Chiayi/15010016-1/2015,0.076627,0.075588,-0.054479,0.037169,Avian,N2
1134_A/goose/Chiayi/15020,A/goose/Chiayi/15020022/2015,0.137214,-0.192435,-0.036084,0.010751,Avian,N8
1135_A/goose/Chiayi/16010,A/goose/Chiayi/16010017-2/2016,0.054425,0.090172,-0.054144,0.013205,Avian,N2
1136_A/goose/Chiayi/16040,A/goose/Chiayi/16040003-1/2016,0.076784,0.082812,-0.062829,0.022839,Avian,N2
1137_A/goose/Chiayi/16040,A/goose/Chiayi/16040005/2016,0.076784,0.082812,-0.062829,0.022839,Avian,N2
1138_A/goose/Chiayi/17020,A/goose/Chiayi/17020027-1/2017,0.081955,0.114263,-0.035277,0.02121,Avian,N2
1139_A/goose/Chiayi/17040,A/goose/Chiayi/17040014/2017,0.08966,0.081524,-0.043988,-0.012389,Avian,N2
1140_A/goose/Chiayi/18010,A/goose/Chiayi/18010006/2018,0.078204,0.069927,-0.036524,-0.032954,Avian,N2
1141_A/goose/Chiayi/18020,A/goose/Chiayi/18020014-2/2018,0.079736,0.069166,-0.036893,-0.03405,Avian,N2
1142_A/goose/China/1/2021,A/goose/China/1/2021,0.15615,-0.028062,0.129163,0.040149,Avian,N8
1143_A/goose/China/0701/2,A/goose/China/0701/2018,-0.090615,-0.013325,0.01621,-0.031998,Avian,N6
1144_A/goose/China/1106/2,A/goose/China/1106/2016,0.119663,-0.21656,-0.053079,0.014636,Avian,N2
1145_A/goose/China/E43/20,A/goose/China/E43/2012,-0.118391,-0.024126,-0.020148,0.047246,Avian,N1
1146_A/goose/Chongqing/SD,A/goose/Chongqing/SD003/2021,-0.066118,-0.045845,0.052736,-0.037705,Avian,N6
1147_A/goose/Eastern_Chin,A/goose/Eastern_China/CZ/2013,0.128326,-0.176972,-0.06475,-0.016442,Avian,N8
1148_A/goose/Eastern_Chin,A/goose/Eastern_China/L1204/2012,0.135369,-0.216845,-0.062297,-0.018205,Avian,N8
1149_A/goose/Eastern_Chin,A/goose/Eastern_China/L1214/2012,0.146736,-0.192955,-0.001711,0.000126,Avian,N8
1150_A/goose/Eastern_Chin,A/goose/Eastern_China/S0408/2014,0.106967,-0.173818,-0.066498,-0.004644,Avian,N8
1151_A/goose/Eastern_Chin,A/goose/Eastern_China/S0513/2013,0.009426,-0.02665,-0.042524,0.01256,Avian,N6
1152_A/goose/Fujian/3.15_,A/goose/Fujian/3.15_FZHX0001-O/2018,-0.123491,-0.000811,0.0158,-0.011613,Avian,N6
1153_A/goose/Fujian/3.15_,A/goose/Fujian/3.15_FZHX0005-C/2018,-0.119896,0.002849,0.017985,-0.010908,Avian,N6
1154_A/goose/Fujian/3.15_,A/goose/Fujian/3.15_FZHX0007-C/2018,-0.125987,-0.017221,0.035824,-0.019115,Avian,N6
1155_A/goose/Fujian/3.15_,A/goose/Fujian/3.15_FZHX0008-C/2018,-0.11823,-0.002973,0.020503,-0.016578,Avian,N6
1156_A/goose/Fujian/3.15_,A/goose/Fujian/3.15_FZHX0010-O/2018,-0.099848,0.007976,0.040814,-0.018807,Avian,N6
1157_A/goose/Fujian/10.11,A/goose/Fujian/10.11_FZHX1001-C/2016,-0.070868,0.024607,0.006587,-0.001554,Avian,N6
1158_A/goose/Fujian/10.26,A/goose/Fujian/10.26_FZHX0002-C/2017,-0.103999,0.051476,0.038088,-0.007718,Avian,N6
1159_A/goose/Fujian/10.26,A/goose/Fujian/10.26_FZHX0002-O/2017,-0.103999,0.051476,0.038088,-0.007718,Avian,N6
1160_A/goose/Fujian/10.26,A/goose/Fujian/10.26_FZHX0004-C/2017,-0.103999,0.051476,0.038088,-0.007718,Avian,N6
1161_A/goose/Fujian/10.26,A/goose/Fujian/10.26_FZHX0004-O/2017,-0.103999,0.051476,0.038088,-0.007718,Avian,N6
1162_A/goose/Fujian/10.26,A/goose/Fujian/10.26_FZHX0006-C/2017,-0.103999,0.051476,0.038088,-0.007718,Avian,N6
1163_A/goose/Fujian/10.26,A/goose/Fujian/10.26_FZHX0006-O/2017,-0.103999,0.051476,0.038088,-0.007718,Avian,N6
1164_A/goose/Fujian/10.26,A/goose/Fujian/10.26_FZHX0007-O/2017,-0.103999,0.051476,0.038088,-0.007718,Avian,N6
1165_A/goose/Fujian/10.26,A/goose/Fujian/10.26_FZHX0008-C/2017,-0.103999,0.051476,0.038088,-0.007718,Avian,N6
1166_A/goose/Fujian/10.26,A/goose/Fujian/10.26_FZHX0014-O/2017,-0.103999,0.051476,0.038088,-0.007718,Avian,N6
1167_A/goose/Fujian/11.3_,A/goose/Fujian/11.3_FZHX1102-C/2016,-0.068576,0.015289,0.002753,-0.001146,Avian,N6
1168_A/goose/Guangdong/03,A/goose/Guangdong/03.27_DGQTSJ180-O/2015(Mixed),-0.098495,0.009018,0.011604,0.003583,Avian,N6
1169_A/goose/Guangdong/04,A/goose/Guangdong/04.22_DGCP117-O/2015(H5N6),-0.109425,-0.013705,0.004665,-0.001976,Avian,N6
1170_A/goose/Guangdong/04,A/goose/Guangdong/04.22_DGCP118-P/2015(H5N6),-0.061371,-0.036221,-0.000367,-0.027062,Avian,N6
1171_A/goose/Guangdong/04,A/goose/Guangdong/04.22_DGCP120-P/2015(H5N6),-0.060957,-0.035187,-0.000517,-0.027914,Avian,N6
1172_A/goose/Guangdong/04,A/goose/Guangdong/04.22_DGCPLB045-O/2015(H5N6),-0.060957,-0.035187,-0.000517,-0.027914,Avian,N6
1173_A/goose/Guangdong/04,A/goose/Guangdong/04.23_DGQTXC216-O/2015(Mixed),-0.098833,0.000105,0.008641,0.00527,Avian,N6
1174_A/goose/Guangdong/04,A/goose/Guangdong/04.23_DGQTXC216-P/2015(H5N6),-0.098833,0.000105,0.008641,0.00527,Avian,N6
1175_A/goose/Guangdong/04,A/goose/Guangdong/04.23_DGQTXC237-O1/2015(H5N6),-0.110757,-0.005066,0.012032,-0.006651,Avian,N6
1176_A/goose/Guangdong/04,A/goose/Guangdong/04.23_DGQTXC237-O/2015(Mixed),-0.114078,-0.012086,0.006694,-0.011743,Avian,N6
1177_A/goose/Guangdong/7.,A/goose/Guangdong/7.20_DGCP010-C/2017,-0.124574,0.004511,0.016331,-0.008168,Avian,N6
1178_A/goose/Guangdong/k0,A/goose/Guangdong/k0103/2010,0.102799,-0.133744,-0.076122,-0.051188,Avian,Others
1179_A/Goose/Guangdong/PO,A/Goose/Guangdong/PO1707260055/GZH/2017-08-02,-0.086722,-0.024233,0.02439,-0.037013,Avian,N6
1180_A/goose/Guangdong/QY,A/goose/Guangdong/QY01/2016,-0.119061,0.01141,0.018938,-0.009222,Avian,N6
1181_A/goose/Guangdong/S2,A/goose/Guangdong/S230/2021,-0.086327,-0.034683,0.063581,-0.034608,Avian,N6
1182_A/goose/Guangdong/S4,A/goose/Guangdong/S4751/2021(H5N6),0.122971,0.06515,-0.03517,-0.000667,Avian,N6
1183_A/goose/Guangdong/s1,A/goose/Guangdong/s13124/2013,0.145248,-0.175161,-0.04392,-0.035757,Avian,N8
1184_A/goose/Guangdong/SH,A/goose/Guangdong/SH7/2013(H5N1),-0.135409,0.007236,0.014508,0.015544,Avian,N1
1185_A/goose/Guangdong/YJ,A/goose/Guangdong/YJD/2014,-0.091923,-0.00573,0.010174,-0.001808,Avian,N6
1186_A/goose/Guangxi/S206,A/goose/Guangxi/S20601/2021,0.152817,-0.019373,0.161894,0.049132,Avian,N8
1187_A/goose/Guizhou/S154,A/goose/Guizhou/S1541/2022(H5N1),0.103213,0.004075,0.066618,0.006636,Avian,N1
1188_A/goose/Henan/01.01_,A/goose/Henan/01.01_LYGL001-O/2017,-0.109173,0.003196,0.015453,0.011663,Avian,N6
1189_A/goose/Henan/S1315/,A/goose/Henan/S1315/2021,0.15446,-0.029621,0.122911,0.041608,Avian,N8
1190_A/goose/Hubei/113/20,A/goose/Hubei/113/2014,-0.105513,0.011126,-0.002487,0.002647,Avian,N6
1191_A/goose/HuBei/117/20,A/goose/HuBei/117/2014,-0.113806,0.011188,0.000649,-0.006661,Avian,N6
1192_A/goose/Hunan/81/201,A/goose/Hunan/81/2014,-0.114737,-0.024628,0.043601,-0.009808,Avian,N6
1193_A/goose/Hunan/82/201,A/goose/Hunan/82/2014,-0.121011,-0.025319,0.042529,-0.01348,Avian,N6
1194_A/goose/Hunan/107/20,A/goose/Hunan/107/2014,-0.111194,0.009984,0.00604,0.001395,Avian,N6
1195_A/goose/Hunan/109/20,A/goose/Hunan/109/2014,-0.109874,0.010622,-0.000841,-0.001566,Avian,N6
1196_A/goose/Hunan/110/20,A/goose/Hunan/110/2014,-0.109874,0.010622,-0.000841,-0.001566,Avian,N6
1197_A/goose/Hunan/111/20,A/goose/Hunan/111/2014,-0.116501,0.015926,0.00093,0.005772,Avian,N6
1198_A/goose/Hunan/115/20,A/goose/Hunan/115/2014,-0.113298,0.010844,-0.000567,-0.007907,Avian,N6
1199_A/goose/Hunan/116/20,A/goose/Hunan/116/2014,-0.092115,0.010367,-0.010441,-0.011646,Avian,N6
1200_A/goose/Hunan/155/20,A/goose/Hunan/155/2014,-0.112379,-0.020676,0.043453,-0.007742,Avian,N6
1201_A/goose/Hunan/159/20,A/goose/Hunan/159/2014,-0.113395,-0.024375,0.038412,-0.003629,Avian,N6
1202_A/goose/Hunan/160/20,A/goose/Hunan/160/2014,-0.118004,-0.026646,0.042158,-0.01321,Avian,N6
1203_A/goose/Hunan/161/20,A/goose/Hunan/161/2014,-0.147563,-0.023723,0.049405,-0.000548,Avian,N6
1204_A/goose/Hunan/HN11/2,A/goose/Hunan/HN11/2015,-0.109601,-0.019276,0.005602,-0.002723,Avian,N6
1205_A/goose/Hunan/HN22/2,A/goose/Hunan/HN22/2015,-0.114829,-0.01584,0.034367,-0.002629,Avian,N6
1206_A/goose/Hunan/HN57/2,A/goose/Hunan/HN57/2015,-0.119507,-0.014603,0.028189,0.000459,Avian,N6
1207_A/goose/Hunan/HN88/2,A/goose/Hunan/HN88/2015,-0.101893,-0.000237,0.001955,-0.010021,Avian,N6
1208_A/goose/Hunan/HN90/2,A/goose/Hunan/HN90/2015,-0.101893,-0.000237,0.001955,-0.010021,Avian,N6
1209_A/goose/Hunan/HN310/,A/goose/Hunan/HN310/2015,-0.110457,-0.001377,0.012351,0.007073,Avian,N6
1210_A/goose/Hunan/HN311/,A/goose/Hunan/HN311/2015,-0.11439,-0.000811,0.013841,0.001978,Avian,N6
1211_A/goose/Hunan/HN314/,A/goose/Hunan/HN314/2015,-0.095233,-0.006143,0.004951,-0.00065,Avian,N6
1212_A/goose/Hunan/HN315/,A/goose/Hunan/HN315/2015,-0.09301,-0.011696,0.002261,0.001441,Avian,N6
1213_A/goose/Hunan/HN316/,A/goose/Hunan/HN316/2015,-0.09301,-0.011696,0.002261,0.001441,Avian,N6
1214_A/goose/Hunan/HN317/,A/goose/Hunan/HN317/2015,-0.09301,-0.011696,0.002261,0.001441,Avian,N6
1215_A/goose/Hunan/HN318/,A/goose/Hunan/HN318/2015,-0.111903,-0.000532,0.009606,0.004364,Avian,N6
1216_A/goose/Hunan/HN319/,A/goose/Hunan/HN319/2015,-0.094706,-0.008842,-0.000028,-0.002421,Avian,N6
1217_A/goose/Hunan/S11288,A/goose/Hunan/S11288/2021,0.12864,-0.020446,0.129981,0.058353,Avian,N8
1218_A/goose/Hunan/SE284/,A/goose/Hunan/SE284/2022(H5N1),0.083642,-0.062783,0.077551,0.015462,Avian,N1
1219_A/goose/Inner_Mongol,A/goose/Inner_Mongolia/IM-192/2014,0.082755,-0.059256,-0.014192,0.020237,Avian,N1
1220_A/goose/Jiangsu/k040,A/goose/Jiangsu/k0403/2010,-0.047447,0.004266,-0.027974,0.032256,Avian,N1
1221_A/goose/Jiangsu/QD5/,A/goose/Jiangsu/QD5/2014,0.12654,-0.176919,-0.065553,-0.021637,Avian,N8
1222_A/goose/Jiangsu/S138,A/goose/Jiangsu/S1385/2021,0.125206,-0.020022,0.137021,0.059815,Avian,N8
1223_A/goose/Jiangxi/01.0,A/goose/Jiangxi/01.09_NFJX-15-01/2015(Mixed),-0.109972,0.011022,-0.000893,-0.001643,Avian,N6
1224_A/goose/Jilin/04.04_,A/goose/Jilin/04.04_SY003-O/2015(H5N6),-0.116309,0.004747,0.015506,-0.001608,Avian,N6
1225_A/goose/Jilin/S4034/,A/goose/Jilin/S4034/2019(H5N1),-0.027611,-0.038564,-0.001698,-0.001547,Avian,N1
1226_A/goose/Liaoning/S12,A/goose/Liaoning/S1266/2021,0.152334,-0.021972,0.137714,0.0473,Avian,N8
1227_A/goose/Pingtung/150,A/goose/Pingtung/15010007-4/2015,0.076627,0.075588,-0.054479,0.037169,Avian,N2
1228_A/goose/Pingtung/150,A/goose/Pingtung/15010037-1/2015,0.076627,0.075588,-0.054479,0.037169,Avian,N2
1229_A/goose/Pingtung/150,A/goose/Pingtung/15050014/2015,0.078982,0.079892,-0.051125,-0.035882,Avian,N8
1230_A/goose/Pingtung/160,A/goose/Pingtung/16010061/2016,0.091028,0.100187,-0.04061,-0.046748,Avian,N8
1231_A/Goose/Qingyuan/168,A/Goose/Qingyuan/16875/2016,-0.108193,0.00752,0.023502,0.006123,Avian,N6
1232_A/goose/Shandong/01.,A/goose/Shandong/01.01_JY-GS/2015(H5N2),0.124394,-0.212302,-0.0588,0.019017,Avian,N2
1233_A/goose/Shandong/01.,A/goose/Shandong/01.07_JQ-GS/2015(H5N2),0.130995,-0.211506,-0.064123,0.021537,Avian,N2
1234_A/goose/Shandong/02.,A/goose/Shandong/02.16_YG-GS/2015(H5N6),-0.126982,-0.000631,0.028527,0.003393,Avian,N6
1235_A/goose/Shandong/02.,A/goose/Shandong/02.26_GD/2015(H5N6),-0.101913,0.021744,0.024822,-0.016664,Avian,N6
1236_A/goose/Shandong/03.,A/goose/Shandong/03.10_HZ/2015(H5N1),-0.06101,-0.062933,-0.012229,-0.012499,Avian,N1
1237_A/goose/Shandong/03.,A/goose/Shandong/03.16_JNRe-5/2014(H5N6),-0.122045,-0.026836,0.001975,-0.019656,Avian,N6
1238_A/goose/Shandong/04.,A/goose/Shandong/04.22_GT/2015(H5N2),0.124394,-0.212302,-0.0588,0.019017,Avian,N2
1239_A/goose/Shandong/05.,A/goose/Shandong/05.23_AY-GS/2015(Mixed),0.134586,-0.19184,-0.099861,-0.001184,Avian,N8
1240_A/goose/Shandong/05.,A/goose/Shandong/05.23_DT-GS/2014(H5N8),0.134586,-0.19184,-0.099861,-0.001184,Avian,N8
1241_A/goose/Shandong/06.,A/goose/Shandong/06.14_HZ-GS/2014(Mixed),0.129795,-0.185691,-0.108335,-0.007095,Avian,N8
1242_A/goose/Shandong/11.,A/goose/Shandong/11.02_CQ-GS/2014(H5N6),-0.121411,-0.007105,0.017863,0.00413,Avian,N6
1243_A/goose/Shandong/12.,A/goose/Shandong/12.05_YG-GS/2014(H5N6),-0.120774,-0.010423,0.032147,0.004481,Avian,N6
1244_A/goose/Shandong/12.,A/goose/Shandong/12.08_YG-GS/2014(H5N8),0.122412,-0.208074,-0.020217,-0.001999,Avian,N8
1245_A/Goose/Shandong/211,A/Goose/Shandong/21153-3/2021(H5N8),0.159494,-0.001644,0.134792,0.025817,Avian,N8
1246_A/goose/Shandong/GD-,A/goose/Shandong/GD-GS/2014(H5N8),0.133643,-0.191003,-0.079851,0.006673,Avian,N8
1247_A/goose/Shandong/GS/,A/goose/Shandong/GS/2013(H5N1),-0.06691,-0.038442,-0.032125,-0.000659,Avian,N1
1248_A/goose/Shandong/LQ0,A/goose/Shandong/LQ01694/2013,0.117016,-0.212429,-0.097321,-0.013806,Avian,N8
1249_A/goose/Tainan/16040,A/goose/Tainan/16040018-1/2016,0.085828,0.078012,-0.05295,-0.030638,Avian,N8
1250_A/goose/Tainan/16070,A/goose/Tainan/16070002/2016,0.088271,0.077307,-0.052478,-0.032314,Avian,N8
1251_A/goose/Tainan/17030,A/goose/Tainan/17030022-1/2017,0.084325,0.083069,-0.042743,0.03746,Avian,N2
1252_A/goose/Tainan/17030,A/goose/Tainan/17030024-1/2017,0.08055,0.087683,-0.038801,0.030455,Avian,N2
1253_A/goose/Tainan/18010,A/goose/Tainan/18010022-1/2018,0.074397,0.062655,-0.019401,0.05567,Avian,N2
1254_A/goose/Tainan/18050,A/goose/Tainan/18050014-1/2018,0.09554,0.053329,0.013057,0.020447,Avian,N2
1255_A/goose/Taiwan/01019,A/goose/Taiwan/01019/2015,0.087077,0.058512,-0.068302,0.005826,Avian,N8
1256_A/goose/Taiwan/01022,A/goose/Taiwan/01022/2015,0.090642,0.072554,-0.049804,0.052624,Avian,N2
1257_A/goose/Taiwan/01023,A/goose/Taiwan/01023/2015,0.076627,0.075588,-0.054479,0.037169,Avian,N2
1258_A/goose/Taiwan/01031,A/goose/Taiwan/01031/2015,0.076627,0.075588,-0.054479,0.037169,Avian,N2
1259_A/goose/Taiwan/01038,A/goose/Taiwan/01038/2015,0.076221,0.08496,-0.040827,-0.035511,Avian,Others
1260_A/goose/Taiwan/01039,A/goose/Taiwan/01039/2015,0.136589,-0.187555,-0.036542,0.003811,Avian,N8
1261_A/goose/Taiwan/01040,A/goose/Taiwan/01040/2015,0.076627,0.075588,-0.054479,0.037169,Avian,N2
1262_A/goose/Taiwan/a015/,A/goose/Taiwan/a015/2015,0.075859,0.0587,-0.07531,0.001914,Avian,N8
1263_A/goose/Taiwan/TNC1/,A/goose/Taiwan/TNC1/2015,0.133626,-0.196972,-0.030223,0.006802,Avian,N8
1264_A/goose/Taiwan/TNC3/,A/goose/Taiwan/TNC3/2015,0.135365,-0.1999,-0.027875,0.010763,Avian,N8
1265_A/goose/Taiwan/TNC4/,A/goose/Taiwan/TNC4/2015,0.082784,0.059869,-0.061346,-0.000216,Avian,N8
1266_A/goose/Taiwan/TNC9/,A/goose/Taiwan/TNC9/2015,0.135365,-0.1999,-0.027875,0.010763,Avian,N8
1267_A/goose/Taiwan/TNC10,A/goose/Taiwan/TNC10/2015,0.133626,-0.196972,-0.030223,0.006802,Avian,N8
1268_A/goose/Taiwan/TNC12,A/goose/Taiwan/TNC12/2015,0.133626,-0.196972,-0.030223,0.006802,Avian,N8
1269_A/goose/Taiwan/TNC14,A/goose/Taiwan/TNC14/2015,0.133626,-0.196972,-0.030223,0.006802,Avian,N8
1270_A/goose/Taiwan/TNO3/,A/goose/Taiwan/TNO3/2015,0.14201,-0.191638,-0.028156,0.011802,Avian,N8
1271_A/goose/Taiwan/TNO9/,A/goose/Taiwan/TNO9/2015,0.082784,0.059869,-0.061346,-0.000216,Avian,N8
1272_A/goose/Taiwan/TNO15,A/goose/Taiwan/TNO15/2015,0.082784,0.059869,-0.061346,-0.000216,Avian,N8
1273_A/goose/Taiwan/TNO17,A/goose/Taiwan/TNO17/2015,0.133626,-0.196972,-0.030223,0.006802,Avian,N8
1274_A/goose/Taoyuan/1501,A/goose/Taoyuan/15010041/2015,0.138057,-0.193606,-0.03628,0.011492,Avian,N8
1275_A/goose/Taoyuan/1812,A/goose/Taoyuan/18120002-2/2018,0.094941,0.012835,-0.053364,0.042521,Avian,N2
1276_A/goose/Xinjiang/12.,A/goose/Xinjiang/12.18_WLMQXL001-C/2016,-0.042168,0.008069,0.01322,-0.032051,Avian,N6
1277_A/goose/Xinjiang/12.,A/goose/Xinjiang/12.18_WLMQXL002-O/2016,-0.042168,0.008069,0.01322,-0.032051,Avian,N6
1278_A/goose/Xinjiang/12.,A/goose/Xinjiang/12.18_WLMQXL003-C/2016,0.071486,0.102748,-0.009608,0.047599,Avian,N8
1279_A/goose/Xinjiang/12.,A/goose/Xinjiang/12.18_WLMQXL003-O/2016,0.071486,0.102748,-0.009608,0.047599,Avian,N8
1280_A/goose/Xinjiang/12.,A/goose/Xinjiang/12.18_WLMQXL004-C/2016,0.071486,0.102748,-0.009608,0.047599,Avian,N8
1281_A/goose/Xinjiang/12.,A/goose/Xinjiang/12.18_WLMQXL004-O/2016,0.071486,0.102748,-0.009608,0.047599,Avian,N8
1282_A/goose/Yangzhou/042,A/goose/Yangzhou/0420/2014,0.12484,-0.197036,-0.041209,-0.013278,Avian,N8
1283_A/goose/Yangzhou/YZ5,A/goose/Yangzhou/YZ587/2016,-0.104361,0.013644,-0.000981,-0.002994,Avian,N6
1284_A/goose/Yunlin/15010,A/goose/Yunlin/15010005/2015,0.076627,0.075588,-0.054479,0.037169,Avian,N2
1285_A/goose/Yunlin/15010,A/goose/Yunlin/15010009-1/2015,0.090527,0.065265,-0.020516,0.024622,Avian,N2
1286_A/goose/Yunlin/15010,A/goose/Yunlin/15010010-2/2015,0.076627,0.075588,-0.054479,0.037169,Avian,N2
1287_A/goose/Yunlin/15010,A/goose/Yunlin/15010011-1/2015,0.076627,0.075588,-0.054479,0.037169,Avian,N2
1288_A/goose/Yunlin/15040,A/goose/Yunlin/15040040/2015,0.075859,0.0587,-0.07531,0.001914,Avian,N8
1289_A/goose/Yunlin/16020,A/goose/Yunlin/16020008-4/2016,0.075718,0.078187,-0.034222,0.044154,Avian,N2
1290_A/goose/Yunlin/16020,A/goose/Yunlin/16020011-1/2016,0.045975,0.08669,-0.04536,0.054263,Avian,N2
1291_A/goose/Yunlin/16040,A/goose/Yunlin/16040002-2/2016,0.096165,0.069749,-0.069243,0.013629,Avian,N2
1292_A/goose/Yunlin/17100,A/goose/Yunlin/17100005/2017,0.101614,0.105796,-0.019797,0.007338,Avian,N2
1293_A/goose/Yunlin/18030,A/goose/Yunlin/18030020-2/2018,0.122633,0.074271,-0.025909,0.003584,Avian,N2
1294_A/goose/Yunlin/18030,A/goose/Yunlin/18030020-3/2018,0.122633,0.074271,-0.025909,0.003584,Avian,N2
1295_A/goose/Yunlin/18040,A/goose/Yunlin/18040002-3/2018,0.084681,0.052835,-0.050146,0.04977,Avian,N2
1296_A/goose/Yunlin/18040,A/goose/Yunlin/18040018-2/2018,0.094924,0.051986,0.001702,0.022313,Avian,N2
1297_A/goose/Yunlin/18090,A/goose/Yunlin/18090002-3/2018,0.096206,0.026452,0.012387,0.006178,Avian,N2
1298_A/goose/Yunlin/18090,A/goose/Yunlin/18090006-1/2018,0.092271,0.079315,-0.050676,0.029937,Avian,N2
1299_A/goose/Yunlin/18110,A/goose/Yunlin/18110002-3/2018,0.096728,-0.006964,-0.061947,0.055681,Avian,N2
1300_A/goose/Yunnan/07.14,A/goose/Yunnan/07.14_DQWCK119/2015(H5N6),-0.101178,-0.002609,-0.003623,-0.007406,Avian,N6
1301_A/goose/Yunnan/07.14,A/goose/Yunnan/07.14_DQWCK122/2015(H5N6),-0.101841,-0.001633,-0.003016,-0.007707,Avian,N6
1302_A/goose/Zhejiang/771,A/goose/Zhejiang/77166/2014,-0.107772,0.039649,0.010668,-0.021622,Avian,N2
1303_A/goose/Zhejiang/771,A/goose/Zhejiang/77167/2014,-0.114119,0.022574,0.000459,-0.013949,Avian,N2
1304_A/goose/Zhejiang/771,A/goose/Zhejiang/77168/2014,-0.114119,0.022574,0.000459,-0.013949,Avian,N2
1305_A/goose/Zhejiang/112,A/goose/Zhejiang/112071/2014,-0.060786,-0.036327,-0.037257,-0.013016,Avian,N1
1306_A/goose/Zhejiang/112,A/goose/Zhejiang/112080/2014,-0.120554,-0.024194,-0.003483,-0.019915,Avian,N6
1307_A/goose/Zhejiang/727,A/goose/Zhejiang/727092/2014,-0.108729,-0.000644,0.017835,-0.007752,Avian,N6
1308_A/goose/Zhejiang/727,A/goose/Zhejiang/727098/2014,-0.048433,0.00771,-0.011039,-0.019645,Avian,N1
1309_A/goose/Zhejiang/727,A/goose/Zhejiang/727110/2014,-0.111505,0.003694,0.016342,-0.011295,Avian,N6
1310_A/goose/Zhejiang/925,A/goose/Zhejiang/925036/2014,-0.110661,-0.000072,0.010597,-0.015155,Avian,N6
1311_A/goose/Zhejiang/925,A/goose/Zhejiang/925037/2014,0.154196,-0.074293,-0.035536,-0.045927,Avian,N8
1312_A/goose/Zhejiang/925,A/goose/Zhejiang/925104/2014,0.120536,-0.153849,-0.084598,-0.012681,Avian,N8
1313_A/goose/Zhejiang/925,A/goose/Zhejiang/925105/2014,-0.112518,-0.03856,0.011961,-0.039099,Avian,N6
1314_A/goose/Zhejiang/925,A/goose/Zhejiang/925106/2014,0.12163,-0.150708,-0.084052,-0.012067,Avian,N6
1315_A/goose/Zhejiang/925,A/goose/Zhejiang/925108/2014,-0.107353,-0.038031,0.007555,-0.038069,Avian,N6
1316_A/goose/Zhejiang/112,A/goose/Zhejiang/1120132/2014,-0.122138,-0.02315,-0.002996,-0.016782,Avian,N6
1317_A/goose/Zhejiang/S12,A/goose/Zhejiang/S1266/2021,0.153242,-0.024156,0.119449,0.026857,Avian,N8
1318_A/Great_black-headed,A/Great_black-headed_Gull/Qinghai/YO1/2015_H5N1,-0.107154,-0.058774,-0.064336,0.000917,Avian,N1
1319_A/Great_Black-headed,A/Great_Black-headed_Gull/Qinghai/YO1-B/2016,0.088803,0.031572,-0.053632,0.037907,Avian,N8
1320_A/Great_black-headed,A/Great_black-headed_Gull/Qinghai/YO6/2015_H5N1,-0.108252,-0.053696,-0.064591,0.001293,Avian,N1
1321_A/Great_Cormorant/Hu,A/Great_Cormorant/Hubei/chenhu_V2/2015_mixed,-0.077851,-0.05764,-0.027022,-0.026731,Avian,N6
1322_A/Great_Cormorant/Hu,A/Great_Cormorant/Hubei/chenhu_V9/2015,-0.079364,-0.055864,-0.032693,-0.028404,Avian,N1
1323_A/Great_Cormorant/Hu,A/Great_Cormorant/Hubei/chenhu_V10/2015,-0.079364,-0.055864,-0.032693,-0.028404,Avian,N1
1324_A/Great_Cormorant/Hu,A/Great_Cormorant/Hubei/chenhu_V11/2015,-0.081177,-0.057415,-0.026598,-0.0256,Avian,N6
1325_A/Great_Cormorant/Hu,A/Great_Cormorant/Hubei/VI128/2015_H5N1,-0.100124,-0.055022,-0.02253,-0.013929,Avian,N1
1326_A/Great_Cormorant/Hu,A/Great_Cormorant/Hubei/VI132/2015_H5N1,-0.109707,-0.056494,-0.021561,-0.005742,Avian,N1
1327_A/Great_Cormorant/Hu,A/Great_Cormorant/Hubei/VI133/2015_H5N1,-0.111791,-0.05106,-0.017006,-0.009128,Avian,N1
1328_A/Great_Cormorant/Qi,A/Great_Cormorant/Qinghai/a51/2016,0.076052,-0.018487,-0.053184,0.01658,Avian,N8
1329_A/Great_Cormorant/Qi,A/Great_Cormorant/Qinghai/B82/2016,0.088111,0.013178,-0.050737,0.015051,Avian,N8
1330_A/Great_Cormorant/Qi,A/Great_Cormorant/Qinghai/Y01/2016,0.084667,0.012626,-0.049355,0.010843,Avian,N8
1331_A/Great_Crested_Greb,A/Great_Crested_Grebe/Qinghai/a737/2017,0.073839,0.078534,-0.011753,0.021957,Avian,N8
1332_A/grebe/Ningxia/SD00,A/grebe/Ningxia/SD001/2021,0.119632,-0.04091,0.125079,0.06707,Avian,N8
1333_A/grebe/Shaanxi/SD00,A/grebe/Shaanxi/SD001/2021,0.119773,-0.037082,0.125094,0.066489,Avian,N8
1334_A/grebe/Shandong/SC1,A/grebe/Shandong/SC184/2021,0.156774,-0.032386,0.130651,0.039405,Avian,N8
1335_A/green-winged_teal/,A/green-winged_teal/Guangdong/SD004/2021,0.118005,-0.015989,0.133367,0.056062,Avian,N8
1336_A/Guangdong/1/2006|E,A/Guangdong/1/2006,-0.032915,-0.009496,-0.010668,0.017607,Human,N1
1337_A/Guangdong/1/2008|E,A/Guangdong/1/2008,-0.056925,0.041515,-0.028429,0.041661,Human,N1
1338_A/Guangdong/2/2006|E,A/Guangdong/2/2006,-0.042893,0.025022,-0.022541,0.024908,Human,N1
1339_A/Guangdong/18SF020/,A/Guangdong/18SF020/2018-09-30,-0.134379,0.011167,0.05421,-0.011833,Human,N6
1340_A/Guangdong/12903/20,A/Guangdong/12903/2021,0.139703,0.050283,-0.037553,0.003447,Human,N6
1341_A/Guangdong/lgf/2021,A/Guangdong/lgf/2021,0.136126,0.049062,-0.027288,-0.005703,Human,N6
1342_A/Guangxi/1/2005|EPI,A/Guangxi/1/2005,-0.04474,-0.003079,-0.049439,0.036657,Human,N1
1343_A/Guangxi/1/2005|EPI,A/Guangxi/1/2005,-0.047147,0.020455,-0.021082,0.025818,Human,N1
1344_A/Guangxi/1/2008|EPI,A/Guangxi/1/2008,-0.057051,0.03322,-0.010943,0.022437,Human,N1
1345_A/Guangxi/32797/2018,A/Guangxi/32797/2018,-0.144821,0.001847,0.028723,-0.008583,Human,N6
1346_A/Guangxi/55726/2016,A/Guangxi/55726/2016,-0.113322,0.020544,0.005453,0.002615,Human,N6
1347_A/Guangzhou/39715/20,A/Guangzhou/39715/2014,-0.116238,0.007576,-0.00417,0.003974,Human,N6
1348_A/Guizhou/1/2009|EPI,A/Guizhou/1/2009,-0.060504,0.009071,-0.044381,0.021341,Human,N1
1349_A/GX-guilin/11151/20,A/GX-guilin/11151/2021,-0.102197,-0.037976,0.019168,0.000975,Human,N6
1350_A/GX-hechi/01/2021|E,A/GX-hechi/01/2021,-0.102489,0.004509,0.029035,-0.023073,Human,N6
1351_A/Hangzhou/01/2021|E,A/Hangzhou/01/2021,-0.104659,-0.030689,0.01274,-0.01224,Human,N6
1352_A/HeFei04171/2024|EP,A/HeFei04171/2024,0.069709,0.067687,-0.018707,0.031039,Human,N6
1353_A/heron/Kaohsiung/15,A/heron/Kaohsiung/15WB3284-1-5/2015,0.071178,0.060218,-0.055471,0.023985,Avian,Others
1354_A/heron/Taiwan/17DB0,A/heron/Taiwan/17DB0001/2017,0.086805,0.087991,-0.048366,0.040149,Avian,N2
1355_A/Herring_Gull/Hubei,A/Herring_Gull/Hubei/CH-i149/2017_H5N8,0.08526,0.030569,-0.057545,0.024858,Avian,N8
1356_A/hill_myna/Heilongj,A/hill_myna/Heilongjiang/0704/2012,-0.064399,-0.025253,-0.019316,0.010634,Avian,N1
1357_A/Hong_Kong/5923/201,A/Hong_Kong/5923/2012,-0.122525,-0.0171,-0.021817,0.050141,Human,N1
1358_A/Hubei/29578/2016_x,A/Hubei/29578/2016_x_PR8__(CNIC-HB29578),0.066851,-0.035916,-0.079193,-0.037991,Human,N6
1359_A/Hubei/29578/2016|E,A/Hubei/29578/2016,0.023419,-0.024459,0.048685,-0.003333,Human,N6
1360_A/Hunan/1/2006|EPI_I,A/Hunan/1/2006,-0.056757,0.022761,-0.017698,0.019849,Human,N1
1361_A/Hunan/1/2008|EPI_I,A/Hunan/1/2008,-0.00134,-0.010447,-0.029845,0.014172,Human,N1
1362_A/Hunan/2/2009|EPI_I,A/Hunan/2/2009,-0.024627,-0.016072,-0.009426,0.004323,Human,N1
1363_A/Japanese_white-eye,A/Japanese_white-eye/Taoyuan/Q454/2012,-0.070025,-0.023107,-0.026154,0.002529,Avian,N1
1364_A/Jiangsu/1/2007|EPI,A/Jiangsu/1/2007,-0.043879,0.032902,-0.028975,0.0356,Human,N1
1365_A/Jiangsu/1/2018|EPI,A/Jiangsu/1/2018,-0.127351,0.002342,0.012152,-0.023182,Human,N6
1366_A/Jiangsu/1/2018|EPI,A/Jiangsu/1/2018,-0.127351,0.002342,0.012152,-0.023182,Human,N6
1367_A/Jiangsu/1/2020_(H5,A/Jiangsu/1/2020_(H5N6),-0.077375,0.012025,0.009594,-0.047979,Human,N6
1368_A/Jiangsu/1/2020(H5N,A/Jiangsu/1/2020(H5N6),-0.077375,0.012025,0.009594,-0.047979,Human,N6
1369_A/Jiangsu/2/2007|EPI,A/Jiangsu/2/2007,-0.043879,0.032902,-0.028975,0.0356,Human,N1
1370_A/Jiangsu/JSSZ01/201,A/Jiangsu/JSSZ01/2018,-0.127351,0.002342,0.012152,-0.023182,Human,N6
1371_A/Jiangxi/1/2005|EPI,A/Jiangxi/1/2005,-0.02729,0.025372,-0.007356,0.033826,Human,N1
1372_A/Jiangxi/16791/2022,A/Jiangxi/16791/2022,-0.101226,-0.032781,0.013922,0.017977,Human,N6
1373_A/lesser_kestrel/Hei,A/lesser_kestrel/Heilongjiang/194/2007,-0.082045,-0.023229,-0.047689,0.028474,Avian,N1
1374_A/lion/Hubei/1-2/201,A/lion/Hubei/1-2/2016,-0.073067,-0.065014,-0.035558,-0.013488,Nonhuman Mammal,N1
1375_A/Luscinia_cyane/Jia,A/Luscinia_cyane/Jiangxi/U2/2016_(H5N6),0.13423,-0.172305,-0.078897,-0.013594,Avian,N6
1376_A/mallard_duck/Shang,A/mallard_duck/Shanghai/SH-9/2013,0.136592,-0.168067,-0.071287,-0.009761,Avian,N8
1377_A/mallard/Heilongjia,A/mallard/Heilongjiang/HLJ-69/2013,-0.077064,-0.022101,-0.038024,-0.000726,Avian,N1
1378_A/Mallard/Jiangxi/JX,A/Mallard/Jiangxi/JXH9/2014_(H5N6),-0.107443,0.012243,-0.003824,-0.004215,Avian,N6
1379_A/Mallard/Jiangxi/JX,A/Mallard/Jiangxi/JXH22/2014_(H5N6),-0.110905,0.001378,-0.003161,0.000343,Avian,N6
1380_A/mallard/Ningxia/17,A/mallard/Ningxia/175/2020,0.100711,-0.038628,0.102115,0.036171,Avian,N8
1381_A/mallard/Ningxia/17,A/mallard/Ningxia/176/2020,0.100711,-0.038628,0.102115,0.036171,Avian,N8
1382_A/mallard/Ningxia/23,A/mallard/Ningxia/239/2020,0.088636,-0.042899,0.092158,0.020467,Avian,N8
1383_A/mallard/Ningxia/24,A/mallard/Ningxia/241/2020,0.101882,-0.039948,0.100292,0.035226,Avian,N8
1384_A/mallard/Ningxia/24,A/mallard/Ningxia/247/2020,0.101882,-0.039948,0.100292,0.035226,Avian,N8
1385_A/mallard/Ningxia/24,A/mallard/Ningxia/249/2020,0.11264,-0.053887,0.097467,0.032781,Avian,N8
1386_A/mandarin_duck/Heil,A/mandarin_duck/Heilongjiang/HL-1/2021,0.151013,-0.011765,0.06319,0.007119,Avian,N1
1387_A/mandarin_duck/Hena,A/mandarin_duck/Henan/426/2021,0.075948,-0.04652,0.079241,0.014571,Avian,N1
1388_A/meerkat/Shanghai/S,A/meerkat/Shanghai/SH-1/2012,-0.040372,-0.000051,-0.011344,0.006012,Nonhuman Mammal,N1
1389_A/migratory_waterfow,A/migratory_waterfowl/Hubei/Chenhu1306/2014,-0.104948,0.005317,0.006855,-0.015335,Avian,N6
1390_A/migratory_waterfow,A/migratory_waterfowl/Hubei/Chenhu1347/2014,-0.104948,0.005317,0.006855,-0.015335,Avian,N6
1391_A/mink/China/181/201,A/mink/China/181/2019,-0.112281,0.002947,0.020641,-0.01118,Nonhuman Mammal,N6
1392_A/mink/China/183/201,A/mink/China/183/2019,-0.102104,0.004901,0.012931,-0.005711,Nonhuman Mammal,N6
1393_A/mink/China/191/201,A/mink/China/191/2019,-0.098266,0.004348,0.011476,-0.000737,Nonhuman Mammal,N6
1394_A/mink/China/456/201,A/mink/China/456/2018,-0.112875,0.004358,0.025216,-0.010811,Nonhuman Mammal,N6
1395_A/mink/China/G/2015|,A/mink/China/G/2015,-0.105638,-0.042955,-0.029826,0.032747,Nonhuman Mammal,N1
1396_A/mink/China/XB/2015,A/mink/China/XB/2015,-0.065435,-0.043965,-0.021579,-0.027234,Nonhuman Mammal,N1
1397_A/mink/Eastern_China,A/mink/Eastern_China/006/2018,-0.086985,0.008671,0.027052,-0.015373,Nonhuman Mammal,N6
1398_A/mink/Eastern_China,A/mink/Eastern_China/149/2018,-0.098335,0.020164,0.036373,0.004365,Nonhuman Mammal,N6
1399_A/mink/Eastern_China,A/mink/Eastern_China/528/2018,-0.085629,0.009326,0.019985,-0.018414,Nonhuman Mammal,N6
1400_A/mink/Eastern_China,A/mink/Eastern_China/571/2018,-0.115874,0.002584,0.018429,-0.011475,Nonhuman Mammal,N6
1401_A/mink/Eastern_China,A/mink/Eastern_China/0712/2018,0.044111,-0.007228,0.04918,-0.153386,Nonhuman Mammal,N1
1402_A/mink/Northern_Chin,A/mink/Northern_China/110/2018,-0.086063,0.000889,0.037548,-0.01066,Nonhuman Mammal,N6
1403_A/Muscovy_duck/China,A/Muscovy_duck/China/FJFZ21/H5N6/2020,-0.094013,-0.034626,0.064846,-0.020639,Avian,N6
1404_A/Muscovy_duck/China,A/Muscovy_duck/China/H5N6/2020,-0.094013,-0.034626,0.064846,-0.020639,Avian,N6
1405_A/muscovy/duck/Hunan,A/muscovy/duck/Hunan/85/2014,-0.108892,-0.030044,0.042332,-0.001182,Avian,N6
1406_A/muscovy/duck/Hunan,A/muscovy/duck/Hunan/88/2014,-0.111451,-0.029306,0.041838,0.000573,Avian,N6
1407_A/muscovy/duck/Hunan,A/muscovy/duck/Hunan/89/2014,-0.115383,-0.02874,0.043328,-0.004522,Avian,N6
1408_A/muscovy/duck/Hunan,A/muscovy/duck/Hunan/90/2014,-0.11208,-0.030192,0.037962,-0.003969,Avian,N6
1409_A/muscovy/duck/Hunan,A/muscovy/duck/Hunan/93/2014,-0.111451,-0.029306,0.041838,0.000573,Avian,N6
1410_A/muscovy/duck/Hunan,A/muscovy/duck/Hunan/94/2014,-0.141803,-0.036143,0.050803,0.014781,Avian,N6
1411_A/muscovy/duck/Hunan,A/muscovy/duck/Hunan/101/2014,-0.135228,0.014661,0.010788,0.011251,Avian,N6
1412_A/muscovy/duck/Hunan,A/muscovy/duck/Hunan/102/2014,-0.135228,0.014661,0.010788,0.011251,Avian,N6
1413_A/muscovy/duck/Hunan,A/muscovy/duck/Hunan/103/2014,-0.165126,0.01741,0.017504,0.031968,Avian,N6
1414_A/muscovy/duck/Hunan,A/muscovy/duck/Hunan/104/2014,-0.135228,0.014661,0.010788,0.011251,Avian,N6
1415_A/muscovy/duck/Hunan,A/muscovy/duck/Hunan/125/2014,-0.105513,0.011126,-0.002487,0.002647,Avian,N6
1416_A/muscovy/duck/Hunan,A/muscovy/duck/Hunan/147/2014,-0.113806,0.011188,0.000649,-0.006661,Avian,N6
1417_A/muscovy/duck/Hunan,A/muscovy/duck/Hunan/148/2014,-0.139433,0.013544,0.006405,0.011096,Avian,N6
1418_A/muscovy/duck/Hunan,A/muscovy/duck/Hunan/167/2014,-0.133908,0.015299,0.003907,0.00829,Avian,N6
1419_A/muscovy/duck/Hunan,A/muscovy/duck/Hunan/183/2014,-0.08743,-0.010051,0.003178,-0.029511,Avian,N6
1420_A/muscovy/duck/Hunan,A/muscovy/duck/Hunan/216/2014,-0.135228,0.014661,0.010788,0.011251,Avian,N6
1421_A/muscovy/duck/Hunan,A/muscovy/duck/Hunan/229/2014,-0.135228,0.014661,0.010788,0.011251,Avian,N6
1422_A/muscovy/duck/Hunan,A/muscovy/duck/Hunan/232/2014,-0.119523,-0.013898,0.036412,-0.008103,Avian,N6
1423_A/muscovy/duck/Hunan,A/muscovy/duck/Hunan/HN346/2015,-0.115248,0.004771,0.003876,0.001162,Avian,N6
1424_A/muscovy/duck/Hunan,A/muscovy/duck/Hunan/HN347/2015,-0.115248,0.004771,0.003876,0.001162,Avian,N6
1425_A/muscovy/duck/Hunan,A/muscovy/duck/Hunan/HN348/2015,-0.112382,-0.006497,0.007586,0.006371,Avian,N6
1426_A/muscovy/duck/Hunan,A/muscovy/duck/Hunan/HN349/2015,-0.115248,0.004771,0.003876,0.001162,Avian,N6
1427_A/muscovy/duck/Hunan,A/muscovy/duck/Hunan/HN351/2015,-0.115248,0.004771,0.003876,0.001162,Avian,N6
1428_A/muscovy/duck/Hunan,A/muscovy/duck/Hunan/HN352/2015,-0.112382,-0.006497,0.007586,0.006371,Avian,N6
1429_A/muscovy/duck/Hunan,A/muscovy/duck/Hunan/HN353/2015,-0.115248,0.004771,0.003876,0.001162,Avian,N6
1430_A/muscovy/duck/Hunan,A/muscovy/duck/Hunan/HN354/2015,-0.112382,-0.006497,0.007586,0.006371,Avian,N6
1431_A/muscovy/duck/Hunan,A/muscovy/duck/Hunan/HN355/2015,-0.111903,-0.000532,0.009606,0.004364,Avian,N6
1432_A/muscovy/duck/Hunan,A/muscovy/duck/Hunan/HN356/2015,-0.11918,0.005337,0.005366,-0.003934,Avian,N6
1433_A/muscovy/duck/Hunan,A/muscovy/duck/Hunan/HN358/2015,-0.112382,-0.006497,0.007586,0.006371,Avian,N6
1434_A/muscovy/duck/Hunan,A/muscovy/duck/Hunan/HN359/2015,-0.111903,-0.000532,0.009606,0.004364,Avian,N6
1435_A/muscovy/duck/Hunan,A/muscovy/duck/Hunan/HN360/2015,-0.112382,-0.006497,0.007586,0.006371,Avian,N6
1436_A/muscovy/duck/Hunan,A/muscovy/duck/Hunan/HN364/2015,-0.115248,0.004771,0.003876,0.001162,Avian,N6
1437_A/muscovy/duck/Hunan,A/muscovy/duck/Hunan/HN365/2015,-0.111903,-0.000532,0.009606,0.004364,Avian,N6
1438_A/muscovy/duck/Hunan,A/muscovy/duck/Hunan/HN366/2015,-0.111903,-0.000532,0.009606,0.004364,Avian,N6
1439_A/muscovy/duck/Hunan,A/muscovy/duck/Hunan/HN368/2015,-0.111903,-0.000532,0.009606,0.004364,Avian,N6
1440_A/mute_swan/Inner_Mo,A/mute_swan/Inner_Mongolia/w2-1/2020,0.12864,-0.020446,0.129981,0.058353,Avian,N8
1441_A/mute_swan/Shandong,A/mute_swan/Shandong/1/2021,0.131935,-0.024617,0.131814,0.055916,Avian,N8
1442_A/Nanjing/1/2015|EPI,A/Nanjing/1/2015,-0.077876,-0.05861,-0.029858,-0.026874,Human,N1
1443_A/Northern_Pintail/H,A/Northern_Pintail/HK/MP692/2016,-0.105089,0.001126,0.018297,-0.008117,Avian,N6
1444_A/oriental_magpie_ro,A/oriental_magpie_robin/HK/6154/2015,-0.036068,-0.040019,-0.010111,-0.055788,Avian,N6
1445_A/ostrich/Suzhou/097,A/ostrich/Suzhou/097/2003,-0.014753,0.006537,-0.028936,-0.019193,Avian,N1
1446_A/parrot/Guangdong/2,A/parrot/Guangdong/258/2004,0.068198,-0.024405,-0.048759,0.070584,Avian,N2
1447_A/parrot/Guangdong/C,A/parrot/Guangdong/C99/2005,-0.030767,0.006774,-0.013662,0.026105,Avian,N1
1448_A/Pavo_cristatus/Chi,A/Pavo_cristatus/China/JS02/2018,-0.100893,0.055067,0.052432,-0.001399,Avian,N6
1449_A/Pavo_cristatus/Chi,A/Pavo_cristatus/China/K10/2018,-0.100893,0.055067,0.052432,-0.001399,Avian,N6
1450_A/Pavo_cristatus/Jia,A/Pavo_cristatus/Jiangxi/JA1/2016,-0.108243,0.024629,0.019893,-0.014258,Avian,N6
1451_A/peacock/Yunnan/1/2,A/peacock/Yunnan/1/2015,-0.085602,-0.037035,-0.050265,0.004948,Avian,N1
1452_A/peacock/Yunnan/3/2,A/peacock/Yunnan/3/2015,-0.100063,-0.03085,-0.04644,0.005179,Avian,N1
1453_A/Peregrine_Falcon/H,A/Peregrine_Falcon/Hong_Kong/AFCD-HKU-21-013-27/2021,0.15526,-0.004204,0.144649,0.06655,Avian,N8
1454_A/Phalacrocorax/Hube,A/Phalacrocorax/Hubei/01.09_V5/2015(H5N6),-0.081177,-0.057415,-0.026598,-0.0256,Avian,N6
1455_A/Phalacrocorax/Hube,A/Phalacrocorax/Hubei/01.09_V7/2015(H5N6),-0.081177,-0.057415,-0.026598,-0.0256,Avian,N6
1456_A/pheasant/Hebei/B02,A/pheasant/Hebei/B02/2021,0.155373,-0.0236,0.119315,0.034913,Avian,N8
1457_A/pigeon/Fujian/1.17,A/pigeon/Fujian/1.17_FZHX0104-O/2017,-0.0763,0.022543,-0.002972,-0.008184,Avian,N6
1458_A/pigeon/Guangdong/0,A/pigeon/Guangdong/04.15_SZBAXQ004/2015(H5N6),-0.100303,-0.005475,0.013772,0.007451,Avian,N6
1459_A/pigeon/Guangdong/0,A/pigeon/Guangdong/04.16_SZLGWL006/2015(H5N6),-0.093274,-0.001302,0.007115,0.008224,Avian,N6
1460_A/pigeon/Guangdong/0,A/pigeon/Guangdong/04.23_DGQTXC197-O/2015(H5N6),-0.110757,-0.005066,0.012032,-0.006651,Avian,N6
1461_A/pigeon/Hainan/1.14,A/pigeon/Hainan/1.14_HKPL006-C/2018,-0.119805,-0.002042,0.019302,-0.019381,Avian,N6
1462_A/pigeon/Hubei/RP25/,A/pigeon/Hubei/RP25/2012,-0.041637,-0.067965,-0.055722,0.034883,Avian,N1
1463_A/Pigeon/Hunan/04.14,A/Pigeon/Hunan/04.14_YYXS0912-O/2015(Mixed),-0.095858,0.012203,-0.015108,-0.005707,Avian,N6
1464_A/pigeon/Jiangsu/12.,A/pigeon/Jiangsu/12.22_TCCX053-P/2014(Mixed),-0.06039,-0.036323,-0.03642,-0.011823,Avian,N1
1465_A/Pigeon/Jiangxi/02.,A/Pigeon/Jiangxi/02.10__NCDZT0017-P/2015(H5N6),-0.097019,0.008117,0.026246,-0.021768,Avian,N6
1466_A/Pigeon/Jiangxi/04.,A/Pigeon/Jiangxi/04.01__NCDZT0352-O/2015(H5N6),0.050485,-0.005412,0.037766,-0.078178,Avian,N6
1467_A/pigeon/Jiangxi/S40,A/pigeon/Jiangxi/S40784/2021(H5N1),0.125011,0.016517,0.058074,0.010654,Avian,N1
1468_A/pigeon/Jilin/04.25,A/pigeon/Jilin/04.25_CCHL018-O/2015(H5N6),-0.117433,0.005213,0.016442,-0.003893,Avian,N6
1469_A/pigeon/Jilin/04.25,A/pigeon/Jilin/04.25_CCHL019-O/2015(H5N1),-0.032181,-0.054076,-0.028697,-0.021638,Avian,N1
1470_A/pigeon/Jilin/S4176,A/pigeon/Jilin/S4176/2019(H5N1),-0.028391,-0.039424,-0.000159,0.001093,Avian,N1
1471_A/Pigeon/Shandong/WS,A/Pigeon/Shandong/WS17/2022,-0.085728,-0.048626,0.003841,-0.035737,Avian,N2
1472_A/pigeon/Sichuan/04.,A/pigeon/Sichuan/04.27_NBXJ743/2014(H5N6),-0.112724,-0.023218,0.02187,0.009975,Avian,N6
1473_A/pigeon/Sichuan/NCX,A/pigeon/Sichuan/NCXN29/2014,-0.133039,0.001166,0.023881,0.016081,Avian,N1
1474_A/pigeon/Zhejiang/11,A/pigeon/Zhejiang/112089/2014,-0.084846,-0.035287,-0.032487,0.00499,Avian,N1
1475_A/pigeon/Zhejiang/11,A/pigeon/Zhejiang/112090/2014,-0.060189,-0.047844,-0.020014,-0.002122,Avian,N1
1476_A/pigeon/Zhejiang/72,A/pigeon/Zhejiang/727097/2014,-0.048433,0.00771,-0.011039,-0.019645,Avian,N1
1477_A/plateau_pika/Qingh,A/plateau_pika/Qinghai/04/2007,0.132549,0.030797,-0.026147,-0.05873,Nonhuman Mammal,N1
1478_A/Quail/Guangxi/GX-2,A/Quail/Guangxi/GX-2/2017__(H5N6),-0.104015,0.005065,0.057433,-0.002721,Avian,N6
1479_A/quail/Jiangsu/k010,A/quail/Jiangsu/k0104/2010,0.121228,-0.149384,-0.051793,-0.026519,Avian,Others
1480_A/quail/Jiangxi/B9/2,A/quail/Jiangxi/B9/2015_(H5N6),0.128714,-0.172036,-0.066022,-0.019353,Avian,N6
1481_A/quail/Nanchang/663,A/quail/Nanchang/6631/2013,-0.081178,0.022435,0.012294,-0.005902,Avian,N1
1482_A/Quail/Zhanjiang/16,A/Quail/Zhanjiang/16887/2016,-0.119403,0.003234,-0.018302,-0.055173,Avian,N6
1483_A/Quanzhou/2/2024|EP,A/Quanzhou/2/2024,0.139342,0.10635,-0.011702,-0.018514,Human,N6
1484_A/Shandong/1/2009|EP,A/Shandong/1/2009,-0.021377,0.038124,-0.029687,0.03058,Human,N1
1485_A/Shenzhen/1/2015|EP,A/Shenzhen/1/2015,-0.041504,-0.043533,0.00155,-0.068612,Human,N6
1486_A/Shenzhen/1/2016|EP,A/Shenzhen/1/2016,-0.058603,-0.037564,-0.0079,-0.059807,Human,N6
1487_A/Shenzhen/TH001/201,A/Shenzhen/TH001/2015_(H5N6),-0.034282,-0.040575,-0.005952,-0.061279,Human,N6
1488_A/Shenzhen/TH003/201,A/Shenzhen/TH003/2016(H5N6),0.042065,-0.034068,0.055973,0.014374,Human,N6
1489_A/Shoveller/Ningxia/,A/Shoveller/Ningxia/488-53/2015,-0.093393,0.013385,0.031397,-0.009314,Avian,N6
1490_A/Sichuan/1/2006|EPI,A/Sichuan/1/2006,-0.056828,0.002655,-0.05352,0.028293,Human,N1
1491_A/Sichuan/2/2006|EPI,A/Sichuan/2/2006,-0.040522,-0.003714,-0.056308,0.036885,Human,N1
1492_A/Sichuan/26221/2014,A/Sichuan/26221/2014,-0.116319,-0.026878,0.019685,0.00927,Human,N6
1493_A/silkie_chicken/Don,A/silkie_chicken/Dongguan/2809/2013,-0.106437,0.001638,0.003942,-0.001812,Avian,N6
1494_A/Spatula_querquedul,A/Spatula_querquedula/Chongming/H5N1_1/2024,0.097017,0.031608,0.037968,0.004269,Avian,N1
1495_A/Spoonbill/HK/17-18,A/Spoonbill/HK/17-18259/2017,0.161358,-0.027325,0.06545,0.012757,Avian,N6
1496_A/spoonbill/Taiwan/D,A/spoonbill/Taiwan/DB645/2017,0.162826,-0.0026,0.082277,0.021943,Avian,N6
1497_A/spot_billed_duck/N,A/spot_billed_duck/Ningxia/YG87/2017,0.133152,0.024136,0.053245,0.027801,Avian,N6
1498_A/spot-billed_duck/N,A/spot-billed_duck/Ningxia/YG93/2017,0.141367,0.015204,0.053682,0.02399,Avian,N6
1499_A/Streptopelia_decao,A/Streptopelia_decaocto/Jiangxi/E1/2015(H5N6),-0.106735,-0.005174,0.005826,-0.002757,Avian,N6
1500_A/Streptopelia_decao,A/Streptopelia_decaocto/Jiangxi/G6/2016(H5N6),-0.107149,0.002713,0.008117,-0.001834,Avian,N6
1501_A/Streptopelia_decao,A/Streptopelia_decaocto/Jiangxi/J8/2015_(H5N6),-0.1046,0.000229,0.009241,-0.001251,Avian,N6
1502_A/swan_goose/Jilin/J,A/swan_goose/Jilin/JL01/2014,-0.118979,-0.045882,0.035076,-0.052546,Avian,N6
1503_A/swan/China/ST/2016,A/swan/China/ST/2016,0.100219,0.0238,-0.051589,0.022885,Avian,N8
1504_A/swan/Hebei/B01/202,A/swan/Hebei/B01/2021,0.129911,-0.027057,0.129232,0.063059,Avian,N8
1505_A/swan/Shandong/W376,A/swan/Shandong/W3762/2020,0.132865,-0.024322,0.06155,0.024116,Avian,N8
1506_A/swine/China/RZ/201,A/swine/China/RZ/2018,-0.090615,-0.013325,0.01621,-0.031998,Nonhuman Mammal,N6
1507_A/swine/Guangdong/1/,A/swine/Guangdong/1/2014,-0.112827,0.002671,0.009937,-0.003259,Nonhuman Mammal,N6
1508_A/swine/Guangdong/2/,A/swine/Guangdong/2/2014,-0.108434,0.001188,-0.001804,-0.010025,Nonhuman Mammal,N6
1509_A/swine/Guangdong/G3,A/swine/Guangdong/G3/2015,-0.107773,-0.013906,0.000067,-0.001991,Nonhuman Mammal,N6
1510_A/swine/Shandong/SD1,A/swine/Shandong/SD1/2014,0.104365,0.072948,0.018461,-0.028134,Nonhuman Mammal,N1
1511_A/Syrrhaptes_paradox,A/Syrrhaptes_paradoxus/Guangdong/ZH283/2015,-0.100226,0.00049,0.012322,0.00994,Avian,N6
1512_A/Taiwan/DV413/2006|,A/Taiwan/DV413/2006,0.146712,0.055328,0.048061,-0.000078,Avian,N2
1513_A/Taiwan/DV518/2006|,A/Taiwan/DV518/2006,0.156292,0.051245,0.054147,-0.007145,Avian,N2
1514_A/thrush/Taiwan/1512,A/thrush/Taiwan/15120021/2015,0.081182,0.074936,-0.049097,0.045792,Avian,N2
1515_A/tiger/Yunnan/tig14,A/tiger/Yunnan/tig1404/2014,-0.122979,-0.004685,0.015871,0.012039,Nonhuman Mammal,N1
1516_A/tiger/Yunnan/tig14,A/tiger/Yunnan/tig1412/2014,-0.101733,0.000139,-0.004273,0.001552,Nonhuman Mammal,N1
1517_A/tiger/Yunnan/tig15,A/tiger/Yunnan/tig1508/2015,-0.041315,-0.054641,-0.034673,-0.040907,Nonhuman Mammal,N1
1518_A/tundra_swan/Fujian,A/tundra_swan/Fujian/SD121/2023(H5N1),0.08153,-0.043923,0.075383,0.025885,Avian,N1
1519_A/tundra_swan/Hubei/,A/tundra_swan/Hubei/BQ3/2020,0.123475,-0.020975,0.134386,0.057323,Avian,N8
1520_A/tundra_swan/Hubei/,A/tundra_swan/Hubei/BQ4/2020,0.1294,-0.021021,0.134965,0.053273,Avian,N8
1521_A/tundra_swan/Hubei/,A/tundra_swan/Hubei/BQ6/2020,0.132572,-0.021012,0.128491,0.063448,Avian,N8
1522_A/tundra_swan/Hubei/,A/tundra_swan/Hubei/BQ7/2020,0.132572,-0.021012,0.128491,0.063448,Avian,N8
1523_A/tundra_swan/Hubei/,A/tundra_swan/Hubei/BQ8/2020,0.132572,-0.021012,0.128491,0.063448,Avian,N8
1524_A/tundra_swan/Hubei/,A/tundra_swan/Hubei/BQ9/2020,0.132572,-0.021012,0.128491,0.063448,Avian,N8
1525_A/turkey/Changhua/16,A/turkey/Changhua/16010011-1/2016,0.075873,0.083941,-0.052076,0.033546,Avian,N2
1526_A/turkey/Chiayi/1702,A/turkey/Chiayi/17020092-2/2017,0.082867,0.074206,-0.056254,-0.033206,Avian,N8
1527_A/turkey/Chiayi/1801,A/turkey/Chiayi/18010013-3/2018,0.075061,0.061679,-0.020008,0.055971,Avian,N2
1528_A/turkey/Yunlin/1506,A/turkey/Yunlin/15060049-1/2015,0.076205,0.075556,-0.045419,0.041547,Avian,N2
1529_A/turkey/Yunlin/1802,A/turkey/Yunlin/18020020-2/2018,0.073837,0.061088,-0.01363,0.058715,Avian,N2
1530_A/turkey/Yunlin/1811,A/turkey/Yunlin/18110001-3/2018,0.115292,0.056227,0.026098,0.021125,Avian,N2
1531_A/turkey/Yunlin/1812,A/turkey/Yunlin/18120005-2/2018,0.09702,-0.007382,-0.065337,0.056107,Avian,N2
1532_A/turtle_dove/Guangd,A/turtle_dove/Guangdong/300/2005,-0.043203,0.006997,-0.053114,0.04684,Avian,N1
1533_A/turtle_dove/Hunan/,A/turtle_dove/Hunan/S4004/2020(H5N1),-0.069546,-0.04256,-0.033291,0.00539,Avian,N1
1534_A/Waterfowl/Hubei/Ch,A/Waterfowl/Hubei/Chenhu1306/2014_H5N6,-0.104948,0.005317,0.006855,-0.015335,Avian,N6
1535_A/Waterfowl/Hubei/Ch,A/Waterfowl/Hubei/Chenhu1347/2014_H5N6,-0.104948,0.005317,0.006855,-0.015335,Avian,N6
1536_A/whiskered_tern/Hub,A/whiskered_tern/Hubei/BQ10/2020,0.132572,-0.021012,0.128491,0.063448,Avian,N8
1537_A/white_naped_crane/,A/white_naped_crane/China/YA3/2018,-0.107984,-0.006661,0.018263,0.0021,Avian,N6
1538_A/White-eyed_Pochard,A/White-eyed_Pochard/Ningxia/480-17/2015,-0.073305,0.014022,0.025442,-0.027556,Avian,N6
1539_A/whooper_swan/Henan,A/whooper_swan/Henan/8/2021,0.075284,-0.045544,0.079848,0.01427,Avian,N1
1540_A/whooper_swan/Henan,A/whooper_swan/Henan/14/2021,0.077289,-0.03181,0.076119,0.017832,Avian,N1
1541_A/whooper_swan/Henan,A/whooper_swan/Henan/44/2021,0.075284,-0.045544,0.079848,0.01427,Avian,N1
1542_A/whooper_swan/Henan,A/whooper_swan/Henan/45/2021,0.075284,-0.045544,0.079848,0.01427,Avian,N1
1543_A/whooper_swan/Henan,A/whooper_swan/Henan/46/2021,0.075284,-0.045544,0.079848,0.01427,Avian,N1
1544_A/whooper_swan/Henan,A/whooper_swan/Henan/424/2021,0.075948,-0.04652,0.079241,0.014571,Avian,N1
1545_A/whooper_swan/Henan,A/whooper_swan/Henan/SM1/2020,0.132572,-0.021012,0.128491,0.063448,Avian,N8
1546_A/whooper_swan/Henan,A/whooper_swan/Henan/SM16/2020,0.112003,-0.014995,0.118837,0.05824,Avian,N8
1547_A/whooper_swan/Henan,A/whooper_swan/Henan/SM31/2020,0.112003,-0.014995,0.118837,0.05824,Avian,N8
1548_A/whooper_swan/Henan,A/whooper_swan/Henan/SM61/2020,0.129065,-0.021095,0.120489,0.065592,Avian,N8
1549_A/whooper_swan/Henan,A/whooper_swan/Henan/SM76/2020,0.132572,-0.021012,0.128491,0.063448,Avian,N8
1550_A/whooper_swan/Henan,A/whooper_swan/Henan/SM86/2020,0.125133,-0.020529,0.121979,0.060497,Avian,N8
1551_A/whooper_swan/Henan,A/whooper_swan/Henan/SM111/2020,0.132572,-0.021012,0.128491,0.063448,Avian,N8
1552_A/whooper_swan/Henan,A/whooper_swan/Henan/SMQ5/2020,0.137911,-0.020806,0.127444,0.06268,Avian,N8
1553_A/whooper_swan/Henan,A/whooper_swan/Henan/SMQ7/2020,0.135351,-0.020068,0.126949,0.064435,Avian,N8
1554_A/whooper_swan/Henan,A/whooper_swan/Henan/SMQ9/2020,0.12864,-0.020446,0.129981,0.058353,Avian,N8
1555_A/whooper_swan/Henan,A/whooper_swan/Henan/SMQ10/2020,0.12864,-0.020446,0.129981,0.058353,Avian,N8
1556_A/whooper_swan/Henan,A/whooper_swan/Henan/SMX1/2015(H5N1),-0.083957,-0.051581,-0.027027,-0.005749,Avian,N1
1557_A/whooper_swan/Henan,A/whooper_swan/Henan/SMX3/2015(H5N1),-0.086678,-0.050023,-0.027723,-0.00474,Avian,N1
1558_A/whooper_swan/Henan,A/whooper_swan/Henan/SMX4/2015(H5N1),-0.083957,-0.051581,-0.027027,-0.005749,Avian,N1
1559_A/whooper_swan/Henan,A/whooper_swan/Henan/SMX9/2015(H5N1),-0.087064,-0.050027,-0.02854,-0.005904,Avian,N1
1560_A/whooper_swan/Henan,A/whooper_swan/Henan/T578/2019,0.124053,-0.011507,-0.001954,0.001142,Avian,N2
1561_A/whooper_swan/Henan,A/whooper_swan/Henan/T874/2018,0.124053,-0.011507,-0.001954,0.001142,Avian,N2
1562_A/whooper_swan/Henan,A/whooper_swan/Henan/T880/2018,0.129199,-0.009001,-0.009506,0.005309,Avian,N2
1563_A/whooper_swan/Henan,A/whooper_swan/Henan/T886/2018,0.124053,-0.011507,-0.001954,0.001142,Avian,N2
1564_A/whooper_swan/Henan,A/whooper_swan/Henan/T888/2018,0.129199,-0.009001,-0.009506,0.005309,Avian,N2
1565_A/whooper_swan/Henan,A/whooper_swan/Henan/Y120/2018,0.124053,-0.011507,-0.001954,0.001142,Avian,N2
1566_A/whooper_swan/Inner,A/whooper_swan/Inner_Mongolia/w1-1/2020,0.12864,-0.020446,0.129981,0.058353,Avian,N8
1567_A/Whooper_Swan/Sanme,A/Whooper_Swan/Sanmenxia/01/2016,0.095669,0.033002,-0.057082,0.028406,Avian,N8
1568_A/Whooper_swan/Sanme,A/Whooper_swan/Sanmenxia/G2/2020,0.15446,-0.03719,0.121772,0.03737,Avian,N8
1569_A/Whooper_swan/Sanme,A/Whooper_swan/Sanmenxia/G13/2020,0.125761,-0.005863,0.131655,0.056757,Avian,N8
1570_A/Whooper_swan/Sanme,A/Whooper_swan/Sanmenxia/G15/2020,0.132489,-0.02016,0.12125,0.063189,Avian,N8
1571_A/Whooper_swan/Sanme,A/Whooper_swan/Sanmenxia/G28/2020,0.125761,-0.005863,0.131655,0.056757,Avian,N8
1572_A/Whooper_swan/Sanme,A/Whooper_swan/Sanmenxia/H1/2020,0.136421,-0.020726,0.11976,0.068285,Avian,N8
1573_A/Whooper_swan/Sanme,A/Whooper_swan/Sanmenxia/H735/2020,0.15446,-0.03719,0.121772,0.03737,Avian,N8
1574_A/Whooper_swan/Sanme,A/Whooper_swan/Sanmenxia/H810/2020,0.131579,-0.021222,0.123889,0.06732,Avian,N8
1575_A/Whooper_swan/Sanme,A/Whooper_swan/Sanmenxia/Y10/2020,0.132489,-0.02016,0.12125,0.063189,Avian,N8
1576_A/Whooper_swan/Sanme,A/Whooper_swan/Sanmenxia/Y11/2020,0.136421,-0.020726,0.11976,0.068285,Avian,N8
1577_A/Whooper_swan/Sanme,A/Whooper_swan/Sanmenxia/Y12/2020,0.125641,-0.019852,0.127629,0.056646,Avian,N8
1578_A/Whooper_swan/Sanme,A/Whooper_swan/Sanmenxia/Y15/2020,0.132489,-0.02016,0.12125,0.063189,Avian,N8
1579_A/Whooper_swan/Sanme,A/Whooper_swan/Sanmenxia/Y18/2020,0.15446,-0.03719,0.121772,0.03737,Avian,N8
1580_A/Whooper_swan/Sanme,A/Whooper_swan/Sanmenxia/Y19/2020,0.136421,-0.020726,0.11976,0.068285,Avian,N8
1581_A/Whooper_swan/Sanme,A/Whooper_swan/Sanmenxia/Y20/2020,0.135929,-0.025474,0.122136,0.067033,Avian,N8
1582_A/Whooper_swan/Sanme,A/Whooper_swan/Sanmenxia/Y21/2020,0.132489,-0.02016,0.12125,0.063189,Avian,N8
1583_A/Whooper_swan/Sanme,A/Whooper_swan/Sanmenxia/Y23-2/2020,0.116297,-0.014542,0.110496,0.063278,Avian,N8
1584_A/Whooper_swan/Sanme,A/Whooper_swan/Sanmenxia/Y27/2020,0.136421,-0.020726,0.11976,0.068285,Avian,N8
1585_A/Whooper_swan/Sanme,A/Whooper_swan/Sanmenxia/Y36/2020,0.136421,-0.020726,0.11976,0.068285,Avian,N8
1586_A/Whooper_swan/Sanme,A/Whooper_swan/Sanmenxia/Y48A/2020,0.146389,-0.030483,0.155213,0.050643,Avian,N8
1587_A/Whooper_swan/Sanme,A/Whooper_swan/Sanmenxia/Y48B/2020,0.116297,-0.014542,0.110496,0.063278,Avian,N8
1588_A/Whooper_swan/Sanme,A/Whooper_swan/Sanmenxia/Y52/2020,0.132489,-0.02016,0.12125,0.063189,Avian,N8
1589_A/Whooper_swan/Sanme,A/Whooper_swan/Sanmenxia/Y56/2020,0.128309,-0.018707,0.119172,0.056552,Avian,N8
1590_A/Whooper_swan/Sanme,A/Whooper_swan/Sanmenxia/Y57/2020,0.136421,-0.020726,0.11976,0.068285,Avian,N8
1591_A/whooper_swan/Shaan,A/whooper_swan/Shaanxi/SXY2-1/2020,0.12864,-0.020446,0.129981,0.058353,Avian,N8
1592_A/whooper_swan/Shaan,A/whooper_swan/Shaanxi/SXY26/2020,0.132572,-0.021012,0.128491,0.063448,Avian,N8
1593_A/whooper_swan/Shaan,A/whooper_swan/Shaanxi/SXY66/2020,0.132572,-0.021012,0.128491,0.063448,Avian,N8
1594_A/whooper_swan/Shand,A/whooper_swan/Shandong/SC176/2021,0.157158,-0.006248,0.130478,0.019395,Avian,N8
1595_A/whooper_swan/Shand,A/whooper_swan/Shandong/SC185/2021,0.157158,-0.006248,0.130478,0.019395,Avian,N8
1596_A/whooper_swan/Shand,A/whooper_swan/Shandong/SC188/2021,0.157158,-0.006248,0.130478,0.019395,Avian,N8
1597_A/whooper_swan/Shand,A/whooper_swan/Shandong/SC195/2021,0.129058,-0.025763,0.056098,0.008905,Avian,N8
1598_A/whooper_swan/Shand,A/whooper_swan/Shandong/SC198/2021,0.156616,-0.003403,0.136749,0.018489,Avian,N8
1599_A/whooper_swan/Shand,A/whooper_swan/Shandong/SC199/2021,0.160549,-0.003969,0.135259,0.023585,Avian,N8
1600_A/whooper_swan/Shand,A/whooper_swan/Shandong/SC200/2021,0.160549,-0.003969,0.135259,0.023585,Avian,N8
1601_A/whooper_swan/Shanx,A/whooper_swan/Shanxi/4-1/2020,0.132572,-0.021012,0.128491,0.063448,Avian,N8
1602_A/whooper_swan/Shanx,A/whooper_swan/Shanxi/4-2/2020,0.132572,-0.021012,0.128491,0.063448,Avian,N8
1603_A/whooper_swan/Shanx,A/whooper_swan/Shanxi/14/2021,0.075284,-0.045544,0.079848,0.01427,Avian,N1
1604_A/whooper_swan/Shanx,A/whooper_swan/Shanxi/20/2021,0.075284,-0.045544,0.079848,0.01427,Avian,N1
1605_A/whooper_swan/Shanx,A/whooper_swan/Shanxi/RC01/2016,0.096474,0.033967,-0.060013,0.033228,Avian,N8
1606_A/whooper_swan/Shanx,A/whooper_swan/Shanxi/SX16/2020,0.132572,-0.021012,0.128491,0.063448,Avian,N8
1607_A/whooper_swan/Shanx,A/whooper_swan/Shanxi/SX31/2020,0.132011,-0.021022,0.128648,0.063552,Avian,N8
1608_A/whooper_swan/Shanx,A/whooper_swan/Shanxi/SX56/2020,0.125863,-0.016108,0.128488,0.05481,Avian,N8
1609_A/whooper_swan/Shanx,A/whooper_swan/Shanxi/SX106/2020,0.132572,-0.021012,0.128491,0.063448,Avian,N8
1610_A/whooper_swan/Shanx,A/whooper_swan/Shanxi/SX116/2020,0.108483,0.026687,-0.007744,0.01716,Avian,N2
1611_A/whooper_swan/Shanx,A/whooper_swan/Shanxi/SX166/2020,0.125133,-0.020529,0.121979,0.060497,Avian,N8
1612_A/whooper_swan/Shanx,A/whooper_swan/Shanxi/SX206/2020,0.125133,-0.020529,0.121979,0.060497,Avian,N8
1613_A/whooper_swan/Shanx,A/whooper_swan/Shanxi/SX216/2020,0.122573,-0.01979,0.121485,0.062252,Avian,N8
1614_A/whooper_swan/Shanx,A/whooper_swan/Shanxi/SX231/2020,0.130297,-0.02,0.117574,0.061526,Avian,N8
1615_A/whooper_swan/Shanx,A/whooper_swan/Shanxi/SX251/2020,0.12864,-0.020446,0.129981,0.058353,Avian,N8
1616_A/whooper_swan/Shanx,A/whooper_swan/Shanxi/SX276/2020,0.120632,-0.022033,0.125777,0.059768,Avian,N8
1617_A/whooper_swan/Shanx,A/whooper_swan/Shanxi/SX291/2020,0.1212,-0.019963,0.123469,0.055401,Avian,N8
1618_A/whooper_swan/Shanx,A/whooper_swan/Shanxi/SX346/2020,0.127469,-0.019127,0.131804,0.059297,Avian,N8
1619_A/Wigeon/Ningxia/476,A/Wigeon/Ningxia/476-12/2015,-0.066594,0.009709,0.023818,-0.028016,Avian,N6
1620_A/wild_bird/Eastern_,A/wild_bird/Eastern_China/1754/2017,0.104404,0.042594,0.00213,0.038301,Avian,Others
1621_A/wild_bird/Eastern_,A/wild_bird/Eastern_China/1758/2017,0.106534,0.030877,0.014629,0.031168,Avian,Others
1622_A/wild_bird/Eastern_,A/wild_bird/Eastern_China/1759/2017,0.109157,0.046745,-0.002468,0.036095,Avian,Others
1623_A/wild_bird/Hubei/12,A/wild_bird/Hubei/12.12_LGHF2W44/2016(H5N8),0.072531,0.1079,-0.001864,0.038596,Avian,N8
1624_A/wild_bird/Hunan/01,A/wild_bird/Hunan/01.14_YYDTHF2-20-2/2016(H5N6),-0.095406,0.000474,0.006739,0.002513,Avian,N6
1625_A/wild_bird/Hunan/01,A/wild_bird/Hunan/01.14_YYDTHF2-25-2/2016(H5N6),-0.101715,-0.008754,0.004713,0.004379,Avian,N6
1626_A/wild_bird/Hunan/02,A/wild_bird/Hunan/02.24_YYDTHF2-114-2/2016(H5N6),-0.093143,-0.017988,0.01376,0.011719,Avian,N6
1627_A/wild_bird/Hunan/02,A/wild_bird/Hunan/02.24_YYDTHF3-112/2016(H5N6),-0.093143,-0.017988,0.01376,0.011719,Avian,N6
1628_A/wild_bird/Hunan/03,A/wild_bird/Hunan/03.08_DTHF2E3-2/2018(H5N6),-0.093143,-0.017988,0.01376,0.011719,Avian,N6
1629_A/wild_bird/Taipei/0,A/wild_bird/Taipei/04WB12-522-11-15/2004,0.106177,0.05016,-0.008719,0.039105,Avian,N6
1630_A/wild_bird/Zhejiang,A/wild_bird/Zhejiang/NBXS-1/2024,0.064734,0.067298,-0.000076,0.039526,Avian,N6
1631_A/wild_duck/Fujian/1,A/wild_duck/Fujian/1/2011,-0.075813,-0.038874,-0.028004,0.010799,Avian,N1
1632_A/wild_duck/Fujian/2,A/wild_duck/Fujian/2/2011,-0.077459,-0.033932,-0.02946,0.014625,Avian,N1
1633_A/wild_duck/Hebei/SD,A/wild_duck/Hebei/SD012/2021(H5N1),0.081786,-0.050618,0.076695,0.024993,Avian,N1
1634_A/wild_duck/Hunan/12,A/wild_duck/Hunan/12.28_DTHD76-1/2016(H5N7),0.109798,0.040607,-0.051879,-0.017071,Avian,Others
1635_A/wild_duck/Jiangsu/,A/wild_duck/Jiangsu/SD019/2021,0.153373,-0.023724,0.12767,0.036606,Avian,N8
1636_A/wild_duck/Jilin/HF,A/wild_duck/Jilin/HF/2011,-0.091506,-0.032107,-0.051791,0.02439,Avian,N1
1637_A/wild_duck/Jilin/ZF,A/wild_duck/Jilin/ZF/2011,-0.029288,0.006164,-0.021894,0.03966,Avian,N1
1638_A/wild_duck/Shandong,A/wild_duck/Shandong/1/2011,0.137105,-0.210952,-0.038662,-0.012087,Avian,N1
1639_A/wild_duck/Shandong,A/wild_duck/Shandong/2/2011,-0.081441,-0.028157,-0.037284,0.034097,Avian,N1
1640_A/wild_duck/Shandong,A/wild_duck/Shandong/628/2011,0.13797,-0.214225,-0.039272,-0.013369,Avian,N1
1641_A/wild_duck/Shandong,A/wild_duck/Shandong/SC177/2021,0.155755,-0.006776,0.1317,0.024996,Avian,N8
1642_A/wild_goose/Shandon,A/wild_goose/Shandong/SC196/2021,0.160549,-0.003969,0.135259,0.023585,Avian,N8
1643_A/wild_pigeon/Jilin/,A/wild_pigeon/Jilin/CC01/2014,-0.112298,0.00763,0.039049,0.0145,Avian,N6
1644_A/wildfowl/China/472,A/wildfowl/China/472/2014,0.192088,-0.089407,0.05017,-0.054025,Avian,N2
1645_A/Xinjiang/1/2006|EP,A/Xinjiang/1/2006,-0.022965,0.007956,-0.006361,0.016494,Human,N1
1646_A/Xinjiang/1/2009|EP,A/Xinjiang/1/2009,-0.044702,0.005535,-0.026447,0.02902,Human,N1
1647_A/Yunnan/14563/2015|,A/Yunnan/14563/2015,0.027223,-0.042472,0.019698,-0.056653,Human,N6
1648_A/Yunnan/DQ002/2015(,A/Yunnan/DQ002/2015(H5N6),0.029802,-0.040307,0.017632,-0.055849,Human,N6
1649_A/Zhejiang/1/2006|EP,A/Zhejiang/1/2006,-0.042601,-0.013952,-0.049876,0.029421,Human,N1
1650_A/Anas_platyrhynchos,A/Anas_platyrhynchos/jiujiang/H5N1/2024_H5N1,0.097017,0.031608,0.037968,0.004269,Avian,N1
1651_A/Anas_crecca/Hubei/,A/Anas_crecca/Hubei/Chenhu1623-5/2014_H5N6,-0.098296,0.007546,0.008923,-0.022517,Avian,N6
1652_A/Anhui/1/2006_H5N1|,A/Anhui/1/2006_H5N1,-0.048573,0.00434,-0.047884,0.023722,Human,N1
1653_A/Anhui/1/2007_H5N1|,A/Anhui/1/2007_H5N1,0.036475,-0.032615,0.012526,0.000004,Human,N1
1654_A/Anhui/2/2005_H5N1|,A/Anhui/2/2005_H5N1,-0.043335,0.000148,-0.054151,0.036527,Human,N1
1655_A/Anser_cygnoides/Ch,A/Anser_cygnoides/China/P126/2015_H5N1,-0.135641,0.051412,-0.011497,-0.009903,Avian,N1
1656_A/Anser_cygnoides/Hu,A/Anser_cygnoides/Hubei/FW44/2016_H5N8,0.068513,0.110979,-0.003248,0.032186,Avian,N8
1657_A/Anser_fabalis/jiuj,A/Anser_fabalis/jiujiang/H5N1/2024_H5N1,0.097017,0.031608,0.037968,0.004269,Avian,N1
1658_A/Anser_fabalis/jiuj,A/Anser_fabalis/jiujiang/H5N1/2024_H5N1,0.097017,0.031608,0.037968,0.004269,Avian,N1
1659_A/Anser_fabalis/jiuj,A/Anser_fabalis/jiujiang/H5N1/2024_H5N1,0.097017,0.031608,0.037968,0.004269,Avian,N1
1660_A/Bulbul/Taiwan/0115,A/Bulbul/Taiwan/01156/2015_H5N3,0.077843,0.083812,-0.036829,-0.030837,Avian,Others
1661_A/Changsha/1/2014_H5,A/Changsha/1/2014_H5N6,-0.120663,0.004064,-0.000599,-0.014722,Human,N6
1662_A/China/Original/201,A/China/Original/2018_H5N6,-0.127351,0.002342,0.012152,-0.023182,Human,N6
1663_A/Chlidonias_hybrida,A/Chlidonias_hybrida/Hubei/55/2020_H5N8,0.136421,-0.020726,0.11976,0.068285,Avian,N8
1664_A/Commom_Teal/Ningxi,A/Commom_Teal/Ningxia/474-9/2015_H5N6,-0.113011,0.009612,0.012564,-0.005566,Avian,N6
1665_A/Copsychus_saularis,A/Copsychus_saularis/Guangdong/SW8/2014_H5N6,-0.09834,-0.003361,0.011271,-0.005655,Avian,N6
1666_A/Cygnus_atratus/Hub,A/Cygnus_atratus/Hubei/2Z2-O/2016_H5N8,0.087113,0.032996,-0.04826,0.017485,Avian,N8
1667_A/Cygnus_atratus/Hub,A/Cygnus_atratus/Hubei/HF-1/2016_H5N8,0.085121,0.032312,-0.039531,0.024677,Avian,N8
1668_A/Cygnus_columbianus,A/Cygnus_columbianus/Hubei/116/2020_H5N8,0.136421,-0.020726,0.11976,0.068285,Avian,N8
1669_A/Cygnus_columbianus,A/Cygnus_columbianus/Hubei/49/2020_H5N8,0.133817,-0.030993,0.1187,0.052266,Avian,N8
1670_A/Cygnus_columbianus,A/Cygnus_columbianus/Hubei/50/2020_H5N8,0.128871,-0.020065,0.119002,0.05948,Avian,N8
1671_A/Cygnus_columbianus,A/Cygnus_columbianus/Hubei/51/2020_H5N8,0.133249,-0.020735,0.126234,0.058109,Avian,N8
1672_A/Cygnus_columbianus,A/Cygnus_columbianus/Hubei/52/2020_H5N8,0.136421,-0.020726,0.11976,0.068285,Avian,N8
1673_A/Cygnus_columbianus,A/Cygnus_columbianus/Hubei/53/2020_H5N8,0.136421,-0.020726,0.11976,0.068285,Avian,N8
1674_A/Cygnus_columbianus,A/Cygnus_columbianus/Hubei/56/2020_H5N8,0.135691,-0.022249,0.122276,0.073125,Avian,N8
1675_A/Duck/Dongting/D76-,A/Duck/Dongting/D76-1/2016_H5N7,0.109798,0.040607,-0.051879,-0.017071,Avian,Others
1676_A/Duck/Jiangxi/631/2,A/Duck/Jiangxi/631/2024_H5N1,0.052536,0.071004,0.001423,0.035606,Avian,N1
1677_A/Falcated_Duck/Ning,A/Falcated_Duck/Ningxia/484-29/2015_H5N6,-0.066594,0.009709,0.023818,-0.028016,Avian,N6
1678_A/Ferruginous_Pochar,A/Ferruginous_Pochard/Ningxia/480-17/2015_H5N6,-0.073305,0.014022,0.025442,-0.027556,Avian,N6
1679_A/Gadwall/Ningxia/47,A/Gadwall/Ningxia/472-7/2015_H5N6,-0.093393,0.013385,0.031397,-0.009314,Avian,N6
1680_A/Gallinula_chloropu,A/Gallinula_chloropus/Guangdong/GZ174/2014_H5N6,-0.110134,0.004221,0.021067,0.002451,Avian,N6
1681_A/Guangdong/1/2008_H,A/Guangdong/1/2008_H5N1,-0.056925,0.041515,-0.028429,0.041661,Human,N1
1682_A/Guangdong/2/2006_H,A/Guangdong/2/2006_H5N1,-0.042893,0.025022,-0.022541,0.024908,Human,N1
1683_A/Guangdong/lgf/2021,A/Guangdong/lgf/2021_H5N6,0.136126,0.049062,-0.027288,-0.005703,Human,N6
1684_A/Guangxi/1/2005_H5N,A/Guangxi/1/2005_H5N1,-0.03641,0.018617,-0.024025,0.014979,Human,N1
1685_A/Guangxi/1/2008_H5N,A/Guangxi/1/2008_H5N1,-0.057051,0.03322,-0.010943,0.022437,Human,N1
1686_A/Guangzhou/39715/20,A/Guangzhou/39715/2014_H5N6,-0.116238,0.007576,-0.00417,0.003974,Human,N6
1687_A/Guizhou/1/2009_H5N,A/Guizhou/1/2009_H5N1,-0.060504,0.009071,-0.044381,0.021341,Human,N1
1688_A/Hunan/1/2008_H5N1|,A/Hunan/1/2008_H5N1,-0.00134,-0.010447,-0.029845,0.014172,Human,N1
1689_A/Hunan/2/2009_H5N1|,A/Hunan/2/2009_H5N1,-0.024627,-0.016072,-0.009426,0.004323,Human,N1
1690_A/Japanese_white-eye,A/Japanese_white-eye/Taoyuan/Q454/2012_H5N1,-0.070025,-0.023107,-0.026154,0.002529,Avian,N1
1691_A/Nanjing/1/2015_H5N,A/Nanjing/1/2015_H5N1,-0.077876,-0.05861,-0.029858,-0.026874,Human,N1
1692_A/Northern_Shoveler/,A/Northern_Shoveler/Ningxia/488-53/2015_H5N6,-0.093393,0.013385,0.031397,-0.009314,Avian,N6
1693_A/Pavo_cristatus/Chi,A/Pavo_cristatus/China/JS02/2018_H5N6,-0.100893,0.055067,0.052432,-0.001399,Avian,N6
1694_A/Pavo_cristatus/Chi,A/Pavo_cristatus/China/K10/2018_H5N6,-0.100893,0.055067,0.052432,-0.001399,Avian,N6
1695_A/Pavo_cristatus/Jia,A/Pavo_cristatus/Jiangxi/JA1/2016_H5N6,-0.108243,0.024629,0.019893,-0.014258,Avian,N6
1696_A/Rattus_norvegicus/,A/Rattus_norvegicus/China/FS21/2021_H5N6,-0.017051,0.040913,0.035507,-0.077377,Nonhuman Mammal,N6
1697_A/Shandong/1/2009_H5,A/Shandong/1/2009_H5N1,-0.021377,0.038124,-0.029687,0.03058,Human,N1
1698_A/Spatula_querquedul,A/Spatula_querquedula/chongming/H5N1/2024_H5N1,0.097017,0.031608,0.037968,0.004269,Avian,N1
1699_A/Syrrhaptes_paradox,A/Syrrhaptes_paradoxus/Guangdong/ZH283/2015_H5N6,-0.100226,0.00049,0.012322,0.00994,Avian,N6
1700_A/Taiwan/DV413/2006_,A/Taiwan/DV413/2006_H5N2,0.146712,0.055328,0.048061,-0.000078,Avian,N2
1701_A/Taiwan/DV518/2006_,A/Taiwan/DV518/2006_H5N2,0.156292,0.051245,0.054147,-0.007145,Avian,N2
1702_A/Whooper_Swan/Sanme,A/Whooper_Swan/Sanmenxia/01/2016_H5N8,0.095669,0.033002,-0.057082,0.028406,Avian,N8
1703_A/Wild_bird/Huadong/,A/Wild_bird/Huadong/CIXI20/2020_H5N8,0.153373,-0.023724,0.12767,0.036606,Avian,N8
1704_A/Wild_bird/Huadong/,A/Wild_bird/Huadong/CM120/2017_H5N1,-0.071359,-0.042694,-0.014466,-0.022956,Avian,N1
1705_A/Wild_bird/Huadong/,A/Wild_bird/Huadong/DF10/2019_H5N6,-0.108239,-0.037276,0.052747,-0.018225,Avian,N6
1706_A/Wild_bird/Huadong/,A/Wild_bird/Huadong/DT10/2019_H5N1,-0.02675,-0.038589,-0.005163,-0.003332,Avian,N1
1707_A/Wild_bird/Huadong/,A/Wild_bird/Huadong/GY116/2019_H5N6,-0.108239,-0.037276,0.052747,-0.018225,Avian,N6
1708_A/Wild_bird/Huadong/,A/Wild_bird/Huadong/GY183/2017_H5N6,-0.106415,-0.001158,0.015054,0.000334,Avian,N6
1709_A/Wild_bird/Huadong/,A/Wild_bird/Huadong/GY999/2017_H5N6,-0.109706,0.016188,0.003506,-0.000451,Avian,N6
1710_A/Wild_bird/Huadong/,A/Wild_bird/Huadong/JYWB4/2013_H5N1,-0.071328,-0.039889,-0.033078,-0.011616,Avian,N1
1711_A/Wild_bird/Huadong/,A/Wild_bird/Huadong/QP10/2016_H5N6,-0.115446,0.004282,0.003599,-0.000159,Avian,N6
1712_A/Wild_bird/Huadong/,A/Wild_bird/Huadong/SH17/2019_H5N6,-0.108239,-0.037276,0.052747,-0.018225,Avian,N6
1713_A/Wild_bird/Huadong/,A/Wild_bird/Huadong/SSW7/2017_H5N6,-0.087398,0.00575,0.017385,-0.029663,Avian,N6
1714_A/Wild_bird/Huadong/,A/Wild_bird/Huadong/SZ1111/2016_H5N6,-0.115446,0.004282,0.003599,-0.000159,Avian,N6
1715_A/Wild_bird/Huadong/,A/Wild_bird/Huadong/YC148/2019_H5N6,-0.087398,0.00575,0.017385,-0.029663,Avian,N6
1716_A/Wild_bird/Huadong/,A/Wild_bird/Huadong/YX68/2019_H5N6,-0.108239,-0.037276,0.052747,-0.018225,Avian,N6
1717_A/Xinjiang/1/2009_H5,A/Xinjiang/1/2009_H5N1,-0.044702,0.005535,-0.026447,0.02902,Human,N1
1718_A/Yangzhou/125/2022_,A/Yangzhou/125/2022_H5N6,-0.080514,-0.035681,0.009545,-0.026698,Human,N6
1719_A/avian/Hong_Kong/07,A/avian/Hong_Kong/0719/2007_H5N1,-0.052191,0.028067,-0.020473,0.014316,Avian,N1
1720_A/avian/Hong_Kong/19,A/avian/Hong_Kong/1993/2007_H5N1,-0.052191,0.028067,-0.020473,0.014316,Avian,N1
1721_A/avian/Hong_Kong/23,A/avian/Hong_Kong/2372/2007_H5N1,-0.04891,0.028459,-0.021366,0.019116,Avian,N1
1722_A/baikal_teal/Xiangh,A/baikal_teal/Xianghai/426/2011_H5N2,0.079154,-0.012484,-0.090289,0.005135,Avian,N2
1723_A/bar-headed_goose/Q,A/bar-headed_goose/Qinghai/1-HVRI/2006_H5N1,-0.020708,-0.004581,-0.015694,-0.0045,Avian,N1
1724_A/bar-headed_goose/T,A/bar-headed_goose/Tibet/8/2006_H5N1,-0.017227,-0.000096,-0.012771,-0.003752,Avian,N1
1725_A/black_chicken/Jian,A/black_chicken/Jiangxi/10129/2014_H5N6,-0.10923,-0.019266,0.021104,0.003038,Avian,N6
1726_A/brown-headed_gull/,A/brown-headed_gull/Qinghai/19/2009_H5N1,-0.041884,0.011244,-0.01485,0.054156,Avian,N1
1727_A/brown-headed_gull/,A/brown-headed_gull/Qinghai/9/2009_H5N1,-0.051292,0.017388,-0.025724,0.035264,Avian,N1
1728_A/canvasback/Xiangha,A/canvasback/Xianghai/428/2011_H5N2,0.104662,-0.045083,-0.055027,-0.014883,Avian,N2
1729_A/cat/Sichuan/SC18/2,A/cat/Sichuan/SC18/2014_H5N6,-0.114185,-0.021475,0.0231,0.010776,Nonhuman Mammal,N6
1730_A/cat/Zhejiang/C1/20,A/cat/Zhejiang/C1/2016_H5N6,0.025895,-0.038402,0.014574,-0.049772,Nonhuman Mammal,N6
1731_A/cat/Zhejiang/C2/20,A/cat/Zhejiang/C2/2016_H5N6,0.026547,-0.039361,0.013978,-0.049476,Nonhuman Mammal,N6
1732_A/chicken/Anhui/MZ33,A/chicken/Anhui/MZ33/2016_H5N6,0.051084,-0.008079,0.026203,-0.091159,Avian,N6
1733_A/chicken/Anhui/MZ34,A/chicken/Anhui/MZ34/2016_H5N6,0.051084,-0.008079,0.026203,-0.091159,Avian,N6
1734_A/chicken/Beijing/BJ,A/chicken/Beijing/BJ7/2014_H5N2,0.06113,-0.050534,0.01162,-0.066023,Avian,N2
1735_A/chicken/CH/a556/20,A/chicken/CH/a556/2015_H5N2,0.202236,0.082248,0.027861,-0.233529,Avian,N2
1736_A/chicken/Changhua/1,A/chicken/Changhua/15010120-1/2015_H5N2,0.08623,0.096589,-0.044436,0.027978,Avian,N2
1737_A/chicken/Changhua/1,A/chicken/Changhua/15010288/2015_H5N2,0.073619,0.076915,-0.054108,0.036899,Avian,N2
1738_A/chicken/Changhua/1,A/chicken/Changhua/15010324-2/2015_H5N2,0.076627,0.075588,-0.054479,0.037169,Avian,N2
1739_A/chicken/Changhua/1,A/chicken/Changhua/15010361-1/2015_H5N2,0.076627,0.075588,-0.054479,0.037169,Avian,N2
1740_A/chicken/Changhua/1,A/chicken/Changhua/15010362-2/2015_H5N2,0.076627,0.075588,-0.054479,0.037169,Avian,N2
1741_A/chicken/Changhua/1,A/chicken/Changhua/15010363-2/2015_H5N2,0.08854,0.064164,-0.053173,0.03381,Avian,N2
1742_A/chicken/Changhua/1,A/chicken/Changhua/15040036-1/2015_H5N8,0.136647,-0.205272,-0.016892,0.011789,Avian,N8
1743_A/chicken/Changhua/1,A/chicken/Changhua/15040037-2/2015_H5N8,0.135128,-0.19906,-0.0344,0.010706,Avian,N8
1744_A/chicken/Changhua/1,A/chicken/Changhua/15040042/2015_H5N8,0.138057,-0.193606,-0.03628,0.011492,Avian,N8
1745_A/chicken/Changhua/1,A/chicken/Changhua/15040043-1/2015_H5N8,0.138057,-0.193606,-0.03628,0.011492,Avian,N8
1746_A/chicken/Changhua/1,A/chicken/Changhua/15050013-1/2015_H5N2,0.076855,0.071232,-0.054251,0.03978,Avian,N2
1747_A/chicken/Changhua/1,A/chicken/Changhua/15050038-1/2015_H5N8,0.072282,0.058234,-0.073534,0.00067,Avian,N8
1748_A/chicken/Changhua/1,A/chicken/Changhua/15060027-2/2015_H5N2,0.072205,0.073386,-0.056363,0.03565,Avian,N2
1749_A/chicken/Changhua/1,A/chicken/Changhua/15060029/2015_H5N8,0.078632,0.05373,-0.06397,-0.002438,Avian,N8
1750_A/chicken/Changhua/1,A/chicken/Changhua/15060037-1/2015_H5N2,0.072653,0.072402,-0.055369,0.037735,Avian,N2
1751_A/chicken/Changhua/1,A/chicken/Changhua/15120008/2015_H5N2,0.070643,0.079478,-0.054035,0.021881,Avian,N2
1752_A/chicken/Changhua/1,A/chicken/Changhua/16010060-2/2016_H5N2,0.087808,0.092321,-0.044111,0.038164,Avian,N2
1753_A/chicken/Changhua/1,A/chicken/Changhua/17060006/2017_H5N2,0.080719,0.08631,-0.034086,0.02863,Avian,N2
1754_A/chicken/Changhua/1,A/chicken/Changhua/18040008-1/2018_H5N2,0.085937,0.032329,0.003014,0.029638,Avian,N2
1755_A/chicken/Chiayi/150,A/chicken/Chiayi/15010287-2/2015_H5N2,0.073619,0.076915,-0.054108,0.036899,Avian,N2
1756_A/chicken/Chiayi/150,A/chicken/Chiayi/15010409-2/2015_H5N2,0.077872,0.07722,-0.062237,0.029975,Avian,N2
1757_A/chicken/Chiayi/150,A/chicken/Chiayi/15010454-1/2015_H5N8,0.086292,0.059931,-0.067805,0.005482,Avian,N8
1758_A/chicken/Chiayi/170,A/chicken/Chiayi/17040009-2/2017_H5N2,0.098198,0.077891,-0.036519,0.026381,Avian,N2
1759_A/chicken/Chiayi/181,A/chicken/Chiayi/18120003-1/2018_H5N2,0.08754,-0.010173,-0.057814,0.05329,Avian,N2
1760_A/chicken/China/007/,A/chicken/China/007/2019_H5N6,-0.118651,0.003647,0.024432,-0.011741,Avian,N6
1761_A/chicken/China/1101,A/chicken/China/1101/2019_H5N6,-0.118759,0.001403,-0.002995,-0.03231,Avian,N6
1762_A/chicken/China/Cang,A/chicken/China/Cangzhou03/2023_H5N1,0.07523,0.043806,0.031852,0.026919,Avian,N1
1763_A/chicken/China/E93/,A/chicken/China/E93/2012_H5N1,0.018495,0.024968,0.032797,0.025054,Avian,N1
1764_A/chicken/China/E96/,A/chicken/China/E96/2012_H5N1,0.018016,0.025022,0.030475,0.017225,Avian,N1
1765_A/chicken/Chiping/03,A/chicken/Chiping/0321/2014_H5N2,0.02423,-0.047359,0.039485,-0.043585,Avian,N2
1766_A/chicken/Dongguan/2,A/chicken/Dongguan/2690/2013_H5N6,-0.11324,0.001638,0.010088,-0.002406,Avian,N6
1767_A/chicken/Dongguan/3,A/chicken/Dongguan/3363/2013_H5N6,-0.112827,0.002671,0.009937,-0.003259,Avian,N6
1768_A/chicken/Dongguan/4,A/chicken/Dongguan/4259/2013_H5N6,-0.112827,0.002671,0.009937,-0.003259,Avian,N6
1769_A/chicken/Eastern_Ch,A/chicken/Eastern_China/HF9/2018_H5N2,-0.027511,-0.041503,0.015083,-0.027111,Avian,N2
1770_A/chicken/Eastern_Ch,A/chicken/Eastern_China/QY5/2018_H5N2,-0.027511,-0.041503,0.015083,-0.027111,Avian,N2
1771_A/chicken/Eastern_Ch,A/chicken/Eastern_China/ZG16/2010_H5N1,-0.039335,-0.012235,-0.06465,0.010392,Avian,N1
1772_A/chicken/Eastern_Ch,A/chicken/Eastern_China/ZG56/2011_H5N1,-0.021172,-0.033094,-0.084927,-0.003017,Avian,N1
1773_A/chicken/Fujian/1/2,A/chicken/Fujian/1/2007_H5N1,-0.043455,0.016113,0.015483,0.005911,Avian,N1
1774_A/chicken/Fujian/11.,A/chicken/Fujian/11.23_FZHX0007-O/2017_H5N6,-0.103999,0.051476,0.038088,-0.007718,Avian,N6
1775_A/chicken/GY/a451/20,A/chicken/GY/a451/2015_H5N2,0.20398,0.083822,0.028122,-0.234231,Avian,N2
1776_A/chicken/Gansu/5/20,A/chicken/Gansu/5/2012_H5N1,0.007882,0.046094,0.033727,0.006309,Avian,N1
1777_A/chicken/Gansu/6/20,A/chicken/Gansu/6/2012_H5N1,0.018495,0.024968,0.032797,0.025054,Avian,N1
1778_A/chicken/Ganzhou/GZ,A/chicken/Ganzhou/GZ27/2015_H5N6,-0.111554,-0.024472,0.005911,0.002148,Avian,N6
1779_A/chicken/Guangdong/,A/chicken/Guangdong/1/2005_H5N1,-0.018134,-0.010628,-0.033093,-0.004395,Avian,N1
1780_A/chicken/Guangdong/,A/chicken/Guangdong/GD1602/2016_H5N6,0.051307,-0.000315,0.028614,-0.094236,Avian,N6
1781_A/chicken/Guangxi/16,A/chicken/Guangxi/16/2019_H5N6,-0.030481,-0.036531,-0.003835,-0.000632,Avian,N6
1782_A/chicken/Guangxi/S2,A/chicken/Guangxi/S2039/2009_H5N1,-0.043265,0.003641,0.003882,-0.002051,Avian,N1
1783_A/chicken/Guizhou/7/,A/chicken/Guizhou/7/2008_H5N1,0.031527,-0.004833,-0.033676,-0.008949,Avian,N1
1784_A/chicken/Hebei/1102,A/chicken/Hebei/1102-MA/2010_H5N2,0.035024,-0.035708,0.008789,-0.06139,Avian,N2
1785_A/chicken/Hebei/1102,A/chicken/Hebei/1102/2010_H5N2,0.028779,-0.038295,0.016212,-0.068393,Avian,N2
1786_A/chicken/Hebei/3/20,A/chicken/Hebei/3/2013_H5N2,0.07162,-0.048686,0.004491,-0.059263,Avian,N2
1787_A/chicken/Hebei/A-8/,A/chicken/Hebei/A-8/2009_H5N1,-0.007391,0.036189,-0.004412,0.017082,Avian,N1
1788_A/chicken/Heilongjia,A/chicken/Heilongjiang/S7/2014_H5N2,-0.11773,0.002108,0.002714,-0.020994,Avian,N2
1789_A/chicken/Henan/A-7/,A/chicken/Henan/A-7/2006_H5N1,-0.004281,0.023002,0.013985,-0.021186,Avian,N1
1790_A/chicken/Henan/Q7/2,A/chicken/Henan/Q7/2013_H5N2,0.060824,-0.037549,0.008199,-0.060053,Avian,N2
1791_A/chicken/Henan/YB05,A/chicken/Henan/YB0597/2016_H5N6,0.055241,-0.010833,0.026557,-0.103073,Avian,N6
1792_A/chicken/Hsinchu/16,A/chicken/Hsinchu/16080004-2/2016_H5N2,0.10205,0.075893,-0.047373,0.038239,Avian,N2
1793_A/chicken/Huadong/4/,A/chicken/Huadong/4/2008_H5N1,-0.028699,0.080169,0.005273,0.044588,Avian,N1
1794_A/chicken/Hubei/2856,A/chicken/Hubei/2856/2007_H5N1,-0.040254,0.011412,-0.062823,0.023184,Avian,N1
1795_A/chicken/Hubei/ZYSJ,A/chicken/Hubei/ZYSJF11/2016_H5N6,0.06751,-0.019273,0.017406,-0.088594,Avian,N6
1796_A/chicken/Hubei/ZYSJ,A/chicken/Hubei/ZYSJF16/2016_H5N6,0.06751,-0.019273,0.017406,-0.088594,Avian,N6
1797_A/chicken/Hubei/ZYSJ,A/chicken/Hubei/ZYSJF38/2016_H5N6,0.06751,-0.019273,0.017406,-0.088594,Avian,N6
1798_A/chicken/Hunan/02.0,A/chicken/Hunan/02.06_YYGK37J3-OC/2018_H5N6,-0.110752,-0.010422,0.013602,-0.002736,Avian,N6
1799_A/chicken/Hunan/03.0,A/chicken/Hunan/03.07_YYGK74L3-OC/2018_H5N6,-0.11802,-0.00087,0.020455,-0.012053,Avian,N6
1800_A/chicken/Hunan/12.2,A/chicken/Hunan/12.27_YYGK55J2-O/2016_H5N6,-0.122548,0.000187,0.005463,-0.011653,Avian,N6
1801_A/chicken/Hunan/12.2,A/chicken/Hunan/12.27_YYGKK148-OC/2016_H5N6,-0.106588,0.002687,0.011467,-0.002064,Avian,N6
1802_A/chicken/Hunan/1793,A/chicken/Hunan/1793/2007_H5N1,-0.017641,-0.0067,-0.078457,0.025437,Avian,N1
1803_A/chicken/Hunan/21/2,A/chicken/Hunan/21/2005_H5N1,-0.03698,0.023834,-0.04457,0.028346,Avian,N1
1804_A/chicken/Hunan/3/20,A/chicken/Hunan/3/2007_H5N1,-0.051794,0.015652,-0.017243,0.030669,Avian,N1
1805_A/chicken/Hunan/3157,A/chicken/Hunan/3157/2006_H5N1,-0.054156,-0.035863,-0.059972,0.033503,Avian,N1
1806_A/chicken/Hunan/8/20,A/chicken/Hunan/8/2008_H5N1,-0.025741,0.026099,-0.022898,0.008013,Avian,N1
1807_A/chicken/Jiangsu/10,A/chicken/Jiangsu/1001/2013_H5N2,0.028357,-0.014525,0.022449,-0.008134,Avian,N2
1808_A/chicken/Jiangsu/18,A/chicken/Jiangsu/18/2008_H5N1,-0.011142,0.055263,0.013688,0.032929,Avian,N1
1809_A/chicken/Jiangsu/24,A/chicken/Jiangsu/2477/2014_H5N1,-0.055585,-0.037397,-0.039483,-0.016673,Avian,N1
1810_A/chicken/Jiangsu/92,A/chicken/Jiangsu/927/2013_H5N1,-0.05546,-0.014665,-0.021489,-0.013394,Avian,N1
1811_A/chicken/Jiangsu/XZ,A/chicken/Jiangsu/XZ216/2014_H5N2,-0.06774,-0.029436,-0.04539,-0.015979,Avian,N2
1812_A/chicken/Jiangsu/YB,A/chicken/Jiangsu/YB7/2015_H5N1,-0.076942,-0.059189,-0.032176,-0.02345,Avian,N1
1813_A/chicken/Jiangsu/k0,A/chicken/Jiangsu/k0402/2010_H5N1,-0.075791,-0.033565,-0.051811,0.026742,Avian,N1
1814_A/chicken/Jiangxi/25,A/chicken/Jiangxi/25/2011_H5N1,-0.10845,-0.027816,-0.014117,0.050451,Avian,N1
1815_A/chicken/Jiangxi/NC,A/chicken/Jiangxi/NCDZT1123/2014_H5N6,-0.108981,0.000892,0.002009,-0.009637,Avian,N6
1816_A/chicken/Jiangxi/NC,A/chicken/Jiangxi/NCDZT1126/2014_H5N6,-0.105974,-0.000434,0.001638,-0.009367,Avian,N6
1817_A/chicken/Jiangyin/J,A/chicken/Jiangyin/JY090718/2019_H5N6,-0.113453,0.012967,0.020298,-0.031944,Avian,N6
1818_A/chicken/Kaohsiung/,A/chicken/Kaohsiung/16010047/2016_H5N8,0.079118,0.081653,-0.053199,-0.029735,Avian,N8
1819_A/chicken/Kaohsiung/,A/chicken/Kaohsiung/16020017-2/2016_H5N8,0.087483,0.084455,-0.051137,-0.034531,Avian,N8
1820_A/chicken/Kaohsiung/,A/chicken/Kaohsiung/16040021-1/2016_H5N8,0.085735,0.072834,-0.053532,-0.033571,Avian,N8
1821_A/chicken/Kaohsiung/,A/chicken/Kaohsiung/16070003/2016_H5N8,0.090232,0.09152,-0.055448,-0.024373,Avian,N8
1822_A/chicken/Kaohsiung/,A/chicken/Kaohsiung/16120012/2016_H5N8,0.09539,0.068552,-0.052648,-0.040289,Avian,N8
1823_A/chicken/Kaohsiung/,A/chicken/Kaohsiung/16MB0889/2016_H5N8,0.085735,0.072834,-0.053532,-0.033571,Avian,N8
1824_A/chicken/Kaohsiung/,A/chicken/Kaohsiung/17030023/2017_H5N8,0.092296,0.078853,-0.057731,-0.031827,Avian,N8
1825_A/chicken/Kaohsiung/,A/chicken/Kaohsiung/17040007/2017_H5N2,0.094067,0.064212,-0.037723,0.016902,Avian,N2
1826_A/chicken/Kaohsiung/,A/chicken/Kaohsiung/17100002/2017_H5N2,0.095806,0.063037,0.002698,0.028883,Avian,N2
1827_A/chicken/Kaohsiung/,A/chicken/Kaohsiung/18080004-1/2018_H5N2,0.101572,0.073245,-0.05683,0.035973,Avian,N2
1828_A/chicken/Kaohsiung/,A/chicken/Kaohsiung/18080004-2/2018_H5N2,0.101572,0.073245,-0.05683,0.035973,Avian,N2
1829_A/chicken/Liaoning/2,A/chicken/Liaoning/23/2005_H5N1,-0.022965,0.007956,-0.006361,0.016494,Avian,N1
1830_A/chicken/Liaoning/A,A/chicken/Liaoning/A-1/2007_H5N1,-0.008262,0.008105,0.035652,-0.024061,Avian,N1
1831_A/chicken/Liaoning/S,A/chicken/Liaoning/S4092/2011_H5N1,0.048547,0.042391,0.053133,-0.022279,Avian,N1
1832_A/chicken/Miaoli/150,A/chicken/Miaoli/15010421-1/2015_H5N8,0.138057,-0.193606,-0.03628,0.011492,Avian,N8
1833_A/chicken/Nantou/161,A/chicken/Nantou/16110023-1/2016_H5N8,0.090077,0.090156,-0.070936,-0.040133,Avian,N8
1834_A/chicken/New_Taipei,A/chicken/New_Taipei_City/16110019-1/2016_H5N8,0.085828,0.078012,-0.05295,-0.030638,Avian,N8
1835_A/chicken/New_Taipei,A/chicken/New_Taipei_City/16110020-2/2016_H5N8,0.081175,0.079947,-0.051621,-0.031915,Avian,N8
1836_A/chicken/New_Taipei,A/chicken/New_Taipei_City/17040002-2/2017_H5N2,0.075018,0.099464,-0.058485,0.031434,Avian,N2
1837_A/chicken/New_Taipei,A/chicken/New_Taipei_City/17050004-2/2017_H5N8,0.098599,0.104137,-0.037643,-0.056555,Avian,N8
1838_A/chicken/New_Taipei,A/chicken/New_Taipei_City/17090001/2017_H5N8,0.089829,0.116915,-0.043066,-0.038833,Avian,N8
1839_A/chicken/New_Taipei,A/chicken/New_Taipei_City/17090002/2017_H5N8,0.093733,0.121626,-0.040266,-0.042789,Avian,N8
1840_A/chicken/New_Taipei,A/chicken/New_Taipei_City/17090003/2017_H5N8,0.093668,0.116362,-0.044521,-0.033859,Avian,N8
1841_A/chicken/New_Taipei,A/chicken/New_Taipei_City/18010021-3/2018_H5N2,0.056776,0.050889,-0.034218,0.024423,Avian,N2
1842_A/chicken/Ningxia/2/,A/chicken/Ningxia/2/2012_H5N1,-0.001607,0.049646,0.034308,0.001159,Avian,N1
1843_A/chicken/Ningxia/22,A/chicken/Ningxia/222/2012_H5N1,0.002326,0.04908,0.032818,0.006254,Avian,N1
1844_A/chicken/Ningxia/24,A/chicken/Ningxia/24/2006_H5N1,-0.022016,-0.002618,0.004301,-0.023957,Avian,N1
1845_A/chicken/North_Chin,A/chicken/North_China/k0604/2010_H5N1,-0.00943,-0.010952,-0.062024,-0.009813,Avian,N1
1846_A/chicken/PH/A2821/2,A/chicken/PH/A2821/2013_H5N2,0.215955,0.089783,0.035471,-0.219607,Avian,N2
1847_A/chicken/PT/a158/20,A/chicken/PT/a158/2015_H5N2,0.20686,0.08509,0.030866,-0.22771,Avian,N2
1848_A/chicken/Pingtung/1,A/chicken/Pingtung/15050006-1/2015_H5N2,0.072694,0.076154,-0.052989,0.032073,Avian,N2
1849_A/chicken/Pingtung/1,A/chicken/Pingtung/16020009-3/2016_H5N2,0.071807,0.064325,-0.036366,0.028976,Avian,N2
1850_A/chicken/Pingtung/1,A/chicken/Pingtung/18010017-1/2018_H5N2,0.094738,0.078644,-0.053785,0.027255,Avian,N2
1851_A/chicken/Pingtung/1,A/chicken/Pingtung/18020015-1/2018_H5N2,0.05535,0.042169,-0.023403,0.01514,Avian,N2
1852_A/chicken/Qingdao/1/,A/chicken/Qingdao/1/2014_H5N2,0.024014,-0.042964,0.014243,-0.059387,Avian,N2
1853_A/chicken/SC/a688/20,A/chicken/SC/a688/2015_H5N2,0.205994,0.074382,0.062024,-0.212862,Avian,N2
1854_A/chicken/Shandong/A,A/chicken/Shandong/A-10/2006_H5N1,0.000249,0.022596,-0.025182,-0.014397,Avian,N1
1855_A/chicken/Shandong/S,A/chicken/Shandong/S3/2014_H5N2,0.024527,-0.048254,0.013495,-0.062339,Avian,N2
1856_A/chicken/Shantou/37,A/chicken/Shantou/3744/2003_H5N1,-0.013949,-0.011898,-0.007489,0.023932,Avian,N1
1857_A/chicken/Shanxi/04.,A/chicken/Shanxi/04.28_TGRL001-O/2018_H5N6,-0.113466,-0.050873,-0.022173,-0.001921,Avian,N6
1858_A/chicken/Shanxi/10/,A/chicken/Shanxi/10/2006_H5N1,0.007868,0.002081,-0.011556,-0.051312,Avian,N1
1859_A/chicken/Shanxi/12.,A/chicken/Shanxi/12.01_TGYL014-C/2016_H5N6,-0.115527,0.000595,0.013464,0.001829,Avian,N6
1860_A/chicken/Sheny/0606,A/chicken/Sheny/0606/2008_H5N1,-0.02531,-0.012126,0.009842,0.018059,Avian,N1
1861_A/chicken/Shenzhen/1,A/chicken/Shenzhen/1061/2013_H5N6,-0.100273,0.001963,0.014753,0.014177,Avian,N6
1862_A/chicken/Shenzhen/1,A/chicken/Shenzhen/1845/2013_H5N6,-0.117003,-0.011188,0.002221,-0.007716,Avian,N6
1863_A/chicken/Shenzhen/2,A/chicken/Shenzhen/2269/2013_H5N6,-0.11324,0.001638,0.010088,-0.002406,Avian,N6
1864_A/chicken/Shenzhen/2,A/chicken/Shenzhen/2396/2013_H5N6,-0.11911,-0.003971,0.013749,-0.016806,Avian,N6
1865_A/chicken/Shenzhen/2,A/chicken/Shenzhen/2464/2013_H5N6,-0.11324,0.001638,0.010088,-0.002406,Avian,N6
1866_A/chicken/Shenzhen/4,A/chicken/Shenzhen/433/2013_H5N6,-0.114256,0.008712,-0.005942,-0.01207,Avian,N6
1867_A/chicken/Shenzhen/5,A/chicken/Shenzhen/552/2013_H5N6,-0.11324,0.001638,0.010088,-0.002406,Avian,N6
1868_A/chicken/Shenzhen/7,A/chicken/Shenzhen/715/2013_H5N6,-0.114256,0.008712,-0.005942,-0.01207,Avian,N6
1869_A/chicken/Shijiazhua,A/chicken/Shijiazhuang/1209/2013_H5N2,0.059402,-0.022119,0.011543,-0.107774,Avian,N2
1870_A/chicken/Sichuan/81,A/chicken/Sichuan/81/2005_H5N1,-0.049041,-0.005522,-0.048582,0.045584,Avian,N1
1871_A/chicken/Sichuan/NC,A/chicken/Sichuan/NCJPL1/2014_H5N6,-0.116319,-0.026878,0.019685,0.00927,Avian,N6
1872_A/chicken/Sichuan/k1,A/chicken/Sichuan/k141/2017_H5N6,-0.12917,0.002657,0.010545,-0.011769,Avian,N6
1873_A/chicken/TC/a504/20,A/chicken/TC/a504/2015_H5N2,0.204772,0.083046,0.03041,-0.226776,Avian,N2
1874_A/chicken/TY/a665/20,A/chicken/TY/a665/2015_H5N2,0.211238,0.081399,0.046792,-0.2308,Avian,N2
1875_A/chicken/Taichung/1,A/chicken/Taichung/15010399/2015_H5N2,0.076627,0.075588,-0.054479,0.037169,Avian,N2
1876_A/chicken/Taichung/1,A/chicken/Taichung/16040032-3/2016_H5N2,0.092801,0.069853,-0.060773,0.020357,Avian,N2
1877_A/chicken/Taichung/1,A/chicken/Taichung/16050044-2/2016_H5N2,0.074922,0.083562,-0.050127,0.031096,Avian,N2
1878_A/chicken/Taichung/1,A/chicken/Taichung/16110017-3/2016_H5N8,0.084422,0.085391,-0.072603,-0.011292,Avian,N8
1879_A/chicken/Tainan/150,A/chicken/Tainan/15020214/2015_H5N8,0.077297,0.079739,-0.041042,-0.028811,Avian,N8
1880_A/chicken/Tainan/160,A/chicken/Tainan/16040035-1/2016_H5N2,0.071747,0.067844,-0.044061,0.043082,Avian,N2
1881_A/chicken/Tainan/170,A/chicken/Tainan/17030058-1/2017_H5N8,0.078911,0.076433,-0.053274,-0.028757,Avian,N8
1882_A/chicken/Taipei_Cit,A/chicken/Taipei_City/17090004/2017_H5N8,0.096798,0.109784,-0.04322,-0.045477,Avian,N8
1883_A/chicken/Taipei_Cit,A/chicken/Taipei_City/18010007-3/2018_H5N2,0.068218,0.061758,-0.021025,0.047416,Avian,N2
1884_A/chicken/Taipei_Cit,A/chicken/Taipei_City/18010008-3/2018_H5N2,0.104409,0.051332,0.008894,0.024755,Avian,N2
1885_A/chicken/Taipei/160,A/chicken/Taipei/16060022-4/2016_H5N8,0.086843,0.078417,-0.055029,-0.028025,Avian,N8
1886_A/chicken/Taipei/160,A/chicken/Taipei/16060023-1/2016_H5N8,0.086843,0.078417,-0.055029,-0.028025,Avian,N8
1887_A/chicken/Taipei/161,A/chicken/Taipei/16120021/2016_H5N8,0.092419,0.055601,-0.0357,-0.042752,Avian,N8
1888_A/chicken/Taipei/170,A/chicken/Taipei/17050005-1/2017_H5N8,0.088256,0.107946,-0.043938,-0.041624,Avian,N8
1889_A/chicken/Taipei/170,A/chicken/Taipei/17050008-3/2017_H5N8,0.08888,0.10561,-0.03688,-0.052851,Avian,N8
1890_A/chicken/Taipei/170,A/chicken/Taipei/17050009-3/2017_H5N8,0.090612,0.106348,-0.042896,-0.041827,Avian,N8
1891_A/chicken/Taishun/TS,A/chicken/Taishun/TS2/2016_H5N6,0.006873,-0.025851,-0.006801,-0.05145,Avian,N6
1892_A/chicken/Taishun/TS,A/chicken/Taishun/TS90/2016_H5N6,0.0394,-0.039138,0.002845,-0.050863,Avian,N6
1893_A/chicken/Taiwan/010,A/chicken/Taiwan/0101/2012_H5N2,0.145433,0.033066,-0.006191,-0.077968,Avian,N2
1894_A/chicken/Taiwan/011,A/chicken/Taiwan/01174/2015_H5N3,0.077843,0.083812,-0.036829,-0.030837,Avian,Others
1895_A/chicken/Taiwan/050,A/chicken/Taiwan/0502/2012_H5N2,0.213565,0.07351,-0.019783,-0.175254,Avian,N2
1896_A/chicken/Taiwan/168,A/chicken/Taiwan/1682/2013_H5N2,0.261834,0.04214,0.14443,-0.157511,Avian,N2
1897_A/chicken/Taiwan/169,A/chicken/Taiwan/1692/2013_H5N2,0.260139,0.044995,0.142141,-0.161373,Avian,N2
1898_A/chicken/Taiwan/170,A/chicken/Taiwan/1704/2013_H5N2,0.260139,0.044995,0.142141,-0.161373,Avian,N2
1899_A/chicken/Taiwan/171,A/chicken/Taiwan/1711/2013_H5N2,0.260139,0.044995,0.142141,-0.161373,Avian,N2
1900_A/chicken/Taiwan/259,A/chicken/Taiwan/2593/2012_H5N2,0.211336,0.086523,0.041202,-0.221209,Avian,N2
1901_A/chicken/Taiwan/294,A/chicken/Taiwan/2948/2013_H5N2,0.218648,0.106711,0.045641,-0.22746,Avian,N2
1902_A/chicken/Taiwan/444,A/chicken/Taiwan/4443/2013_H5N2,0.204758,0.088223,0.051425,-0.223197,Avian,N2
1903_A/chicken/Taiwan/683,A/chicken/Taiwan/683/2012_H5N2,0.21472,0.083402,0.056038,-0.190387,Avian,N2
1904_A/chicken/Taiwan/735,A/chicken/Taiwan/7350/2013_H5N2,0.209692,0.113312,0.060306,-0.228741,Avian,N2
1905_A/chicken/Taiwan/898,A/chicken/Taiwan/8988/2013_H5N2,0.209359,0.09251,0.041289,-0.220892,Avian,N2
1906_A/chicken/Taiwan/899,A/chicken/Taiwan/8994/2013_H5N2,0.209359,0.09251,0.041289,-0.220892,Avian,N2
1907_A/chicken/Taiwan/899,A/chicken/Taiwan/8996/2013_H5N2,0.209359,0.09251,0.041289,-0.220892,Avian,N2
1908_A/chicken/Taiwan/A1/,A/chicken/Taiwan/A1/2019_H5N2,0.197056,0.051807,0.041988,-0.245001,Avian,N2
1909_A/chicken/Taiwan/A19,A/chicken/Taiwan/A1997/2012_H5N2,0.102434,0.030026,0.025245,-0.080179,Avian,N2
1910_A/chicken/Taiwan/D2/,A/chicken/Taiwan/D2/2019_H5N2,0.080535,0.097619,-0.030139,0.01672,Avian,N2
1911_A/chicken/Taiwan/D9/,A/chicken/Taiwan/D9/2019_H5N2,0.0813,0.097125,-0.032005,0.017869,Avian,N2
1912_A/chicken/Tibet/LZ01,A/chicken/Tibet/LZ01/2010_H5N2,0.037911,-0.019244,0.012231,-0.025644,Avian,N2
1913_A/chicken/Wuhan/HAQL,A/chicken/Wuhan/HAQL07/2014_H5N1,-0.077594,-0.05823,-0.03158,-0.023746,Avian,N1
1914_A/chicken/Wuhan/HAQL,A/chicken/Wuhan/HAQL16/2014_H5N1,-0.077594,-0.05823,-0.03158,-0.023746,Avian,N1
1915_A/chicken/Wuhan/WHJF,A/chicken/Wuhan/WHJF/2014_H5N2,0.087828,0.049101,-0.061048,0.018773,Avian,N2
1916_A/chicken/Wuhan/WHYJ,A/chicken/Wuhan/WHYJ01/2015_H5N6,-0.110315,-0.000618,0.015829,0.001573,Avian,N6
1917_A/chicken/Wuxi/WX-32,A/chicken/Wuxi/WX-32/2013_H5N1,-0.051143,-0.036095,-0.030053,-0.010577,Avian,N1
1918_A/chicken/Wuxi/WX-33,A/chicken/Wuxi/WX-33/2013_H5N1,-0.038875,-0.038834,-0.02634,-0.008939,Avian,N1
1919_A/chicken/Xinjiang/1,A/chicken/Xinjiang/17/2005_H5N1,0.001883,-0.02671,0.027712,0.005612,Avian,N1
1920_A/chicken/Xinjiang/2,A/chicken/Xinjiang/27/2006_H5N1,0.00066,0.013036,0.050052,-0.007076,Avian,N1
1921_A/chicken/Xinjiang/5,A/chicken/Xinjiang/53/2005_H5N1,0.001831,0.011717,0.048229,-0.00802,Avian,N1
1922_A/chicken/Xinjiang/5,A/chicken/Xinjiang/54/2005_H5N1,0.004212,-0.028227,0.04189,0.018479,Avian,N1
1923_A/chicken/Xinjiang/6,A/chicken/Xinjiang/67/2005_H5N1,0.005763,0.011151,0.046739,-0.002925,Avian,N1
1924_A/chicken/Xinjiang/6,A/chicken/Xinjiang/68/2005_H5N1,0.000498,-0.023486,0.04166,0.007175,Avian,N1
1925_A/chicken/Xuzhou/XZ6,A/chicken/Xuzhou/XZ6/2016_H5N6,-0.088624,-0.001757,0.006429,-0.024053,Avian,N6
1926_A/chicken/YL/A3190/2,A/chicken/YL/A3190/2014_H5N2,0.117213,0.061781,0.050657,-0.079834,Avian,N2
1927_A/chicken/Yangzhou/Y,A/chicken/Yangzhou/YD1/2014_H5N6,-0.126288,-0.026195,0.0097,-0.011662,Avian,N6
1928_A/chicken/Yuhang/1/2,A/chicken/Yuhang/1/2013_H5N9,-0.093715,-0.058227,0.006327,0.042336,Avian,Others
1929_A/chicken/Yuhang/2/2,A/chicken/Yuhang/2/2013_H5N9,-0.093715,-0.058227,0.006327,0.042336,Avian,Others
1930_A/chicken/Yunlin/150,A/chicken/Yunlin/15020048-1/2015_H5N2,0.076066,0.075579,-0.054322,0.037272,Avian,N2
1931_A/chicken/Yunlin/150,A/chicken/Yunlin/15040002-2/2015_H5N2,0.080246,0.075169,-0.047515,0.028884,Avian,N2
1932_A/chicken/Yunlin/150,A/chicken/Yunlin/15040027/2015_H5N2,0.074163,0.07636,-0.046387,0.029147,Avian,N2
1933_A/chicken/Yunlin/150,A/chicken/Yunlin/15050012/2015_H5N8,0.138057,-0.193606,-0.03628,0.011492,Avian,N8
1934_A/chicken/Yunlin/150,A/chicken/Yunlin/15050037-2/2015_H5N2,0.080558,0.075506,-0.053313,0.032979,Avian,N2
1935_A/chicken/Yunlin/150,A/chicken/Yunlin/15050039-2/2015_H5N2,0.078115,0.076211,-0.053785,0.034654,Avian,N2
1936_A/chicken/Yunlin/150,A/chicken/Yunlin/15060014-1/2015_H5N2,0.077775,0.07655,-0.058505,0.031498,Avian,N2
1937_A/chicken/Yunlin/150,A/chicken/Yunlin/15080024/2015_H5N2,0.072866,0.085268,-0.051705,0.033276,Avian,N2
1938_A/chicken/Yunlin/160,A/chicken/Yunlin/16010001-1/2016_H5N2,0.082272,0.094909,-0.054884,0.022086,Avian,N2
1939_A/chicken/Yunlin/160,A/chicken/Yunlin/16010008-1/2016_H5N2,0.081182,0.074936,-0.049097,0.045792,Avian,N2
1940_A/chicken/Yunlin/160,A/chicken/Yunlin/16020038/2016_H5N8,0.08015,0.055604,-0.0724,0.004487,Avian,N8
1941_A/chicken/Yunlin/160,A/chicken/Yunlin/16050053/2016_H5N2,0.090743,0.064643,-0.064065,0.018905,Avian,N2
1942_A/chicken/Yunlin/170,A/chicken/Yunlin/17010001/2017_H5N8,0.087545,0.064895,-0.07776,0.009869,Avian,N8
1943_A/chicken/Yunlin/170,A/chicken/Yunlin/17010014/2017_H5N2,0.085019,0.089896,-0.043179,0.033849,Avian,N2
1944_A/chicken/Yunlin/170,A/chicken/Yunlin/17020094-1/2017_H5N2,0.06498,0.083978,-0.068059,0.037996,Avian,N2
1945_A/chicken/Yunlin/170,A/chicken/Yunlin/17020095-2/2017_H5N2,0.101479,0.075204,-0.037894,0.034177,Avian,N2
1946_A/chicken/Yunlin/170,A/chicken/Yunlin/17030001-1/2017_H5N2,0.085244,0.073621,-0.037409,0.030718,Avian,N2
1947_A/chicken/Yunlin/170,A/chicken/Yunlin/17030007-1/2017_H5N2,0.10305,0.073844,-0.0307,0.038135,Avian,N2
1948_A/chicken/Yunlin/170,A/chicken/Yunlin/17030010-1/2017_H5N2,0.084502,0.087733,-0.045834,0.034965,Avian,N2
1949_A/chicken/Yunlin/170,A/chicken/Yunlin/17030014-1/2017_H5N2,0.092336,0.052538,-0.03484,0.018674,Avian,N2
1950_A/chicken/Yunlin/170,A/chicken/Yunlin/17030020-2/2017_H5N2,0.085812,0.075691,-0.035676,0.03283,Avian,N2
1951_A/chicken/Yunlin/170,A/chicken/Yunlin/17030021-1/2017_H5N2,0.090149,0.068954,-0.042255,0.028782,Avian,N2
1952_A/chicken/Yunlin/170,A/chicken/Yunlin/17030032-2/2017_H5N2,0.079144,0.08875,-0.03681,0.02486,Avian,N2
1953_A/chicken/Yunlin/170,A/chicken/Yunlin/17030065-2/2017_H5N2,0.095968,0.079581,-0.050102,0.040292,Avian,N2
1954_A/chicken/Yunlin/170,A/chicken/Yunlin/17040003-1/2017_H5N2,0.094692,0.075121,-0.019894,0.048673,Avian,N2
1955_A/chicken/Yunlin/170,A/chicken/Yunlin/17040004-2/2017_H5N2,0.081988,0.061375,-0.031355,0.018633,Avian,N2
1956_A/chicken/Yunlin/170,A/chicken/Yunlin/17040011-1/2017_H5N2,0.083858,0.070189,-0.034878,0.027278,Avian,N2
1957_A/chicken/Yunlin/170,A/chicken/Yunlin/17060019/2017_H5N2,0.094936,0.089594,-0.02782,0.028002,Avian,N2
1958_A/chicken/Yunlin/170,A/chicken/Yunlin/17070010/2017_H5N2,0.085913,0.07334,-0.029116,0.031057,Avian,N2
1959_A/chicken/Yunlin/180,A/chicken/Yunlin/18010001-2/2018_H5N2,0.086908,0.067137,-0.0284,0.03126,Avian,N2
1960_A/chicken/Yunlin/180,A/chicken/Yunlin/18010023-1/2018_H5N2,0.113754,0.061964,0.009809,0.036156,Avian,N2
1961_A/chicken/Yunlin/180,A/chicken/Yunlin/18020003-2/2018_H5N2,0.096356,0.065431,0.014174,0.030619,Avian,N2
1962_A/chicken/Yunlin/180,A/chicken/Yunlin/18020004-1/2018_H5N2,0.094649,0.066816,0.015842,0.030822,Avian,N2
1963_A/chicken/Yunlin/180,A/chicken/Yunlin/18020005-2/2018_H5N2,0.096356,0.065431,0.014174,0.030619,Avian,N2
1964_A/chicken/Yunlin/180,A/chicken/Yunlin/18020008-2/2018_H5N2,0.10422,0.064298,0.011194,0.04081,Avian,N2
1965_A/chicken/Yunlin/180,A/chicken/Yunlin/18030002-1/2018_H5N2,0.092822,0.065599,0.012289,0.017839,Avian,N2
1966_A/chicken/Yunlin/180,A/chicken/Yunlin/18050013-1/2018_H5N2,0.099022,0.057196,0.005066,0.006305,Avian,N2
1967_A/chicken/Yunlin/180,A/chicken/Yunlin/18060001-2/2018_H5N2,0.099022,0.057196,0.005066,0.006305,Avian,N2
1968_A/chicken/Yunlin/180,A/chicken/Yunlin/18080006-1/2018_H5N2,0.080574,0.082933,-0.014224,-0.051207,Avian,N2
1969_A/chicken/Yunnan/1/2,A/chicken/Yunnan/1/2014_H5N1,-0.136642,0.053395,-0.026367,-0.022064,Avian,N1
1970_A/chicken/Yunnan/207,A/chicken/Yunnan/207/2004_H5N1,-0.051836,0.02891,-0.025118,0.016446,Avian,N1
1971_A/chicken/Yunnan/568,A/chicken/Yunnan/5686/2003_H5N1,-0.041949,0.028953,-0.02274,0.028528,Avian,N1
1972_A/chicken/Yunnan/679,A/chicken/Yunnan/6797/2003_H5N1,-0.042172,0.021188,-0.025151,0.031605,Avian,N1
1973_A/chicken/Yunnan/688,A/chicken/Yunnan/6885/2003_H5N1,-0.041856,0.034131,-0.022158,0.031461,Avian,N1
1974_A/chicken/Zhejiang/1,A/chicken/Zhejiang/102637/2016_H5N6,-0.016285,-0.053225,0.024217,0.017806,Avian,N6
1975_A/chicken/Zhejiang/1,A/chicken/Zhejiang/13160/2016_H5N6,-0.024587,-0.012513,0.016673,-0.046957,Avian,N6
1976_A/chicken/Zhejiang/1,A/chicken/Zhejiang/194/2016_H5N2,-0.086247,-0.006062,-0.00785,-0.008844,Avian,N2
1977_A/chicken/Zhejiang/2,A/chicken/Zhejiang/209/2016_H5N2,0.106826,-0.202695,-0.066979,0.007907,Avian,N2
1978_A/chicken/Zhejiang/2,A/chicken/Zhejiang/217/2016_H5N2,-0.086247,-0.006062,-0.00785,-0.008844,Avian,N2
1979_A/chicken/Zhejiang/2,A/chicken/Zhejiang/232/2016_H5N2,0.120718,-0.210166,-0.042775,0.016137,Avian,N2
1980_A/chicken/Zhejiang/5,A/chicken/Zhejiang/514135/2015_H5N2,0.077871,-0.005414,-0.006937,0.021739,Avian,N2
1981_A/chicken/Zhejiang/5,A/chicken/Zhejiang/528127/2016_H5N6,-0.113797,-0.000849,-0.011186,0.008346,Avian,N6
1982_A/chicken/Zhejiang/6,A/chicken/Zhejiang/6107/2016_H5N6,0.051084,-0.008079,0.026203,-0.091159,Avian,N6
1983_A/chicken/Zhejiang/6,A/chicken/Zhejiang/6C2/2013_H5N6,-0.131035,-0.012769,0.004264,0.018378,Avian,N6
1984_A/chicken/Zhejiang/7,A/chicken/Zhejiang/727022/2014_H5N6,-0.111505,0.003694,0.016342,-0.011295,Avian,N6
1985_A/chicken/Zhejiang/7,A/chicken/Zhejiang/727026/2014_H5N6,-0.114304,0.006334,0.015535,-0.007889,Avian,N6
1986_A/chicken/Zhejiang/7,A/chicken/Zhejiang/727079/2014_H5N2,-0.08332,-0.018144,0.068622,0.008301,Avian,N2
1987_A/chicken/Zhejiang/7,A/chicken/Zhejiang/727155/2014_H5N6,-0.10317,0.00239,0.028654,-0.013747,Avian,N6
1988_A/chicken/Zhejiang/7,A/chicken/Zhejiang/727159/2014_H5N2,-0.08332,-0.018144,0.068622,0.008301,Avian,N2
1989_A/chicken/Zhejiang/7,A/chicken/Zhejiang/7450/2015_H5N2,0.125172,-0.231948,-0.046725,-0.002846,Avian,N2
1990_A/chicken/Zhejiang/8,A/chicken/Zhejiang/81643/2015_H5N2,0.092083,-0.227166,-0.039027,0.020856,Avian,N2
1991_A/common_mallard/Nin,A/common_mallard/Ningxia/YG71/2017_H5N6,0.137543,0.025916,0.052046,0.017558,Avian,N6
1992_A/condor/Guangdong/1,A/condor/Guangdong/139/2003_H5N1,-0.041662,0.017359,-0.008711,0.019373,Avian,N1
1993_A/domestic_green-win,A/domestic_green-winged_teal/Hunan/3450/2006_H5N1,0.144241,0.048537,0.024516,0.007305,Avian,N1
1994_A/duck/Anhui/56/2005,A/duck/Anhui/56/2005_H5N1,-0.041057,0.003803,-0.038463,0.031845,Avian,N1
1995_A/duck/Anhui/S4/2016,A/duck/Anhui/S4/2016_H5N6,-0.108057,-0.002686,-0.002949,-0.003114,Avian,N6
1996_A/duck/Changhua/15A0,A/duck/Changhua/15A03431-1-20T/2015_H5N2,0.075741,0.07347,-0.053982,0.039059,Avian,N2
1997_A/duck/Changhua/15A0,A/duck/Changhua/15A03473-1-20T/2015_H5N2,0.076448,0.074346,-0.055177,0.033462,Avian,N2
1998_A/duck/Chiayi/150800,A/duck/Chiayi/15080023/2015_H5N8,0.076656,0.058203,-0.074949,0.002924,Avian,N8
1999_A/duck/China/0935/20,A/duck/China/0935/2017_H5N1,-0.067219,-0.033982,-0.034271,-0.014682,Avian,N1
2000_A/duck/China/0936/20,A/duck/China/0936/2017_H5N6,-0.119862,0.04293,0.021632,-0.014639,Avian,N6
2001_A/duck/China/0938/20,A/duck/China/0938/2017_H5N6,-0.067219,-0.033982,-0.034271,-0.014682,Avian,N6
2002_A/duck/China/1033/20,A/duck/China/1033/2017_H5N1,-0.068653,-0.034182,-0.034951,-0.017931,Avian,N1
2003_A/duck/China/E26/201,A/duck/China/E26/2012_H5N1,-0.07016,-0.031249,-0.047613,0.028844,Avian,N1
2004_A/duck/China/E53/201,A/duck/China/E53/2012_H5N1,-0.007218,0.026724,0.016003,0.037339,Avian,N1
2005_A/duck/China/YD1516/,A/duck/China/YD1516/2016_H5N2,0.117367,-0.221409,-0.057008,0.013011,Avian,N2
2006_A/duck/Chongqing/S43,A/duck/Chongqing/S4362/2017_H5N3,0.08734,0.03847,-0.032999,0.010073,Avian,Others
2007_A/duck/Dongguan/2685,A/duck/Dongguan/2685/2013_H5N6,-0.113085,0.007392,-0.007765,-0.013015,Avian,N6
2008_A/duck/Eastern_China,A/duck/Eastern_China/008/2008_H5N5,0.117853,-0.142615,-0.053573,-0.025048,Avian,Others
2009_A/duck/Eastern_China,A/duck/Eastern_China/031/2009_H5N5,0.119293,-0.138004,-0.06506,-0.026244,Avian,Others
2010_A/duck/Eastern_China,A/duck/Eastern_China/057/2007_H5N1,-0.044242,-0.022146,-0.04319,0.042141,Avian,N1
2011_A/duck/Eastern_China,A/duck/Eastern_China/108/2008_H5N1,0.114015,-0.142062,-0.052119,-0.030023,Avian,N1
2012_A/duck/Eastern_China,A/duck/Eastern_China/1111/2011_H5N2,0.067732,-0.173648,-0.079242,-0.004941,Avian,N2
2013_A/duck/Eastern_China,A/duck/Eastern_China/909/2009_H5N1,0.106758,0.027605,-0.063396,0.018329,Avian,N1
2014_A/duck/Eastern_China,A/duck/Eastern_China/JY/2014_H5N8,0.13113,-0.174961,-0.072009,-0.018107,Avian,N8
2015_A/duck/Eastern_China,A/duck/Eastern_China/L0230/2010_H5N2,0.099536,-0.180613,-0.074416,-0.015178,Avian,N2
2016_A/duck/Eastern_China,A/duck/Eastern_China/L0321/2010_H5N2,0.095668,-0.17542,-0.087988,-0.03357,Avian,N2
2017_A/duck/Eastern_China,A/duck/Eastern_China/L0405/2010_H5N8,0.121788,-0.192636,-0.089652,-0.011242,Avian,N8
2018_A/duck/Eastern_China,A/duck/Eastern_China/L0423/2011_H5N8,0.127807,-0.193083,-0.094828,-0.009871,Avian,N8
2019_A/duck/Eastern_China,A/duck/Eastern_China/L0611/2011_H5N8,0.128011,-0.21683,-0.083985,-0.014855,Avian,N8
2020_A/duck/Eastern_China,A/duck/Eastern_China/L0722/2012_H5N8,0.123024,-0.198291,-0.088823,-0.003052,Avian,N8
2021_A/duck/Eastern_China,A/duck/Eastern_China/L1021/2012_H5N8,0.121757,-0.203552,-0.080416,-0.009164,Avian,N8
2022_A/duck/Eastern_China,A/duck/Eastern_China/L1120/2012_H5N8,0.141337,-0.212301,-0.065254,-0.01669,Avian,N8
2023_A/duck/Eastern_China,A/duck/Eastern_China/S0131/2014_H5N2,0.13206,-0.196521,-0.037111,0.00693,Avian,N2
2024_A/duck/Eastern_China,A/duck/Eastern_China/S0215/2014_H5N8,0.12891,-0.193662,-0.092095,-0.0099,Avian,N8
2025_A/duck/Eastern_China,A/duck/Eastern_China/S0322/2014__H5N6,0.013232,-0.011744,-0.046634,0.005479,Avian,N6
2026_A/duck/Eastern_China,A/duck/Eastern_China/S0711/2014_H5N6,-0.132595,-0.025902,0.000205,-0.032039,Avian,N6
2027_A/duck/Eastern_China,A/duck/Eastern_China/S0808/2014_H5N2,0.070024,-0.190133,-0.077497,-0.043959,Avian,N2
2028_A/duck/Eastern_China,A/duck/Eastern_China/S0908/2014_H5N6,-0.116392,0.022761,-0.007743,-0.01348,Avian,N6
2029_A/duck/Eastern_China,A/duck/Eastern_China/S1109/2014_H5N8,0.128507,-0.182498,-0.028025,-0.021129,Avian,N8
2030_A/duck/Eastern_China,A/duck/Eastern_China/S1210/2013_H5N8,0.137595,-0.173085,-0.068537,-0.016296,Avian,N8
2031_A/duck/Fujian/1.17_F,A/duck/Fujian/1.17_FZHX0123-C/2017_H5N6,-0.0763,0.022543,-0.002972,-0.008184,Avian,N6
2032_A/duck/Fujian/10.26_,A/duck/Fujian/10.26_FZHX0002-O/2017_H5N6,-0.091868,0.037801,0.041303,-0.014883,Avian,N6
2033_A/duck/Fujian/10.26_,A/duck/Fujian/10.26_FZHX0010-O/2017_H5N6,-0.087573,0.078234,0.055727,-0.011132,Avian,N6
2034_A/duck/Fujian/11.23_,A/duck/Fujian/11.23_FZHX0009-C/2017_H5N6,-0.072582,0.031609,0.065122,-0.010874,Avian,N6
2035_A/duck/Fujian/11.23_,A/duck/Fujian/11.23_FZHX0014-C/2017_H5N6,-0.053066,0.052437,0.046192,-0.039827,Avian,N6
2036_A/duck/Fujian/11.23_,A/duck/Fujian/11.23_FZHX0015-C/2017_H5N6,-0.122614,0.04818,0.031111,-0.002937,Avian,N6
2037_A/duck/Fujian/11.3_F,A/duck/Fujian/11.3_FZHX1132-O/2016_H5N6,-0.081146,0.022074,-0.000538,-0.008654,Avian,N6
2038_A/duck/Fujian/11.3_F,A/duck/Fujian/11.3_FZHX1141-C/2016_H5N6,-0.080002,0.022369,-0.004298,-0.011213,Avian,N6
2039_A/duck/Fujian/12.7_F,A/duck/Fujian/12.7_FZHX1202-O/2016_H5N6,-0.0763,0.022543,-0.002972,-0.008184,Avian,N6
2040_A/duck/Fujian/12.7_F,A/duck/Fujian/12.7_FZHX1218-C/2016_H5N6,-0.075116,0.021586,0.004286,-0.004815,Avian,N6
2041_A/duck/Fujian/12.7_F,A/duck/Fujian/12.7_FZHX1219-O/2016_H5N6,-0.075116,0.021586,0.004286,-0.004815,Avian,N6
2042_A/duck/Fujian/12.7_F,A/duck/Fujian/12.7_FZHX1221-C/2016_H5N6,-0.075116,0.021586,0.004286,-0.004815,Avian,N6
2043_A/duck/Guangdong/11.,A/duck/Guangdong/11.18_SZBJ003-C/2016_H5N6,-0.095699,-0.015415,0.013386,0.01501,Avian,N6
2044_A/duck/Guangdong/11.,A/duck/Guangdong/11.18_SZBJ003-O/2016_H5N6,-0.095699,-0.015415,0.013386,0.01501,Avian,N6
2045_A/duck/Guangdong/11.,A/duck/Guangdong/11.18_SZBJ007-O/2016_H5N6,-0.095699,-0.015415,0.013386,0.01501,Avian,N6
2046_A/duck/Guangdong/23/,A/duck/Guangdong/23/2004_H5N1,-0.041578,0.020086,-0.031766,0.017708,Avian,N1
2047_A/duck/Guangdong/GD0,A/duck/Guangdong/GD01/2014_H5N6,-0.098287,-0.0173,0.015569,-0.022293,Avian,N6
2048_A/duck/Guangdong/s14,A/duck/Guangdong/s14044/2014_H5N8,0.145248,-0.175161,-0.04392,-0.035757,Avian,N8
2049_A/duck/Guangdong/wy1,A/duck/Guangdong/wy11/2008_H5N5,0.117325,-0.130852,-0.075669,-0.038203,Avian,Others
2050_A/duck/Guangdong/wy1,A/duck/Guangdong/wy19/2008_H5N5,0.121659,-0.129365,-0.079325,-0.037508,Avian,Others
2051_A/duck/Guangdong/wy2,A/duck/Guangdong/wy24/2008_H5N5,0.115881,-0.131545,-0.074992,-0.042202,Avian,Others
2052_A/duck/Guangzhou/018,A/duck/Guangzhou/018/2014_H5N6,-0.118102,0.000832,0.009642,-0.008299,Avian,N6
2053_A/duck/Guangzhou/021,A/duck/Guangzhou/021/2014_H5N6,-0.094469,-0.002669,0.009684,-0.009915,Avian,N6
2054_A/duck/Guangzhou/412,A/duck/Guangzhou/41227/2014_H5N6,-0.110979,0.001936,0.014896,-0.002721,Avian,N6
2055_A/duck/Guizhou/7.27_,A/duck/Guizhou/7.27_ZYLJJ017-O/2018_H5N6,-0.146245,0.003398,0.024345,-0.003804,Avian,N6
2056_A/duck/Guizhou/8.26_,A/duck/Guizhou/8.26_ZYLJJ016-O/2018_H5N6,-0.145239,-0.012678,0.033055,-0.030984,Avian,N6
2057_A/duck/Guizhou/8.26_,A/duck/Guizhou/8.26_ZYLJJ017-O/2018_H5N6,-0.150601,0.001881,0.025469,-0.010409,Avian,N6
2058_A/duck/Hainan/12.29_,A/duck/Hainan/12.29_HKPL002-C/2017_H5N6,-0.118293,-0.01804,0.024356,-0.03047,Avian,N6
2059_A/duck/Hebei/0908/20,A/duck/Hebei/0908/2009_H5N2,0.105373,0.027409,-0.011509,0.025609,Avian,N2
2060_A/duck/Hong_Kong/342,A/duck/Hong_Kong/342/1978_H5N2,0.086786,-0.059254,-0.086386,0.033344,Avian,N2
2061_A/duck/Hsinchu/15020,A/duck/Hsinchu/15020216/2015_H5N2,0.076137,0.072374,-0.054951,0.038482,Avian,N2
2062_A/duck/HuBei/03/2010,A/duck/HuBei/03/2010_H5N5,0.007821,-0.017416,-0.043914,0.015164,Avian,Others
2063_A/duck/Hubei/2911/20,A/duck/Hubei/2911/2007_H5N1,-0.058948,-0.039308,-0.044192,0.049342,Avian,N1
2064_A/duck/Hubei/49/2005,A/duck/Hubei/49/2005_H5N1,-0.035039,-0.010324,-0.043208,0.04075,Avian,N1
2065_A/duck/Hubei/SZY250/,A/duck/Hubei/SZY250/2016_H5N2,0.125614,-0.217194,-0.054696,0.019093,Avian,N2
2066_A/duck/Hubei/xn/2007,A/duck/Hubei/xn/2007_H5N1,-0.043854,0.016732,-0.017621,0.044079,Avian,N1
2067_A/duck/Hunan/01.12_Y,A/duck/Hunan/01.12_YYGK82H3-OC/2018_H5N6,-0.116705,0.00181,0.019513,-0.016179,Avian,N6
2068_A/duck/Hunan/03.07_Y,A/duck/Hunan/03.07_YYGK25L3-OC/2018_H5N6,-0.114096,-0.012166,0.014742,-0.004426,Avian,N6
2069_A/duck/Hunan/03.07_Y,A/duck/Hunan/03.07_YYGK4L3-OC/2018_H5N6,-0.066747,-0.020162,0.05247,-0.024874,Avian,N6
2070_A/duck/Hunan/03.24_Y,A/duck/Hunan/03.24_YYGK174M2-C/2017_H5N6,-0.129386,0.000601,-0.00369,0.003871,Avian,N6
2071_A/duck/Hunan/03.24_Y,A/duck/Hunan/03.24_YYGK178M2-C/2017_H5N6,-0.129386,0.000601,-0.00369,0.003871,Avian,N6
2072_A/duck/Hunan/03.24_Y,A/duck/Hunan/03.24_YYGK18M2-O/2017_H5N6,-0.133319,0.001167,-0.0022,-0.001225,Avian,N6
2073_A/duck/Hunan/03.24_Y,A/duck/Hunan/03.24_YYGK21M2-O/2017_H5N6,-0.129386,0.000601,-0.00369,0.003871,Avian,N6
2074_A/duck/Hunan/1.12_YY,A/duck/Hunan/1.12_YYGK68H3-OC/2018_H5N6,-0.116842,0.004324,0.037447,-0.041405,Avian,N6
2075_A/duck/Hunan/1.12_YY,A/duck/Hunan/1.12_YYGK72H3-OC/2018_H5N6,-0.127917,-0.016013,0.028913,-0.030982,Avian,N6
2076_A/duck/Hunan/1.12_YY,A/duck/Hunan/1.12_YYGK74H3-OC/2018_H5N6,-0.116705,0.00181,0.019513,-0.016179,Avian,N6
2077_A/duck/Hunan/1.17_YY,A/duck/Hunan/1.17_YYGKK80-OC/2017_H5N6,-0.106588,0.002687,0.011467,-0.002064,Avian,N6
2078_A/duck/Hunan/11.30_Y,A/duck/Hunan/11.30_YYGK59E3-OC/2017_H5N6,-0.103764,0.059672,0.040632,-0.010966,Avian,N6
2079_A/duck/Hunan/11.30_Y,A/duck/Hunan/11.30_YYGK62E3-OC/2017_H5N6,-0.104506,0.025093,0.028614,-0.0163,Avian,N6
2080_A/duck/Hunan/11.30_Y,A/duck/Hunan/11.30_YYGK63E3-OC/2017_H5N6,-0.114409,0.003436,0.018257,-0.006823,Avian,N6
2081_A/duck/Hunan/11.30_Y,A/duck/Hunan/11.30_YYGK74E3-OC/2017_H5N8,0.091904,0.026847,-0.039785,0.023396,Avian,N8
2082_A/duck/Hunan/11.30_Y,A/duck/Hunan/11.30_YYGK75E3-OC/2017_H5N6,-0.115531,0.011163,0.007837,-0.01579,Avian,N6
2083_A/duck/Hunan/12.27_Y,A/duck/Hunan/12.27_YYGK100J2-C/2016_H5N6,-0.105416,0.001367,0.009644,-0.003009,Avian,N6
2084_A/duck/Hunan/12.27_Y,A/duck/Hunan/12.27_YYGK60J2-C/2016_H5N6,-0.122548,0.000187,0.005463,-0.011653,Avian,N6
2085_A/duck/Hunan/12.27_Y,A/duck/Hunan/12.27_YYGK71J2-O/2016_H5N6,-0.106588,0.002687,0.011467,-0.002064,Avian,N6
2086_A/duck/Hunan/12.27_Y,A/duck/Hunan/12.27_YYGK73J2-O/2016_H5N6,-0.122548,0.000187,0.005463,-0.011653,Avian,N6
2087_A/duck/Hunan/12.27_Y,A/duck/Hunan/12.27_YYGK81J2-O/2016_H5N6,-0.106588,0.002687,0.011467,-0.002064,Avian,N6
2088_A/duck/Hunan/12.27_Y,A/duck/Hunan/12.27_YYGK86J2-C/2016_H5N6,-0.122548,0.000187,0.005463,-0.011653,Avian,N6
2089_A/duck/Hunan/12.27_Y,A/duck/Hunan/12.27_YYGK89J2-O/2016_H5N6,-0.106588,0.002687,0.011467,-0.002064,Avian,N6
2090_A/duck/Hunan/12.27_Y,A/duck/Hunan/12.27_YYGK91J2-O/2016_H5N6,-0.106588,0.002687,0.011467,-0.002064,Avian,N6
2091_A/duck/Hunan/12.27_Y,A/duck/Hunan/12.27_YYGK93J2-O/2016_H5N6,-0.106588,0.002687,0.011467,-0.002064,Avian,N6
2092_A/duck/Hunan/12.27_Y,A/duck/Hunan/12.27_YYGK95J2-O/2016_H5N6,-0.106588,0.002687,0.011467,-0.002064,Avian,N6
2093_A/duck/Hunan/12.27_Y,A/duck/Hunan/12.27_YYGK96J2-O/2016_H5N6,-0.106588,0.002687,0.011467,-0.002064,Avian,N6
2094_A/duck/Hunan/12.27_Y,A/duck/Hunan/12.27_YYGK97J2-O/2016_H5N6,-0.105416,0.001367,0.009644,-0.003009,Avian,N6
2095_A/duck/Hunan/2.06_YY,A/duck/Hunan/2.06_YYGK77J3-OC/2018_H5N6,-0.110752,-0.010422,0.013602,-0.002736,Avian,N6
2096_A/duck/Hunan/2.06_YY,A/duck/Hunan/2.06_YYGK78J3-OC/2018_H5N6,-0.117205,-0.013619,0.011656,-0.025013,Avian,N6
2097_A/duck/Hunan/2.06_YY,A/duck/Hunan/2.06_YYGK84J3-OC/2018_H5N6,-0.110752,-0.010422,0.013602,-0.002736,Avian,N6
2098_A/duck/Hunan/2.06_YY,A/duck/Hunan/2.06_YYGK92J3-OC/2018_H5N6,-0.110752,-0.010422,0.013602,-0.002736,Avian,N6
2099_A/duck/Hunan/3/2007_,A/duck/Hunan/3/2007_H5N1,-0.050398,0.018501,-0.021522,0.030927,Avian,N1
2100_A/duck/Hunan/316/200,A/duck/Hunan/316/2005_H5N1,0.005351,-0.015917,-0.048734,0.021213,Avian,N1
2101_A/duck/Hunan/3315/20,A/duck/Hunan/3315/2006_H5N1,-0.038226,-0.01223,-0.026343,0.046572,Avian,N1
2102_A/duck/Hunan/689/200,A/duck/Hunan/689/2006_H5N1,-0.057928,-0.030192,-0.056066,0.035775,Avian,N1
2103_A/duck/Hunan/7.21_YY,A/duck/Hunan/7.21_YYGK41Y1-C/2016_H5N6,-0.115225,-0.003947,-0.003494,0.013414,Avian,N6
2104_A/duck/Hunan/733/200,A/duck/Hunan/733/2004_H5N1,-0.037088,0.083979,-0.052544,0.009642,Avian,N1
2105_A/duck/Hunan/8/2008_,A/duck/Hunan/8/2008_H5N1,-0.072314,0.015037,-0.056665,0.053647,Avian,N1
2106_A/duck/Hunan/S4020/2,A/duck/Hunan/S4020/2008_H5N1,-0.031705,0.029206,-0.005403,0.050483,Avian,N1
2107_A/duck/Hunan/S4030/2,A/duck/Hunan/S4030/2011_H5N1,0.003133,0.0815,-0.030328,0.014475,Avian,N1
2108_A/duck/Hunan/S4101/2,A/duck/Hunan/S4101/2011_H5N2,0.189295,-0.056929,0.012943,-0.127514,Avian,N2
2109_A/duck/Hunan/S4120/2,A/duck/Hunan/S4120/2011_H5N2,0.188893,-0.053723,0.016364,-0.123972,Avian,N2
2110_A/duck/Hunan/S4150/2,A/duck/Hunan/S4150/2011_H5N1,-0.091856,-0.036755,-0.04172,0.003743,Avian,N1
2111_A/duck/Hunan/S4220/2,A/duck/Hunan/S4220/2011_H5N1,-0.06587,-0.032232,-0.003075,0.017915,Avian,N1
2112_A/duck/Jiangsu/m234/,A/duck/Jiangsu/m234/2012_H5N2,0.134605,-0.214656,-0.036583,-0.014809,Avian,N2
2113_A/duck/Jiangxi/01.11,A/duck/Jiangxi/01.11_NCNP101G2-OC/2017_H5N6,-0.126584,-0.003149,0.010012,-0.032441,Avian,N6
2114_A/duck/Jiangxi/10160,A/duck/Jiangxi/10160/2014_H5N6,-0.107496,-0.019635,0.019974,0.003636,Avian,N6
2115_A/duck/Jiangxi/11.17,A/duck/Jiangxi/11.17_NCNP30Y2-O/2016_H5N6,-0.099641,-0.004226,0.008916,-0.006634,Avian,N6
2116_A/duck/Jiangxi/11.17,A/duck/Jiangxi/11.17_NCNP48Y2-C/2016_H5N6,-0.099641,-0.004226,0.008916,-0.006634,Avian,N6
2117_A/duck/Jiangxi/11.29,A/duck/Jiangxi/11.29_NCDZT71H2-O/2016_H5N6,-0.133713,0.001596,0.011168,0.004421,Avian,N6
2118_A/duck/Jiangxi/11.29,A/duck/Jiangxi/11.29_NCNP22D3-OC/2017_H5N6,-0.123719,0.001506,0.007286,-0.010708,Avian,N6
2119_A/duck/Jiangxi/11.29,A/duck/Jiangxi/11.29_NCNP39D3-OC/2017_H5N6,-0.104363,0.019968,0.028389,-0.006348,Avian,N6
2120_A/duck/Jiangxi/120/2,A/duck/Jiangxi/120/2011_H5N1,-0.045001,-0.011773,-0.06742,0.001487,Avian,N1
2121_A/duck/Jiangxi/130/2,A/duck/Jiangxi/130/2011_H5N1,-0.077622,-0.048206,-0.047071,-0.000499,Avian,N1
2122_A/duck/Jiangxi/13469,A/duck/Jiangxi/13469/2014_H5N6,-0.122708,-0.02586,0.002582,-0.019956,Avian,N6
2123_A/duck/Jiangxi/13475,A/duck/Jiangxi/13475/2014_H5N6,-0.122708,-0.02586,0.002582,-0.019956,Avian,N6
2124_A/duck/Jiangxi/13484,A/duck/Jiangxi/13484/2014_H5N6,-0.122708,-0.02586,0.002582,-0.019956,Avian,N6
2125_A/duck/Jiangxi/2.28N,A/duck/Jiangxi/2.28NCNP23K3-OC/2018_H5N6,-0.119337,0.001841,0.022949,-0.015279,Avian,N6
2126_A/duck/Jiangxi/2.28_,A/duck/Jiangxi/2.28_NCNP25K3-OC/2018_H5N6,-0.119337,0.001841,0.022949,-0.015279,Avian,N6
2127_A/duck/Jiangxi/34/20,A/duck/Jiangxi/34/2011_H5N1,-0.105564,-0.026314,-0.014842,0.051983,Avian,N1
2128_A/duck/Jiangxi/35/20,A/duck/Jiangxi/35/2011_H5N1,-0.097191,0.009206,-0.006334,0.035213,Avian,N1
2129_A/duck/Jiangxi/44/20,A/duck/Jiangxi/44/2011_H5N1,0.140115,0.073898,-0.003942,-0.056822,Avian,N1
2130_A/duck/Jiangxi/5.26_,A/duck/Jiangxi/5.26_NCDZT80Q2-OC/2017_H5N6,-0.099207,0.026055,0.033097,0.001115,Avian,N6
2131_A/duck/Jiangxi/80/20,A/duck/Jiangxi/80/2005_H5N1,-0.019727,-0.000625,-0.04117,0.026415,Avian,N1
2132_A/duck/Jilin/JL-SIV/,A/duck/Jilin/JL-SIV/2013_H5N1,-0.006109,0.028844,-0.021031,0.029746,Avian,N1
2133_A/duck/Kaohsiung/150,A/duck/Kaohsiung/15010213/2015_H5N2,0.076627,0.075588,-0.054479,0.037169,Avian,N2
2134_A/duck/Kaohsiung/15W,A/duck/Kaohsiung/15WB3298-1-5/2015_H5N3,0.06771,0.084181,-0.037875,-0.02586,Avian,Others
2135_A/duck/Kaohsiung/20W,A/duck/Kaohsiung/20WB0242-154/2020_H5N3,0.095494,0.073817,-0.004486,0.016829,Avian,Others
2136_A/duck/Liaoning/LN/2,A/duck/Liaoning/LN/2011_H5N5,0.099671,-0.137163,-0.04612,-0.026604,Avian,Others
2137_A/duck/Nanchang/9789,A/duck/Nanchang/9789/2013_H5N1,-0.083686,0.018463,0.029166,0.005383,Avian,N1
2138_A/duck/Nantou/15A343,A/duck/Nantou/15A3437/2015_H5N2,0.076448,0.074346,-0.055177,0.033462,Avian,N2
2139_A/duck/Nantou/17A024,A/duck/Nantou/17A0243/2017_H5N2,0.097663,0.074856,-0.038622,0.035331,Avian,N2
2140_A/duck/Pingtung/1501,A/duck/Pingtung/15010180/2015_H5N3,0.073184,0.086575,-0.030482,-0.037365,Avian,Others
2141_A/duck/Pingtung/1501,A/duck/Pingtung/15010444/2015_H5N2,0.075042,0.080365,-0.057088,0.038288,Avian,N2
2142_A/duck/Pingtung/17A0,A/duck/Pingtung/17A0160/2017_H5N2,0.095992,0.091458,-0.04841,0.039989,Avian,N2
2143_A/duck/Pingtung/18A0,A/duck/Pingtung/18A00003-11-20T/2018_H5N2,0.094738,0.078644,-0.053785,0.027255,Avian,N2
2144_A/duck/Pingtung/18A0,A/duck/Pingtung/18A00076-11-20T/2018_H5N2,0.073587,0.089098,-0.049874,0.028268,Avian,N2
2145_A/duck/Pingtung/18X0,A/duck/Pingtung/18X00077/2018_H5N2,0.097347,0.071784,-0.057558,0.033125,Avian,N2
2146_A/duck/Shandong/009/,A/duck/Shandong/009/2008_H5N1,-0.012809,0.031445,-0.03884,0.060168,Avian,N1
2147_A/duck/Shandong/Q1/2,A/duck/Shandong/Q1/2013_H5N8,0.143027,-0.251159,-0.034639,-0.017494,Avian,N8
2148_A/duck/Shandong/SD02,A/duck/Shandong/SD0261/2021_H5N6,0.128616,-0.023182,0.120185,0.04592,Avian,N6
2149_A/duck/Shandong/SD02,A/duck/Shandong/SD0263/2021_H5N6,0.128616,-0.023182,0.120185,0.04592,Avian,N6
2150_A/duck/Sichuan/NCXJ1,A/duck/Sichuan/NCXJ15/2014_H5N6,-0.112724,-0.023218,0.02187,0.009975,Avian,N6
2151_A/duck/Sichuan/NCXJ1,A/duck/Sichuan/NCXJ16/2014_H5N6,-0.111154,-0.02635,0.01528,0.0103,Avian,N6
2152_A/duck/Sichuan/NCXN1,A/duck/Sichuan/NCXN10/2014_H5N1,-0.123151,-0.006239,0.050897,0.009375,Avian,N1
2153_A/duck/Sichuan/NCXN1,A/duck/Sichuan/NCXN11/2014_H5N1,-0.133039,0.001166,0.023881,0.016081,Avian,N1
2154_A/duck/Sichuan/SC482,A/duck/Sichuan/SC4822/2021_H5N6,-0.067501,-0.046134,0.061675,-0.028634,Avian,N6
2155_A/duck/Sichuan/SC569,A/duck/Sichuan/SC5698/2021_H5N6,-0.062185,-0.046161,0.057337,-0.027598,Avian,N6
2156_A/duck/Taichung/1501,A/duck/Taichung/15010400-1/2015_H5N2,0.078536,0.076244,-0.062844,0.030276,Avian,N2
2157_A/duck/Tainan/150104,A/duck/Tainan/15010403/2015_H5N8,0.086292,0.059931,-0.067805,0.005482,Avian,N8
2158_A/duck/Tainan/160100,A/duck/Tainan/16010020-1/2016_H5N2,0.057432,0.088845,-0.054514,0.013475,Avian,N2
2159_A/duck/Tainan/16WB34,A/duck/Tainan/16WB3443-156-160/2016_H5N3,0.086995,0.051054,-0.035808,0.012761,Avian,Others
2160_A/duck/Taipei/05WB83,A/duck/Taipei/05WB830-1-5-E2/2005_H5N2,0.067421,0.025049,-0.02892,0.063885,Avian,N2
2161_A/duck/Taipei/18WB01,A/duck/Taipei/18WB0120-1-5-E1/2018_H5N3,0.11039,0.061866,-0.032148,0.017449,Avian,Others
2162_A/duck/Taipei/19WB02,A/duck/Taipei/19WB0235-14-16/2019_H5N3,0.087968,0.052362,0.032478,-0.001811,Avian,Others
2163_A/duck/Taiwan/01006/,A/duck/Taiwan/01006/2015_H5N2,0.078021,0.076116,-0.056827,0.040942,Avian,N2
2164_A/duck/Taiwan/11213/,A/duck/Taiwan/11213/2013_H5N2,0.1422,0.065247,-0.049178,-0.029581,Avian,N2
2165_A/duck/Taiwan/11254/,A/duck/Taiwan/11254/2013_H5N2,0.146372,0.067114,-0.051912,-0.027571,Avian,N2
2166_A/duck/Taiwan/A3400/,A/duck/Taiwan/A3400/2015_H5N8,0.07699,0.079208,-0.042396,-0.02869,Avian,N8
2167_A/duck/Taiwan/DV1238,A/duck/Taiwan/DV1238/2009_H5N2,0.100431,-0.012907,-0.054802,-0.004627,Avian,N2
2168_A/duck/Taiwan/DV1241,A/duck/Taiwan/DV1241/2009_H5N2,0.100431,-0.012907,-0.054802,-0.004627,Avian,N2
2169_A/duck/Taiwan/DV1242,A/duck/Taiwan/DV1242/2009_H5N2,0.100431,-0.012907,-0.054802,-0.004627,Avian,N2
2170_A/duck/Taoyuan/16010,A/duck/Taoyuan/16010023-1/2016_H5N2,0.07096,0.084375,-0.054702,0.022437,Avian,N2
2171_A/duck/Wenzhou/YJYF3,A/duck/Wenzhou/YJYF33/2015_H5N1,-0.092481,-0.04261,-0.031003,-0.016558,Avian,N1
2172_A/duck/Wuhan/JXYFB22,A/duck/Wuhan/JXYFB22/2015_H5N6,-0.117571,0.010436,0.008748,-0.001107,Avian,N6
2173_A/duck/Wuhan/WHYF02/,A/duck/Wuhan/WHYF02/2015_H5N6,-0.113375,-0.005335,0.011015,-0.004193,Avian,N6
2174_A/duck/Xinjiang/12.1,A/duck/Xinjiang/12.18_WLMQXL001-C/2016_H5N8,0.071393,0.097569,-0.010191,0.044667,Avian,N8
2175_A/duck/Yilan/17A0092,A/duck/Yilan/17A0092/2017_H5N2,0.074575,0.089307,-0.038975,0.032189,Avian,N2
2176_A/duck/Yunlin/150102,A/duck/Yunlin/15010244-1/2015_H5N2,0.076627,0.075588,-0.054479,0.037169,Avian,N2
2177_A/duck/Yunlin/150102,A/duck/Yunlin/15010277/2015_H5N8,0.139796,-0.196534,-0.033933,0.015453,Avian,N8
2178_A/duck/Yunlin/150103,A/duck/Yunlin/15010310-4/2015_H5N2,0.076627,0.075588,-0.054479,0.037169,Avian,N2
2179_A/duck/Yunlin/150103,A/duck/Yunlin/15010318-2/2015_H5N2,0.081572,0.075194,-0.063858,0.032472,Avian,N2
2180_A/duck/Yunlin/150103,A/duck/Yunlin/15010369-1/2015_H5N2,0.080403,0.075256,-0.053355,0.041278,Avian,N2
2181_A/duck/Yunlin/150104,A/duck/Yunlin/15010458-1/2015_H5N8,0.138057,-0.193606,-0.03628,0.011492,Avian,N8
2182_A/duck/Yunlin/150700,A/duck/Yunlin/15070002-2/2015_H5N2,0.076935,0.067349,-0.043886,0.024088,Avian,N2
2183_A/duck/Yunlin/15A501,A/duck/Yunlin/15A5019/2015_H5N2,0.076529,0.067346,-0.044744,0.022864,Avian,N2
2184_A/duck/Yunlin/171100,A/duck/Yunlin/17110001/2017_H5N2,0.078204,0.069927,-0.036524,-0.032954,Avian,N2
2185_A/duck/Yunlin/17A008,A/duck/Yunlin/17A0086/2017_H5N2,0.092563,0.071676,-0.036906,0.033662,Avian,N2
2186_A/duck/Yunlin/17A068,A/duck/Yunlin/17A0686/2017_H5N2,0.098526,0.061499,0.004795,0.028729,Avian,N2
2187_A/duck/Yunlin/180600,A/duck/Yunlin/18060007-3/2018_H5N2,0.075849,0.06035,-0.030336,-0.045958,Avian,N2
2188_A/duck/Yunlin/18X000,A/duck/Yunlin/18X00007-3/2018_H5N2,0.091094,0.088453,-0.045009,0.018953,Avian,N2
2189_A/duck/Yunnan/4072/2,A/duck/Yunnan/4072/2003_H5N1,-0.045544,0.025292,-0.024924,0.027824,Avian,N1
2190_A/duck/Yunnan/426/20,A/duck/Yunnan/426/2004_H5N1,-0.041949,0.028953,-0.02274,0.028528,Avian,N1
2191_A/duck/Yunnan/4645/2,A/duck/Yunnan/4645/2003_H5N1,-0.045544,0.025292,-0.024924,0.027824,Avian,N1
2192_A/duck/Yunnan/47/200,A/duck/Yunnan/47/2006_H5N1,-0.04631,0.019527,-0.020243,0.017611,Avian,N1
2193_A/duck/Yunnan/485/20,A/duck/Yunnan/485/2004_H5N1,-0.051836,0.02891,-0.025118,0.016446,Avian,N1
2194_A/duck/Yunnan/4873/2,A/duck/Yunnan/4873/2006_H5N1,-0.061545,0.028965,-0.029327,0.020074,Avian,N1
2195_A/duck/Yunnan/5090/2,A/duck/Yunnan/5090/2003_H5N1,-0.045544,0.025292,-0.024924,0.027824,Avian,N1
2196_A/duck/Yunnan/5169/2,A/duck/Yunnan/5169/2003_H5N1,-0.045544,0.025292,-0.024924,0.027824,Avian,N1
2197_A/duck/Yunnan/522/20,A/duck/Yunnan/522/2004_H5N1,-0.041949,0.028953,-0.02274,0.028528,Avian,N1
2198_A/duck/Yunnan/5310/2,A/duck/Yunnan/5310/2006_H5N1,-0.064026,-0.004161,-0.048559,0.020655,Avian,N1
2199_A/duck/Yunnan/5948/2,A/duck/Yunnan/5948/2003_H5N1,-0.041949,0.028953,-0.02274,0.028528,Avian,N1
2200_A/duck/Yunnan/6080/2,A/duck/Yunnan/6080/2003_H5N1,-0.045848,0.032343,-0.017246,0.028199,Avian,N1
2201_A/duck/Yunnan/6603/2,A/duck/Yunnan/6603/2003_H5N1,-0.043228,0.025867,-0.023297,0.027649,Avian,N1
2202_A/duck/Zhejiang/1026,A/duck/Zhejiang/1026109/2015_H5N2,0.120909,-0.236768,-0.056279,0.002895,Avian,N2
2203_A/duck/Zhejiang/1220,A/duck/Zhejiang/1220092/2014_H5N1,-0.084846,-0.035287,-0.032487,0.00499,Avian,N1
2204_A/duck/Zhejiang/213/,A/duck/Zhejiang/213/2011_H5N1,-0.093692,-0.010738,-0.020648,0.022046,Avian,N1
2205_A/duck/Zhejiang/224/,A/duck/Zhejiang/224/2011_H5N1,-0.126319,-0.011546,-0.020868,0.047627,Avian,N1
2206_A/duck/Zhejiang/2242,A/duck/Zhejiang/2242/2011_H5N1,-0.12376,-0.012284,-0.020374,0.045872,Avian,N1
2207_A/duck/Zhejiang/2243,A/duck/Zhejiang/2243/2011_H5N1,-0.126319,-0.011546,-0.020868,0.047627,Avian,N1
2208_A/duck/Zhejiang/2244,A/duck/Zhejiang/2244/2011_H5N1,-0.126319,-0.011546,-0.020868,0.047627,Avian,N1
2209_A/duck/Zhejiang/2245,A/duck/Zhejiang/2245/2011_H5N1,0.095375,-0.009004,0.042665,-0.0218,Avian,N1
2210_A/duck/Zhejiang/2248,A/duck/Zhejiang/2248/2011_H5N1,-0.126319,-0.011546,-0.020868,0.047627,Avian,N1
2211_A/duck/Zhejiang/6D18,A/duck/Zhejiang/6D18/2013_H5N8,0.107447,-0.172619,-0.066673,-0.005633,Avian,N8
2212_A/duck/Zhejiang/6D2/,A/duck/Zhejiang/6D2/2013_H5N6,-0.131035,-0.012769,0.004264,0.018378,Avian,N6
2213_A/duck/Zhejiang/6DK1,A/duck/Zhejiang/6DK19/2013_H5N2,-0.124626,-0.012477,0.000358,0.019927,Avian,N2
2214_A/duck/Zhejiang/7270,A/duck/Zhejiang/727041/2014_H5N2,-0.101952,0.018381,0.009603,0.00556,Avian,N2
2215_A/duck/Zhejiang/7271,A/duck/Zhejiang/727158/2014_H5N6,-0.125252,0.005408,0.019299,-0.002779,Avian,N6
2216_A/duck/Zhejiang/7713,A/duck/Zhejiang/77138/2014_H5N2,-0.114119,0.022574,0.000459,-0.013949,Avian,N2
2217_A/duck/Zhejiang/9250,A/duck/Zhejiang/925019/2014_H5N8,0.124206,-0.161871,-0.067508,-0.006002,Avian,N8
2218_A/duck/Zhejiang/9251,A/duck/Zhejiang/925169/2014_H5N8,0.113601,-0.159725,-0.069751,-0.010325,Avian,N8
2219_A/duck/Zhejiang/W24/,A/duck/Zhejiang/W24/2013_H5N8,0.114308,-0.144564,-0.06415,-0.020654,Avian,N8
2220_A/egret/Zhejiang/W15,A/egret/Zhejiang/W15/2017_H5N6,-0.098131,-0.00167,0.013897,0.008878,Avian,N6
2221_A/egret/Zhejiang/W18,A/egret/Zhejiang/W18/2017_H5N6,-0.106604,-0.005537,0.011092,0.000882,Avian,N6
2222_A/equine/China/61/20,A/equine/China/61/2010_H5N1,-0.050138,0.021463,-0.019552,0.023274,Nonhuman Mammal,N1
2223_A/equine/China/67/20,A/equine/China/67/2010_H5N1,-0.050138,0.021463,-0.019552,0.023274,Nonhuman Mammal,N1
2224_A/equine/China/68/20,A/equine/China/68/2010_H5N1,-0.051724,0.010442,-0.013488,0.01782,Nonhuman Mammal,N1
2225_A/eurasian_coot/Shan,A/eurasian_coot/Shandong/W5611/2020_H5N8,0.143168,-0.023768,0.125216,0.024134,Avian,N8
2226_A/eurasian_coot/Shan,A/eurasian_coot/Shandong/W6137/2020_H5N8,0.143168,-0.023768,0.125216,0.024134,Avian,N8
2227_A/eurasian_coot/Shan,A/eurasian_coot/Shandong/W6143/2020_H5N8,0.153373,-0.023724,0.12767,0.036606,Avian,N8
2228_A/eurasian_coot/Shan,A/eurasian_coot/Shandong/W6150/2020_H5N8,0.143168,-0.023768,0.125216,0.024134,Avian,N8
2229_A/feline/Guangdong/2,A/feline/Guangdong/2/2015_H5N6,-0.120441,-0.003099,-0.006168,-0.005155,Nonhuman Mammal,N6
2230_A/gadwall/Ningxia/YG,A/gadwall/Ningxia/YG61/2017_H5N6,0.137543,0.025916,0.052046,0.017558,Avian,N6
2231_A/goose/Changhua/150,A/goose/Changhua/15040008/2015_H5N2,0.074389,0.076896,-0.035727,0.053189,Avian,N2
2232_A/goose/Chiayi/15010,A/goose/Chiayi/15010008-3/2015_H5N2,0.068807,0.081734,-0.051377,0.036361,Avian,N2
2233_A/goose/Chiayi/15010,A/goose/Chiayi/15010016-1/2015_H5N2,0.076627,0.075588,-0.054479,0.037169,Avian,N2
2234_A/goose/Chiayi/15020,A/goose/Chiayi/15020022/2015_H5N8,0.137214,-0.192435,-0.036084,0.010751,Avian,N8
2235_A/goose/Chiayi/16010,A/goose/Chiayi/16010017-2/2016_H5N2,0.054425,0.090172,-0.054144,0.013205,Avian,N2
2236_A/goose/Chiayi/16040,A/goose/Chiayi/16040003-1/2016_H5N2,0.076784,0.082812,-0.062829,0.022839,Avian,N2
2237_A/goose/Chiayi/16040,A/goose/Chiayi/16040005/2016_H5N2,0.076784,0.082812,-0.062829,0.022839,Avian,N2
2238_A/goose/Chiayi/17020,A/goose/Chiayi/17020027-1/2017_H5N2,0.081955,0.114263,-0.035277,0.02121,Avian,N2
2239_A/goose/Chiayi/17040,A/goose/Chiayi/17040014/2017_H5N2,0.08966,0.081524,-0.043988,-0.012389,Avian,N2
2240_A/goose/Chiayi/18010,A/goose/Chiayi/18010006/2018_H5N2,0.078204,0.069927,-0.036524,-0.032954,Avian,N2
2241_A/goose/Chiayi/18020,A/goose/Chiayi/18020014-1/2018_H5N2,0.079736,0.069166,-0.036893,-0.03405,Avian,N2
2242_A/goose/Chiayi/18020,A/goose/Chiayi/18020014-2/2018_H5N2,0.079736,0.069166,-0.036893,-0.03405,Avian,N2
2243_A/goose/China/0701/2,A/goose/China/0701/2018_H5N6,-0.090615,-0.013325,0.01621,-0.031998,Avian,N6
2244_A/goose/China/1/2021,A/goose/China/1/2021_H5N8,0.15615,-0.028062,0.129163,0.040149,Avian,N8
2245_A/goose/China/1106/2,A/goose/China/1106/2016_H5N2,0.119663,-0.21656,-0.053079,0.014636,Avian,N2
2246_A/goose/China/E43/20,A/goose/China/E43/2012_H5N1,-0.118391,-0.024126,-0.020148,0.047246,Avian,N1
2247_A/goose/China/M14/20,A/goose/China/M14/2016_H5N6,0.062849,-0.021908,0.025827,-0.094837,Avian,N6
2248_A/goose/Eastern_Chin,A/goose/Eastern_China/1112/2011_H5N2,0.094342,-0.175702,-0.07705,-0.01817,Avian,N2
2249_A/goose/Eastern_Chin,A/goose/Eastern_China/223/2008_H5N1,-0.044566,-0.008769,-0.043264,0.036257,Avian,N1
2250_A/goose/Eastern_Chin,A/goose/Eastern_China/CZ/2013_H5N8,0.128326,-0.176972,-0.06475,-0.016442,Avian,N8
2251_A/goose/Eastern_Chin,A/goose/Eastern_China/L1204/2012_H5N8,0.135369,-0.216845,-0.062297,-0.018205,Avian,N8
2252_A/goose/Eastern_Chin,A/goose/Eastern_China/L1214/2012_H5N8,0.146736,-0.192955,-0.001711,0.000126,Avian,N8
2253_A/goose/Eastern_Chin,A/goose/Eastern_China/S0408/2014_H5N8,0.106967,-0.173818,-0.066498,-0.004644,Avian,N8
2254_A/goose/Eastern_Chin,A/goose/Eastern_China/S0513/2013_H5N6,0.009426,-0.02665,-0.042524,0.01256,Avian,N6
2255_A/goose/Fujian/10.11,A/goose/Fujian/10.11_FZHX1001-C/2016_H5N6,-0.070868,0.024607,0.006587,-0.001554,Avian,N6
2256_A/goose/Fujian/10.26,A/goose/Fujian/10.26_FZHX0002-C/2017_H5N6,-0.103999,0.051476,0.038088,-0.007718,Avian,N6
2257_A/goose/Fujian/10.26,A/goose/Fujian/10.26_FZHX0002-O/2017_H5N6,-0.103999,0.051476,0.038088,-0.007718,Avian,N6
2258_A/goose/Fujian/10.26,A/goose/Fujian/10.26_FZHX0004-C/2017_H5N6,-0.103999,0.051476,0.038088,-0.007718,Avian,N6
2259_A/goose/Fujian/10.26,A/goose/Fujian/10.26_FZHX0004-O/2017_H5N6,-0.103999,0.051476,0.038088,-0.007718,Avian,N6
2260_A/goose/Fujian/10.26,A/goose/Fujian/10.26_FZHX0006-C/2017_H5N6,-0.103999,0.051476,0.038088,-0.007718,Avian,N6
2261_A/goose/Fujian/10.26,A/goose/Fujian/10.26_FZHX0006-O/2017_H5N6,-0.103999,0.051476,0.038088,-0.007718,Avian,N6
2262_A/goose/Fujian/10.26,A/goose/Fujian/10.26_FZHX0007-O/2017_H5N6,-0.103999,0.051476,0.038088,-0.007718,Avian,N6
2263_A/goose/Fujian/10.26,A/goose/Fujian/10.26_FZHX0008-C/2017_H5N6,-0.103999,0.051476,0.038088,-0.007718,Avian,N6
2264_A/goose/Fujian/10.26,A/goose/Fujian/10.26_FZHX0014-O/2017_H5N6,-0.103999,0.051476,0.038088,-0.007718,Avian,N6
2265_A/goose/Fujian/11.3_,A/goose/Fujian/11.3_FZHX1102-C/2016_H5N6,-0.068576,0.015289,0.002753,-0.001146,Avian,N6
2266_A/goose/Fujian/3.15_,A/goose/Fujian/3.15_FZHX0001-O/2018_H5N6,-0.123491,-0.000811,0.0158,-0.011613,Avian,N6
2267_A/goose/Fujian/3.15_,A/goose/Fujian/3.15_FZHX0005-C/2018_H5N6,-0.119896,0.002849,0.017985,-0.010908,Avian,N6
2268_A/goose/Fujian/3.15_,A/goose/Fujian/3.15_FZHX0007-C/2018_H5N6,-0.125987,-0.017221,0.035824,-0.019115,Avian,N6
2269_A/goose/Fujian/3.15_,A/goose/Fujian/3.15_FZHX0008-C/2018_H5N6,-0.11823,-0.002973,0.020503,-0.016578,Avian,N6
2270_A/goose/Fujian/3.15_,A/goose/Fujian/3.15_FZHX0010-O/2018_H5N6,-0.099848,0.007976,0.040814,-0.018807,Avian,N6
2271_A/goose/GuangDong/11,A/goose/GuangDong/1189/2023_H5N1,0.062843,0.078485,-0.023301,0.032503,Avian,N1
2272_A/goose/Guangdong/7.,A/goose/Guangdong/7.20_DGCP010-C/2017_H5N6,-0.124574,0.004511,0.016331,-0.008168,Avian,N6
2273_A/goose/Guangdong/72,A/goose/Guangdong/72/2004_H5N1,-0.056392,0.036266,0.009374,-0.013275,Avian,N1
2274_A/goose/Guangdong/QY,A/goose/Guangdong/QY01/2016_H5N6,-0.119061,0.01141,0.018938,-0.009222,Avian,N6
2275_A/goose/Guangdong/k0,A/goose/Guangdong/k0103/2010_H5N5,0.102799,-0.133744,-0.076122,-0.051188,Avian,Others
2276_A/goose/Guangdong/s1,A/goose/Guangdong/s13124/2013_H5N8,0.145248,-0.175161,-0.04392,-0.035757,Avian,N8
2277_A/goose/Hebei/HG12/2,A/goose/Hebei/HG12/2021_H5N8,0.153306,-0.027557,0.124737,0.046152,Avian,N8
2278_A/goose/Henan/01.01_,A/goose/Henan/01.01_LYGL001-O/2017_H5N6,-0.109173,0.003196,0.015453,0.011663,Avian,N6
2279_A/goose/Hong_Kong/23,A/goose/Hong_Kong/23/1978_H5N3,0.056469,-0.079321,-0.073497,0.007381,Avian,Others
2280_A/goose/Hubei/65/200,A/goose/Hubei/65/2005_H5N1,-0.047045,0.012049,-0.042042,0.036892,Avian,N1
2281_A/goose/Inner_Mongol,A/goose/Inner_Mongolia/IM-192/2014_H5N1,0.082755,-0.059256,-0.014192,0.020237,Avian,N1
2282_A/goose/Jiangsu/QD5/,A/goose/Jiangsu/QD5/2014_H5N8,0.12654,-0.176919,-0.065553,-0.021637,Avian,N8
2283_A/goose/Jiangsu/k040,A/goose/Jiangsu/k0403/2010_H5N1,-0.047447,0.004266,-0.027974,0.032256,Avian,N1
2284_A/goose/Pingtung/150,A/goose/Pingtung/15010007-4/2015_H5N2,0.076627,0.075588,-0.054479,0.037169,Avian,N2
2285_A/goose/Pingtung/150,A/goose/Pingtung/15010037-1/2015_H5N2,0.076627,0.075588,-0.054479,0.037169,Avian,N2
2286_A/goose/Pingtung/150,A/goose/Pingtung/15050014/2015_H5N8,0.078982,0.079892,-0.051125,-0.035882,Avian,N8
2287_A/goose/Pingtung/160,A/goose/Pingtung/16010061/2016_H5N8,0.091028,0.100187,-0.04061,-0.046748,Avian,N8
2288_A/goose/Shantou/1763,A/goose/Shantou/1763/2014_H5N6,-0.110267,0.001933,0.010432,-0.005014,Avian,N6
2289_A/goose/Tainan/16040,A/goose/Tainan/16040018-1/2016_H5N8,0.085828,0.078012,-0.05295,-0.030638,Avian,N8
2290_A/goose/Tainan/16070,A/goose/Tainan/16070002/2016_H5N8,0.088271,0.077307,-0.052478,-0.032314,Avian,N8
2291_A/goose/Tainan/17030,A/goose/Tainan/17030022-1/2017_H5N2,0.084325,0.083069,-0.042743,0.03746,Avian,N2
2292_A/goose/Tainan/17030,A/goose/Tainan/17030024-1/2017_H5N2,0.08055,0.087683,-0.038801,0.030455,Avian,N2
2293_A/goose/Tainan/18010,A/goose/Tainan/18010022-1/2018_H5N2,0.074397,0.062655,-0.019401,0.05567,Avian,N2
2294_A/goose/Tainan/18050,A/goose/Tainan/18050014-1/2018_H5N2,0.09554,0.053329,0.013057,0.020447,Avian,N2
2295_A/goose/Taiwan/01019,A/goose/Taiwan/01019/2015_H5N8,0.087077,0.058512,-0.068302,0.005826,Avian,N8
2296_A/goose/Taiwan/01022,A/goose/Taiwan/01022/2015_H5N2,0.090642,0.072554,-0.049804,0.052624,Avian,N2
2297_A/goose/Taiwan/01023,A/goose/Taiwan/01023/2015_H5N2,0.076627,0.075588,-0.054479,0.037169,Avian,N2
2298_A/goose/Taiwan/01031,A/goose/Taiwan/01031/2015_H5N2,0.076627,0.075588,-0.054479,0.037169,Avian,N2
2299_A/goose/Taiwan/01038,A/goose/Taiwan/01038/2015_H5N3,0.076221,0.08496,-0.040827,-0.035511,Avian,Others
2300_A/goose/Taiwan/01039,A/goose/Taiwan/01039/2015_H5N8,0.136589,-0.187555,-0.036542,0.003811,Avian,N8
2301_A/goose/Taiwan/01040,A/goose/Taiwan/01040/2015_H5N2,0.076627,0.075588,-0.054479,0.037169,Avian,N2
2302_A/goose/Taiwan/TNC1/,A/goose/Taiwan/TNC1/2015_H5N8,0.133626,-0.196972,-0.030223,0.006802,Avian,N8
2303_A/goose/Taiwan/TNC10,A/goose/Taiwan/TNC10/2015_H5N8,0.133626,-0.196972,-0.030223,0.006802,Avian,N8
2304_A/goose/Taiwan/TNC11,A/goose/Taiwan/TNC11/2015_H5N8,0.082784,0.059869,-0.061346,-0.000216,Avian,N8
2305_A/goose/Taiwan/TNC12,A/goose/Taiwan/TNC12/2015_H5N8,0.133626,-0.196972,-0.030223,0.006802,Avian,N8
2306_A/goose/Taiwan/TNC14,A/goose/Taiwan/TNC14/2015_H5N8,0.133626,-0.196972,-0.030223,0.006802,Avian,N8
2307_A/goose/Taiwan/TNC3/,A/goose/Taiwan/TNC3/2015_H5N8,0.135365,-0.1999,-0.027875,0.010763,Avian,N8
2308_A/goose/Taiwan/TNC7/,A/goose/Taiwan/TNC7/2015_H5N8,0.133626,-0.196972,-0.030223,0.006802,Avian,N8
2309_A/goose/Taiwan/TNC9/,A/goose/Taiwan/TNC9/2015_H5N8,0.135365,-0.1999,-0.027875,0.010763,Avian,N8
2310_A/goose/Taiwan/TNO15,A/goose/Taiwan/TNO15/2015_H5N8,0.082784,0.059869,-0.061346,-0.000216,Avian,N8
2311_A/goose/Taiwan/TNO3/,A/goose/Taiwan/TNO3/2015_H5N8,0.14201,-0.191638,-0.028156,0.011802,Avian,N8
2312_A/goose/Taiwan/TNO9/,A/goose/Taiwan/TNO9/2015_H5N8,0.082784,0.059869,-0.061346,-0.000216,Avian,N8
2313_A/goose/Taoyuan/1501,A/goose/Taoyuan/15010041/2015_H5N8,0.138057,-0.193606,-0.03628,0.011492,Avian,N8
2314_A/goose/Taoyuan/1812,A/goose/Taoyuan/18120002-2/2018_H5N2,0.094941,0.012835,-0.053364,0.042521,Avian,N2
2315_A/goose/Xinjiang/12.,A/goose/Xinjiang/12.18_WLMQXL001-C/2016_H5N6,-0.042168,0.008069,0.01322,-0.032051,Avian,N6
2316_A/goose/Xinjiang/12.,A/goose/Xinjiang/12.18_WLMQXL002-O/2016_H5N6,-0.042168,0.008069,0.01322,-0.032051,Avian,N6
2317_A/goose/Xinjiang/12.,A/goose/Xinjiang/12.18_WLMQXL003-C/2016_H5N8,0.071486,0.102748,-0.009608,0.047599,Avian,N8
2318_A/goose/Xinjiang/12.,A/goose/Xinjiang/12.18_WLMQXL003-O/2016_H5N8,0.071486,0.102748,-0.009608,0.047599,Avian,N8
2319_A/goose/Xinjiang/12.,A/goose/Xinjiang/12.18_WLMQXL004-C/2016_H5N8,0.071486,0.102748,-0.009608,0.047599,Avian,N8
2320_A/goose/Xinjiang/12.,A/goose/Xinjiang/12.18_WLMQXL004-O/2016_H5N8,0.071486,0.102748,-0.009608,0.047599,Avian,N8
2321_A/goose/Yangzhou/042,A/goose/Yangzhou/0420/2014_H5N8,0.12484,-0.197036,-0.041209,-0.013278,Avian,N8
2322_A/goose/Yangzhou/YZ5,A/goose/Yangzhou/YZ587/2016_H5N6,-0.104361,0.013644,-0.000981,-0.002994,Avian,N6
2323_A/goose/Yunlin/15010,A/goose/Yunlin/15010005/2015_H5N2,0.076627,0.075588,-0.054479,0.037169,Avian,N2
2324_A/goose/Yunlin/15010,A/goose/Yunlin/15010009-1/2015_H5N2,0.090527,0.065265,-0.020516,0.024622,Avian,N2
2325_A/goose/Yunlin/15010,A/goose/Yunlin/15010010-2/2015_H5N2,0.076627,0.075588,-0.054479,0.037169,Avian,N2
2326_A/goose/Yunlin/15010,A/goose/Yunlin/15010011-1/2015_H5N2,0.076627,0.075588,-0.054479,0.037169,Avian,N2
2327_A/goose/Yunlin/15010,A/goose/Yunlin/15010029-1/2015_H5N2,0.076627,0.075588,-0.054479,0.037169,Avian,N2
2328_A/goose/Yunlin/15040,A/goose/Yunlin/15040040/2015_H5N8,0.075859,0.0587,-0.07531,0.001914,Avian,N8
2329_A/goose/Yunlin/16020,A/goose/Yunlin/16020008-4/2016_H5N2,0.075718,0.078187,-0.034222,0.044154,Avian,N2
2330_A/goose/Yunlin/16020,A/goose/Yunlin/16020011-1/2016_H5N2,0.045975,0.08669,-0.04536,0.054263,Avian,N2
2331_A/goose/Yunlin/16040,A/goose/Yunlin/16040002-2/2016_H5N2,0.096165,0.069749,-0.069243,0.013629,Avian,N2
2332_A/goose/Yunlin/17100,A/goose/Yunlin/17100005/2017_H5N2,0.101614,0.105796,-0.019797,0.007338,Avian,N2
2333_A/goose/Yunlin/18030,A/goose/Yunlin/18030020-2/2018_H5N2,0.122633,0.074271,-0.025909,0.003584,Avian,N2
2334_A/goose/Yunlin/18030,A/goose/Yunlin/18030020-3/2018_H5N2,0.122633,0.074271,-0.025909,0.003584,Avian,N2
2335_A/goose/Yunlin/18040,A/goose/Yunlin/18040002-3/2018_H5N2,0.084681,0.052835,-0.050146,0.04977,Avian,N2
2336_A/goose/Yunlin/18040,A/goose/Yunlin/18040018-2/2018_H5N2,0.094924,0.051986,0.001702,0.022313,Avian,N2
2337_A/goose/Yunlin/18090,A/goose/Yunlin/18090002-3/2018_H5N2,0.096206,0.026452,0.012387,0.006178,Avian,N2
2338_A/goose/Yunlin/18090,A/goose/Yunlin/18090006-1/2018_H5N2,0.092271,0.079315,-0.050676,0.029937,Avian,N2
2339_A/goose/Yunlin/18110,A/goose/Yunlin/18110002-3/2018_H5N2,0.096728,-0.006964,-0.061947,0.055681,Avian,N2
2340_A/goose/Yunnan/3798/,A/goose/Yunnan/3798/2006_H5N1,-0.060216,0.032874,-0.020569,0.016745,Avian,N1
2341_A/goose/Yunnan/4371/,A/goose/Yunnan/4371/2006_H5N1,-0.051758,0.019671,-0.030801,0.019648,Avian,N1
2342_A/goose/Yunnan/4389/,A/goose/Yunnan/4389/2006_H5N1,-0.051758,0.019671,-0.030801,0.019648,Avian,N1
2343_A/goose/Yunnan/4985/,A/goose/Yunnan/4985/2006_H5N1,-0.061545,0.028965,-0.029327,0.020074,Avian,N1
2344_A/goose/Yunnan/5141/,A/goose/Yunnan/5141/2006_H5N1,-0.058443,0.012848,0.001579,0.00424,Avian,N1
2345_A/goose/Yunnan/5769/,A/goose/Yunnan/5769/2006_H5N1,-0.059582,-0.002456,-0.050581,0.023525,Avian,N1
2346_A/goose/Yunnan/5979/,A/goose/Yunnan/5979/2006_H5N1,-0.059582,-0.002456,-0.050581,0.023525,Avian,N1
2347_A/goose/Yunnan/6193/,A/goose/Yunnan/6193/2006_H5N1,-0.053646,0.016473,-0.014164,0.013027,Avian,N1
2348_A/goose/Zhejiang/112,A/goose/Zhejiang/1120132/2014_H5N6,-0.122138,-0.02315,-0.002996,-0.016782,Avian,N6
2349_A/goose/Zhejiang/112,A/goose/Zhejiang/112071/2014_H5N1,-0.060786,-0.036327,-0.037257,-0.013016,Avian,N1
2350_A/goose/Zhejiang/112,A/goose/Zhejiang/112080/2014_H5N6,-0.120554,-0.024194,-0.003483,-0.019915,Avian,N6
2351_A/goose/Zhejiang/727,A/goose/Zhejiang/727092/2014_H5N6,-0.108729,-0.000644,0.017835,-0.007752,Avian,N6
2352_A/goose/Zhejiang/727,A/goose/Zhejiang/727098/2014_H5N1,-0.048433,0.00771,-0.011039,-0.019645,Avian,N1
2353_A/goose/Zhejiang/727,A/goose/Zhejiang/727110/2014_H5N6,-0.111505,0.003694,0.016342,-0.011295,Avian,N6
2354_A/goose/Zhejiang/771,A/goose/Zhejiang/77166/2014_H5N2,-0.107772,0.039649,0.010668,-0.021622,Avian,N2
2355_A/goose/Zhejiang/771,A/goose/Zhejiang/77167/2014_H5N2,-0.114119,0.022574,0.000459,-0.013949,Avian,N2
2356_A/goose/Zhejiang/771,A/goose/Zhejiang/77168/2014_H5N2,-0.114119,0.022574,0.000459,-0.013949,Avian,N2
2357_A/goose/Zhejiang/925,A/goose/Zhejiang/925036/2014_H5N6,-0.110661,-0.000072,0.010597,-0.015155,Avian,N6
2358_A/goose/Zhejiang/925,A/goose/Zhejiang/925037/2014_H5N8,0.154196,-0.074293,-0.035536,-0.045927,Avian,N8
2359_A/goose/Zhejiang/925,A/goose/Zhejiang/925104/2014_H5N8,0.120536,-0.153849,-0.084598,-0.012681,Avian,N8
2360_A/goose/Zhejiang/925,A/goose/Zhejiang/925105/2014_H5N6,-0.112518,-0.03856,0.011961,-0.039099,Avian,N6
2361_A/goose/Zhejiang/925,A/goose/Zhejiang/925106/2014_H5N6,0.12163,-0.150708,-0.084052,-0.012067,Avian,N6
2362_A/goose/Zhejiang/925,A/goose/Zhejiang/925108/2014_H5N6,-0.107353,-0.038031,0.007555,-0.038069,Avian,N6
2363_A/great_black-headed,A/great_black-headed_gull/Qinghai/8/2009_H5N1,-0.035328,-0.036022,-0.016838,0.034639,Avian,N1
2364_A/great_crested-greb,A/great_crested-grebe/Qinghai/1/2009_H5N1,-0.044377,0.026698,-0.025925,0.038521,Avian,N1
2365_A/great_egret/Hong_K,A/great_egret/Hong_Kong/807/2008_H5N1,-0.052606,0.005012,-0.050178,-0.008199,Avian,N1
2366_A/great_tit/Panjing/,A/great_tit/Panjing/PJ-66/2013_H5N1,-0.077064,-0.022101,-0.038024,-0.000726,Avian,N1
2367_A/green-winged_teal/,A/green-winged_teal/Xianghai/430/2011_H5N2,0.132055,-0.050211,-0.058799,-0.037837,Avian,N2
2368_A/grey_heron/Hong_Ko,A/grey_heron/Hong_Kong/1046/2008_H5N1,-0.03454,-0.013196,-0.025615,-0.001961,Avian,N1
2369_A/grey_heron/Hong_Ko,A/grey_heron/Hong_Kong/3088/2007_H5N1,-0.064766,0.005504,-0.034212,0.002836,Avian,N1
2370_A/heron/Kaohsiung/15,A/heron/Kaohsiung/15WB3284-1-5/2015_H5N3,0.071178,0.060218,-0.055471,0.023985,Avian,Others
2371_A/heron/Yilan/17DB00,A/heron/Yilan/17DB0001/2017_H5N2,0.086805,0.087991,-0.048366,0.040149,Avian,N2
2372_A/hill_myna/Heilongj,A/hill_myna/Heilongjiang/0704/2012_H5N1,-0.064399,-0.025253,-0.019316,0.010634,Avian,N1
2373_A/lesser_kestrel/Hei,A/lesser_kestrel/Heilongjiang/194/2007_H5N1,-0.082045,-0.023229,-0.047689,0.028474,Avian,N1
2374_A/lion/Hubei/1-2/201,A/lion/Hubei/1-2/2016_H5N1,-0.073067,-0.065014,-0.035558,-0.013488,Nonhuman Mammal,N1
2375_A/little_egret/Hong_,A/little_egret/Hong_Kong/8550/2007_H5N1,-0.038329,0.039543,-0.021873,0.012306,Avian,N1
2376_A/little_grebe/Xiang,A/little_grebe/Xianghai/429/2011_H5N2,0.095086,0.019744,-0.003923,0.022033,Avian,N2
2377_A/magpie_robin/Hong_,A/magpie_robin/Hong_Kong/1097/2008_H5N1,-0.046781,0.005501,-0.028354,-0.003465,Avian,N1
2378_A/magpie_robin/Hong_,A/magpie_robin/Hong_Kong/1897/2008_H5N1,-0.048388,0.007929,-0.030042,0.001145,Avian,N1
2379_A/mallard/Shanghai/S,A/mallard/Shanghai/SH-9/2013_H5N8,0.136592,-0.168067,-0.071287,-0.009761,Avian,N8
2380_A/meerkat/Shanghai/S,A/meerkat/Shanghai/SH-1/2012_H5N1,-0.040372,-0.000051,-0.011344,0.006012,Avian,N1
2381_A/migratory_waterfow,A/migratory_waterfowl/Hubei/Chenhu1306/2014_H5N6,-0.104948,0.005317,0.006855,-0.015335,Avian,N6
2382_A/migratory_waterfow,A/migratory_waterfowl/Hubei/Chenhu1347/2014_H5N6,-0.104948,0.005317,0.006855,-0.015335,Avian,N6
2383_A/mink/China/181/201,A/mink/China/181/2019_H5N6,-0.112281,0.002947,0.020641,-0.01118,Nonhuman Mammal,N6
2384_A/mink/China/183/201,A/mink/China/183/2019_H5N6,-0.102104,0.004901,0.012931,-0.005711,Nonhuman Mammal,N6
2385_A/mink/China/191/201,A/mink/China/191/2019_H5N6,-0.098266,0.004348,0.011476,-0.000737,Nonhuman Mammal,N6
2386_A/mink/China/456/201,A/mink/China/456/2018_H5N6,-0.112875,0.004358,0.025216,-0.010811,Nonhuman Mammal,N6
2387_A/mink/China/G/2015_,A/mink/China/G/2015_H5N1,-0.105638,-0.042955,-0.029826,0.032747,Nonhuman Mammal,N1
2388_A/mink/China/XB/2015,A/mink/China/XB/2015_H5N1,-0.065435,-0.043965,-0.021579,-0.027234,Nonhuman Mammal,N1
2389_A/mink/Eastern_China,A/mink/Eastern_China/006/2018_H5N6,-0.086985,0.008671,0.027052,-0.015373,Nonhuman Mammal,N6
2390_A/mink/Eastern_China,A/mink/Eastern_China/0712/2018_H5N1,0.044111,-0.007228,0.04918,-0.153386,Nonhuman Mammal,N1
2391_A/mink/Eastern_China,A/mink/Eastern_China/149/2018_H5N6,-0.098335,0.020164,0.036373,0.004365,Nonhuman Mammal,N6
2392_A/mink/Eastern_China,A/mink/Eastern_China/528/2018_H5N6,-0.085629,0.009326,0.019985,-0.018414,Nonhuman Mammal,N6
2393_A/mink/Eastern_China,A/mink/Eastern_China/571/2018_H5N6,-0.115874,0.002584,0.018429,-0.011475,Nonhuman Mammal,N6
2394_A/mink/Northern_Chin,A/mink/Northern_China/110/2018_H5N6,-0.086063,0.000889,0.037548,-0.01066,Nonhuman Mammal,N6
2395_A/night_heron/Taiwan,A/night_heron/Taiwan/A289/2015_H5N2,0.072955,0.077891,-0.053501,0.036598,Avian,N2
2396_A/oriental_magpie_ro,A/oriental_magpie_robin/HK/6154/2015_H5N6,-0.036068,-0.040019,-0.010111,-0.055788,Avian,N6
2397_A/ostrich/Suzhou/097,A/ostrich/Suzhou/097/2003_H5N1,-0.014753,0.006537,-0.028936,-0.019193,Avian,N1
2398_A/parrot/Guangdong/2,A/parrot/Guangdong/258/2004_H5N2,0.068198,-0.024405,-0.048759,0.070584,Avian,N2
2399_A/parrot/Guangdong/C,A/parrot/Guangdong/C99/2005_H5N1,-0.030767,0.006774,-0.013662,0.026105,Avian,N1
2400_A/partridge/Shantou/,A/partridge/Shantou/2886/2003_H5N1,0.121558,0.043836,-0.027167,-0.073635,Avian,N1
2401_A/peacock/Yunnan/1/2,A/peacock/Yunnan/1/2015_H5N1,-0.085602,-0.037035,-0.050265,0.004948,Avian,N1
2402_A/peacock/Yunnan/3/2,A/peacock/Yunnan/3/2015_H5N1,-0.100063,-0.03085,-0.04644,0.005179,Avian,N1
2403_A/peregrine_falcon/H,A/peregrine_falcon/Hong_Kong/2142/2008_H5N1,-0.039373,-0.025302,-0.059124,0.036981,Avian,N1
2404_A/pheasant/Shantou/3,A/pheasant/Shantou/3535/2003_H5N1,0.007435,-0.005382,-0.023484,-0.002046,Avian,N1
2405_A/pheasant/Shantou/4,A/pheasant/Shantou/4567/2002_H5N1,-0.041324,0.01098,-0.016335,0.008682,Avian,N1
2406_A/pied_megpie/Liaoni,A/pied_megpie/Liaoning/7/2006_H5N1,0.0129,-0.019484,0.005925,0.00444,Avian,N1
2407_A/pigeon/Fujian/1.17,A/pigeon/Fujian/1.17_FZHX0104-O/2017_H5N6,-0.0763,0.022543,-0.002972,-0.008184,Avian,N6
2408_A/pigeon/Hainan/1.14,A/pigeon/Hainan/1.14_HKPL006-C/2018_H5N6,-0.119805,-0.002042,0.019302,-0.019381,Avian,N6
2409_A/pigeon/Hubei/RP25/,A/pigeon/Hubei/RP25/2012_H5N1,-0.041637,-0.067965,-0.055722,0.034883,Avian,N1
2410_A/pigeon/Sichuan/NCX,A/pigeon/Sichuan/NCXN29/2014_H5N1,-0.133039,0.001166,0.023881,0.016081,Avian,N1
2411_A/pigeon/Zhejiang/11,A/pigeon/Zhejiang/112089/2014_H5N1,-0.084846,-0.035287,-0.032487,0.00499,Avian,N1
2412_A/pigeon/Zhejiang/11,A/pigeon/Zhejiang/112090/2014_H5N1,-0.060189,-0.047844,-0.020014,-0.002122,Avian,N1
2413_A/pigeon/Zhejiang/72,A/pigeon/Zhejiang/727097/2014_H5N1,-0.048433,0.00771,-0.011039,-0.019645,Avian,N1
2414_A/plateau_pika/Qingh,A/plateau_pika/Qinghai/04/2007_H5N1,0.132549,0.030797,-0.026147,-0.05873,Nonhuman Mammal,N1
2415_A/quail/Guangxi/11/2,A/quail/Guangxi/11/2002_H5N1,0.18237,-0.043061,0.035088,-0.074914,Avian,N1
2416_A/quail/Guangxi/12/2,A/quail/Guangxi/12/2002_H5N1,0.18237,-0.043061,0.035088,-0.074914,Avian,N1
2417_A/quail/Guangxi/13/2,A/quail/Guangxi/13/2002_H5N1,0.18237,-0.043061,0.035088,-0.074914,Avian,N1
2418_A/quail/Jiangsu/k010,A/quail/Jiangsu/k0104/2010_H5N5,0.121228,-0.149384,-0.051793,-0.026519,Avian,Others
2419_A/quail/Nanchang/663,A/quail/Nanchang/6631/2013_H5N1,-0.081178,0.022435,0.012294,-0.005902,Avian,N1
2420_A/shrike/Tibet/13/20,A/shrike/Tibet/13/2006_H5N1,-0.052756,0.002609,-0.044743,0.03749,Avian,N1
2421_A/silkie_chicken/Don,A/silkie_chicken/Dongguan/2809/2013_H5N6,-0.106437,0.001638,0.003942,-0.001812,Avian,N6
2422_A/silky_chicken/Shan,A/silky_chicken/Shantou/475/2004_H5N1,-0.04169,0.027777,-0.034471,0.021901,Avian,N1
2423_A/spot-billed_duck/N,A/spot-billed_duck/Ningxia/YG83/2017_H5N6,0.126128,0.030227,0.069177,0.032534,Avian,N6
2424_A/spot-billed_duck/N,A/spot-billed_duck/Ningxia/YG87/2017_H5N6,0.133152,0.024136,0.053245,0.027801,Avian,N6
2425_A/spot-billed_duck/N,A/spot-billed_duck/Ningxia/YG93/2017_H5N6,0.141367,0.015204,0.053682,0.02399,Avian,N6
2426_A/spot-billed_duck/X,A/spot-billed_duck/Xianghai/427/2011_H5N2,0.08416,-0.022594,-0.089384,-0.000264,Avian,N2
2427_A/swan_goose/Jilin/J,A/swan_goose/Jilin/JL01/2014_H5N6,-0.118979,-0.045882,0.035076,-0.052546,Avian,N6
2428_A/swan/China/ST/2016,A/swan/China/ST/2016_H5N8,0.100219,0.0238,-0.051589,0.022885,Avian,N8
2429_A/swan/Shandong/W376,A/swan/Shandong/W3762/2020_H5N8,0.132865,-0.024322,0.06155,0.024116,Avian,N8
2430_A/swan/Shanghai/10/2,A/swan/Shanghai/10/2009_H5N1,-0.086557,-0.030354,-0.052989,0.020635,Avian,N1
2431_A/swine/China/RZ/201,A/swine/China/RZ/2018_H5N6,-0.090615,-0.013325,0.01621,-0.031998,Nonhuman Mammal,N6
2432_A/swine/Guangdong/1/,A/swine/Guangdong/1/2014_H5N6,-0.112827,0.002671,0.009937,-0.003259,Nonhuman Mammal,N6
2433_A/swine/Guangdong/2/,A/swine/Guangdong/2/2014_H5N6,-0.108434,0.001188,-0.001804,-0.010025,Nonhuman Mammal,N6
2434_A/swine/Guangxi/592/,A/swine/Guangxi/592/2011_H5N1,-0.103946,-0.033986,-0.012616,0.055704,Nonhuman Mammal,N1
2435_A/swine/Jiangsu/1/20,A/swine/Jiangsu/1/2008_H5N1,-0.024709,0.059386,0.013646,0.028033,Nonhuman Mammal,N1
2436_A/swine/Jiangsu/2/20,A/swine/Jiangsu/2/2009_H5N1,-0.013288,0.074496,-0.010087,0.024274,Nonhuman Mammal,N1
2437_A/swine/Shandong/SD1,A/swine/Shandong/SD1/2014_H5N1,0.104365,0.072948,0.018461,-0.028134,Nonhuman Mammal,N1
2438_A/swine/Zhejiang/SW5,A/swine/Zhejiang/SW57/2015_H5N1,-0.048433,0.00771,-0.011039,-0.019645,Nonhuman Mammal,N1
2439_A/thrush/Taipei_City,A/thrush/Taipei_City/15120021/2015_H5N2,0.081182,0.074936,-0.049097,0.045792,Avian,N2
2440_A/thrush/Taiwan/A234,A/thrush/Taiwan/A234/2015_H5N2,0.078398,0.073104,-0.054077,0.040702,Avian,N2
2441_A/tiger/Yunnan/tig14,A/tiger/Yunnan/tig1404/2014_H5N1,-0.122979,-0.004685,0.015871,0.012039,Nonhuman Mammal,N1
2442_A/tiger/Yunnan/tig14,A/tiger/Yunnan/tig1412/2014_H5N1,-0.101733,0.000139,-0.004273,0.001552,Nonhuman Mammal,N1
2443_A/tiger/Yunnan/tig15,A/tiger/Yunnan/tig1508/2015_H5N1,-0.041315,-0.054641,-0.034673,-0.040907,Nonhuman Mammal,N1
2444_A/turkey/Changhua/16,A/turkey/Changhua/16010011-1/2016_H5N2,0.075873,0.083941,-0.052076,0.033546,Avian,N2
2445_A/turkey/Chiayi/1702,A/turkey/Chiayi/17020092-2/2017_H5N8,0.082867,0.074206,-0.056254,-0.033206,Avian,N8
2446_A/turkey/Chiayi/1801,A/turkey/Chiayi/18010013-3/2018_H5N2,0.075061,0.061679,-0.020008,0.055971,Avian,N2
2447_A/turkey/Yunlin/1506,A/turkey/Yunlin/15060049-1/2015_H5N2,0.076205,0.075556,-0.045419,0.041547,Avian,N2
2448_A/turkey/Yunlin/1802,A/turkey/Yunlin/18020020-2/2018_H5N2,0.073837,0.061088,-0.01363,0.058715,Avian,N2
2449_A/turkey/Yunlin/1811,A/turkey/Yunlin/18110001-3/2018_H5N2,0.115292,0.056227,0.026098,0.021125,Avian,N2
2450_A/turkey/Yunlin/1812,A/turkey/Yunlin/18120005-2/2018_H5N2,0.09702,-0.007382,-0.065337,0.056107,Avian,N2
2451_A/turtle_dove/Guangd,A/turtle_dove/Guangdong/300/2005_H5N1,-0.043203,0.006997,-0.053114,0.04684,Avian,N1
2452_A/turtledove/Wuhan/H,A/turtledove/Wuhan/HKBJ43/2015_H5N6,-0.10515,-0.000089,0.011424,0.002602,Avian,N6
2453_A/turtledove/Wuhan/W,A/turtledove/Wuhan/WHBJ12/2014_H5N6,-0.10515,-0.000089,0.011424,0.002602,Avian,N6
2454_A/turtledove/Wuhan/W,A/turtledove/Wuhan/WHBJ28/2014_H5N6,-0.10515,-0.000089,0.011424,0.002602,Avian,N6
2455_A/waterfowl/Hong_Kon,A/waterfowl/Hong_Kong/378.5/2001_H5N1,0.194337,0.000027,0.039704,-0.06443,Avian,N1
2456_A/white-naped_crane/,A/white-naped_crane/China/ya3/2018_H5N6,-0.107984,-0.006661,0.018263,0.0021,Avian,N6
2457_A/whooper_swan/Shanx,A/whooper_swan/Shanxi/RC01/2016_H5N8,0.096474,0.033967,-0.060013,0.033228,Avian,N8
2458_A/wild_bird/Eastern_,A/wild_bird/Eastern_China/1754/2017_H5N3,0.104404,0.042594,0.00213,0.038301,Avian,Others
2459_A/wild_bird/Eastern_,A/wild_bird/Eastern_China/1758/2017_H5N3,0.106534,0.030877,0.014629,0.031168,Avian,Others
2460_A/wild_bird/Eastern_,A/wild_bird/Eastern_China/1759/2017_H5N3,0.109157,0.046745,-0.002468,0.036095,Avian,Others
2461_A/wild_bird/Taipei/0,A/wild_bird/Taipei/04WB12-522-11-15/2004_H5N6,0.106177,0.05016,-0.008719,0.039105,Avian,N6
2462_A/wild_duck/Fujian/1,A/wild_duck/Fujian/1/2011_H5N1,-0.075813,-0.038874,-0.028004,0.010799,Avian,N1
2463_A/wild_duck/Fujian/2,A/wild_duck/Fujian/2/2011_H5N1,-0.077459,-0.033932,-0.02946,0.014625,Avian,N1
2464_A/wild_duck/Jilin/HF,A/wild_duck/Jilin/HF/2011_H5N1,-0.091506,-0.032107,-0.051791,0.02439,Avian,N1
2465_A/wild_duck/Jilin/ZF,A/wild_duck/Jilin/ZF/2011_H5N1,-0.029288,0.006164,-0.021894,0.03966,Avian,N1
2466_A/wild_duck/Liaoning,A/wild_duck/Liaoning/8/2006_H5N1,-0.031975,0.018818,-0.010516,0.029619,Avian,N1
2467_A/wild_duck/Shandong,A/wild_duck/Shandong/1/2011_H5N1,0.137105,-0.210952,-0.038662,-0.012087,Avian,N1
2468_A/wild_duck/Shandong,A/wild_duck/Shandong/2/2011_H5N1,-0.081441,-0.028157,-0.037284,0.034097,Avian,N1
2469_A/wild_duck/Shandong,A/wild_duck/Shandong/628/2011_H5N1,0.13797,-0.214225,-0.039272,-0.013369,Avian,N1
2470_A/wild_duck/Shandong,A/wild_duck/Shandong/W3580/2020_H5N8,0.122304,-0.019655,0.136209,0.058268,Avian,N8
2471_A/wild_pigeon/Jilin/,A/wild_pigeon/Jilin/CC01/2014_H5N6,-0.112298,0.00763,0.039049,0.0145,Avian,N6
2472_A/Eurasian_Wigeon/Ni,A/Eurasian_Wigeon/Ningxia/476-12/2015_H5N6,-0.066594,0.009709,0.023818,-0.028016,Avian,N6
