1_A/Indonesia/5/2005 15	9	13	4	20	13	7	12	3	8	0	0	13	4	1	12	15	6	5	1	12	5	8	2	6	14	12	5	13	6	6	5	24	5	12	11	9	14	20	8	14	16	33	17	25	3	21	10	5	8	23	5	5	8	13	5	6	20	46	17	14	5	32	8	
2_A/Hong_Kong/483/1997 12	8	10	3	24	11	10	12	5	8	0	0	9	6	1	12	15	5	7	3	11	6	7	1	12	13	10	5	10	7	8	3	22	8	12	5	14	11	19	12	16	19	34	20	27	0	17	12	5	10	22	4	3	8	18	7	0	19	39	14	18	2	35	11	
3_A/Hong_Kong/482/97 13	9	11	3	23	10	8	13	5	8	0	0	9	6	1	12	15	6	7	3	11	5	7	1	11	14	10	4	12	7	8	4	22	8	12	4	13	10	20	12	15	20	35	19	26	0	15	14	6	9	21	4	3	7	17	7	1	19	42	14	18	3	34	11	
4_A/Chicken/HongKong/F 18	11	10	3	18	12	9	13	3	7	0	0	14	2	1	12	14	7	4	1	12	5	9	2	6	13	12	5	14	7	6	5	24	6	11	12	9	13	19	7	15	15	33	16	25	3	20	13	5	6	23	3	6	11	14	8	6	18	47	17	13	5	31	8	
5_A/Chicken/HongKong/Y 17	9	12	3	19	10	8	13	5	11	0	0	12	1	1	12	19	7	5	1	8	7	8	2	7	14	12	5	11	5	8	6	23	8	10	11	10	10	20	8	14	18	33	16	26	3	19	14	8	5	21	2	3	12	16	9	6	17	48	10	12	5	28	14	
6_A/Chicken/HongKong/Y 18	10	10	3	18	12	9	13	3	8	0	0	14	2	1	12	15	7	4	1	11	5	9	2	6	13	12	5	14	8	6	5	24	6	12	11	9	12	19	7	15	13	34	16	25	3	19	13	5	6	23	3	5	11	14	7	6	20	47	18	14	5	31	8	
7_A/Pheasant/Hong_Kong 17	10	10	2	19	12	9	14	3	8	0	0	13	3	1	12	14	8	4	1	12	5	9	2	5	12	12	5	15	7	6	4	24	7	12	10	9	12	19	7	16	16	32	16	25	3	21	14	7	5	23	4	4	11	14	8	5	17	47	17	14	5	31	8	
8_A/Hong_Kong/486/97 12	9	11	3	24	10	8	13	5	8	0	0	9	6	1	12	15	6	7	3	11	5	7	1	10	14	10	4	13	7	8	4	22	8	12	4	13	10	20	12	15	20	35	19	26	0	15	14	6	9	21	4	3	7	17	7	1	19	42	14	18	3	34	11	
9_A/Thailand/16/2004 17	10	11	4	19	12	8	12	3	8	0	0	12	3	1	12	15	6	6	1	12	5	7	2	6	14	12	5	14	7	6	5	23	6	12	11	11	13	19	8	13	15	35	16	25	3	19	13	5	6	23	3	4	10	14	6	7	20	47	16	14	5	31	9	
10_A/Hong_Kong/538/97 13	9	11	3	23	10	8	13	5	8	0	0	9	6	1	12	15	6	7	3	11	5	7	1	11	14	10	4	12	7	8	4	22	8	12	4	13	10	20	12	15	20	35	20	26	0	16	12	6	9	21	4	3	7	17	7	1	19	42	14	18	3	34	11	
11_A/chicken/Indonesia/ 16	10	12	4	19	12	8	12	3	9	0	0	13	3	1	12	16	6	5	1	12	5	8	2	5	13	12	5	12	7	6	5	25	7	11	11	8	12	20	8	14	15	34	18	26	3	20	10	6	8	22	6	4	9	15	4	5	19	46	17	15	5	32	8	
12_A/chicken/Korea/ES/0 13	11	15	3	23	9	5	13	5	10	0	0	10	3	1	12	15	5	4	1	11	6	8	2	10	13	13	6	11	8	6	3	21	8	10	5	9	11	20	14	15	19	33	21	26	1	20	10	6	4	19	3	5	12	19	10	5	19	45	10	13	5	31	13	
13_A/Hong_Kong/156/97 13	9	11	3	23	10	8	13	5	8	0	0	9	6	1	12	15	6	7	3	11	5	7	1	11	14	10	4	12	7	8	4	22	8	12	4	13	10	20	12	15	20	33	19	26	0	16	14	6	9	21	4	3	7	17	7	1	19	43	14	18	3	34	11	
14_A/whooper_swan/Mongo 17	10	11	4	19	12	8	12	4	9	0	0	12	3	1	12	15	6	6	1	11	5	7	2	6	13	12	5	14	7	6	5	24	7	10	12	9	13	21	7	14	15	34	19	25	3	19	10	6	5	24	4	5	10	14	5	5	20	49	16	14	5	28	10	
15_A/Vietnam/UT3062/200 17	10	11	4	19	12	8	12	3	8	0	0	11	4	1	12	15	6	6	1	12	5	7	2	6	14	12	5	15	7	6	5	23	6	12	11	10	13	19	8	14	15	34	16	25	3	20	12	5	6	23	4	4	10	14	6	7	20	47	16	14	4	31	9	
16_A/Anas_crecca/Hubei/ 13	10	12	2	23	9	7	14	6	11	0	0	9	3	1	12	16	9	5	1	10	4	8	2	11	14	13	7	9	6	5	3	23	6	15	8	9	10	16	11	17	20	29	17	26	3	25	12	7	7	20	3	4	9	17	9	5	19	47	10	14	3	28	13	
17_A/Anas_crecca/Hubei/ 13	10	12	2	23	9	7	14	6	11	0	0	9	3	1	12	16	9	5	1	10	4	8	2	11	14	13	7	9	6	5	3	23	6	15	8	9	10	16	11	17	20	29	17	26	3	25	12	7	7	20	3	4	9	17	9	5	19	47	10	14	3	28	13	
18_A/Anas_platyrhynchos 14	9	11	5	22	11	8	11	6	10	0	0	10	3	1	12	14	6	7	1	12	6	6	2	6	13	11	5	14	7	7	4	23	6	10	6	9	10	21	12	17	20	25	18	25	1	28	12	5	5	22	2	4	11	15	12	7	19	47	8	14	4	30	15	
19_A/Anas_platyrhynchos 14	9	11	5	22	11	8	11	6	10	0	0	10	3	1	12	14	6	7	1	12	6	6	2	6	13	11	5	14	7	7	4	23	6	10	6	9	10	21	12	17	20	25	18	25	1	28	12	5	5	22	2	4	11	15	12	7	19	47	8	14	4	30	15	
20_A/Anhui/1/2005|EPI_I 12	10	13	3	24	9	6	13	8	11	0	0	7	3	1	12	17	7	5	1	9	5	8	2	8	15	13	8	12	6	5	2	22	6	15	6	11	10	16	13	16	18	33	17	26	3	21	11	6	5	23	3	4	10	15	9	6	18	48	12	14	5	29	11	
21_A/Anhui/1/2006|EPI_I 12	11	13	3	24	9	6	13	9	11	0	0	6	2	1	12	17	7	5	1	9	5	8	2	7	15	13	8	13	6	5	2	23	6	17	6	10	10	15	13	16	19	33	19	26	2	20	10	6	5	20	3	4	10	16	9	6	18	48	9	14	5	30	14	
22_A/Anhui/2/2005|EPI_I 12	10	13	3	24	10	6	13	8	11	0	0	7	3	1	12	17	7	5	1	9	4	8	2	8	15	13	8	12	6	5	2	22	6	15	6	11	10	16	13	16	18	33	17	25	3	21	11	7	5	23	3	4	9	15	9	6	18	48	12	15	5	29	11	
23_A/Anhui/2021-00011/2 18	8	10	2	19	10	9	14	7	9	0	0	7	5	1	12	18	10	5	2	8	4	8	1	12	14	12	5	10	5	6	5	23	7	16	6	8	10	15	13	17	19	28	18	25	3	23	13	5	8	23	6	7	8	17	5	5	20	46	12	14	2	27	12	
24_A/Anhui/33163/2016|E 16	10	11	5	20	11	7	12	3	10	0	0	8	2	1	12	14	4	6	2	11	7	8	3	12	13	8	5	16	8	10	3	18	6	13	5	15	13	22	10	14	17	34	20	24	2	17	11	5	6	19	5	4	10	16	6	6	18	53	12	15	5	26	12	
25_A/Anser_albifrons/Hu 12	10	12	3	24	10	7	13	4	9	0	0	12	4	1	12	16	5	4	1	10	6	9	2	10	15	11	7	10	6	7	3	24	6	11	7	8	10	20	11	17	19	35	18	24	2	19	11	6	4	22	4	4	12	16	8	5	17	47	15	15	6	30	9	
26_A/Anser_cygnoides/Ch 13	8	13	2	23	11	6	14	6	11	0	0	10	3	1	12	18	7	5	1	8	5	8	2	11	14	12	7	9	7	6	3	24	6	16	8	7	9	14	12	17	19	27	15	26	4	26	14	7	7	20	3	5	10	19	9	5	21	46	11	13	1	27	13	
27_A/Anser_cygnoides/Hu 13	10	13	5	23	10	7	11	4	8	0	0	9	5	1	12	15	6	4	1	10	5	8	2	10	14	11	7	13	7	7	3	24	7	13	7	10	9	17	12	16	19	33	17	25	1	20	12	6	3	21	2	4	12	17	11	5	20	44	12	15	5	33	11	
28_A/Anser_fabalis/Huna 13	9	12	2	23	9	7	14	6	11	0	0	9	3	1	12	17	9	5	1	9	4	8	2	11	14	13	6	9	6	5	4	22	6	14	8	10	10	17	12	16	20	29	17	26	3	25	11	7	9	19	3	5	8	17	9	5	19	48	12	14	3	28	11	
29_A/Anser_fabalis/Jiuj 14	9	11	5	22	11	8	11	6	10	0	0	10	3	1	12	14	6	7	1	12	6	6	2	6	13	11	5	14	7	7	4	23	6	10	6	9	10	21	12	17	20	25	18	25	1	28	12	5	5	22	2	4	11	15	12	7	19	47	8	14	4	30	15	
30_A/bar_headed_goose/T 15	10	10	5	21	9	9	11	4	11	0	0	9	3	1	12	19	6	6	1	9	6	7	2	10	13	12	7	12	6	6	3	23	7	11	7	7	9	21	10	17	20	24	19	25	2	27	12	5	7	20	4	4	11	17	10	5	17	51	10	17	4	27	12	
31_A/Bar-headed_Goose/Q 14	10	12	3	22	10	7	13	5	8	0	0	10	5	1	12	15	6	6	1	10	3	8	2	10	14	13	9	12	9	5	2	24	5	13	5	8	12	18	12	17	19	33	14	25	2	20	14	5	5	20	3	5	9	18	10	8	19	42	12	12	5	34	12	
32_A/Bar-headed_Goose/Q 14	10	12	3	22	10	7	13	5	8	0	0	10	5	1	12	15	6	6	1	10	3	8	2	10	14	13	9	12	9	5	2	24	5	13	5	8	12	18	12	17	19	33	14	25	2	20	14	5	5	20	3	5	9	18	10	8	19	42	12	12	5	34	12	
33_A/Bar-headed_Goose/Q 14	10	12	3	22	10	7	13	5	9	0	0	10	4	1	12	15	6	6	1	10	3	8	2	10	14	13	9	12	9	5	2	24	5	13	5	8	12	18	12	17	20	33	14	25	1	20	14	5	5	20	3	5	9	18	10	8	19	42	12	12	5	34	12	
34_A/Bar-headed_Goose/Q 14	10	12	3	22	10	7	13	5	8	0	0	10	5	1	12	15	6	6	1	10	3	8	2	10	14	13	9	12	9	5	2	24	5	13	4	8	12	18	13	17	20	33	14	25	1	20	14	5	5	20	3	5	9	18	10	8	19	42	12	12	5	34	12	
35_A/Bar-headed_Goose/Q 14	10	12	3	22	10	7	13	5	8	0	0	10	5	1	12	15	6	6	1	10	3	8	2	10	14	13	9	12	9	5	2	24	5	13	5	8	12	18	12	17	20	33	14	25	1	20	14	5	5	20	3	5	9	18	10	8	19	42	12	12	5	34	12	
36_A/Bar-headed_Goose/Q 14	10	12	3	22	10	7	13	5	8	0	0	10	5	1	12	15	6	6	1	10	3	8	2	10	14	13	9	12	9	5	2	24	5	13	5	8	12	18	12	17	19	33	14	25	2	20	14	5	5	20	3	5	9	18	10	8	19	42	12	12	5	34	12	
37_A/Bar-headed_Goose/Q 14	10	12	3	22	10	7	13	5	8	0	0	10	5	1	12	15	6	6	1	10	3	8	2	10	14	13	9	12	9	5	2	24	5	13	5	8	12	19	12	17	19	32	14	25	2	20	14	5	5	20	3	5	9	18	10	8	19	42	12	12	5	34	12	
38_A/Bar-headed_Goose/Q 13	10	12	3	22	10	7	13	5	8	0	0	10	5	1	12	15	6	6	1	10	4	8	2	10	13	13	9	12	9	5	2	24	5	13	5	8	11	18	12	17	19	33	14	25	2	20	14	6	5	20	3	5	10	18	10	8	19	41	11	12	5	35	13	
39_A/Bar-headed_Goose/Q 14	10	12	3	22	10	7	13	5	8	0	0	10	5	1	12	15	6	6	1	10	3	8	2	10	14	13	9	12	9	5	2	24	5	13	5	8	12	18	12	17	20	33	14	25	1	20	14	5	5	20	3	5	9	18	10	8	19	42	12	12	5	34	12	
40_A/Bar-headed_Goose/Q 14	10	12	3	22	10	7	13	5	8	0	0	10	5	1	12	15	6	6	1	10	3	8	2	10	14	13	9	12	9	5	2	25	5	13	5	8	12	18	12	17	20	33	14	25	1	20	14	4	5	20	3	5	9	18	10	8	19	42	12	12	5	34	12	
41_A/Bar-headed_Goose/Q 14	10	12	3	22	10	7	13	5	8	0	0	10	5	1	12	15	6	6	1	10	3	8	2	10	14	13	9	12	9	5	2	24	5	13	5	8	12	18	12	17	20	33	14	25	1	20	14	5	5	20	3	5	9	18	10	8	19	42	12	12	5	34	12	
42_A/Bar-headed_Goose/Q 14	10	12	3	22	10	7	13	5	8	0	0	10	5	1	12	15	6	6	1	10	3	8	2	10	14	13	9	12	9	5	2	24	5	13	5	8	12	18	12	17	20	33	14	25	1	20	14	5	5	20	3	5	9	18	10	8	19	42	12	12	5	34	12	
43_A/Bar-headed_Goose/Q 14	10	12	3	22	10	7	13	5	8	0	0	10	5	1	12	15	6	6	1	10	3	8	2	10	14	13	9	12	9	5	2	24	5	13	5	8	12	18	12	17	20	33	14	25	1	20	14	5	5	20	3	5	9	18	10	8	19	42	12	12	5	34	12	
44_A/Bar-headed_Goose/Q 14	10	12	3	22	10	7	13	5	8	0	0	10	5	1	12	15	6	6	1	10	3	8	2	10	14	13	9	12	9	5	2	24	5	13	5	8	12	18	12	17	20	33	14	25	1	20	14	5	5	20	3	5	9	18	10	8	19	42	12	12	5	34	12	
45_A/Bar-headed_Goose/Q 14	10	12	3	22	10	7	13	5	8	0	0	10	5	1	12	15	6	6	1	10	3	8	2	10	14	13	9	12	9	5	2	24	5	13	5	8	12	18	12	17	19	33	14	25	2	20	14	5	5	20	3	5	9	18	10	8	19	42	12	12	5	34	12	
46_A/Bar-headed_Goose/Q 14	10	12	3	22	10	7	13	5	8	0	0	10	5	1	12	15	6	6	1	10	3	8	2	10	14	13	9	12	9	5	2	24	5	13	5	8	12	18	12	17	20	33	14	25	1	20	14	5	5	20	3	5	9	18	10	8	19	42	12	12	5	34	12	
47_A/Bar-headed_Goose/Q 14	10	12	3	22	10	7	13	5	8	0	0	10	5	1	12	15	6	6	1	10	4	8	2	10	13	13	9	12	9	5	2	24	5	13	5	8	11	18	12	17	19	33	14	25	2	19	15	5	5	20	3	5	10	18	10	8	19	41	11	12	5	35	13	
48_A/Bar-headed_Goose/Q 14	10	12	3	22	10	7	13	5	8	0	0	10	5	1	12	15	6	6	1	10	4	8	2	10	13	13	9	12	9	5	2	24	5	13	5	8	11	18	12	17	19	33	14	25	2	19	15	5	5	20	3	5	10	18	10	8	19	41	11	12	5	35	13	
49_A/Bar-headed_Goose/Q 13	10	12	3	22	10	7	13	5	8	0	0	11	5	1	12	15	6	6	1	10	4	8	2	10	13	13	9	12	9	5	2	24	5	13	5	8	11	18	12	17	19	33	14	25	2	19	15	5	5	20	3	5	10	18	10	8	19	41	11	12	5	35	13	
50_A/Bar-headed_Goose/Q 14	10	12	3	22	10	7	13	5	8	0	0	10	5	1	12	15	6	6	1	10	3	8	2	10	14	13	9	12	9	5	2	24	5	13	5	8	12	18	12	17	20	33	14	25	1	20	14	5	5	20	3	5	9	18	10	8	19	42	12	12	5	34	12	
51_A/Bar-headed_Goose/Q 14	10	12	3	22	10	7	13	5	8	0	0	10	5	1	12	15	6	6	1	10	3	8	2	10	14	13	9	12	9	5	2	24	5	13	5	8	12	18	12	17	19	33	14	25	2	20	14	5	5	20	3	5	9	18	10	8	19	42	12	12	5	34	12	
52_A/Bar-headed_Goose/Q 14	10	12	3	22	10	7	13	5	8	0	0	10	5	1	12	15	6	6	1	10	3	8	2	10	14	13	9	12	9	5	2	24	5	13	5	8	12	18	12	17	20	33	14	25	1	20	14	5	5	20	3	5	9	18	10	8	19	42	12	12	5	34	12	
53_A/Bar-headed_Goose/Q 14	10	12	3	22	10	7	13	5	8	0	0	10	5	1	12	15	6	6	1	10	3	8	2	10	14	13	9	12	9	5	2	24	5	13	5	8	12	18	12	17	19	33	14	25	2	20	14	5	5	20	3	5	9	18	10	8	19	42	12	12	5	34	12	
54_A/Bar-headed_Goose/Q 14	10	13	3	22	10	6	13	4	8	0	0	8	5	1	12	15	6	4	1	10	5	9	2	10	14	11	7	13	7	7	3	25	7	13	7	10	9	18	11	16	19	33	17	25	1	20	12	6	4	21	2	4	12	17	11	5	20	44	12	15	4	33	11	
55_A/Bar-headed_Goose/Q 14	10	13	3	22	10	6	13	4	8	0	0	8	5	1	12	15	6	4	1	10	5	9	2	10	14	11	7	13	7	7	3	25	7	13	7	10	9	18	11	16	19	33	17	25	1	20	12	6	4	21	2	4	12	17	11	5	20	44	12	15	4	33	11	
56_A/Bar-headed_Goose/Q 14	10	13	3	22	10	6	13	4	8	0	0	8	5	1	12	15	6	4	1	10	5	9	2	10	14	11	7	13	7	7	3	25	7	13	7	10	9	18	11	16	19	33	17	25	1	20	12	6	4	21	2	4	12	17	11	5	20	44	12	15	4	33	11	
57_A/Bar-headed_Goose/Q 14	10	13	3	22	10	6	13	4	8	0	0	8	5	1	12	15	6	4	1	10	5	9	2	10	14	11	7	13	7	7	3	25	7	13	7	10	9	18	11	16	19	33	17	25	1	20	12	6	4	21	2	4	12	17	11	5	20	44	12	15	4	33	11	
58_A/Bar-headed_Goose/Q 14	10	13	3	22	10	6	13	4	8	0	0	8	5	1	12	15	6	4	1	10	5	9	2	10	14	11	7	13	7	7	3	25	7	13	7	10	9	18	11	16	19	33	17	25	1	20	12	6	4	21	2	4	12	17	11	5	20	44	12	15	4	33	11	
59_A/Bar-headed_Goose/Q 14	10	12	3	22	10	7	13	5	8	0	0	10	5	1	12	15	6	6	1	10	4	8	2	10	13	13	9	12	9	5	2	24	5	13	5	8	11	18	12	17	19	33	14	25	2	19	15	5	5	20	3	5	10	18	10	8	19	41	11	12	5	35	13	
60_A/Bar-headed_Goose/Q 14	10	12	3	22	10	7	13	5	8	0	0	10	5	1	12	15	6	6	1	10	3	8	2	10	14	13	9	12	9	5	2	24	5	13	5	8	12	18	12	17	20	33	14	25	1	20	14	5	5	20	3	5	9	18	10	8	19	42	12	12	5	34	12	
61_A/Bar-headed_Goose/Q 14	10	12	3	22	10	7	13	5	8	0	0	10	5	1	12	15	6	6	1	10	3	8	2	10	14	13	9	12	9	5	2	24	5	13	5	8	12	18	12	17	20	33	14	25	1	20	14	5	5	20	3	5	9	18	10	8	19	42	12	12	5	34	12	
62_A/Bar-headed_Goose/Q 14	10	12	3	22	10	7	13	5	8	0	0	10	5	1	12	15	6	6	1	10	3	8	2	10	14	13	9	12	9	5	2	24	5	13	5	8	12	18	12	17	19	33	14	25	2	20	14	5	5	20	3	5	9	18	10	8	19	42	12	12	5	34	12	
63_A/Bar-headed_Goose/Q 14	10	12	3	22	10	7	13	5	8	0	0	10	5	1	12	15	6	6	1	10	3	8	2	10	14	13	9	12	9	5	2	24	5	13	5	8	12	18	12	17	20	33	14	25	1	20	14	5	5	20	3	5	9	18	10	8	19	42	12	12	5	34	12	
64_A/Bar-headed_Goose/Q 14	10	12	3	22	10	7	13	5	8	0	0	10	5	1	12	15	6	6	1	10	4	8	2	10	13	13	9	12	9	5	2	24	5	13	5	8	11	18	12	17	19	33	14	25	2	19	15	5	5	20	3	5	10	18	10	8	19	41	11	12	5	35	13	
65_A/Bar-headed_Goose/Q 14	10	13	3	22	10	6	13	4	8	0	0	8	5	1	12	15	6	4	1	10	5	9	2	10	14	11	7	13	7	7	3	25	7	13	7	10	9	18	11	16	19	33	17	25	1	20	12	6	4	21	2	4	12	17	11	5	20	44	12	15	4	33	11	
66_A/Bar-headed_Goose/Q 14	10	12	3	22	10	7	13	5	8	0	0	10	5	1	12	15	6	6	1	10	4	8	2	10	13	13	9	12	9	5	2	24	5	13	5	8	11	18	12	17	19	33	14	25	2	20	14	5	5	20	3	5	10	18	10	8	19	41	11	12	5	35	13	
67_A/Bar-headed_Goose/Q 14	10	12	3	22	8	7	13	8	12	0	0	8	3	1	12	18	8	5	1	7	5	8	2	12	18	13	7	8	3	6	4	24	6	16	5	7	10	16	14	16	18	33	17	26	4	18	13	5	6	20	3	6	10	15	9	6	19	50	13	13	3	27	11	
68_A/Bar-headed_Goose/Q 14	10	12	3	22	10	7	13	5	8	0	0	10	5	1	12	15	6	6	1	10	3	8	2	10	14	13	9	12	9	5	2	24	5	13	5	8	12	18	12	17	20	33	14	25	1	20	14	5	5	20	3	5	9	18	10	8	19	42	12	12	5	34	12	
69_A/Bar-headed_Goose/Q 14	10	12	3	22	10	7	13	5	8	0	0	10	5	1	12	15	6	6	1	10	3	8	2	10	14	13	9	12	9	5	2	24	5	13	5	8	12	18	12	17	20	33	14	25	1	20	14	5	5	20	3	5	9	18	10	8	19	42	12	12	5	34	12	
70_A/Bar-headed_Goose/Q 14	10	12	3	22	10	7	13	5	8	0	0	10	5	1	12	15	6	6	1	10	4	8	2	10	13	13	9	12	9	5	2	24	5	13	5	8	11	18	12	17	19	33	14	25	2	20	14	5	5	20	3	5	10	18	10	9	19	41	11	11	5	35	13	
71_A/Bar-headed_Goose/Q 14	10	12	3	22	10	7	13	5	8	0	0	10	5	1	12	15	6	6	1	10	4	8	2	10	13	13	9	12	9	5	2	24	5	13	5	8	11	18	12	17	19	33	14	25	2	20	14	5	5	20	3	5	10	18	10	9	19	41	11	11	5	35	13	
72_A/Bar-headed_Goose/Q 14	10	12	3	22	10	7	13	5	8	0	0	10	5	1	12	15	6	6	1	10	4	8	2	10	13	13	9	12	9	5	2	24	5	13	5	8	11	18	12	17	19	33	14	25	2	20	14	5	5	20	3	5	10	18	10	9	19	41	11	11	5	35	13	
73_A/Bar-headed_Goose/Q 14	10	12	3	22	10	7	13	5	8	0	0	10	5	1	12	15	6	6	1	10	4	8	2	10	13	13	9	12	9	5	2	24	5	13	5	8	11	18	12	17	19	33	14	25	2	20	14	5	5	20	3	5	10	18	10	9	19	41	11	11	5	35	13	
74_A/Bar-headed_Goose/Q 14	10	12	3	22	10	7	13	5	8	0	0	10	5	1	12	15	6	6	1	10	4	8	2	10	13	13	9	12	9	5	2	24	5	13	5	8	11	18	12	17	19	33	14	25	2	20	14	5	5	20	3	5	10	18	10	8	19	41	11	12	5	35	13	
75_A/Bar-headed_Goose/Q 14	10	12	3	22	10	7	13	5	8	0	0	10	5	1	12	15	6	6	1	10	3	8	2	10	14	13	9	12	9	5	2	24	5	13	5	8	12	18	12	17	20	33	14	25	1	20	14	5	5	20	3	5	9	18	10	8	19	42	12	12	5	34	12	
76_A/Bar-headed_Goose/Q 14	10	12	3	22	10	7	13	5	8	0	0	10	5	1	12	15	6	6	1	10	3	8	2	10	14	13	9	12	9	5	2	24	5	13	5	8	12	18	12	17	20	33	14	25	1	20	14	5	5	20	3	5	9	18	10	8	19	42	12	12	5	34	12	
77_A/Bar-headed_Goose/Q 14	10	12	3	22	10	7	13	5	8	0	0	10	5	1	12	15	6	6	1	10	3	8	2	10	14	13	9	12	9	5	2	24	5	13	5	8	12	18	12	17	19	33	14	25	2	20	14	5	5	20	3	5	9	18	10	8	19	42	12	12	5	34	12	
78_A/Bar-headed_Goose/Q 14	10	12	3	22	10	7	13	5	8	0	0	10	5	1	12	15	6	6	1	10	3	8	2	10	14	13	9	12	9	5	2	24	5	13	5	8	12	18	12	17	19	33	14	25	2	20	14	5	5	20	3	5	9	18	10	8	19	42	12	12	5	34	12	
79_A/Bar-headed_Goose/Q 14	10	12	3	22	10	7	13	5	8	0	0	10	5	1	12	15	6	6	1	10	3	8	2	10	14	13	9	12	9	5	2	24	5	13	5	8	12	18	12	17	19	33	14	25	2	20	14	5	5	20	3	5	9	18	10	8	19	42	12	12	5	34	12	
80_A/Bar-headed_Goose/Q 14	10	12	3	22	10	7	13	5	8	0	0	10	5	1	12	15	6	6	1	10	4	8	2	10	13	13	9	12	9	5	2	24	5	13	5	8	11	18	12	17	19	33	14	25	2	20	14	5	4	20	3	5	11	18	10	8	19	41	11	12	5	35	13	
81_A/Bar-headed_Goose/Q 14	10	12	3	22	10	7	13	5	8	0	0	10	5	1	12	15	6	6	1	10	4	8	2	10	13	13	9	12	9	5	2	24	5	13	5	8	11	18	12	17	19	33	14	25	2	20	14	5	4	20	3	5	11	18	10	8	19	41	11	12	5	35	13	
82_A/Bar-headed_Goose/Q 14	10	12	3	22	10	7	13	5	8	0	0	10	5	1	12	15	6	6	1	10	3	8	2	10	14	13	9	12	9	5	2	24	5	13	5	8	11	18	12	17	19	33	14	25	2	20	14	5	5	20	3	5	10	18	10	8	19	41	11	12	5	35	13	
83_A/Bar-headed_Goose/Q 14	10	12	3	22	10	7	13	5	8	0	0	10	5	1	12	15	6	6	1	10	3	8	2	10	14	13	9	12	9	5	2	24	5	13	5	8	11	18	12	17	19	33	14	25	2	20	14	5	5	20	3	5	10	18	10	8	19	41	11	12	5	35	13	
84_A/Bar-headed_Goose/Q 14	10	12	3	22	10	7	13	5	8	0	0	10	5	1	12	15	6	6	1	10	3	8	2	10	14	13	9	12	9	5	2	24	5	13	5	8	12	18	12	17	20	33	14	25	1	20	14	5	5	20	3	5	9	18	10	8	19	42	12	12	5	34	12	
85_A/Bar-headed_Goose/Q 14	10	12	3	22	10	7	13	5	8	0	0	10	5	1	12	15	6	6	1	10	3	8	2	10	14	13	9	12	9	5	2	24	5	13	5	8	12	18	12	17	20	33	14	25	1	20	14	5	5	20	3	5	9	18	10	8	19	42	12	12	5	34	12	
86_A/Bar-headed_Goose/Q 14	10	12	3	22	10	7	13	5	8	0	0	10	5	1	12	15	6	6	1	10	3	8	2	10	14	13	9	12	9	5	2	24	5	13	5	8	12	18	12	17	19	33	14	25	2	20	14	5	5	20	3	5	9	18	10	8	19	42	12	12	5	34	12	
87_A/Bar-headed_Goose/Q 14	10	12	3	22	10	7	13	5	8	0	0	10	5	1	12	15	6	6	1	10	3	8	2	10	14	13	9	12	9	5	2	24	5	13	5	8	12	18	12	17	19	33	14	25	2	20	14	5	5	20	3	5	9	18	10	8	19	42	12	12	5	34	12	
88_A/Bar-headed_Goose/Q 14	10	12	3	22	10	7	13	5	8	0	0	10	5	1	12	15	6	6	1	10	4	8	2	10	13	14	9	12	9	5	2	24	5	13	5	8	11	18	12	17	19	32	14	25	2	20	14	5	5	20	3	5	10	18	10	8	19	41	11	12	5	35	13	
89_A/Bar-headed_Goose/Q 14	10	12	3	22	10	7	13	5	8	0	0	10	5	1	12	15	6	6	1	10	4	8	2	10	13	14	9	12	9	5	2	24	5	13	5	8	11	18	12	17	19	32	14	25	2	20	14	5	5	20	3	5	10	18	10	8	19	41	11	12	5	35	13	
90_A/Bar-headed_Goose/Q 14	10	12	3	22	10	7	13	5	9	0	0	10	4	1	12	15	6	6	1	10	3	8	2	10	14	13	9	12	9	5	2	24	5	13	5	8	12	18	12	17	20	33	14	25	1	20	14	5	5	20	3	5	9	18	10	8	19	42	12	12	5	34	12	
91_A/Bar-headed_Goose/Q 14	10	12	3	22	10	7	13	5	9	0	0	10	4	1	12	15	6	6	1	10	3	8	2	10	14	13	9	12	9	5	2	24	5	13	5	8	12	18	12	17	20	33	14	25	1	20	14	5	5	20	3	5	9	18	10	8	19	42	12	12	5	34	12	
92_A/Bar-headed_Goose/Q 14	10	12	3	22	10	7	13	5	8	0	0	10	5	1	12	15	6	6	1	10	3	8	2	10	14	13	9	12	9	5	2	24	5	13	5	8	12	18	12	17	19	33	14	25	2	20	14	5	5	20	3	5	9	18	10	8	19	42	12	12	5	34	12	
93_A/Bar-headed_Goose/Q 14	10	12	3	22	10	7	13	5	8	0	0	10	5	1	12	15	6	6	1	10	3	8	2	10	14	13	9	12	9	5	2	24	5	13	5	8	12	18	12	17	19	33	14	25	2	20	14	5	5	20	3	5	9	18	10	8	18	42	13	12	5	34	12	
94_A/Bar-headed_Goose/Q 14	10	12	3	22	10	7	13	5	8	0	0	10	5	1	12	15	6	6	1	9	3	8	2	10	14	13	9	12	9	5	2	24	5	13	5	9	12	18	12	17	20	33	14	25	1	20	14	5	5	20	3	5	9	18	10	8	19	42	12	12	5	34	12	
95_A/Bar-headed_Goose/Q 14	10	12	3	22	10	7	13	6	8	0	0	9	5	1	12	15	6	5	2	10	3	8	2	10	14	13	9	12	9	5	2	24	5	13	5	8	12	18	12	17	20	33	14	25	1	20	14	5	5	20	3	5	9	18	10	8	19	42	12	12	5	34	12	
96_A/Bar-headed_Goose/Q 14	10	12	3	22	10	7	13	5	8	0	0	10	5	1	12	16	6	6	1	10	3	8	2	10	14	13	9	11	9	5	2	24	5	13	5	8	12	18	12	17	19	33	14	25	2	20	14	5	5	20	3	5	9	18	10	8	18	42	13	12	5	34	12	
97_A/Bar-headed_Goose/Q 14	10	12	3	22	10	7	13	5	8	0	0	10	5	1	12	15	6	6	1	10	3	8	2	10	14	13	9	12	9	5	2	24	5	13	5	8	12	18	12	17	19	33	14	25	2	20	14	5	5	20	3	5	9	18	10	8	19	42	12	12	5	34	12	
98_A/Bar-headed_Goose/Q 14	10	12	3	22	10	7	13	5	8	0	0	10	5	1	12	15	6	5	1	10	4	8	2	10	13	13	9	12	9	6	2	24	5	13	5	8	11	18	12	17	19	33	14	25	2	20	14	5	5	20	3	5	10	18	10	8	19	41	11	12	5	35	13	
99_A/Bar-headed_Goose/Q 14	10	12	3	22	10	7	13	5	8	0	0	10	5	1	12	15	6	6	1	10	4	8	2	10	13	13	9	12	9	5	2	24	5	13	5	8	11	18	12	17	19	33	14	25	2	20	14	5	5	20	3	5	10	18	10	8	19	41	11	12	5	35	13	
100_A/Bar-headed_Goose/Q 14	10	12	3	22	10	8	13	5	8	0	0	10	5	1	12	15	6	6	1	10	3	8	2	10	14	13	9	12	9	5	2	24	5	13	5	8	12	18	12	18	20	33	14	24	1	20	14	5	5	20	3	5	9	17	10	8	19	42	12	12	5	34	12	
101_A/Bar-headed_Goose/Q 14	10	12	3	22	10	8	13	5	8	0	0	10	5	1	12	15	6	6	1	10	3	8	2	10	14	13	9	12	9	5	2	24	5	13	5	8	12	18	12	18	20	33	14	24	1	20	14	5	5	20	3	5	9	17	10	8	19	42	12	12	5	34	12	
102_A/Bar-headed_Goose/Q 14	10	12	3	22	10	7	13	5	8	0	0	10	5	1	12	15	6	6	1	10	3	8	2	10	14	13	9	12	9	5	2	24	5	13	5	8	12	18	12	17	19	33	14	25	2	20	14	5	5	20	3	5	9	18	10	8	19	42	12	12	5	34	12	
103_A/Bar-headed_Goose/Q 14	10	12	3	22	10	7	13	5	8	0	0	10	5	1	12	15	6	6	1	10	3	8	2	10	14	13	9	12	9	5	2	24	5	13	5	8	12	18	12	17	20	33	14	25	1	20	14	5	5	20	3	5	9	18	10	8	19	42	12	12	5	34	12	
104_A/Bar-headed_Goose/Q 14	10	12	3	22	10	7	13	5	8	0	0	10	5	1	12	15	6	6	1	10	4	8	2	10	13	13	9	12	9	5	2	24	5	13	5	8	11	18	12	17	19	33	14	25	2	19	15	5	5	20	3	5	10	18	10	8	19	41	11	12	5	35	13	
105_A/Bar-headed_Goose/Q 14	10	12	3	22	10	7	13	5	8	0	0	10	5	1	12	15	6	6	1	10	4	8	2	10	13	13	9	12	9	5	2	24	5	13	5	8	11	18	12	17	19	33	14	25	2	19	15	5	5	20	3	5	10	18	10	8	19	41	11	12	5	35	13	
106_A/Bar-headed_goose/Q 13	9	13	2	23	10	6	14	7	10	0	0	9	4	1	12	19	8	5	1	7	5	8	2	10	14	13	7	9	6	5	4	25	6	17	8	7	10	14	12	16	20	30	16	27	3	23	12	7	8	20	3	5	8	19	9	5	20	43	10	13	2	30	13	
107_A/Bar-headed_goose/Q 13	9	13	2	23	10	6	14	7	10	0	0	9	4	1	12	19	7	5	1	7	6	8	2	10	14	13	7	9	6	5	4	25	6	17	8	7	10	14	12	16	20	30	16	27	3	23	12	7	8	20	3	5	8	19	9	5	20	43	10	13	2	30	13	
108_A/Bar-headed_goose/Q 13	9	13	2	23	10	6	14	7	10	0	0	9	4	1	12	19	6	5	1	7	7	8	2	10	14	13	7	9	6	5	4	24	6	17	8	8	10	14	12	16	20	30	16	27	3	23	12	7	8	20	3	5	8	19	9	5	20	43	10	13	2	30	13	
109_A/Bar-headed_goose/Q 13	9	13	2	23	10	6	14	7	10	0	0	9	4	1	12	19	8	5	1	7	5	8	2	10	14	13	7	9	6	5	4	25	6	17	8	7	10	14	12	16	20	30	16	27	3	23	12	7	8	20	3	5	8	19	9	5	20	43	10	13	2	30	13	
110_A/Bar-headed_goose/Q 13	9	13	2	23	10	6	14	7	10	0	0	9	4	1	12	19	7	5	1	7	6	8	2	10	14	13	7	9	6	5	4	25	6	18	7	7	10	14	12	16	20	30	16	27	3	23	12	7	8	20	3	5	8	19	9	5	20	43	10	13	2	30	13	
111_A/Bar-headed_goose/Q 13	9	13	2	23	10	6	14	7	10	0	0	9	4	1	12	19	7	5	1	7	6	8	2	10	14	13	7	9	6	5	4	25	6	18	7	7	10	14	12	16	20	30	16	27	3	23	12	7	8	20	3	5	8	19	9	5	20	43	10	13	2	30	13	
112_A/Bar-headed_goose/Q 13	9	13	2	23	10	6	14	7	10	0	0	9	4	1	12	19	8	5	1	7	5	8	2	10	14	13	7	9	6	5	4	25	6	17	8	7	10	14	12	16	20	30	16	27	3	23	12	7	8	20	3	5	8	19	9	5	20	43	10	13	2	30	13	
113_A/Bar-headed_goose/Q 13	9	13	2	23	10	6	14	7	10	0	0	9	4	1	12	19	8	5	1	7	5	8	2	10	14	13	7	9	6	5	4	25	6	17	8	7	10	14	12	16	20	30	16	27	3	23	12	7	8	20	3	5	8	19	9	5	20	43	10	13	2	30	13	
114_A/Bar-headed_Goose/Q 14	10	12	3	22	10	7	13	5	9	0	0	10	4	1	12	15	6	6	1	10	3	8	2	10	14	13	9	12	9	5	2	24	5	13	5	8	12	18	12	17	20	33	14	25	1	20	14	5	5	20	3	5	9	18	10	8	19	42	12	12	5	34	12	
115_A/Bar-headed_Goose/Q 14	10	12	3	22	10	7	13	5	9	0	0	10	4	1	12	15	6	6	1	10	3	8	2	10	14	13	9	12	9	5	2	24	5	13	5	8	12	18	12	17	20	33	14	25	1	20	14	5	5	20	3	5	9	18	10	8	19	42	12	12	5	34	12	
116_A/Bar-headed_Goose/Q 14	10	12	3	22	10	7	13	5	8	0	0	10	5	1	12	15	6	6	1	10	3	8	2	10	14	13	9	12	9	5	2	24	5	13	5	8	12	18	12	17	20	33	14	25	1	20	14	5	5	20	3	5	9	18	10	8	19	42	12	12	5	34	12	
117_A/Bar-headed_Goose/Q 14	10	12	3	22	10	7	13	5	9	0	0	10	4	1	12	15	6	6	1	10	3	8	2	10	14	13	9	12	9	5	2	24	5	13	5	8	12	18	12	17	20	33	14	25	1	20	14	5	5	20	3	5	9	18	10	8	19	42	12	12	5	34	12	
118_A/Bar-headed_Goose/Q 14	10	12	3	22	10	7	13	5	8	0	0	10	5	1	12	15	6	6	1	10	3	8	2	10	14	13	9	12	9	5	2	24	5	13	5	8	12	18	12	17	19	33	14	25	2	20	14	5	5	20	3	5	9	18	10	8	19	42	12	12	5	34	12	
119_A/Bar-headed_Goose/Q 14	10	12	3	22	10	8	13	5	8	0	0	10	5	1	12	15	6	6	1	10	3	8	2	10	14	13	9	12	9	5	2	24	5	13	5	8	12	18	12	18	20	33	14	24	1	20	14	5	5	20	3	5	9	17	10	8	19	42	12	12	5	34	12	
120_A/Bar-headed_Goose/Q 14	10	12	3	22	10	8	13	5	8	0	0	10	5	1	12	15	6	6	1	10	3	8	2	10	14	13	9	12	9	5	2	24	5	13	5	8	12	18	12	18	20	33	14	24	1	20	14	5	5	20	3	5	9	17	10	8	19	42	12	12	5	34	12	
121_A/Bar-headed_Goose/T 14	10	10	5	22	9	9	11	5	11	0	0	8	3	1	12	19	6	6	1	9	6	7	2	10	13	12	7	12	6	6	3	23	7	11	7	7	9	21	10	17	20	24	20	25	2	27	11	5	7	20	4	4	11	17	10	5	17	51	10	17	4	27	12	
122_A/Bar-headed_Goose/T 15	10	10	5	21	9	9	11	4	11	0	0	9	3	1	12	19	6	6	1	9	6	7	2	10	13	12	7	12	6	6	3	23	7	11	7	7	9	21	10	17	20	24	19	25	2	27	12	5	7	20	4	4	11	17	10	5	17	51	10	17	4	27	12	
123_A/Bar-headed_Goose/T 15	10	10	5	21	9	9	11	4	11	0	0	9	3	1	12	19	6	6	1	9	6	7	2	10	13	12	7	12	6	6	3	23	7	11	7	7	9	21	10	17	20	24	19	25	2	27	12	5	7	20	4	4	11	17	10	5	17	52	10	17	4	26	12	
124_A/Bar-headed_Goose/T 14	10	10	5	22	9	9	11	5	11	0	0	8	3	1	12	19	6	6	1	9	6	7	2	10	13	12	7	12	6	6	3	23	7	11	7	7	9	21	10	17	20	24	20	25	2	27	11	5	7	20	4	4	11	17	10	5	17	51	10	17	4	27	12	
125_A/Bar-headed_Goose/T 14	10	11	4	22	10	8	12	3	12	0	0	12	3	1	12	16	7	6	1	8	6	7	2	11	10	10	7	12	7	8	3	26	6	10	8	8	10	21	10	16	17	32	19	25	4	22	10	4	4	19	2	4	12	18	11	8	18	41	13	13	5	35	11	
126_A/Bar-headed_Goose/T 14	10	11	4	22	10	8	12	3	12	0	0	12	3	1	12	16	7	6	1	8	6	7	2	11	10	10	7	12	7	8	3	26	6	10	8	8	10	21	10	16	17	32	19	25	4	22	10	4	4	19	2	4	12	18	11	8	18	41	13	13	5	35	11	
127_A/Bar-headed_Goose/T 15	10	10	5	21	9	9	11	4	11	0	0	9	3	1	12	19	6	6	1	9	6	7	2	10	13	12	7	12	6	6	3	23	7	11	7	7	9	21	10	17	20	24	19	25	2	27	12	5	7	20	4	4	11	17	10	5	17	51	10	17	4	27	12	
128_A/Bar-headed_Goose/T 15	10	10	5	21	9	9	11	4	11	0	0	9	3	1	12	19	6	6	1	9	6	7	2	10	13	12	7	12	6	6	3	23	7	11	7	7	9	21	10	17	20	24	19	25	2	27	12	5	7	20	4	4	11	17	10	5	17	51	10	17	4	27	12	
129_A/Bar-headed_Goose/T 15	10	10	5	21	9	9	11	4	11	0	0	9	3	1	12	19	6	6	1	9	6	7	2	10	13	12	7	12	6	6	3	23	7	11	7	7	9	21	10	17	20	24	19	25	2	27	12	5	7	20	4	4	11	17	10	5	17	51	10	17	4	27	12	
130_A/Bar-headed_Goose/T 15	10	10	5	21	9	9	11	4	11	0	0	9	3	1	12	19	6	6	1	9	6	7	2	10	13	12	7	12	6	6	3	23	7	11	7	7	9	21	10	17	20	24	19	25	2	27	12	5	7	20	4	4	11	17	10	5	17	51	10	17	4	27	12	
131_A/Bar-headed_Goose/T 15	10	10	5	21	9	9	11	4	11	0	0	9	3	1	12	19	6	6	1	9	6	7	2	10	13	12	7	12	6	6	3	23	7	11	7	7	9	21	10	17	20	24	19	25	2	27	12	5	7	20	4	4	11	17	10	5	17	51	10	17	4	27	12	
132_A/Bar-headed_Goose/T 14	10	10	5	22	9	9	11	4	11	0	0	9	3	1	12	19	6	6	1	9	6	7	2	10	13	12	7	12	6	6	3	23	7	11	7	7	9	21	10	17	20	24	20	25	2	27	11	5	7	20	4	4	11	17	10	5	17	51	10	17	4	27	12	
133_A/Bar-headed_Goose/T 14	10	10	5	22	9	9	11	5	11	0	0	8	3	1	12	19	6	6	1	9	6	7	2	10	13	12	7	12	6	6	3	23	7	11	7	7	9	21	10	17	20	24	20	25	2	27	11	5	7	20	4	4	11	17	10	5	17	51	10	17	4	27	12	
134_A/Bar-headed_Goose/T 14	10	10	5	22	9	9	11	5	11	0	0	8	3	1	12	19	6	6	1	9	6	7	2	10	13	12	7	12	6	6	3	23	7	11	7	7	9	21	10	17	20	23	21	25	2	27	11	5	7	20	4	4	11	17	10	5	17	51	10	17	4	27	12	
135_A/bean_goose/Hubei/B 15	10	10	5	21	9	9	11	4	11	0	0	9	3	1	12	18	7	6	1	9	6	7	2	10	13	12	7	12	6	6	3	23	7	11	7	7	9	21	10	17	20	25	19	25	2	26	12	5	7	20	4	4	11	17	10	6	17	51	10	16	4	27	12	
136_A/Bean_Goose/Hubei/c 18	12	13	6	18	9	6	10	3	7	0	0	8	4	1	12	16	7	9	4	11	6	4	3	7	11	11	3	17	8	8	3	22	9	14	10	10	11	18	8	17	16	26	19	25	1	26	10	5	9	24	6	5	7	11	8	8	20	49	13	12	3	29	11	
137_A/Bean_goose/Hubei/C 14	10	12	3	22	10	7	13	5	8	0	0	10	5	1	12	15	6	6	1	10	3	8	2	10	14	13	9	12	9	5	2	24	5	13	5	8	12	18	12	17	19	33	14	25	2	20	14	5	5	20	3	5	9	18	10	8	19	42	12	12	5	34	12	
138_A/Bean_goose/Hubei/C 14	10	12	3	22	10	7	13	5	8	0	0	10	5	1	12	15	6	6	1	10	3	8	2	10	14	13	9	12	9	5	2	24	5	13	5	8	12	18	12	17	19	33	14	25	2	20	14	5	5	20	3	5	9	18	10	8	19	42	12	12	5	34	12	
139_A/Bean_goose/Hubei/C 14	9	13	2	22	10	6	14	5	11	0	0	10	3	1	12	19	8	5	1	7	5	8	2	11	13	12	7	9	7	6	4	25	6	16	9	6	10	14	11	17	19	29	16	26	4	24	12	7	7	22	3	3	9	17	10	9	20	41	11	12	2	32	12	
140_A/Bean_goose/Hubei/C 14	10	12	3	22	11	6	13	5	8	0	0	10	5	1	12	15	6	6	1	10	5	8	2	10	14	13	9	12	9	5	2	24	5	13	5	8	11	18	12	17	19	33	14	25	2	20	14	5	5	20	3	5	8	18	10	8	19	42	12	12	5	34	12	
141_A/black_chicken/Jian 13	10	12	2	23	9	7	14	6	11	0	0	9	3	1	12	17	9	5	1	8	4	8	2	11	14	13	7	9	6	5	3	23	6	15	9	9	10	16	10	17	20	29	17	26	3	25	11	7	7	20	3	5	9	17	8	5	19	49	12	14	3	27	12	
142_A/Black_faced_Spoonb 16	10	12	4	21	9	7	12	5	10	0	0	10	3	1	12	18	8	6	1	9	6	7	2	9	13	10	7	13	6	8	3	20	7	10	6	8	11	21	12	17	18	33	20	26	1	20	9	6	4	21	2	4	13	15	11	6	18	45	15	13	5	34	8	
143_A/Black_Faced_Spoonb 14	11	11	4	22	9	8	12	3	10	0	0	11	4	1	12	16	7	6	1	8	6	7	2	12	11	10	7	12	7	8	3	23	7	10	8	8	10	21	10	17	19	31	19	25	2	21	11	6	5	20	2	4	11	17	11	7	18	44	12	13	5	33	12	
144_A/Black_Faced_Spoonb 15	10	12	4	22	9	7	12	5	10	0	0	10	3	1	12	17	9	6	1	9	5	7	2	10	13	10	7	12	6	8	3	21	7	11	6	8	10	21	12	17	19	34	20	26	1	19	9	6	3	20	2	4	14	15	11	5	18	47	15	14	5	32	8	
145_A/black_swan/Beijing 15	10	10	5	21	9	9	11	5	11	0	0	8	2	1	12	17	7	6	1	10	6	7	2	10	13	11	7	12	6	7	3	23	7	11	7	7	9	21	10	17	20	24	19	25	3	27	12	5	7	21	4	4	11	16	10	6	17	51	10	16	4	27	12	
146_A/black-backed_gull/ 15	10	10	5	21	9	9	11	4	11	0	0	9	3	1	12	18	7	6	1	9	6	7	2	10	13	11	7	12	6	7	3	23	7	11	7	8	9	21	10	17	20	24	19	25	2	27	12	5	7	20	3	3	11	17	11	6	17	51	10	16	4	27	12	
147_A/Black-necked_Grebe 14	10	12	3	23	8	7	13	8	12	0	0	6	3	1	12	18	7	5	1	6	6	8	2	12	18	12	7	9	3	6	4	24	6	17	4	8	10	16	14	17	19	31	18	26	4	20	13	5	6	21	3	6	10	15	9	6	18	50	12	13	3	26	11	
148_A/Black-necked_Grebe 14	10	12	2	22	8	7	14	9	12	0	0	7	3	1	12	18	7	5	2	7	6	8	1	12	18	13	6	9	3	6	4	24	6	16	5	7	10	16	14	16	20	32	16	26	4	20	13	5	6	21	3	6	10	15	9	6	18	50	13	13	2	26	11	
149_A/Black-necked_Grebe 13	10	12	2	22	8	7	14	10	12	0	0	7	3	1	12	18	7	5	2	7	6	8	1	12	18	13	6	9	3	6	4	24	6	16	5	7	10	16	14	15	20	33	16	26	4	20	13	5	6	21	3	6	10	15	9	6	18	50	13	13	2	26	11	
150_A/Black-necked_Grebe 14	10	12	2	22	8	7	14	9	12	0	0	7	3	1	12	18	7	5	2	7	6	8	1	12	18	13	6	9	3	6	4	24	6	16	5	7	10	16	14	16	20	32	16	26	4	20	13	5	6	21	3	6	10	15	9	6	18	50	13	13	2	26	11	
151_A/Black-necked_Grebe 14	10	12	2	22	8	7	14	9	12	0	0	7	3	1	12	18	7	5	2	7	6	8	1	12	18	13	6	9	3	6	4	24	6	16	5	7	10	16	14	16	20	32	16	26	4	20	13	5	6	21	3	6	10	15	9	6	18	50	13	13	2	26	11	
152_A/Black-necked_Grebe 14	10	12	2	22	8	7	14	9	12	0	0	7	3	1	12	18	7	5	2	7	6	8	1	12	18	13	6	9	3	6	4	24	6	16	5	7	10	16	14	16	20	32	16	26	4	20	13	5	6	21	3	6	10	15	9	6	18	50	13	13	2	26	11	
153_A/Black-necked_Grebe 13	10	12	2	22	8	7	14	10	12	0	0	7	3	1	12	18	7	5	2	7	6	8	1	12	18	13	6	9	3	6	4	24	6	16	5	7	10	16	14	15	20	33	16	26	4	20	13	5	6	21	3	6	10	15	9	6	18	50	13	13	2	26	11	
154_A/Black-necked_Grebe 13	10	12	2	22	8	7	14	10	12	0	0	7	3	1	12	18	7	5	2	8	6	7	1	12	18	13	6	9	3	6	4	24	6	16	5	7	10	16	14	15	20	33	16	26	4	20	13	5	6	21	3	6	10	15	9	6	18	50	13	13	2	26	11	
155_A/Brown-headed_Gull/ 14	10	12	3	22	10	7	13	5	8	0	0	10	5	1	12	15	6	6	1	10	3	8	2	10	14	13	9	12	9	5	2	24	5	13	5	8	12	18	12	17	19	33	14	25	2	20	14	5	5	20	3	5	9	18	10	8	19	42	12	12	5	34	12	
156_A/Brown-headed_Gull/ 14	10	12	3	22	10	7	13	5	8	0	0	10	5	1	12	15	6	6	1	10	3	8	2	10	14	13	9	12	9	5	2	24	5	13	5	8	12	18	12	17	19	33	14	25	2	20	14	5	5	20	3	5	9	18	10	8	19	42	12	12	5	34	12	
157_A/Brown-headed_Gull/ 14	10	12	3	22	10	7	13	5	8	0	0	10	5	1	12	15	6	6	1	10	3	8	2	10	14	13	9	12	9	5	2	24	5	13	5	8	12	18	12	17	20	33	14	25	1	20	14	5	5	20	3	5	9	18	10	8	19	42	12	12	5	34	12	
158_A/Brown-headed_Gull/ 14	10	12	3	22	10	7	13	5	8	0	0	10	5	1	12	15	6	6	1	10	3	8	2	10	14	13	9	12	9	5	2	24	5	13	5	8	12	18	12	17	20	33	14	25	1	20	14	5	5	20	3	5	9	18	10	8	19	42	12	12	5	34	12	
159_A/Brown-headed_Gull/ 14	10	12	3	22	10	7	13	5	8	0	0	10	5	1	12	15	6	6	1	10	3	8	2	10	14	13	9	12	9	5	2	24	5	13	5	8	12	18	12	17	20	33	14	25	1	20	14	5	5	20	3	5	9	18	10	8	19	42	12	12	5	34	12	
160_A/Brown-headed_Gull/ 14	10	12	3	22	10	7	13	5	8	0	0	10	5	1	12	15	6	6	1	10	4	8	2	10	13	14	9	12	9	5	2	24	5	13	5	8	11	18	12	17	19	32	14	25	2	20	14	5	5	19	4	5	10	18	10	8	19	41	11	12	5	35	13	
161_A/Brown-headed_Gull/ 14	10	12	3	22	10	7	13	5	8	0	0	10	5	1	12	15	6	6	1	10	4	8	2	10	13	14	9	12	9	5	2	24	5	13	5	8	11	18	12	17	19	32	14	25	2	20	14	5	5	19	4	5	10	18	10	8	19	41	11	12	5	35	13	
162_A/Brown-headed_Gull/ 14	10	12	3	22	10	7	13	5	8	0	0	10	5	1	12	15	6	6	1	10	3	8	2	10	14	13	9	12	9	5	2	24	5	13	5	8	12	18	12	17	20	33	14	25	1	20	14	5	5	20	3	5	9	18	10	8	19	42	12	12	5	34	12	
163_A/Brown-headed_Gull/ 14	10	12	3	22	10	7	13	5	8	0	0	10	5	1	12	15	6	6	1	10	3	8	2	10	14	13	9	12	9	5	2	24	5	13	5	8	12	18	12	17	19	33	14	25	2	20	14	5	5	20	3	5	9	18	10	8	19	42	12	12	5	34	12	
164_A/brown-headed_gull/ 14	10	10	5	22	9	9	11	4	11	0	0	9	3	1	12	19	6	6	1	9	6	7	2	10	13	12	7	12	6	6	3	23	7	11	7	7	9	21	10	17	20	24	19	25	2	27	12	5	7	20	4	4	11	17	10	5	17	51	10	17	4	27	12	
165_A/Brown-headed_Gull/ 14	10	10	5	22	9	9	11	5	11	0	0	8	3	1	12	19	6	6	1	9	6	7	2	10	13	12	7	12	6	6	3	23	7	11	7	7	9	21	10	17	20	24	20	25	2	27	11	5	7	20	4	4	11	17	10	5	17	51	10	17	4	27	12	
166_A/Brown-headed_Gull/ 15	9	10	5	21	10	9	11	4	11	0	0	9	3	1	12	19	6	6	1	9	6	7	2	10	13	12	7	12	6	6	3	23	7	11	8	7	9	21	9	17	20	24	19	25	2	27	12	5	7	20	4	4	11	17	10	5	17	52	10	17	4	26	12	
167_A/Brown-headed_Gull/ 15	10	10	5	21	9	9	11	4	11	0	0	9	3	1	12	19	6	6	1	9	6	7	2	10	13	12	7	12	6	6	3	23	7	11	8	7	9	21	9	17	20	24	19	25	2	27	12	5	7	20	4	4	11	17	10	5	17	52	10	17	4	26	12	
168_A/canine/China/GX30/ 14	10	13	4	22	10	6	12	2	9	0	0	10	2	1	12	18	6	6	1	8	8	7	3	3	14	9	6	21	6	9	3	22	7	12	7	13	11	19	11	15	18	37	21	25	2	17	8	4	9	25	4	5	6	12	9	6	20	51	12	13	4	27	10	
169_A/cat/Sichuan/SC18/2 13	10	12	2	23	9	7	14	6	11	0	0	8	3	1	12	17	8	5	1	9	5	8	2	11	14	13	7	10	6	5	3	22	5	15	9	8	11	15	10	17	20	29	17	26	3	25	11	7	8	20	3	4	10	17	10	5	19	49	10	14	3	27	13	
170_A/cat/Zhejiang/C1/20 15	10	12	5	21	11	7	12	7	10	0	0	7	2	1	12	14	5	5	2	12	7	8	3	8	13	9	6	15	8	9	1	20	8	13	4	13	11	21	11	13	17	31	18	25	2	20	14	4	6	20	4	7	9	16	7	4	20	53	14	16	3	26	10	
171_A/cat/Zhejiang/C2/20 15	10	13	4	21	11	6	13	3	10	0	0	8	2	1	12	14	5	5	1	11	7	8	3	10	13	8	6	17	8	10	2	20	8	14	5	13	11	21	10	13	17	32	18	25	2	19	14	4	6	18	4	7	9	17	7	4	19	55	12	17	3	24	12	
172_A/Changsha/1/2014|EP 13	9	13	2	24	9	6	14	6	12	0	0	9	2	1	12	18	8	5	1	8	5	8	2	11	14	13	7	9	6	5	3	24	6	17	8	7	10	14	12	17	20	29	17	26	3	24	12	7	7	21	2	5	9	18	10	5	20	45	10	14	2	28	13	
173_A/chicken/Anhui/S174 15	10	10	5	21	9	9	11	4	12	0	0	9	2	1	13	18	7	6	1	9	6	7	2	10	12	11	7	12	7	7	3	23	7	11	7	6	10	21	10	17	20	24	20	25	2	27	10	5	6	19	4	4	13	18	10	6	16	50	10	16	4	28	12	
174_A/chicken/Beijing/BJ 15	9	11	4	22	11	8	13	6	10	0	0	7	3	1	12	14	5	3	1	10	6	10	3	12	15	9	5	13	6	9	4	19	8	16	4	15	13	20	11	14	15	34	16	24	5	19	14	5	6	20	5	5	7	14	8	7	18	55	10	14	4	24	11	
175_A/chicken/CH/a556/20 17	9	11	3	19	11	8	13	7	12	0	0	9	2	1	12	18	6	6	2	10	3	7	1	7	17	13	3	11	5	5	5	25	7	17	10	10	10	16	6	15	14	36	19	26	3	21	11	6	8	21	3	4	7	15	5	6	19	51	16	12	5	28	12	
176_A/chicken/Changhua/1 13	10	12	3	24	11	7	13	5	7	0	0	10	5	1	12	14	5	5	1	10	6	8	2	11	14	11	6	10	7	7	4	23	8	11	7	12	8	20	11	16	20	28	19	25	1	25	10	5	2	20	2	5	14	18	11	5	18	46	12	14	5	30	12	
177_A/chicken/Changhua/1 13	10	12	3	24	11	7	13	5	7	0	0	10	5	1	12	14	5	5	1	10	6	7	2	11	14	12	6	10	7	7	4	23	8	12	7	12	8	19	11	16	20	28	19	25	1	25	10	5	2	20	2	5	14	18	11	5	18	46	12	14	5	30	12	
178_A/chicken/Changhua/1 13	10	12	3	24	11	7	13	5	7	0	0	10	5	1	12	14	5	5	1	10	6	8	2	11	14	11	6	10	7	7	4	23	8	11	7	12	8	20	11	16	20	28	19	25	1	25	10	5	2	21	2	5	14	17	11	5	18	46	12	14	5	30	12	
179_A/chicken/Changhua/1 13	10	12	3	24	11	8	13	5	7	0	0	10	5	1	12	14	5	5	1	10	6	7	2	11	14	11	6	10	7	7	4	23	8	11	7	12	8	20	11	15	20	29	19	25	1	24	10	5	2	21	2	5	14	16	12	6	18	46	12	14	5	30	12	
180_A/chicken/Changhua/1 13	10	12	3	24	11	7	13	5	7	0	0	10	5	1	12	14	5	5	1	10	6	8	2	11	14	11	6	10	7	7	4	23	8	11	7	12	8	20	10	16	20	28	18	25	1	25	11	5	2	21	2	5	14	17	12	5	18	46	12	14	5	30	12	
181_A/chicken/Changhua/1 13	10	12	3	24	11	7	13	5	7	0	0	10	5	1	12	14	5	5	1	10	6	8	2	11	14	11	6	10	7	7	4	23	8	11	7	12	8	20	11	16	20	29	19	25	1	24	10	5	2	21	2	5	14	17	11	5	18	46	12	14	5	30	12	
182_A/chicken/Changhua/1 15	11	14	4	22	10	5	12	10	11	0	0	9	4	1	12	16	8	5	1	11	4	8	2	8	15	13	6	7	5	5	3	23	7	20	4	11	11	13	14	15	19	31	18	24	4	22	13	7	6	23	5	4	6	14	8	8	19	44	10	12	3	30	12	
183_A/chicken/Changhua/1 15	11	14	4	22	10	5	12	10	11	0	0	9	4	1	12	16	8	5	1	11	4	8	2	7	15	13	6	8	5	5	3	22	8	20	4	11	10	13	14	14	19	31	18	25	4	22	13	8	6	24	5	4	6	13	8	8	19	43	10	12	3	31	12	
184_A/chicken/Changhua/1 15	11	14	4	22	10	5	12	10	11	0	0	9	4	1	12	16	8	5	1	11	4	8	2	7	15	13	6	8	5	5	3	23	7	20	4	11	10	13	14	14	19	31	18	25	4	22	13	7	6	24	5	4	7	13	8	8	19	43	10	12	3	31	12	
185_A/chicken/Changhua/1 15	11	14	4	22	10	5	12	10	11	0	0	9	4	1	12	16	8	5	1	11	4	8	2	7	15	13	6	8	5	5	3	23	7	20	4	11	10	13	14	14	19	30	18	25	4	24	13	7	6	24	5	4	7	13	8	8	19	43	10	12	3	30	12	
186_A/chicken/Changhua/1 13	10	12	3	24	11	7	13	5	7	0	0	9	5	1	12	14	5	5	1	10	6	8	2	11	14	11	6	11	7	7	4	23	8	11	7	12	8	19	12	16	20	29	19	25	1	24	10	5	3	21	2	5	13	17	11	5	18	46	12	14	5	30	12	
187_A/chicken/Changhua/1 14	11	13	4	23	10	6	12	9	11	0	0	10	4	1	12	16	8	5	1	11	4	8	2	7	15	13	6	8	5	5	3	22	7	20	4	11	10	14	14	14	19	31	18	26	4	22	13	7	6	23	5	3	8	13	8	8	19	43	10	12	3	31	12	
188_A/chicken/Changhua/1 13	10	12	3	24	10	7	13	5	8	0	0	9	5	1	12	14	5	5	1	10	6	8	2	11	14	11	6	11	7	7	4	22	8	11	7	12	8	19	12	17	20	29	19	25	1	24	10	5	2	21	2	5	14	17	11	5	18	47	12	14	5	29	12	
189_A/chicken/Changhua/1 14	11	14	4	23	10	5	12	9	11	0	0	10	4	1	12	16	8	5	1	11	4	8	2	7	15	13	6	8	5	5	3	22	7	20	4	11	10	14	14	14	19	30	19	26	4	22	13	7	6	23	5	3	8	13	8	8	19	42	11	12	3	31	12	
190_A/chicken/Changhua/1 13	10	12	3	24	11	7	13	6	7	0	0	9	5	1	12	14	4	5	1	10	6	8	2	10	14	11	6	11	8	7	4	23	8	12	7	11	8	18	12	17	20	29	19	25	1	24	10	6	2	21	2	5	14	17	11	4	18	46	12	14	5	30	12	
191_A/chicken/Changhua/1 13	10	12	3	24	11	7	13	4	7	0	0	12	5	1	12	14	5	5	1	10	6	8	2	11	14	11	7	9	7	7	4	23	8	12	7	10	8	19	12	17	20	28	18	26	1	25	10	5	2	20	2	6	14	17	11	5	18	48	12	13	5	28	12	
192_A/chicken/Changhua/1 13	10	12	3	24	11	7	13	5	7	0	0	9	5	1	12	13	4	5	1	10	6	8	2	10	14	11	6	11	8	7	4	24	8	11	7	11	7	19	12	18	21	30	19	25	1	23	10	6	2	21	2	5	15	17	11	4	17	47	12	14	5	29	12	
193_A/chicken/Changhua/1 14	11	11	4	23	10	8	12	5	7	0	0	8	5	1	12	13	4	5	2	10	6	8	2	11	14	11	6	12	8	7	3	24	8	12	7	11	7	18	12	17	21	31	19	25	1	22	10	5	2	20	3	6	15	18	10	4	18	47	12	14	4	29	12	
194_A/chicken/Changhua/1 13	10	12	2	24	11	7	14	5	7	0	0	9	5	1	12	13	4	4	2	10	6	9	2	11	14	11	4	11	8	7	5	23	9	11	6	11	6	20	12	18	21	30	18	25	1	24	11	6	2	20	3	5	15	18	10	4	17	47	13	14	4	29	11	
195_A/chicken/Chiayi/150 13	10	12	3	24	11	7	13	5	7	0	0	10	5	1	12	14	5	5	1	10	6	8	2	11	14	11	6	10	7	7	5	23	8	11	7	12	8	20	11	16	20	28	19	25	1	25	9	5	2	21	2	5	14	17	11	5	18	46	12	14	5	30	12	
196_A/chicken/Chiayi/150 13	10	12	3	24	11	7	13	4	7	0	0	10	5	1	12	14	5	5	1	10	6	8	2	11	14	11	6	10	7	7	4	23	8	11	7	12	8	20	11	17	20	29	19	25	1	24	10	5	2	21	3	5	14	16	10	5	18	47	12	14	5	30	12	
197_A/chicken/Chiayi/150 14	11	14	4	23	10	5	12	9	11	0	0	10	4	1	12	16	8	5	1	11	4	8	2	7	15	13	6	8	5	5	3	22	7	20	4	11	10	14	14	14	19	31	18	26	4	22	13	7	6	23	5	4	7	13	8	8	19	43	10	12	3	31	12	
198_A/chicken/Chiayi/170 13	11	12	3	24	10	7	13	5	7	0	0	9	5	1	12	13	4	5	2	10	6	8	2	11	14	11	5	11	8	7	4	24	8	10	7	10	7	20	12	18	20	30	19	25	1	24	10	6	2	20	3	5	15	18	10	4	17	47	11	14	5	29	13	
199_A/chicken/Chiayi/181 13	7	11	5	23	11	8	11	5	8	0	0	11	5	1	12	16	8	6	0	10	5	7	3	8	13	9	8	12	7	8	2	24	7	13	7	9	9	17	10	16	19	30	15	26	2	24	13	7	4	21	4	4	12	16	11	5	19	49	10	16	4	29	12	
200_A/chicken/China/007/ 15	8	13	2	21	11	6	14	7	8	0	0	7	6	1	12	18	8	5	1	8	6	8	2	11	13	14	4	10	6	4	6	23	6	15	7	8	10	15	13	18	18	28	20	26	5	24	10	5	9	22	3	7	9	17	9	3	19	43	9	15	2	29	15	
201_A/chicken/China/Cang 14	9	11	5	22	11	8	11	6	10	0	0	10	3	1	12	14	6	7	1	12	6	6	2	7	13	11	5	14	7	7	4	23	6	10	6	9	10	21	12	17	20	25	18	25	1	28	12	5	5	22	2	4	11	15	12	7	19	48	7	13	4	30	15	
202_A/chicken/China/E93/ 12	11	13	3	23	9	7	13	7	11	0	0	9	1	1	12	16	6	5	1	11	6	8	1	10	13	13	7	10	7	6	2	24	10	13	6	6	10	18	13	16	21	32	21	26	0	19	12	5	4	20	4	5	10	18	10	4	17	50	9	15	6	26	13	
203_A/chicken/China/E96/ 12	11	12	3	23	9	8	13	7	10	0	0	9	1	1	12	16	5	5	1	11	6	8	1	10	14	13	7	10	7	6	2	25	10	13	6	5	10	18	13	16	21	30	22	26	0	21	11	5	4	20	4	5	10	18	10	4	18	49	9	15	6	27	13	
204_A/chicken/Chiping/03 15	9	11	4	21	11	8	13	5	10	0	0	9	2	1	12	14	6	4	1	11	5	8	4	12	15	9	6	11	6	9	3	19	7	14	4	15	12	21	11	14	16	32	16	25	5	23	13	5	5	21	4	5	10	14	9	9	18	53	10	11	5	25	11	
205_A/chicken/chongqing/ 14	9	13	4	22	9	6	12	5	10	0	0	8	3	1	12	18	6	9	1	8	7	4	2	10	12	11	6	12	7	7	3	23	9	13	7	10	8	17	11	15	20	32	23	26	1	19	9	5	6	21	4	7	11	17	10	8	19	50	12	11	5	27	10	
206_A/chicken/Chongqing/ 14	9	13	4	22	9	6	12	5	10	0	0	8	3	1	12	18	6	9	1	8	7	4	2	10	12	11	6	12	7	7	3	23	9	13	7	10	7	17	11	15	21	32	23	26	1	19	9	5	6	21	4	7	11	17	10	8	19	50	12	11	5	27	10	
207_A/chicken/Dongguan/2 14	9	13	2	22	10	6	14	6	10	0	0	9	4	1	12	18	8	5	1	8	5	8	2	11	14	13	7	9	6	5	4	24	6	16	8	7	10	14	12	17	20	30	16	26	3	23	12	7	7	22	3	5	9	18	9	5	20	43	10	14	2	30	13	
208_A/chicken/Dongguan/3 13	9	12	2	23	10	7	14	6	11	0	0	9	3	1	12	18	8	5	1	8	5	8	2	11	14	13	8	9	6	5	3	24	6	16	8	7	10	14	12	17	20	29	16	26	3	24	12	7	7	22	3	5	9	18	9	5	20	45	10	14	2	28	13	
209_A/chicken/Dongguan/4 13	9	13	2	23	10	6	14	6	10	0	0	9	4	1	12	18	8	5	1	8	5	8	2	11	14	13	7	9	6	5	4	24	6	16	8	7	10	15	12	17	20	29	16	26	3	24	12	7	7	22	3	5	9	17	10	5	21	43	9	14	1	30	13	
210_A/chicken/Fujian/05. 15	9	13	2	21	10	6	14	6	11	0	0	9	3	1	12	18	8	5	1	8	5	8	2	9	14	12	7	10	6	7	4	24	7	16	6	7	9	14	14	17	20	30	16	26	3	23	12	7	8	23	3	5	9	17	8	6	19	43	11	13	2	30	13	
211_A/chicken/Fujian/09. 14	9	13	2	23	9	6	14	7	11	0	0	9	3	1	12	18	8	5	1	8	5	8	2	10	14	12	7	9	6	6	4	24	6	16	8	7	10	14	12	17	20	30	16	26	3	23	12	7	8	23	3	5	9	17	9	6	19	43	10	13	2	30	13	
212_A/chicken/Fujian/10. 14	9	13	2	22	10	6	14	6	11	0	0	9	3	1	12	18	8	5	1	9	5	8	2	10	14	12	7	9	6	6	4	24	7	16	8	7	10	13	13	17	18	28	16	26	4	24	13	7	7	22	3	5	9	18	9	5	20	45	10	14	2	28	13	
213_A/chicken/Fujian/11. 13	9	11	2	23	10	8	14	4	11	0	0	10	3	1	12	18	7	5	2	8	5	8	0	10	12	12	7	11	9	6	4	24	6	18	8	8	10	14	13	17	20	31	17	24	3	22	12	6	8	20	3	5	7	21	7	6	20	42	11	15	2	29	13	
214_A/chicken/Gansu/5/20 11	11	12	3	24	9	8	13	6	10	0	0	10	1	1	12	16	5	5	1	11	6	8	1	11	14	13	6	9	7	6	3	25	10	12	6	5	10	19	13	15	21	32	20	26	0	19	13	5	4	20	4	5	10	18	10	5	19	50	9	15	5	26	13	
215_A/chicken/Gansu/6/20 12	11	13	3	23	9	7	13	7	11	0	0	10	1	1	12	16	6	5	1	11	6	8	1	10	13	13	7	9	7	6	2	25	10	13	6	5	10	18	13	16	21	32	21	26	0	19	12	5	4	20	4	5	10	18	10	4	17	50	9	15	6	26	13	
216_A/chicken/Ganzhou/GZ 13	9	12	2	23	10	7	14	5	10	0	0	9	4	1	12	18	8	5	1	8	4	8	2	12	15	13	7	9	6	5	3	23	6	16	7	8	10	15	12	17	20	30	16	26	2	24	13	7	7	22	3	6	9	18	9	4	20	42	10	14	3	30	13	
217_A/chicken/Guangdong/ 14	10	12	5	22	11	8	12	4	10	0	0	9	2	1	12	15	4	5	1	10	8	8	2	11	16	8	7	14	5	10	3	18	8	14	5	15	12	20	10	14	17	34	18	24	2	18	12	5	5	22	5	6	9	13	6	8	20	60	12	12	4	18	12	
218_A/chicken/Guangdong/ 14	10	12	5	22	11	7	12	4	9	0	0	9	3	1	12	15	4	5	1	10	8	8	2	11	16	8	7	14	5	10	3	18	8	15	5	15	12	19	10	14	17	31	18	24	2	20	13	5	5	22	5	6	9	14	6	8	20	60	12	12	4	18	12	
219_A/chicken/Guangdong/ 17	10	12	4	19	11	7	13	4	10	0	0	8	2	1	12	14	5	5	2	11	7	8	3	11	13	7	5	15	8	11	3	18	8	13	4	15	10	22	11	15	17	31	21	25	2	19	11	4	6	18	4	6	10	17	7	5	19	54	11	15	3	24	14	
220_A/chicken/Guangdong/ 15	9	12	3	21	11	7	13	5	11	0	0	12	3	1	12	15	8	5	1	11	4	8	1	9	13	13	9	11	7	5	4	23	6	17	7	8	11	12	14	17	20	30	14	24	3	24	13	7	8	22	3	5	8	18	10	5	20	42	10	14	2	29	12	
221_A/chicken/Guangdong/ 15	9	12	3	21	11	7	13	5	11	0	0	12	3	1	12	15	8	5	1	11	4	8	1	9	13	13	9	11	7	5	4	23	6	17	7	8	11	12	14	17	20	30	14	24	3	24	13	7	8	22	3	5	7	18	10	5	21	43	10	14	2	28	12	
222_A/chicken/Guangdong/ 15	9	12	3	21	11	7	13	6	11	0	0	11	3	1	12	15	8	5	1	11	4	8	1	9	13	13	9	11	7	5	3	23	6	17	7	8	11	12	14	17	20	30	14	24	3	24	14	7	8	22	3	5	8	18	10	5	20	42	10	14	2	29	12	
223_A/chicken/Guangdong/ 15	11	10	5	21	9	9	11	4	11	0	0	9	2	1	12	18	7	6	1	9	6	7	2	10	12	12	8	12	7	6	3	23	7	11	7	7	9	21	10	17	20	24	19	25	2	27	12	5	7	20	4	4	11	17	9	6	17	49	11	16	4	28	12	
224_A/chicken/Guangdong/ 12	10	12	6	24	9	7	10	6	9	0	0	8	5	1	12	17	7	8	3	6	6	6	4	10	11	9	5	13	9	8	0	22	5	16	7	10	13	16	8	18	22	32	18	26	0	21	13	6	9	25	5	5	5	14	7	7	21	47	18	11	1	29	7	
225_A/chicken/Guangdong/ 14	10	13	4	22	10	6	12	2	10	0	0	10	1	1	12	18	7	6	1	8	8	7	3	3	13	9	6	21	6	9	3	20	7	12	7	14	10	19	11	16	18	37	20	25	2	17	8	4	8	25	4	6	7	12	8	6	20	52	14	13	4	26	10	
226_A/chicken/Guangxi/04 13	10	13	2	23	10	6	14	6	10	0	0	10	4	1	12	18	9	5	1	8	3	8	2	10	13	13	7	9	7	5	4	24	5	19	7	8	10	13	12	19	19	31	15	25	3	22	13	6	7	22	3	5	9	18	9	5	20	44	9	14	2	29	14	
227_A/chicken/Guangxi/16 15	8	12	2	21	11	7	14	6	11	0	0	10	3	1	12	17	8	5	1	9	5	8	1	10	14	13	8	10	6	5	4	23	7	16	7	8	10	13	15	17	18	31	16	26	3	22	13	8	8	23	3	5	8	17	9	4	21	43	8	14	1	29	14	
228_A/chicken/Guangxi/S2 12	9	13	2	24	10	7	14	8	11	0	0	8	3	1	12	18	7	6	1	7	5	7	2	9	17	13	7	11	4	5	3	24	7	12	6	8	9	17	14	17	20	31	17	26	3	22	12	6	6	22	3	4	10	15	9	5	20	49	13	14	2	28	10	
229_A/chicken/Guizhou/8. 15	12	12	6	21	9	7	11	5	10	0	0	9	3	1	12	12	4	5	1	13	6	8	2	12	16	9	5	13	6	9	4	19	6	14	5	15	13	20	10	15	17	34	17	24	4	17	15	4	5	24	4	5	9	12	7	7	18	54	14	14	2	25	10	
230_A/chicken/GY/a451/20 19	9	11	3	19	11	8	13	7	12	0	0	9	2	1	12	16	6	6	2	10	3	7	1	6	18	13	2	12	4	5	5	24	7	17	10	11	10	16	6	15	14	36	20	26	3	21	11	6	8	21	3	4	7	15	5	5	19	52	16	13	5	27	12	
231_A/Chicken/Hangzhou/E 13	10	10	5	23	10	9	11	4	7	0	0	13	6	1	12	14	6	6	1	11	7	7	2	8	14	10	7	11	6	9	3	26	7	14	7	7	11	16	10	18	17	30	13	25	3	23	17	5	3	22	3	4	12	14	11	6	17	48	10	14	6	31	11	
232_A/chicken/Hebei/3/20 15	9	11	4	22	11	8	13	6	10	0	0	7	3	1	12	14	5	3	1	10	6	10	3	12	15	9	5	13	6	9	4	19	8	16	4	15	13	20	11	14	15	34	16	24	5	19	14	5	6	20	5	5	7	14	8	7	18	55	10	14	4	24	11	
233_A/chicken/Heilongjia 13	9	14	2	23	10	5	14	5	10	0	0	9	4	1	12	17	8	5	1	8	5	8	2	11	14	13	7	10	6	5	4	24	7	16	8	8	9	14	12	17	20	29	16	26	3	24	12	7	7	22	4	5	9	18	9	5	20	45	9	14	2	28	13	
234_A/chicken/Henan/Q7/2 15	9	11	4	22	11	8	13	5	10	0	0	9	3	1	12	14	6	4	1	10	5	9	3	11	15	10	6	13	6	8	3	19	7	14	4	15	13	21	11	14	15	35	15	24	5	19	14	5	5	21	5	5	9	14	8	7	18	55	10	13	5	24	11	
235_A/chicken/Hsinchu/16 13	9	12	3	24	12	7	13	5	7	0	0	9	5	1	12	13	4	5	1	10	6	8	2	11	14	11	6	11	8	7	4	24	8	11	7	11	7	19	12	17	21	30	18	25	1	23	11	6	2	21	2	5	15	17	11	4	17	47	12	14	5	29	12	
236_A/chicken/Hubei/03.0 16	10	12	4	18	11	6	12	4	10	0	0	7	2	1	12	13	5	5	2	12	7	8	3	11	12	7	4	16	8	10	3	18	7	12	5	14	12	23	10	15	17	33	20	24	2	18	11	4	6	19	4	6	10	14	7	4	19	55	12	15	3	24	12	
237_A/chicken/Hubei/03.0 13	9	12	2	23	9	7	14	5	11	0	0	10	3	1	12	17	9	5	1	9	4	8	2	11	14	13	5	9	6	5	5	23	6	13	8	9	10	17	12	16	20	29	17	26	3	25	11	7	9	20	3	5	8	17	9	5	19	48	12	14	3	28	11	
238_A/chicken/Hubei/2856 12	10	13	3	24	9	6	13	8	11	0	0	7	3	1	12	16	6	5	1	10	6	8	2	8	15	13	8	12	6	5	2	20	6	14	6	12	10	17	13	16	19	36	16	24	4	18	12	7	5	22	4	3	10	15	9	8	17	48	12	13	6	29	11	
239_A/chicken/Hubei/ZYSJ 17	10	12	4	19	11	7	13	4	10	0	0	8	2	1	12	13	5	5	2	12	7	8	3	11	13	7	5	15	8	11	3	18	8	13	5	15	10	22	10	15	17	32	20	25	2	19	11	4	6	18	4	6	10	17	7	5	19	54	12	15	3	25	12	
240_A/chicken/Hubei/ZYSJ 17	10	12	4	19	11	7	13	4	10	0	0	8	2	1	12	13	5	5	2	12	7	8	3	11	13	7	5	15	8	11	3	18	8	13	5	15	10	22	10	15	17	32	20	25	2	19	11	4	6	18	4	6	10	17	7	5	19	54	12	15	3	25	12	
241_A/chicken/Hubei/ZYSJ 17	10	12	4	19	11	7	13	4	10	0	0	8	2	1	12	13	5	5	2	12	7	8	3	11	13	7	5	15	8	11	3	18	8	13	5	15	10	22	10	15	17	32	20	25	2	19	11	4	6	18	4	6	10	17	7	5	19	54	12	15	3	25	12	
242_A/Chicken/Huizhou/16 14	9	12	2	22	10	7	14	6	10	0	0	9	4	1	12	18	7	5	1	8	6	8	2	11	13	13	5	9	7	5	6	23	6	16	7	9	10	15	12	16	20	28	18	26	3	24	11	7	8	21	4	6	9	19	8	4	19	43	9	14	2	30	14	
243_A/chicken/Hunan/02.0 15	8	12	2	21	11	7	14	7	9	0	0	8	5	1	12	19	9	5	1	7	5	8	2	10	13	13	3	10	6	5	6	23	6	15	8	7	10	15	12	18	18	28	20	26	5	24	11	6	9	22	4	6	8	18	8	3	19	42	9	16	2	31	14	
244_A/chicken/Hunan/03.0 15	10	12	7	21	11	7	10	4	9	0	0	11	3	1	12	14	5	5	1	11	7	8	3	10	14	11	5	13	7	8	2	21	6	15	7	12	14	20	9	15	17	35	18	24	2	17	12	5	5	21	3	7	9	15	8	4	18	52	12	14	5	26	12	
245_A/chicken/Hunan/03.0 16	10	12	2	20	12	7	14	4	8	0	0	11	3	1	12	12	6	4	1	11	6	9	2	8	12	9	6	15	8	9	4	22	7	14	9	12	10	18	9	17	19	30	20	25	1	22	10	4	5	23	6	6	12	13	6	6	16	48	13	13	6	30	11	
246_A/chicken/Hunan/3.07 15	10	12	7	21	11	7	10	3	9	0	0	11	3	1	12	14	5	5	1	11	7	8	3	11	14	11	5	13	7	8	2	21	6	15	7	12	14	20	9	15	17	35	18	24	2	17	12	5	5	21	3	7	9	15	8	4	18	52	12	14	5	26	12	
247_A/chicken/Hunan/04.1 13	9	12	3	23	10	7	13	6	10	0	0	9	4	1	12	18	7	5	1	8	6	8	2	11	12	13	8	9	8	5	3	24	6	16	8	7	10	15	12	17	20	29	16	26	3	24	12	6	8	24	3	6	8	15	9	5	20	43	10	14	2	30	13	
248_A/chicken/Hunan/04.1 12	9	12	2	22	9	7	13	6	11	0	0	8	3	1	12	17	9	5	1	9	5	8	2	11	12	12	6	10	6	5	3	24	6	14	8	8	10	15	12	16	20	30	16	25	3	24	12	7	7	20	3	5	10	16	9	5	19	48	11	13	3	27	12	
249_A/chicken/Hunan/04.1 13	9	13	2	23	10	6	14	7	10	0	0	9	4	1	12	19	8	5	1	7	5	8	2	10	14	13	7	9	6	5	4	25	6	17	8	7	10	14	12	16	20	30	16	27	3	23	12	7	8	20	3	5	8	19	9	5	20	43	10	13	2	30	13	
250_A/chicken/Hunan/12.0 12	10	11	2	24	9	8	14	6	11	0	0	9	3	1	12	17	9	5	1	9	4	8	2	11	14	13	7	9	6	5	3	23	6	15	9	8	10	15	11	17	20	29	16	26	3	25	12	7	7	20	3	5	9	17	9	5	19	49	11	14	3	27	12	
251_A/chicken/Hunan/12.0 12	9	12	2	22	9	7	13	6	11	0	0	9	3	1	12	17	10	5	1	9	4	8	2	13	13	12	6	8	5	5	3	23	6	13	8	7	11	17	12	16	20	31	17	24	3	23	11	8	7	22	3	5	10	14	9	5	19	48	11	13	3	26	12	
252_A/chicken/Hunan/12.2 15	10	14	6	21	11	5	11	6	11	0	0	8	2	1	12	12	4	5	1	12	7	8	2	12	15	9	5	13	7	9	4	20	7	14	5	14	13	20	10	14	16	34	18	24	3	17	14	4	5	25	4	6	9	12	7	6	19	55	13	15	2	23	11	
253_A/chicken/Hunan/12.2 15	8	12	2	21	11	7	14	5	11	0	0	10	3	1	12	18	8	5	1	8	5	8	1	11	13	13	8	10	7	5	4	23	6	16	5	8	10	16	14	17	19	31	16	26	3	23	12	7	10	23	3	5	8	17	9	6	18	43	10	13	2	28	13	
254_A/chicken/Hunan/12.2 14	9	11	2	22	10	8	14	6	11	0	0	9	3	1	12	18	7	6	1	7	5	8	2	12	14	11	8	9	6	7	3	24	6	14	8	7	10	16	12	17	19	29	18	26	4	23	11	6	7	23	3	6	9	15	11	5	20	46	9	14	2	28	13	
255_A/chicken/Hunan/12.2 13	9	13	2	23	10	6	14	6	10	0	0	9	4	1	12	18	8	5	1	8	5	8	2	11	14	13	7	9	6	5	4	24	6	16	8	7	10	14	12	17	20	29	16	27	3	24	12	7	7	22	3	5	9	18	9	5	20	43	10	13	2	30	13	
256_A/chicken/Hunan/1793 17	10	11	4	19	12	8	12	3	10	1	0	12	3	0	12	14	6	5	1	12	5	8	2	8	12	12	5	12	7	6	5	25	6	12	11	9	13	18	8	14	16	34	18	26	2	21	9	5	6	24	3	4	11	13	8	5	17	47	16	15	7	31	9	
257_A/chicken/Hunan/3157 12	10	13	3	24	9	6	13	8	10	0	0	8	3	1	12	17	8	5	1	9	4	8	2	8	16	13	8	11	6	5	2	22	6	15	6	11	10	16	13	18	19	33	17	25	2	22	11	6	5	22	3	4	9	16	10	5	18	47	11	14	5	29	12	
258_A/chicken/Hunan/HN40 13	9	13	2	23	10	6	14	6	11	0	0	9	3	1	12	18	8	5	1	8	5	8	2	11	14	13	7	9	6	5	4	23	6	16	8	8	10	14	12	17	20	27	14	26	3	26	14	7	7	22	4	5	9	18	8	5	20	46	10	14	2	27	13	
259_A/chicken/Hunan/HN58 13	10	13	2	23	10	6	14	6	10	0	0	9	3	1	12	18	8	5	1	8	5	8	2	11	13	13	7	9	7	5	4	23	6	16	8	8	11	14	12	17	20	27	15	26	3	26	13	7	7	22	4	5	8	18	8	5	20	46	10	14	2	27	13	
260_A/chicken/Hunan/HN75 12	10	13	2	24	9	6	14	7	11	0	0	8	3	1	12	18	9	5	1	8	4	8	2	12	14	13	7	8	6	5	3	24	6	16	8	7	10	14	12	17	20	28	16	26	3	25	13	7	9	21	3	5	8	18	9	4	20	45	10	15	1	29	13	
261_A/chicken/Hunan/HN15 13	9	13	2	23	10	6	14	6	10	1	0	10	4	0	12	18	8	5	1	8	5	8	2	11	14	13	7	8	6	5	3	24	6	16	8	7	10	14	12	17	19	28	15	26	3	25	14	7	9	21	3	5	7	18	9	5	21	42	11	14	2	32	12	
262_A/chicken/Hunan/HN24 13	9	13	2	23	10	6	14	6	10	0	0	11	4	1	12	18	9	5	1	8	5	8	2	9	14	13	7	9	5	5	4	24	6	16	7	7	10	14	13	16	19	29	15	26	4	24	13	7	8	22	3	5	8	18	9	5	21	40	11	14	2	33	12	
263_A/chicken/Hunan/HN24 13	9	13	2	23	10	6	14	6	10	1	0	11	4	0	12	18	9	5	1	8	5	8	2	9	14	13	7	9	5	5	4	24	6	16	7	7	10	14	13	15	19	29	15	27	4	24	13	7	8	22	3	5	8	18	9	6	21	40	11	13	2	33	12	
264_A/chicken/Hunan/HN24 13	9	13	2	23	10	6	14	6	10	0	0	10	4	1	12	18	9	5	1	8	5	8	2	9	14	13	7	10	5	5	4	24	6	16	7	7	10	14	12	16	20	29	15	26	4	24	14	7	8	22	3	5	8	18	9	5	20	43	10	14	2	30	13	
265_A/chicken/Hunan/HN24 13	9	13	2	23	10	6	14	6	10	1	0	11	4	0	12	18	9	5	1	8	5	8	2	9	14	13	7	9	5	5	4	24	6	16	7	7	10	14	13	16	19	29	15	26	4	24	13	7	8	22	3	5	8	18	9	5	21	40	11	14	2	33	12	
266_A/chicken/Hunan/HN24 13	9	13	2	23	10	6	14	6	10	1	0	11	4	0	12	18	9	5	1	8	5	8	2	9	14	13	7	9	5	5	4	24	6	16	7	7	10	14	13	16	19	29	15	26	4	24	13	7	8	22	3	5	8	18	9	5	21	40	11	14	2	33	12	
267_A/chicken/Hunan/HN25 13	9	13	2	23	10	6	14	6	10	1	0	11	4	0	12	18	9	5	1	8	5	8	2	9	14	13	6	9	5	5	5	24	6	16	7	7	10	14	13	15	19	29	15	27	4	24	13	7	8	22	3	5	8	18	9	5	21	40	11	14	2	33	12	
268_A/chicken/Hunan/HN25 13	9	13	2	23	10	6	14	6	10	1	0	11	4	0	12	18	9	5	1	8	5	8	2	9	14	13	7	9	5	5	4	24	6	16	8	7	10	14	12	16	19	29	15	26	4	24	13	7	8	22	3	5	8	18	9	5	21	40	11	14	2	33	12	
269_A/chicken/Hunan/HN25 13	9	13	2	23	10	6	14	7	10	0	0	9	4	1	12	19	9	5	1	7	5	8	2	9	14	13	7	10	5	5	4	24	6	16	8	7	10	15	12	17	20	29	15	26	3	25	12	7	8	22	3	5	8	17	9	6	20	42	10	13	2	31	13	
270_A/chicken/Hunan/HN25 13	9	13	2	23	10	6	14	7	10	0	0	9	4	1	12	19	9	5	1	7	5	8	2	9	13	13	7	10	6	5	4	24	6	16	8	7	10	15	12	17	20	29	15	26	3	25	12	7	8	22	3	5	8	17	9	6	20	42	10	13	2	31	13	
271_A/chicken/Hunan/HN25 13	9	13	2	23	10	6	14	6	10	1	0	11	4	0	12	18	9	5	1	8	5	8	2	9	14	13	7	9	5	5	4	24	6	16	7	7	10	14	13	17	19	29	15	26	4	24	13	7	8	22	3	5	8	18	9	4	21	41	11	14	2	32	12	
272_A/chicken/Hunan/HN26 13	9	13	2	23	10	6	14	7	9	0	0	9	5	1	12	19	8	5	2	7	4	8	1	10	14	13	8	9	7	5	3	23	6	16	9	8	10	14	12	18	20	28	16	25	3	25	12	7	7	22	3	5	8	18	9	5	21	41	10	14	2	31	13	
273_A/chicken/Hunan/HN26 13	9	13	2	23	10	5	14	7	9	0	0	9	5	1	12	19	8	5	2	7	4	9	1	10	14	13	8	9	7	5	3	23	6	16	9	8	10	14	12	17	20	28	16	26	3	25	12	7	7	22	3	5	8	18	9	5	21	41	10	14	2	31	13	
274_A/chicken/Hunan/HN26 13	9	13	2	23	10	6	14	7	9	0	0	9	5	1	12	19	8	5	2	7	4	8	1	10	14	13	8	9	7	5	3	23	6	16	9	8	10	14	12	17	20	28	16	26	3	25	12	7	7	22	3	5	8	18	9	5	21	41	10	14	2	31	13	
275_A/chicken/Hunan/HN26 13	9	13	2	23	10	6	14	7	9	0	0	9	5	1	12	19	8	5	2	7	4	8	1	10	14	13	8	9	7	5	3	23	6	16	9	8	10	14	12	17	20	28	16	26	3	25	12	7	7	22	3	5	8	18	9	5	21	41	10	14	2	31	13	
276_A/chicken/Hunan/HN30 15	8	12	2	21	11	7	14	6	9	0	0	8	5	1	12	18	8	5	1	8	5	8	2	12	13	13	6	9	7	5	5	23	6	15	8	8	10	15	12	17	20	29	17	26	3	23	12	7	8	20	4	5	9	20	8	4	19	43	11	15	2	30	12	
277_A/chicken/Hunan/HN30 15	8	12	2	21	11	7	14	6	9	0	0	8	5	1	12	18	8	5	1	8	5	8	2	12	13	13	6	9	7	5	5	23	6	15	8	8	10	15	12	17	20	29	17	26	3	23	12	7	8	20	4	5	9	20	8	4	19	43	11	15	2	30	12	
278_A/chicken/Hunan/HN30 15	8	12	2	21	11	7	14	6	9	0	0	8	5	1	12	18	8	5	1	8	5	8	2	12	13	13	6	9	7	5	5	24	6	15	8	7	10	15	12	17	20	29	17	26	3	23	12	7	8	20	4	5	9	20	8	4	19	43	11	15	2	30	12	
279_A/chicken/Hunan/HN30 15	8	12	2	21	11	7	14	6	9	0	0	8	5	1	12	18	8	5	1	8	5	8	2	12	13	13	6	9	7	5	5	23	6	15	8	8	10	15	12	17	20	29	17	26	3	23	12	7	8	20	4	5	9	20	8	4	19	43	11	15	2	30	12	
280_A/chicken/Hunan/HN30 15	8	12	2	21	11	7	14	6	9	0	0	8	5	1	12	18	8	5	1	8	5	8	2	12	13	13	6	9	7	5	5	23	6	15	8	8	10	15	12	17	20	29	17	26	3	23	12	7	8	20	4	5	9	20	8	4	19	43	11	15	2	30	12	
281_A/chicken/Hunan/HN30 15	8	12	2	21	11	7	14	6	9	0	0	8	5	1	12	18	8	5	1	8	5	8	2	12	13	13	6	9	7	5	5	23	6	15	8	8	10	15	12	17	20	29	16	26	3	23	13	7	8	20	4	5	9	20	8	4	19	43	11	15	2	30	12	
282_A/chicken/Hunan/HN30 15	8	13	2	21	11	6	14	6	9	0	0	8	5	1	12	18	8	5	1	8	5	8	2	12	13	13	6	9	7	5	5	23	6	15	8	8	9	15	12	17	21	29	17	26	3	23	12	7	8	21	4	5	9	19	8	4	19	43	11	15	2	30	12	
283_A/chicken/Hunan/HN30 15	8	12	2	21	11	7	14	6	9	0	0	8	5	1	12	18	8	5	1	8	5	8	2	12	13	13	6	9	7	5	5	23	6	15	8	8	10	15	11	17	20	29	17	26	3	23	12	7	8	20	4	5	9	20	9	4	19	43	11	15	2	30	12	
284_A/chicken/Hunan/S100 14	9	13	2	22	10	6	14	7	11	0	0	8	3	1	12	19	6	6	1	6	6	7	2	12	17	10	8	9	5	8	4	25	7	16	5	8	8	14	15	16	21	32	19	26	3	22	8	4	6	22	4	5	10	15	9	5	19	48	12	15	2	28	10	
285_A/chicken/Jiangsu/03 13	9	12	5	23	12	7	10	6	11	0	0	9	3	1	12	15	5	5	1	12	5	8	2	9	12	11	6	12	8	7	3	23	6	12	6	7	8	18	12	18	24	31	19	24	1	24	10	7	7	20	4	4	7	18	9	7	18	48	11	13	5	29	13	
286_A/chicken/Jiangsu/92 13	11	12	2	23	9	7	14	7	12	0	0	9	3	1	12	18	7	5	1	7	5	8	2	11	18	12	8	9	3	6	3	25	6	15	5	7	9	17	14	17	20	32	15	26	3	20	14	5	6	21	3	5	10	15	9	4	18	50	12	15	3	27	11	
287_A/chicken/Jiangsu/10 14	12	10	5	22	9	9	12	7	10	0	0	9	2	1	12	14	5	4	1	10	7	9	3	10	15	9	6	13	6	9	3	18	7	16	4	17	13	19	11	13	15	35	15	25	4	17	15	5	5	20	4	5	9	14	8	6	19	53	13	14	5	25	10	
288_A/chicken/Jiangsu/24 13	10	12	3	23	8	7	13	8	12	0	0	7	3	1	12	18	7	5	1	7	6	8	2	12	18	12	7	9	3	6	4	25	8	15	5	7	8	17	14	17	20	32	16	26	3	20	13	5	6	21	4	5	10	15	8	5	19	49	13	14	2	27	11	
289_A/chicken/Jiangsu/k0 13	10	12	4	23	10	7	12	5	10	0	0	10	3	1	12	14	5	5	1	12	6	8	2	9	14	11	8	12	7	7	2	23	6	11	7	9	8	19	12	17	23	29	20	25	0	23	10	7	7	19	4	3	8	18	9	6	19	49	11	14	5	28	13	
290_A/chicken/Jiangsu/SE 14	10	12	2	22	8	7	14	8	12	0	0	7	2	1	12	19	7	6	1	6	5	7	2	12	19	12	7	9	3	6	4	23	6	16	6	9	10	17	13	17	19	33	16	26	3	20	13	5	9	20	3	5	8	15	9	5	20	49	12	14	2	27	11	
291_A/chicken/Jiangsu/WX 13	10	13	2	23	10	6	14	6	11	0	0	9	2	1	12	19	9	6	1	7	5	7	2	11	14	13	7	9	5	5	4	24	5	17	9	7	10	14	11	17	20	29	16	25	4	25	11	7	7	22	3	5	9	17	9	5	20	45	10	15	2	28	13	
292_A/chicken/Jiangsu/WX 13	10	12	2	23	10	7	14	6	11	0	0	9	2	1	12	19	9	6	1	7	5	7	2	11	14	13	8	9	5	5	3	24	5	17	9	7	10	15	11	17	20	28	16	26	4	25	11	7	7	22	3	5	9	17	9	5	20	45	10	14	2	28	13	
293_A/chicken/Jiangsu/XZ 14	9	11	4	22	11	8	13	5	10	0	0	8	3	1	12	15	6	4	1	11	5	9	3	11	15	9	6	14	6	9	3	18	8	14	4	15	12	20	12	14	15	34	16	24	5	20	14	5	5	21	5	5	9	13	9	8	18	51	10	12	5	27	11	
294_A/chicken/Jiangsu/YB 13	9	11	5	23	12	8	10	5	11	0	0	10	3	1	12	15	4	5	1	12	6	8	2	10	12	11	6	11	8	7	3	23	6	14	5	7	9	17	13	19	23	30	19	24	1	24	10	6	7	18	5	5	7	19	9	6	18	48	11	13	5	29	13	
295_A/chicken/Jiangxi/01 17	10	13	4	19	11	6	13	4	10	0	0	7	2	1	12	13	5	5	2	12	7	8	3	11	13	7	5	17	8	11	3	19	7	13	5	15	12	22	10	15	17	32	20	23	2	19	11	3	6	19	4	5	10	16	7	4	19	56	13	17	3	23	11	
296_A/chicken/Jiangxi/02 14	11	14	2	22	8	5	14	6	11	0	0	8	3	1	12	18	8	5	1	8	5	8	2	11	14	12	7	10	6	6	4	24	6	16	8	7	10	14	12	17	19	29	17	26	4	24	11	7	7	21	3	5	9	19	9	5	20	44	10	14	2	29	13	
297_A/chicken/Jiangxi/02 17	10	12	4	19	11	7	13	4	10	0	0	7	2	1	12	13	5	5	2	12	7	8	3	11	13	7	5	16	8	11	3	19	7	14	5	15	12	21	10	14	17	33	20	25	2	18	11	3	6	19	4	5	10	16	7	5	19	56	12	16	3	23	12	
298_A/chicken/Jiangxi/04 17	10	12	4	19	11	7	13	4	10	0	0	7	2	1	12	13	5	5	2	12	7	8	3	11	13	7	5	16	8	11	3	18	7	13	5	14	12	22	10	15	17	33	20	25	2	18	11	4	6	19	4	6	10	16	7	4	19	56	12	16	3	23	12	
299_A/chicken/Jiangxi/04 17	10	12	4	19	11	7	13	4	10	0	0	7	2	1	12	13	5	5	2	12	7	8	3	11	13	7	5	16	8	11	3	18	7	13	5	14	12	22	10	15	17	33	20	25	2	18	11	4	6	19	4	6	10	16	7	4	19	56	11	16	3	23	13	
300_A/chicken/Jiangxi/04 17	10	12	4	19	11	7	13	4	10	0	0	7	2	1	12	13	5	5	2	12	7	8	3	11	13	7	5	16	8	11	3	18	7	13	5	14	12	22	10	15	17	33	20	25	2	18	11	4	6	19	4	6	10	16	7	4	19	56	12	16	3	23	12	
301_A/chicken/Jiangxi/04 17	10	12	4	19	11	7	13	4	10	0	0	7	2	1	12	13	5	5	2	12	7	8	3	11	13	7	5	16	8	11	3	18	7	13	5	14	12	22	10	15	17	33	20	25	2	18	11	4	6	19	4	6	10	16	7	4	19	56	12	16	3	23	12	
302_A/chicken/Jiangxi/04 13	10	12	2	23	9	7	14	6	11	0	0	9	3	1	12	16	9	5	1	10	4	8	2	11	14	13	7	9	6	5	3	23	6	14	9	9	10	16	11	17	20	28	17	26	3	25	12	7	7	20	3	4	9	17	9	5	19	48	10	14	3	28	13	
303_A/chicken/Jiangxi/04 16	9	12	5	20	12	7	12	4	9	0	0	7	3	1	12	14	6	5	2	11	6	8	3	10	13	7	5	17	8	11	3	18	8	14	5	15	12	21	10	15	17	33	18	24	2	19	12	4	5	19	4	5	10	16	7	4	18	55	12	16	5	24	12	
304_A/chicken/Jiangxi/04 17	10	12	4	19	11	7	13	4	10	0	0	7	2	1	12	13	5	5	2	12	7	8	3	11	13	7	5	16	8	11	3	18	7	13	5	14	12	22	10	15	17	33	20	25	2	18	11	4	6	19	4	6	10	16	7	4	19	56	12	16	3	23	12	
305_A/chicken/Jiangxi/04 17	10	12	4	19	11	7	13	4	10	0	0	7	2	1	12	13	5	5	2	12	7	8	3	11	13	7	5	16	8	11	3	18	7	13	5	14	12	22	10	15	17	33	20	25	2	18	11	4	6	19	4	6	10	16	7	4	19	56	12	16	3	23	12	
306_A/chicken/Jiangxi/04 17	10	12	4	19	11	7	13	4	10	0	0	7	2	1	12	13	5	5	2	12	7	8	3	11	13	7	5	16	8	11	3	18	7	13	5	14	12	22	10	15	17	33	20	25	2	18	11	4	6	19	4	6	10	16	7	4	19	56	12	16	3	23	12	
307_A/chicken/Jiangxi/04 17	10	11	4	19	11	7	13	4	10	0	0	7	2	1	12	13	5	6	2	12	7	8	3	11	13	7	5	16	8	11	3	18	7	13	5	14	12	22	10	15	17	33	20	25	2	18	11	4	6	19	4	6	10	16	7	4	19	56	12	16	3	23	12	
308_A/chicken/Jiangxi/04 17	10	11	4	19	11	7	13	4	10	0	0	7	2	1	12	13	5	6	2	12	7	8	3	11	13	7	5	16	8	11	3	17	7	13	5	15	12	22	10	15	17	33	20	25	2	18	11	4	6	19	4	6	10	16	7	4	19	56	12	16	3	23	12	
309_A/chicken/Jiangxi/04 17	10	12	4	19	11	7	13	4	10	0	0	7	2	1	12	13	5	5	2	12	7	8	3	11	13	7	5	16	8	11	3	18	7	13	5	14	12	22	10	15	17	33	20	25	2	18	11	4	6	19	4	6	10	16	7	4	19	56	12	16	3	23	12	
310_A/chicken/Jiangxi/04 17	10	13	4	19	11	6	13	4	10	0	0	7	2	1	12	13	5	5	2	12	7	8	3	11	13	7	5	16	8	11	3	19	7	13	5	15	12	22	10	15	17	33	20	24	2	18	11	3	6	19	4	5	10	16	7	4	19	56	13	17	3	23	11	
311_A/chicken/Jiangxi/05 17	10	12	4	19	11	7	13	4	10	0	0	7	2	1	12	13	5	5	2	12	7	8	3	11	13	7	5	16	8	11	3	18	7	13	5	14	11	22	10	15	18	33	20	25	2	18	11	4	6	19	4	6	10	16	7	4	19	56	12	16	3	23	12	
312_A/chicken/Jiangxi/10 16	9	13	6	19	11	6	11	4	11	0	0	9	3	1	12	13	6	5	1	12	6	8	3	14	15	8	6	13	5	10	2	19	7	16	7	14	13	19	8	15	16	33	18	24	3	18	13	4	6	21	4	6	9	15	6	4	17	58	12	17	3	21	13	
313_A/chicken/Jiangxi/12 17	10	12	4	19	11	7	13	4	10	0	0	7	2	1	12	13	5	5	2	12	7	8	3	11	13	7	5	16	8	11	3	19	7	13	5	15	12	22	10	15	17	33	20	24	2	18	11	3	6	19	4	5	10	16	7	4	19	54	13	17	3	25	11	
314_A/chicken/Jiangxi/12 15	9	13	6	22	11	6	11	4	11	0	0	9	2	1	12	15	5	5	1	11	7	8	3	13	13	9	6	9	8	9	2	19	7	16	5	14	12	18	10	15	17	35	16	26	3	17	15	4	5	22	4	6	9	14	7	4	18	57	11	16	4	22	13	
315_A/chicken/Jiangxi/12 17	10	12	4	19	11	7	13	4	10	0	0	7	2	1	12	13	5	5	2	12	7	8	3	11	13	7	5	16	8	11	3	19	7	13	5	15	12	22	10	15	17	33	20	24	2	18	11	3	6	19	4	5	10	16	7	4	19	56	13	17	3	23	11	
316_A/chicken/Jiangxi/12 13	9	14	2	23	10	5	14	6	10	0	0	9	4	1	12	17	8	6	1	8	5	7	2	11	14	13	7	9	6	5	4	24	7	16	7	8	9	14	13	17	20	29	16	26	3	24	12	7	7	22	4	5	9	18	9	5	20	44	10	14	2	29	12	
317_A/chicken/Jiangxi/12 15	9	13	6	22	11	6	11	4	11	0	0	9	2	1	12	15	5	5	1	11	7	8	3	13	13	9	6	9	8	9	2	19	7	16	5	14	12	18	10	15	17	35	16	26	3	17	15	4	5	22	4	6	9	14	7	4	18	57	11	16	4	22	13	
318_A/chicken/Jiangxi/25 12	9	13	3	24	10	6	13	6	11	0	0	8	3	1	12	18	9	5	1	8	4	8	2	11	15	13	7	10	5	6	3	24	6	16	7	8	10	14	13	16	20	33	17	26	3	20	12	6	7	21	4	4	9	15	9	7	20	50	11	14	2	26	11	
319_A/Chicken/Jiangxi/45 17	10	12	4	19	11	7	13	4	10	0	0	8	2	1	12	13	5	5	2	12	7	8	3	11	13	7	5	15	8	11	3	18	8	13	5	15	10	22	10	15	17	31	21	25	2	19	11	4	6	18	4	6	10	17	7	4	19	54	12	16	3	25	12	
320_A/chicken/Jiangxi/S4 15	10	10	5	21	9	9	11	4	12	0	0	9	2	1	12	18	7	6	1	9	6	7	2	10	12	11	7	12	7	7	3	23	7	11	7	7	9	21	10	17	20	24	20	25	2	27	11	5	6	20	4	4	13	17	10	6	16	50	10	16	4	28	12	
321_A/chicken/Jilin/04.1 13	9	14	2	23	10	5	14	5	10	0	0	10	4	1	12	17	8	5	1	8	5	8	2	11	14	12	7	9	6	6	4	24	7	15	8	8	9	15	12	15	20	29	16	26	4	24	12	7	7	22	5	5	9	18	8	6	20	45	9	14	2	28	13	
322_A/chicken/Jilin/04.1 13	8	13	3	23	9	6	13	9	12	0	0	7	4	1	12	18	7	5	1	7	6	8	2	11	18	12	7	9	3	6	3	25	7	16	4	7	9	17	14	17	20	32	15	25	3	20	15	5	6	21	3	5	11	15	8	5	18	49	13	15	2	27	12	
323_A/chicken/Jilin/04.1 13	8	13	3	23	9	6	13	9	12	0	0	7	4	1	12	18	7	5	1	7	6	8	2	11	18	12	7	9	3	6	3	25	7	15	5	7	9	17	14	17	20	32	15	25	3	20	15	5	6	21	3	5	11	15	8	5	18	49	13	15	2	27	12	
324_A/chicken/Jilin/04.1 13	8	13	3	23	9	6	13	9	12	0	0	7	4	1	12	18	7	5	1	7	6	8	2	11	18	12	7	9	3	6	3	25	7	15	5	7	9	17	14	17	20	32	15	25	3	20	15	5	6	21	3	5	11	15	8	5	18	49	13	15	2	27	12	
325_A/chicken/Jilin/04.1 13	8	13	3	23	9	6	13	9	12	0	0	7	4	1	12	18	7	5	1	7	6	8	2	11	18	12	7	9	3	6	3	25	7	15	5	7	9	17	14	17	20	32	15	25	3	20	15	5	6	21	3	5	11	15	8	5	18	49	13	15	2	27	12	
326_A/chicken/Jilin/04.2 13	8	13	3	23	9	6	13	8	12	0	0	7	4	1	12	18	7	5	1	7	6	8	2	12	18	12	7	9	3	6	3	25	7	15	5	7	9	17	14	17	20	32	15	26	3	20	15	5	7	21	3	5	10	15	8	5	17	49	13	14	3	27	12	
327_A/chicken/Jilin/S125 14	10	12	3	22	9	7	13	7	10	0	0	8	3	1	12	17	7	6	1	8	6	7	2	13	18	12	7	8	3	6	4	24	7	16	6	8	10	16	15	16	17	33	16	26	4	20	13	5	7	20	3	5	9	15	8	6	21	50	12	14	2	26	11	
328_A/chicken/Jilin/S127 14	10	12	3	22	9	7	13	7	10	0	0	8	3	1	12	17	7	6	1	8	6	7	2	13	18	12	7	8	3	6	4	24	7	16	6	8	10	16	15	16	17	34	15	26	4	20	13	5	7	20	3	5	9	15	8	6	21	50	12	14	2	26	11	
329_A/chicken/Kaohsiung/ 14	11	14	4	23	10	5	12	8	11	0	0	10	4	1	12	15	8	5	1	12	4	8	2	8	15	14	6	8	5	4	3	21	7	20	5	11	9	12	13	15	22	32	18	26	3	23	12	8	6	23	5	3	7	14	7	8	18	44	11	12	3	30	12	
330_A/chicken/Kaohsiung/ 14	12	14	4	23	10	5	12	8	11	0	0	10	4	1	12	16	7	5	1	11	5	9	1	8	15	13	6	8	5	5	3	22	7	20	5	11	10	13	13	14	21	30	20	26	3	23	11	8	5	23	5	3	7	14	8	8	18	43	11	12	3	31	11	
331_A/chicken/Kaohsiung/ 14	11	14	4	23	10	5	12	8	11	0	0	10	4	1	12	16	8	5	1	11	4	8	2	8	15	13	6	8	5	5	3	22	7	20	5	11	9	13	13	14	22	31	19	26	3	23	11	8	6	23	5	3	7	14	7	8	18	44	11	12	3	30	12	
332_A/chicken/Kaohsiung/ 14	11	14	4	23	10	5	12	8	11	0	0	10	4	1	12	15	8	5	1	12	4	8	2	8	15	14	6	8	5	4	3	21	7	20	5	11	9	12	13	15	22	32	18	26	3	23	12	8	6	23	5	3	7	14	7	8	18	44	11	12	3	30	12	
333_A/chicken/Kaohsiung/ 14	11	14	4	23	10	5	12	8	11	0	0	10	4	1	12	15	8	5	1	12	4	8	2	8	16	13	6	8	4	5	3	21	7	20	5	12	9	12	13	14	22	32	18	25	3	23	12	8	6	24	5	3	7	13	7	8	18	44	11	13	3	30	12	
334_A/chicken/Kaohsiung/ 14	10	14	4	23	11	5	12	8	11	0	0	10	4	1	12	16	8	5	1	11	4	8	2	8	15	13	5	8	5	5	4	21	7	20	5	11	9	13	13	15	21	30	17	25	3	24	13	9	6	23	5	3	7	14	7	8	18	42	11	13	3	32	12	
335_A/chicken/Kaohsiung/ 14	11	15	4	23	10	4	12	8	11	0	0	10	4	1	12	16	8	5	2	11	4	8	1	8	15	13	6	8	5	5	3	20	7	20	5	12	9	13	12	14	21	32	17	26	4	20	15	9	6	23	5	3	7	14	8	8	18	43	12	12	3	31	11	
336_A/chicken/Kaohsiung/ 13	11	12	3	24	10	7	13	5	7	0	0	9	5	1	12	13	4	5	2	10	6	8	2	11	14	11	5	11	8	7	4	24	8	11	7	11	7	19	12	17	21	29	19	25	1	24	11	6	2	21	3	5	15	17	10	4	17	48	12	14	5	28	11	
337_A/chicken/Kaohsiung/ 13	11	12	2	24	10	7	14	4	7	0	0	10	5	1	12	13	4	5	2	10	6	9	2	11	14	11	4	11	8	7	5	24	9	11	7	10	6	18	12	18	21	29	19	25	1	24	10	6	4	21	3	5	14	17	10	4	17	46	12	14	4	30	12	
338_A/chicken/Kaohsiung/ 14	10	12	5	22	11	7	11	6	9	0	0	10	3	1	12	15	5	6	2	11	6	7	1	7	14	10	7	12	7	8	3	25	6	12	7	7	10	19	11	17	21	32	21	26	0	21	8	6	5	20	4	4	11	17	9	5	17	47	12	15	6	30	12	
339_A/chicken/Kaohsiung/ 14	10	12	5	22	11	7	11	6	9	0	0	10	3	1	12	15	4	6	2	11	7	7	1	7	14	10	7	12	7	8	3	25	6	12	7	7	10	19	11	17	21	32	21	26	0	21	8	6	5	20	4	4	11	17	9	5	17	47	12	15	6	30	12	
340_A/chicken/Liaoning/S 11	11	14	3	24	9	6	13	6	10	0	0	9	1	1	12	16	5	5	1	11	6	8	1	11	14	14	6	10	7	5	3	24	9	12	6	6	11	19	13	16	20	35	18	26	0	19	12	5	5	21	4	5	9	17	10	4	19	48	9	15	6	28	13	
341_A/chicken/Liaoning/S 14	10	12	3	22	8	7	13	7	11	0	0	8	4	1	12	17	7	5	2	8	6	8	2	13	18	12	6	8	3	6	4	24	6	16	6	8	10	17	13	16	18	33	16	26	4	20	13	5	8	21	3	5	9	14	9	6	20	50	12	14	1	26	11	
342_A/chicken/Miaoli/150 15	11	14	4	22	10	5	12	10	11	0	0	9	4	1	12	16	8	5	1	11	4	8	2	8	15	13	6	7	5	5	3	22	7	20	4	11	10	13	14	14	19	31	18	26	4	22	13	7	6	23	5	4	7	14	8	8	19	43	10	12	3	31	12	
343_A/chicken/Nantou/161 14	11	13	4	23	10	7	12	8	12	0	0	10	3	1	12	15	7	5	1	12	5	7	2	8	15	13	6	8	5	5	3	21	7	21	5	11	9	11	13	15	22	32	19	25	3	23	11	8	6	23	5	3	7	14	7	8	18	44	11	13	3	30	12	
344_A/chicken/New_Taipei 14	11	15	4	23	10	4	12	9	11	0	0	9	4	1	12	16	8	5	2	11	4	8	1	8	15	13	6	8	5	5	3	20	7	20	5	12	9	13	12	14	21	31	16	26	4	23	14	9	6	23	5	3	7	14	8	8	18	44	12	12	3	30	11	
345_A/chicken/New_Taipei 14	11	15	4	23	10	4	12	9	11	0	0	9	4	1	12	16	8	5	1	11	4	8	2	8	15	13	6	8	5	5	3	19	7	20	5	13	9	13	12	14	21	31	17	26	4	23	13	10	6	23	5	3	7	14	8	8	18	43	12	11	3	31	11	
346_A/chicken/New_Taipei 13	10	12	3	24	10	7	13	5	8	0	0	9	5	1	12	13	3	5	2	10	7	8	2	11	14	11	5	11	8	7	4	24	8	11	7	11	7	19	12	17	21	29	19	25	1	24	10	6	2	20	3	5	15	18	10	4	17	47	12	14	5	29	12	
347_A/chicken/New_Taipei 14	11	14	4	23	10	5	12	9	11	0	0	9	4	1	12	15	8	5	1	11	4	8	2	8	14	14	6	8	6	4	3	24	7	19	5	10	9	14	13	14	22	30	18	26	3	24	12	8	6	22	6	3	7	15	7	8	16	44	11	12	5	30	11	
348_A/chicken/New_Taipei 14	11	14	4	23	10	5	12	9	11	0	0	9	4	1	12	15	8	5	1	11	4	8	2	8	14	14	6	8	6	4	3	24	7	18	5	10	9	15	13	14	22	29	19	26	3	24	11	8	6	22	6	3	7	15	7	8	16	45	12	12	5	30	10	
349_A/chicken/New_Taipei 14	11	15	4	23	10	4	12	9	11	0	0	9	4	1	12	15	8	5	1	11	4	8	2	8	14	14	6	8	6	4	3	24	7	19	5	10	9	14	13	14	22	30	19	26	3	24	11	8	6	22	6	3	7	15	7	8	16	44	12	12	5	31	9	
350_A/chicken/New_Taipei 14	11	14	4	23	10	5	12	9	11	0	0	9	4	1	12	15	8	5	1	11	4	8	2	8	14	14	6	8	6	4	3	24	7	19	5	10	9	14	13	14	22	30	19	26	3	24	11	8	6	22	6	3	7	15	7	8	16	44	12	12	5	30	10	
351_A/chicken/New_Taipei 13	11	12	4	24	10	7	12	5	7	0	0	9	5	1	12	13	4	5	2	10	6	8	2	11	14	11	4	11	8	7	5	24	8	11	8	10	7	19	11	18	21	31	19	25	1	22	10	6	2	21	3	4	16	17	10	4	17	46	12	14	5	30	12	
352_A/chicken/Ningxia/2/ 11	11	12	3	24	9	8	13	6	10	0	0	10	1	1	12	16	5	5	1	11	6	8	1	12	14	13	6	8	7	6	3	25	10	12	6	5	10	19	13	15	21	32	20	26	0	19	13	5	4	20	4	5	10	18	10	5	19	50	9	15	5	26	13	
353_A/chicken/Ningxia/22 11	11	12	3	24	9	8	13	6	10	0	0	10	1	1	12	16	5	5	1	11	6	8	1	12	14	13	6	8	7	6	3	25	10	12	6	5	10	19	13	15	21	32	20	26	0	19	13	5	4	20	4	5	10	18	10	5	19	50	9	15	5	26	13	
354_A/chicken/PH/A2821/2 14	10	11	2	22	10	8	14	7	12	0	0	10	2	1	12	17	7	8	2	10	3	5	1	8	18	13	2	10	3	5	6	25	8	15	9	8	9	17	8	16	14	34	22	26	3	21	10	7	8	21	3	5	7	16	5	4	19	50	16	13	5	28	12	
355_A/chicken/Pingtung/1 13	10	12	3	24	11	7	13	5	7	0	0	10	5	1	12	14	5	5	1	10	6	8	2	11	14	11	6	10	7	7	4	22	9	11	7	12	8	20	11	16	19	28	19	25	1	25	10	5	2	21	2	5	14	17	11	5	19	46	12	14	5	30	12	
356_A/chicken/Pingtung/1 13	10	12	3	24	10	7	13	5	8	0	0	10	5	1	12	14	5	5	1	10	6	8	2	10	14	11	6	11	7	7	4	22	8	11	7	11	9	19	12	17	20	28	19	25	1	25	10	6	2	20	2	5	13	18	11	5	18	45	13	14	5	30	12	
357_A/chicken/Pingtung/1 13	11	12	4	24	10	7	12	5	7	0	0	9	5	1	12	14	4	4	2	10	5	9	2	11	14	11	5	11	8	7	4	24	8	11	7	11	7	19	12	17	21	29	20	25	1	24	10	6	2	20	3	5	14	18	10	3	18	47	12	15	5	29	11	
358_A/chicken/Pingtung/1 13	11	12	3	24	10	7	13	5	7	0	0	9	5	1	12	13	4	5	2	10	6	8	2	11	14	11	4	11	8	7	5	24	8	11	8	10	7	19	11	18	20	31	19	25	1	22	10	6	2	21	3	4	16	17	10	4	18	46	12	14	5	30	12	
359_A/chicken/PT/a158/20 17	9	11	3	19	11	8	13	7	12	0	0	9	2	1	12	18	6	6	2	9	3	7	1	7	19	13	2	11	3	5	5	25	7	17	10	11	10	16	6	15	13	35	20	26	3	21	11	6	8	21	3	4	7	15	5	5	20	53	16	13	5	27	12	
360_A/chicken/Qingdao/1/ 14	9	10	4	22	11	8	13	5	10	0	0	8	3	1	12	14	6	4	1	11	5	9	3	12	15	9	6	13	6	9	3	18	8	15	4	15	12	21	11	14	15	33	16	24	5	20	14	5	4	21	4	5	11	14	9	8	18	53	10	12	5	26	11	
361_A/chicken/SC/a688/20 17	10	11	3	19	11	8	13	8	11	0	0	9	2	1	12	18	6	6	1	9	3	7	2	7	19	14	2	11	4	4	5	25	7	17	10	11	10	16	6	14	13	36	20	26	3	21	11	6	8	21	3	4	7	15	5	5	19	52	17	13	5	27	11	
362_A/chicken/Shaanxi/SD 14	9	13	4	22	9	6	12	5	10	0	0	8	3	1	12	18	6	8	1	8	7	5	2	10	13	11	6	13	6	7	4	22	9	13	7	10	8	17	11	16	20	32	23	25	1	19	8	5	6	21	4	7	11	17	10	8	19	50	12	11	5	27	10	
363_A/chicken/Shandong/1 13	9	12	5	23	12	7	10	5	11	0	0	10	3	1	12	15	5	5	1	12	5	8	2	9	12	11	6	12	8	7	3	23	6	13	6	7	8	18	12	18	24	30	19	24	1	24	10	7	7	19	5	4	7	18	9	6	18	48	11	14	5	29	13	
364_A/Chicken/Shandong/J 13	8	12	3	22	10	8	13	9	12	0	0	7	2	1	12	19	7	6	1	7	5	7	2	9	17	13	6	11	4	5	3	27	6	14	4	6	10	16	15	16	20	33	17	27	2	19	14	6	5	22	3	4	11	17	9	5	20	46	15	14	2	29	9	
365_A/Chicken/Shandong/J 12	10	12	3	24	9	8	13	6	10	0	0	9	1	1	12	15	5	5	1	12	6	8	1	11	13	14	7	10	8	5	2	24	11	12	6	6	9	18	13	16	21	34	21	26	0	18	11	5	4	20	4	5	11	18	10	3	18	48	9	16	6	28	13	
366_A/Chicken/Shandong/J 11	10	13	3	24	10	7	13	5	10	0	0	10	1	1	12	16	5	5	1	11	6	8	1	10	14	13	7	11	7	6	2	25	10	13	6	5	9	18	13	16	22	33	20	26	0	19	12	5	4	20	4	5	10	18	10	4	19	49	9	15	5	27	13	
367_A/Chicken/Shandong/J 11	11	14	3	24	9	6	13	6	10	0	0	10	1	1	12	16	5	5	1	10	6	8	1	12	14	13	6	10	7	6	3	24	10	12	6	5	9	19	13	16	21	31	20	26	0	21	12	6	3	20	4	5	11	18	10	4	19	49	9	14	6	27	13	
368_A/Chicken/Shandong/J 13	10	12	4	23	10	7	12	5	10	0	0	10	2	1	12	14	5	5	1	12	6	8	2	9	14	11	9	12	7	7	1	23	6	13	7	9	8	17	12	16	23	30	20	26	0	22	10	6	8	19	4	4	8	18	8	6	19	47	12	14	5	30	13	
369_A/chicken/Shandong/K 16	10	13	4	21	9	6	12	8	12	0	0	8	2	1	12	16	7	5	1	9	6	8	2	10	15	14	8	9	5	4	2	22	9	16	5	12	10	16	13	13	19	31	19	26	1	21	12	6	8	23	5	4	6	14	7	6	22	45	12	15	3	30	11	
370_A/chicken/Shandong/S 14	9	11	4	22	11	8	13	5	10	0	0	8	3	1	12	14	6	4	1	11	5	9	3	12	15	9	6	13	6	9	3	18	8	14	4	15	12	21	11	14	15	33	16	24	5	20	14	5	4	21	4	5	11	14	9	8	18	52	11	12	5	26	11	
371_A/chicken/Shanghai/S 13	10	11	2	23	8	7	14	9	11	0	0	7	3	1	12	19	7	6	1	7	5	8	2	10	18	12	7	8	4	6	4	25	5	15	5	7	11	17	14	17	21	34	16	26	2	20	12	5	8	20	3	5	10	16	9	6	19	48	11	14	1	28	12	
372_A/chicken/Shanghai/S 14	10	12	2	22	8	7	14	8	12	0	0	7	2	1	12	18	7	5	1	7	5	8	2	12	19	12	7	9	3	6	4	24	6	16	5	8	10	17	14	17	19	31	15	25	4	22	14	5	8	20	2	5	8	14	9	5	21	50	13	14	2	27	11	
373_A/chicken/Shanxi/04. 14	9	12	2	22	10	7	14	5	11	0	0	10	3	1	12	17	8	6	1	7	5	7	1	12	14	13	6	10	6	5	5	22	6	15	8	9	10	15	12	17	18	30	17	26	5	23	13	7	8	22	3	5	8	18	9	5	20	42	10	14	2	29	14	
374_A/chicken/Shanxi/12. 15	9	12	2	21	10	7	14	6	10	0	0	9	4	1	12	17	8	5	1	9	5	8	1	11	14	13	8	10	6	5	4	23	7	15	8	8	9	16	13	17	19	30	16	26	3	24	12	7	8	22	3	5	8	17	9	5	21	42	9	14	1	30	13	
375_A/chicken/Shenzhen/4 14	9	12	2	22	10	7	14	6	11	0	0	9	3	1	12	18	8	5	1	8	5	8	2	11	14	13	7	9	6	5	4	24	6	16	8	7	10	14	12	17	20	29	16	26	3	24	12	7	7	22	3	5	9	18	10	5	20	44	10	14	2	29	12	
376_A/chicken/Shenzhen/5 13	9	13	2	23	10	6	14	6	10	0	0	9	4	1	12	18	8	5	1	8	5	8	2	12	14	13	7	8	6	5	4	24	6	16	8	7	10	14	12	17	20	30	16	26	3	23	12	7	7	22	3	5	9	18	9	5	20	43	10	14	2	30	13	
377_A/chicken/Shenzhen/7 14	9	12	2	22	10	7	14	6	11	0	0	9	3	1	12	18	8	5	1	8	5	8	2	11	14	13	7	9	6	5	4	24	6	16	8	7	10	14	12	17	20	29	16	26	3	24	12	7	7	22	3	5	9	18	10	5	20	44	10	14	2	29	12	
378_A/chicken/Shenzhen/1 13	10	13	2	23	10	6	14	6	11	0	0	9	3	1	12	18	7	5	1	8	5	8	2	11	14	13	7	9	6	5	3	24	6	16	8	7	10	14	12	17	20	29	16	26	3	24	13	7	7	21	3	5	9	18	9	5	20	45	10	14	2	29	13	
379_A/chicken/Shenzhen/1 14	10	12	2	22	9	7	14	6	11	0	0	9	3	1	12	17	9	5	1	9	4	8	2	11	14	13	7	9	6	5	3	23	6	15	9	8	10	15	11	17	20	29	16	26	3	25	12	7	7	20	3	5	9	17	9	5	19	50	10	14	3	26	13	
380_A/chicken/Shenzhen/2 13	9	13	2	23	10	6	14	6	10	0	0	9	4	1	12	18	8	5	1	8	5	8	1	11	14	13	7	9	6	5	5	24	6	16	8	7	10	14	12	17	20	29	16	26	3	24	12	7	7	23	3	5	9	17	9	5	20	42	10	14	2	31	13	
381_A/chicken/Shenzhen/2 11	9	13	2	23	10	6	14	7	10	0	0	9	4	1	12	19	8	5	1	8	5	8	2	11	14	13	7	9	6	5	4	24	6	16	8	7	10	14	12	18	19	30	16	26	3	23	12	7	7	22	3	5	9	18	9	5	20	43	10	14	2	30	13	
382_A/chicken/Shenzhen/2 13	9	13	2	23	10	6	14	6	10	0	0	9	4	1	12	18	8	5	1	8	5	8	2	11	14	13	7	9	6	5	4	24	6	16	8	7	10	14	12	16	20	30	16	26	3	23	12	7	7	22	3	5	9	18	9	6	20	43	10	14	2	30	13	
383_A/chicken/Shijiazhua 15	9	11	5	22	11	8	12	5	10	0	0	7	3	1	12	14	6	4	2	10	5	9	2	11	15	9	6	15	6	9	3	21	8	12	6	14	12	21	11	15	15	35	16	24	5	19	13	3	5	21	5	6	9	14	8	6	18	55	11	13	5	24	10	
384_A/chicken/Sichuan/k1 13	8	12	3	23	11	7	13	8	8	0	0	8	5	1	12	18	8	5	1	8	5	8	2	10	13	13	6	9	7	5	5	23	5	15	8	9	11	15	12	16	19	30	18	25	5	23	12	6	8	22	4	6	9	17	9	5	19	43	9	14	2	29	14	
385_A/chicken/Sichuan/NC 13	10	12	2	23	9	7	14	6	11	0	0	8	3	1	12	17	8	5	1	9	5	8	2	11	14	13	7	10	6	5	3	23	6	15	9	8	10	15	11	17	20	29	16	26	3	25	12	6	8	20	3	5	9	17	9	5	19	49	10	14	3	27	13	
386_A/Chicken/Suzhou/j5/ 15	8	13	2	21	11	6	14	7	9	0	0	7	5	1	12	19	8	5	1	7	6	8	2	11	13	13	4	10	6	5	6	23	6	15	7	8	10	15	13	18	18	27	20	26	5	25	10	6	9	22	3	6	9	17	9	3	19	43	9	15	2	29	15	
387_A/Chicken/Suzhou/j6/ 15	8	13	2	21	11	6	14	7	9	0	0	7	5	1	12	19	8	5	1	7	6	8	2	11	13	13	4	10	6	5	6	23	6	15	7	8	10	15	13	18	18	27	20	26	5	25	10	6	9	22	3	6	9	17	9	3	19	43	9	15	2	29	15	
388_A/chicken/Taichung/1 13	10	12	3	24	11	7	13	5	7	0	0	10	5	1	12	14	5	5	1	10	6	8	2	11	14	11	6	10	7	7	4	23	8	11	7	12	8	20	11	16	20	29	19	25	1	24	10	5	2	21	2	5	14	16	11	5	18	47	12	14	5	30	12	
389_A/chicken/Taichung/1 15	8	12	3	22	12	7	14	5	8	0	0	10	5	1	12	14	4	5	1	10	7	8	1	11	14	11	6	10	7	7	4	22	9	12	7	10	7	19	12	17	20	30	18	25	1	24	10	5	3	20	2	6	14	17	11	5	18	48	12	14	5	28	12	
390_A/chicken/Taichung/1 15	9	12	3	22	12	7	13	5	7	0	0	10	5	1	12	14	4	5	1	10	7	8	2	11	14	11	6	10	7	7	4	25	8	12	7	9	8	19	12	17	20	30	18	25	1	24	10	4	2	20	2	6	14	17	11	5	18	48	12	14	5	28	12	
391_A/chicken/Taichung/1 13	8	11	3	23	11	8	13	3	11	0	0	11	3	1	12	15	5	6	1	10	8	7	2	12	17	14	7	11	3	5	2	21	9	12	5	10	8	19	13	17	19	30	18	25	2	24	11	7	7	21	3	3	8	17	10	6	18	47	11	14	5	29	12	
392_A/chicken/Tainan/150 14	11	14	4	23	10	5	12	9	11	0	0	10	4	1	12	16	8	5	1	11	4	8	2	7	15	13	6	8	5	5	3	22	7	20	4	11	10	13	14	13	20	31	18	27	4	22	13	7	6	23	5	4	7	14	8	8	18	43	10	12	3	31	12	
393_A/chicken/Tainan/160 13	10	12	3	24	11	7	13	4	7	0	0	11	5	1	12	14	5	5	1	10	6	8	2	11	14	10	6	11	6	8	4	23	9	12	7	12	8	18	12	18	20	27	19	24	1	25	11	6	1	21	2	5	14	17	11	4	18	46	12	13	5	30	12	
394_A/chicken/Tainan/170 14	11	13	4	23	10	5	12	8	11	0	0	10	4	1	12	16	9	6	1	11	4	8	2	8	15	13	6	8	4	5	3	22	6	21	5	11	10	12	13	14	21	31	20	26	4	22	11	8	6	24	5	3	7	13	7	8	18	44	12	12	3	30	11	
395_A/chicken/Taipei_Cit 14	11	14	4	23	10	5	12	9	11	0	0	9	4	1	12	15	8	5	1	11	4	8	2	8	14	14	6	8	6	4	3	24	7	19	5	10	9	14	13	14	22	30	19	26	3	24	11	8	6	22	6	3	7	15	7	8	16	44	12	12	5	30	10	
396_A/chicken/Taipei_Cit 13	11	12	3	24	10	7	13	5	7	0	0	9	5	1	12	13	4	5	2	9	6	9	2	11	14	10	4	11	8	8	5	24	8	11	7	9	7	19	12	19	20	29	19	25	2	24	10	6	3	21	3	5	15	17	10	4	16	45	12	14	5	31	12	
397_A/chicken/Taipei_Cit 13	11	12	2	24	10	7	14	5	7	0	0	9	5	1	12	13	4	5	2	10	6	8	2	11	14	11	3	11	8	7	5	24	9	11	7	10	6	19	12	18	21	29	21	25	1	23	10	6	3	20	3	5	15	18	10	4	17	47	12	14	4	29	12	
398_A/chicken/Taipei/160 14	11	14	4	23	10	5	12	8	11	0	0	10	4	1	12	15	8	5	1	12	4	8	2	8	15	13	5	8	5	5	4	20	7	20	5	13	9	12	13	14	22	31	18	25	3	24	12	8	6	23	5	3	7	14	7	9	17	44	11	13	3	30	12	
399_A/chicken/Taipei/160 14	11	14	4	23	10	5	12	8	11	0	0	10	4	1	12	15	8	5	1	12	4	8	2	8	15	13	5	8	5	5	4	20	7	20	5	13	9	12	13	14	22	31	18	25	3	24	12	8	6	23	5	3	7	14	7	8	18	44	11	13	3	30	12	
400_A/chicken/Taipei/161 14	10	14	4	23	12	5	12	9	10	0	0	10	4	1	12	16	8	5	1	11	4	8	2	7	15	13	6	8	5	5	3	21	8	19	6	10	9	13	13	16	22	30	16	25	3	24	14	9	5	23	5	3	7	14	7	7	18	44	11	13	3	30	12	
401_A/chicken/Taipei/170 14	11	14	4	23	10	5	12	9	11	0	0	9	4	1	12	15	8	5	1	11	4	8	2	8	14	14	6	8	6	4	3	23	7	19	5	10	9	14	13	14	22	30	19	26	3	24	11	9	6	22	6	3	7	15	7	8	16	44	11	12	5	30	11	
402_A/chicken/Taipei/170 14	11	14	4	23	10	5	12	9	11	0	0	9	4	1	12	15	8	5	1	11	4	8	2	8	14	14	6	8	6	4	3	24	7	17	5	10	9	15	13	14	22	31	19	27	3	24	11	8	6	22	6	3	7	15	7	8	16	44	11	11	5	30	11	
403_A/chicken/Taipei/170 14	11	14	4	23	10	5	12	9	11	0	0	9	4	1	12	15	8	5	1	11	4	8	2	8	14	14	6	8	6	4	3	24	7	19	5	10	9	14	13	14	22	30	19	26	3	24	11	8	6	22	6	3	7	15	7	8	16	44	11	12	5	30	11	
404_A/chicken/Taishun/TS 15	10	13	7	21	11	6	10	5	11	0	0	8	2	1	12	14	5	5	1	11	6	8	2	11	14	8	5	14	8	10	4	20	7	15	6	14	13	19	9	15	16	35	17	24	3	17	13	3	5	20	4	6	9	16	7	5	18	55	12	16	3	24	13	
405_A/chicken/Taishun/TS 16	10	12	4	20	10	7	13	4	10	0	0	7	2	1	12	13	6	5	2	12	7	8	3	11	13	6	5	16	8	12	3	19	8	13	5	14	12	22	10	15	16	32	21	25	2	18	11	4	6	20	4	5	10	15	6	4	20	56	13	15	3	23	12	
406_A/chicken/Taiwan/010 13	10	11	3	23	9	9	12	8	14	0	0	9	1	1	12	16	6	6	2	9	3	7	1	8	19	13	2	13	3	5	5	26	6	15	9	11	9	18	8	13	16	32	20	25	2	23	13	6	6	21	2	4	9	16	6	6	20	52	16	12	4	26	12	
407_A/chicken/Taiwan/050 14	8	11	2	22	12	8	14	7	13	0	0	11	2	1	12	17	6	5	2	10	3	8	1	8	19	13	2	9	3	6	5	25	7	15	10	9	10	17	7	15	14	36	21	26	3	20	11	6	8	20	3	5	7	16	5	5	18	50	16	13	5	28	12	
408_A/chicken/Taiwan/683 17	9	11	2	18	11	8	14	7	12	0	0	10	2	1	12	18	6	7	2	11	3	6	1	7	19	13	2	10	3	5	5	26	8	16	10	8	10	16	7	15	13	35	20	26	3	22	11	6	8	20	3	5	7	16	5	6	20	51	16	12	4	28	12	
409_A/chicken/Taiwan/011 14	11	14	4	23	10	5	12	10	11	0	0	9	4	1	12	16	8	5	1	11	4	8	2	7	15	13	6	8	5	5	3	22	7	20	4	11	10	13	14	14	19	31	18	26	4	22	13	7	6	23	5	4	7	14	8	8	19	43	10	12	3	31	12	
410_A/chicken/Taiwan/168 15	8	13	5	21	10	8	11	6	13	0	0	9	1	1	12	17	4	5	3	9	5	8	0	10	16	13	5	11	7	5	4	23	5	15	10	7	15	16	7	14	16	30	22	25	1	23	10	9	6	21	3	4	5	15	8	8	23	50	12	12	5	29	13	
411_A/chicken/Taiwan/169 15	8	13	5	21	10	8	11	6	13	0	0	9	1	1	12	17	4	4	4	9	5	8	0	10	16	13	5	11	7	5	4	23	5	15	10	7	15	16	7	14	16	30	22	25	1	23	10	9	6	21	3	4	5	15	8	8	23	50	12	12	5	29	13	
412_A/chicken/Taiwan/170 15	9	13	5	21	9	8	11	6	13	0	0	9	1	1	12	17	4	4	4	9	5	8	0	10	16	13	5	11	7	5	4	23	5	15	10	7	15	16	7	14	16	30	22	25	1	23	10	9	6	21	3	4	5	15	8	8	23	50	12	12	5	29	13	
413_A/chicken/Taiwan/171 15	8	13	5	21	10	8	11	6	13	0	0	9	1	1	12	17	4	4	4	9	5	8	0	10	16	13	5	11	7	5	4	23	5	15	10	7	15	16	7	14	16	30	22	25	1	23	10	9	6	21	3	4	5	15	8	8	23	50	12	12	5	29	13	
414_A/chicken/Taiwan/259 17	9	11	2	19	11	8	14	7	12	0	0	10	2	1	12	18	6	6	2	10	3	7	1	7	19	13	2	10	3	5	5	25	7	16	10	9	10	16	7	15	14	36	20	26	3	21	11	6	8	20	3	5	7	16	5	6	19	51	17	12	5	28	11	
415_A/chicken/Taiwan/294 17	9	11	3	19	11	8	13	7	12	0	0	10	2	1	12	18	6	6	2	10	3	7	1	7	19	13	2	10	3	5	5	25	7	16	10	9	10	16	7	15	14	36	20	26	3	21	11	6	8	21	3	5	7	15	5	6	19	52	17	12	5	27	11	
416_A/chicken/Taiwan/444 17	9	11	2	19	11	8	14	7	12	0	0	10	2	1	12	18	6	6	2	10	3	7	1	6	19	13	2	11	3	5	5	25	7	16	10	9	10	16	7	15	14	35	21	26	3	21	11	6	8	20	3	5	7	16	5	5	19	51	17	12	6	28	11	
417_A/chicken/Taiwan/735 17	9	11	2	19	11	8	14	7	12	0	0	10	2	1	12	18	6	6	2	10	3	7	1	7	19	13	2	10	3	5	5	25	7	16	10	9	10	16	7	15	14	35	22	26	3	21	10	6	8	20	3	5	7	16	5	5	19	51	17	13	5	28	11	
418_A/chicken/Taiwan/898 17	9	11	2	19	11	8	14	7	12	0	0	10	2	1	12	17	6	6	2	11	3	7	1	7	19	13	2	10	3	5	5	24	8	16	10	9	11	15	7	15	14	35	21	26	3	21	11	6	8	19	3	5	7	17	5	6	19	52	17	12	5	27	11	
419_A/chicken/Taiwan/899 17	9	11	2	19	11	8	14	7	12	0	0	10	2	1	12	17	6	6	2	11	3	7	1	7	19	13	2	10	3	5	5	24	8	16	10	9	11	15	7	15	14	35	21	26	3	21	11	6	8	19	3	5	7	17	5	6	19	52	17	12	5	27	11	
420_A/chicken/Taiwan/899 17	9	11	2	19	11	8	14	7	12	0	0	10	2	1	12	17	6	6	2	11	3	7	1	7	19	13	2	10	3	5	5	24	8	16	10	9	11	15	7	15	14	35	21	26	3	21	11	6	8	19	3	5	7	17	5	6	19	52	17	12	5	27	11	
421_A/chicken/Taiwan/A1/ 16	10	12	4	20	10	7	12	5	14	0	0	11	1	1	12	20	6	6	2	10	3	7	1	9	18	13	2	8	3	5	5	24	7	17	9	10	9	15	8	13	15	33	22	26	3	22	11	7	7	23	3	5	7	14	5	6	21	49	18	13	3	29	10	
422_A/chicken/Taiwan/a17 13	11	14	4	22	10	5	11	9	11	0	0	10	4	1	12	16	8	5	1	11	4	8	2	7	14	12	6	8	5	5	2	22	7	19	4	11	10	13	14	14	19	31	18	25	4	22	13	7	6	23	5	4	7	13	8	8	19	42	10	11	3	31	12	
423_A/chicken/Taiwan/A19 16	9	10	4	21	11	9	12	7	12	1	0	9	1	0	12	16	7	5	2	11	5	10	1	7	16	9	2	12	4	8	4	23	7	14	10	8	11	17	7	19	13	33	19	24	3	23	13	8	8	24	4	3	8	14	8	5	19	55	12	13	5	22	12	
424_A/chicken/Taiwan/D2/ 14	9	12	5	22	13	7	11	5	9	0	0	11	2	1	12	15	5	6	2	11	6	7	1	7	14	10	7	12	7	8	3	25	6	11	7	7	10	19	11	17	21	33	21	26	0	20	8	6	5	22	3	4	11	17	9	5	17	47	12	15	6	30	12	
425_A/chicken/Taiwan/D9/ 14	9	12	5	22	13	7	11	5	9	0	0	11	2	1	12	15	5	6	2	11	6	7	1	7	14	10	7	12	7	8	3	25	6	11	7	7	10	20	11	17	21	33	21	26	0	20	8	6	5	21	3	4	11	17	9	5	17	47	12	15	6	30	12	
426_A/chicken/Taiwan/u7/ 13	11	12	3	24	10	7	13	5	7	0	0	9	5	1	12	13	4	5	2	10	6	8	2	11	14	11	6	11	8	7	3	24	8	11	7	11	7	19	12	18	20	29	19	25	1	24	10	5	2	21	3	6	15	17	10	4	17	47	12	14	5	29	12	
427_A/chicken/Taiwan/x37 13	11	14	4	21	10	5	11	8	11	0	0	12	4	1	12	16	8	5	1	12	4	7	2	8	15	13	6	7	4	5	2	20	6	19	5	12	11	13	13	14	21	31	17	24	3	23	13	9	6	23	5	2	8	13	7	8	18	43	10	11	3	30	13	
428_A/chicken/TC/a504/20 17	9	11	3	19	11	8	13	7	12	0	0	9	2	1	12	18	6	6	2	9	3	7	1	7	18	13	2	11	4	5	5	25	7	17	10	11	10	16	6	15	14	36	20	26	3	21	11	6	8	22	3	4	7	14	5	5	19	52	15	13	5	27	13	
429_A/chicken/TY/a665/20 18	9	11	3	18	11	8	13	7	12	0	0	9	2	1	12	18	6	6	2	9	3	7	1	7	18	13	2	11	4	5	5	25	7	17	10	11	10	16	6	15	15	36	20	26	2	21	11	6	8	21	3	4	7	15	5	5	19	52	15	13	5	27	13	
430_A/chicken/Wuxi/7157/ 14	10	13	2	20	9	6	13	6	11	0	0	9	3	1	12	18	9	5	1	7	5	8	2	11	14	12	6	9	6	6	3	22	6	15	8	10	11	15	12	18	19	30	19	25	3	23	12	7	7	23	3	5	9	15	9	5	21	44	11	14	2	30	13	
431_A/chicken/Wuxi/7765/ 12	10	12	2	24	9	7	14	7	11	0	0	8	3	1	12	18	9	5	1	8	4	8	2	12	14	13	7	8	6	5	3	24	6	16	8	7	10	14	12	17	20	30	16	26	3	23	13	7	8	21	3	5	8	18	9	4	20	45	10	15	2	29	13	
432_A/chicken/Wuxi/SC739 13	10	12	2	23	10	7	14	6	11	0	0	9	2	1	12	19	9	6	1	7	5	7	2	11	14	13	8	9	5	5	3	24	5	17	9	7	10	15	11	17	20	28	16	26	4	25	11	7	7	22	3	5	9	17	9	5	20	45	10	14	2	28	13	
433_A/chicken/Wuxi/WX-32 13	11	12	2	23	9	7	14	8	12	0	0	8	3	1	12	18	7	5	1	7	5	7	2	11	18	12	7	9	3	6	4	25	6	13	6	7	9	19	14	17	20	31	17	26	3	20	13	5	6	21	3	5	10	15	9	5	20	48	12	14	1	29	11	
434_A/chicken/Wuxi/WX-33 13	11	12	2	23	9	7	14	8	12	0	0	8	3	1	12	18	7	5	1	7	5	8	2	11	18	12	7	9	3	6	4	25	6	13	6	7	8	19	14	17	20	32	16	26	3	20	13	5	6	21	3	5	10	15	9	5	20	48	12	14	1	29	11	
435_A/chicken/Xinjiang/S 13	10	11	2	23	8	7	14	9	11	0	0	7	3	1	12	19	7	6	1	7	5	8	2	10	19	12	7	8	3	6	4	25	5	15	5	7	11	17	14	17	21	34	16	26	2	20	12	5	8	20	3	5	10	16	9	6	19	48	11	14	1	28	12	
436_A/chicken/Xinjiang/S 12	10	11	2	24	8	7	14	9	11	0	0	7	3	1	12	19	7	6	1	7	5	8	2	10	19	13	7	8	3	5	4	25	5	15	5	7	11	17	14	17	21	34	16	26	2	20	12	5	8	20	3	5	10	16	9	7	19	48	11	13	1	28	12	
437_A/chicken/Xinjiang/S 13	10	11	2	23	8	7	14	9	11	0	0	7	3	1	12	19	7	6	1	7	5	8	2	10	19	12	7	8	3	6	4	25	5	15	5	7	11	17	14	17	21	34	16	26	2	20	12	5	8	20	3	5	10	16	9	6	19	48	11	14	1	28	12	
438_A/Chicken/Xuzhou/470 15	9	12	2	21	10	7	14	7	9	0	0	7	5	1	12	19	9	5	1	7	5	8	2	11	13	13	4	10	6	5	6	23	6	16	8	7	10	14	12	18	18	27	20	26	5	25	10	6	8	22	3	6	9	18	9	4	19	42	8	15	2	31	15	
439_A/chicken/Xuzhou/XZ6 14	9	12	3	22	10	7	13	6	11	0	0	8	3	1	12	19	8	5	2	8	4	8	1	12	15	12	7	8	6	6	4	23	6	16	7	8	10	14	13	17	19	31	16	25	4	24	11	6	7	22	3	5	9	18	9	5	20	45	10	16	2	27	13	
440_A/Chicken/Yangzhou/f 16	8	12	2	20	11	7	14	7	9	0	0	8	5	1	12	19	9	5	1	7	5	8	2	11	13	13	4	9	6	5	6	23	6	15	9	7	11	15	11	18	17	27	21	26	5	25	9	6	8	21	3	6	9	19	9	4	18	42	10	15	2	32	13	
441_A/Chicken/Yangzhou/f 18	9	12	2	19	12	7	14	7	9	0	0	9	4	1	12	18	8	6	1	7	5	7	2	11	14	13	4	8	6	5	5	23	6	18	7	10	14	13	12	15	14	29	20	25	5	24	10	6	7	20	4	7	9	17	8	3	17	53	11	18	2	23	12	
442_A/Chicken/Yangzhou/f 16	8	12	2	20	11	7	14	6	10	0	0	8	4	1	12	19	9	5	1	7	5	8	2	12	13	13	4	9	6	5	6	23	6	15	9	7	11	15	11	18	17	27	21	26	5	25	9	6	8	21	3	6	10	19	9	4	17	42	10	15	2	32	13	
443_A/chicken/Yangzhou/Y 13	9	13	2	23	10	6	14	6	11	0	0	9	3	1	12	18	8	6	1	8	5	7	2	11	14	13	7	9	6	5	4	25	6	16	8	7	10	14	12	16	20	29	16	27	3	24	12	6	7	22	3	5	9	18	9	5	20	46	11	14	2	27	12	
444_A/chicken/YL/A3190/2 15	9	11	2	21	12	8	14	7	12	0	0	9	2	1	12	18	5	4	2	9	3	9	1	8	20	12	2	11	2	6	6	25	6	15	10	9	11	17	7	15	13	34	23	26	4	20	10	6	8	18	3	5	7	19	5	4	20	50	17	14	4	28	11	
445_A/chicken/Yuhang/1/2 13	12	12	4	23	9	7	13	5	10	0	0	11	3	1	12	16	2	5	1	10	7	8	2	9	16	11	8	11	6	7	2	22	5	11	7	10	9	20	10	18	22	27	18	25	0	24	13	6	5	19	3	4	9	19	9	5	20	49	11	14	6	28	13	
446_A/chicken/Yuhang/2/2 13	12	12	4	23	9	7	13	5	10	0	0	11	3	1	12	16	2	5	1	10	7	8	2	9	16	11	8	11	6	7	2	22	5	11	7	10	9	20	10	18	22	27	18	25	0	24	13	6	5	19	3	4	9	19	9	5	20	49	11	14	6	28	13	
447_A/chicken/Yunlin/150 13	10	12	3	24	11	7	13	5	7	0	0	10	5	1	12	14	5	5	1	10	6	8	2	11	14	11	6	10	7	7	4	24	8	11	7	11	8	20	11	16	20	29	19	25	1	24	10	5	2	21	2	5	14	17	11	5	18	46	12	14	5	30	12	
448_A/chicken/Yunlin/150 14	10	12	3	23	11	7	13	5	7	0	0	10	5	1	12	14	5	5	1	10	6	9	2	11	13	11	5	10	8	6	5	23	8	12	7	12	8	19	11	16	20	27	20	25	1	25	10	6	2	21	2	4	14	17	11	5	18	46	12	14	5	30	12	
449_A/chicken/Yunlin/150 14	10	12	3	23	11	7	13	5	7	0	0	9	5	1	12	14	5	5	1	10	6	8	2	11	14	11	5	11	7	7	5	24	8	12	7	11	8	19	11	16	20	28	19	25	1	25	10	5	2	21	2	5	14	17	11	5	18	45	13	14	5	30	12	
450_A/chicken/Yunlin/150 15	11	14	4	22	10	5	12	10	11	0	0	9	4	1	12	16	8	5	1	11	4	8	2	7	15	13	6	8	5	5	3	23	7	20	4	11	10	13	14	14	19	31	18	25	4	22	13	7	6	23	5	4	7	14	8	8	19	43	10	12	3	31	12	
451_A/chicken/Yunlin/150 14	10	12	3	23	11	7	13	5	7	0	0	10	5	1	12	14	5	5	1	10	6	8	2	11	14	11	5	10	7	7	5	24	8	11	6	11	8	20	12	16	20	28	19	25	1	25	10	5	2	21	2	5	14	17	11	5	18	45	13	14	5	30	12	
452_A/chicken/Yunlin/150 14	10	11	3	23	11	7	13	5	7	0	0	9	5	1	12	14	5	6	1	10	6	8	2	11	14	11	5	11	7	7	5	24	8	11	7	11	8	20	11	16	20	28	19	25	1	25	10	5	2	21	2	5	14	17	11	5	18	45	13	14	5	30	12	
453_A/chicken/Yunlin/150 14	10	12	3	23	11	7	13	5	7	0	0	9	5	1	12	14	5	5	1	10	6	8	2	11	14	11	5	11	7	7	5	24	8	12	7	11	8	18	12	16	20	28	19	25	1	25	10	6	1	21	2	5	14	17	11	5	18	45	13	14	5	30	12	
454_A/chicken/Yunlin/150 14	10	12	3	23	11	7	13	5	7	0	0	10	5	1	12	14	5	5	1	10	6	8	2	11	14	11	6	10	7	7	4	24	8	12	7	10	8	19	12	16	20	28	19	25	1	25	10	5	2	20	2	6	14	17	11	5	18	48	12	14	5	28	12	
455_A/chicken/Yunlin/160 13	10	12	3	24	11	7	13	5	7	0	0	9	5	1	12	13	4	5	1	10	6	8	2	11	14	11	6	11	8	7	4	24	9	11	7	11	8	18	12	17	20	29	19	26	0	24	10	6	2	19	2	5	15	19	11	4	17	46	12	14	5	30	12	
456_A/chicken/Yunlin/160 13	10	12	3	24	11	7	13	5	7	0	0	10	5	1	12	14	6	5	1	10	4	9	2	11	14	10	6	10	7	8	4	23	8	12	7	12	8	18	11	16	20	30	18	25	1	23	11	5	2	22	2	5	14	16	12	5	18	45	12	14	5	30	13	
457_A/chicken/Yunlin/160 14	11	14	5	23	10	5	11	9	11	0	0	10	4	1	12	16	7	5	1	11	4	8	2	7	16	13	6	8	5	5	3	22	6	19	4	10	11	15	14	16	19	31	18	25	4	22	13	7	6	22	4	3	8	14	9	8	19	43	10	12	3	31	12	
458_A/chicken/Yunlin/160 15	8	12	3	22	12	7	14	5	8	0	0	10	5	1	12	14	4	5	1	10	7	8	1	11	14	11	6	10	7	7	4	22	9	12	7	10	7	19	12	17	20	30	18	25	1	24	10	5	3	21	2	6	14	16	11	5	18	48	12	14	5	28	12	
459_A/chicken/Yunlin/170 14	11	14	4	23	10	5	12	8	11	0	0	11	4	1	12	16	7	6	1	11	4	8	2	7	16	12	6	8	5	5	3	22	6	21	4	11	11	14	14	15	18	28	20	26	4	24	13	7	6	24	5	3	7	12	8	6	18	43	9	13	4	31	13	
460_A/chicken/Yunlin/170 14	11	12	3	22	10	8	13	5	7	0	0	9	5	1	12	13	3	5	2	10	7	8	2	11	14	11	4	11	8	7	5	24	8	11	7	11	7	19	12	17	21	29	19	25	1	24	10	6	2	21	3	5	15	17	10	4	17	47	12	14	5	29	12	
461_A/chicken/Yunlin/170 13	11	12	3	24	10	7	13	5	7	0	0	9	5	1	12	13	4	5	2	10	6	8	2	11	14	11	5	11	8	7	4	24	8	11	8	11	7	19	11	17	21	29	19	25	1	24	10	6	2	21	3	5	15	17	9	5	17	46	13	14	5	29	12	
462_A/chicken/Yunlin/170 13	9	12	3	24	12	7	13	5	7	0	0	9	5	1	12	13	4	5	1	10	6	8	2	11	14	11	6	11	8	7	4	25	7	11	7	10	7	19	12	17	21	30	19	25	2	22	11	6	2	20	4	5	15	17	11	4	17	47	13	14	5	29	10	
463_A/chicken/Yunlin/170 13	11	12	4	24	10	7	12	5	7	0	0	9	5	1	12	13	4	3	3	10	6	9	2	11	14	11	4	11	8	7	5	24	8	11	7	10	7	19	12	17	21	29	19	25	1	24	10	6	2	20	3	6	15	18	10	4	17	47	11	14	5	29	13	
464_A/chicken/Yunlin/170 13	11	12	3	23	10	7	13	5	7	0	0	10	5	1	12	14	4	5	2	10	6	8	2	11	14	11	7	11	8	7	2	24	8	11	9	10	7	19	10	17	20	29	20	24	1	24	9	6	2	21	3	6	15	17	10	4	18	46	12	14	5	30	12	
465_A/chicken/Yunlin/170 13	10	12	3	24	10	7	13	5	8	0	0	9	5	1	12	13	3	5	2	10	7	8	2	11	14	11	5	11	8	7	4	24	8	11	7	11	7	19	12	17	21	29	19	25	1	24	10	6	2	20	3	5	15	18	10	4	17	47	12	14	5	29	12	
466_A/chicken/Yunlin/170 13	10	12	3	24	11	7	13	5	7	0	0	9	5	1	12	13	4	3	3	10	6	9	2	11	14	11	5	11	8	7	4	22	8	11	7	12	7	19	12	18	21	29	19	25	1	24	10	6	2	21	3	5	15	17	9	4	17	47	13	14	5	29	12	
467_A/chicken/Yunlin/170 13	11	12	3	24	10	7	13	5	7	0	0	10	5	1	12	13	4	5	2	10	6	7	2	11	14	12	5	10	8	7	4	24	8	11	7	11	7	20	12	17	21	29	19	25	1	24	10	6	2	21	3	5	15	16	10	5	17	47	12	14	5	28	12	
468_A/chicken/Yunlin/170 13	10	12	3	24	11	7	13	5	7	0	0	9	5	1	12	13	4	3	3	10	6	9	2	11	14	11	5	11	8	7	4	23	8	11	7	11	7	19	12	18	21	29	19	24	1	24	10	6	2	21	3	5	15	17	10	4	17	47	12	15	5	29	12	
469_A/chicken/Yunlin/170 13	9	12	3	24	12	7	13	5	7	0	0	9	5	1	12	13	4	5	1	10	6	8	2	12	14	11	6	10	8	7	4	24	7	11	7	10	7	19	12	17	21	31	19	25	2	22	10	6	2	19	3	6	15	19	10	4	17	47	14	14	5	29	10	
470_A/chicken/Yunlin/170 13	11	12	3	24	10	7	13	5	7	0	0	9	5	1	12	14	4	5	2	10	6	8	2	10	14	11	6	12	8	7	3	23	8	11	7	12	7	19	11	17	21	30	19	25	1	23	10	6	2	21	3	4	15	17	11	4	17	47	10	14	5	29	14	
471_A/chicken/Yunlin/170 13	12	11	3	24	9	8	13	5	7	0	0	9	5	1	12	14	4	5	2	9	6	8	2	11	14	11	7	11	8	7	2	24	8	11	8	11	7	19	11	16	20	29	20	25	1	24	9	6	2	22	3	6	15	16	10	3	19	47	12	14	5	29	12	
472_A/chicken/Yunlin/170 14	11	12	4	23	10	7	12	5	7	0	0	9	5	1	12	13	4	3	3	10	6	9	2	11	14	11	4	11	8	7	5	24	8	12	7	10	7	18	12	17	21	29	19	25	1	24	10	6	3	20	3	6	15	18	10	3	17	47	12	15	4	29	12	
473_A/chicken/Yunlin/170 14	11	12	4	23	9	7	12	5	8	0	0	9	5	1	12	13	4	3	3	10	6	9	2	11	14	11	4	11	8	7	5	24	8	12	7	10	7	18	12	17	21	29	19	25	1	24	10	6	2	20	3	6	15	18	10	4	17	47	12	14	5	29	12	
474_A/chicken/Yunlin/170 13	11	12	3	24	10	7	13	5	7	0	0	9	5	1	12	13	4	6	2	10	5	7	2	11	15	11	4	11	8	7	5	24	6	11	7	10	9	19	12	18	21	29	19	25	1	24	10	6	2	21	3	5	15	18	10	4	17	45	12	14	5	30	12	
475_A/chicken/Yunlin/170 13	11	12	3	24	9	7	13	5	7	0	0	10	4	1	12	13	4	5	2	10	7	8	2	11	14	11	4	11	8	7	5	24	8	11	7	10	7	19	12	18	20	29	20	25	1	25	9	6	2	21	3	5	15	17	10	4	17	46	12	14	5	30	12	
476_A/chicken/Yunlin/180 13	10	12	3	24	11	7	13	5	7	0	0	9	5	1	12	13	4	5	2	10	6	8	2	11	14	11	4	11	8	7	5	25	8	11	7	9	7	19	12	17	22	28	19	26	1	25	10	6	2	21	3	5	16	17	10	5	15	44	11	13	5	32	13	
477_A/chicken/Yunlin/180 13	10	12	3	24	11	7	13	5	7	0	0	9	5	1	12	13	4	5	2	10	6	8	2	11	14	11	4	11	8	7	5	24	8	11	7	10	7	19	12	17	22	27	20	26	1	25	10	6	2	21	3	4	17	17	10	5	15	44	11	13	5	32	13	
478_A/chicken/Yunlin/180 13	11	12	3	24	10	7	13	5	7	0	0	9	5	1	12	13	4	5	2	10	6	8	2	11	14	11	4	11	8	7	5	24	9	11	7	11	7	19	11	19	20	29	19	25	1	24	10	6	2	21	3	5	15	17	10	4	17	46	12	13	5	30	12	
479_A/chicken/Yunlin/180 13	11	12	2	24	10	7	14	5	7	0	0	9	5	1	12	14	4	5	2	10	6	8	2	11	14	11	4	11	8	7	5	23	9	11	7	10	7	19	12	19	20	29	20	25	1	24	9	6	2	22	3	5	15	16	10	3	17	46	12	14	5	30	12	
480_A/chicken/Yunlin/180 13	11	12	2	24	10	7	14	5	7	0	0	9	5	1	12	14	4	5	2	10	6	8	2	11	14	11	4	11	8	7	5	23	9	11	7	10	7	19	12	19	20	29	20	25	1	24	9	6	2	22	3	5	15	15	10	3	17	47	12	14	5	30	12	
481_A/chicken/Yunlin/180 13	11	12	2	24	10	7	14	5	7	0	0	9	5	1	12	14	4	5	2	10	6	8	2	11	14	11	4	11	8	7	5	23	9	11	7	10	7	19	12	19	20	29	20	25	1	24	9	6	2	21	3	5	15	17	10	3	17	46	12	14	5	30	12	
482_A/chicken/Yunlin/180 13	11	12	2	24	10	7	14	5	7	0	0	9	5	1	12	13	4	5	2	10	6	8	2	11	14	11	4	11	8	7	5	24	9	11	7	10	7	19	12	19	20	29	19	25	1	24	10	6	2	21	4	5	15	17	10	4	17	47	12	13	5	29	11	
483_A/chicken/Yunlin/180 13	11	12	2	24	10	7	14	5	7	0	0	9	5	1	12	14	4	5	2	10	6	8	2	11	14	11	4	11	8	7	5	23	9	11	7	10	7	19	12	19	20	29	20	25	1	24	9	6	2	22	3	5	15	16	10	3	17	45	13	14	5	30	12	
484_A/chicken/Yunlin/180 13	11	12	2	24	10	7	14	5	7	0	0	9	5	1	12	14	4	5	2	10	6	8	2	11	14	11	4	10	8	7	5	23	9	12	7	10	7	18	12	19	19	29	20	26	1	24	9	6	2	22	3	5	15	16	10	3	18	46	11	14	5	31	12	
485_A/chicken/Yunlin/180 12	11	12	2	25	10	7	14	5	7	0	0	9	5	1	12	14	4	5	2	10	6	8	2	11	14	11	4	10	8	7	5	23	10	12	7	10	6	18	12	19	19	29	20	26	1	24	9	6	2	22	3	5	15	16	10	3	18	46	11	14	5	31	12	
486_A/chicken/Yunlin/180 13	12	12	3	24	10	7	13	6	6	0	0	10	5	1	12	13	4	5	2	10	6	8	2	10	13	11	4	10	9	7	5	23	8	11	7	9	7	19	12	21	21	28	19	25	1	25	10	6	2	21	3	5	15	17	10	4	16	43	12	14	5	33	12	
487_A/chicken/Yunnan/1/2 13	8	13	2	23	11	6	14	6	11	0	0	9	3	1	12	18	7	5	1	8	5	8	2	11	14	12	7	9	7	6	3	25	6	16	8	7	9	14	12	17	20	26	15	25	4	26	14	7	7	20	3	5	10	19	9	5	21	47	10	14	1	27	13	
488_A/chicken/Yunnan/02. 16	9	12	5	20	12	7	12	4	9	0	0	7	3	1	12	14	5	5	2	11	6	8	3	10	14	7	5	17	8	11	3	18	8	14	5	15	12	21	10	15	17	33	18	24	2	19	12	4	5	19	4	5	10	16	7	4	18	55	12	16	5	24	12	
489_A/chicken/Yunnan/03. 13	9	12	3	23	10	7	13	6	10	0	0	9	4	1	12	17	7	5	1	8	6	8	2	12	12	11	8	9	8	7	3	24	6	15	8	7	10	16	12	17	20	30	17	26	3	23	11	6	7	24	3	6	9	15	9	5	20	45	10	14	2	28	13	
490_A/chicken/Yunnan/03. 16	9	12	5	20	12	7	12	4	9	0	0	7	3	1	12	14	6	5	2	11	6	8	3	10	13	7	5	17	8	11	3	18	8	14	5	15	12	21	10	15	17	33	18	24	2	19	12	4	5	20	4	5	10	15	7	4	18	56	12	16	5	23	12	
491_A/chicken/Yunnan/03. 13	9	13	2	23	10	6	14	7	10	0	0	9	4	1	12	19	8	5	1	7	5	8	2	10	14	13	7	9	6	5	4	25	6	17	8	7	10	14	12	16	20	30	16	27	3	23	12	7	8	20	3	5	8	19	9	5	20	43	10	13	2	30	13	
492_A/chicken/Yunnan/03. 16	9	12	5	20	12	7	12	4	9	0	0	7	3	1	12	14	5	5	2	11	6	8	3	10	14	7	5	17	8	11	3	18	8	14	5	15	12	21	10	14	17	33	18	25	2	19	12	4	5	19	4	5	10	16	7	3	18	55	12	17	5	24	12	
493_A/chicken/Yunnan/03. 13	9	13	2	23	10	6	14	7	10	0	0	9	4	1	12	19	8	5	1	7	5	8	2	10	14	13	7	9	6	5	4	25	6	17	8	7	10	14	12	16	20	30	16	27	3	23	12	7	8	20	3	5	8	19	9	5	20	43	10	13	2	30	13	
494_A/chicken/Yunnan/07. 13	9	12	2	23	10	7	14	6	10	0	0	11	4	1	12	19	8	5	1	6	5	8	2	11	14	14	7	8	6	4	4	25	6	16	8	7	10	15	12	16	20	30	15	27	3	23	13	7	8	21	3	5	8	18	9	5	20	43	10	13	2	30	13	
495_A/Chicken/Yunnan/YN- 13	8	13	2	23	11	6	14	6	10	0	0	8	4	1	12	17	9	5	1	9	4	8	2	8	15	13	7	11	5	5	4	22	8	15	9	8	9	15	11	18	20	30	17	26	3	23	11	8	7	22	3	4	9	18	9	6	20	44	10	14	2	29	13	
496_A/Chicken/Yunnan/YN- 13	8	13	2	23	11	6	14	7	10	0	0	9	4	1	12	18	8	5	1	8	5	8	2	9	15	13	7	10	5	5	4	22	7	15	9	9	9	15	11	17	21	31	17	26	3	22	11	7	6	23	3	5	9	17	9	4	19	44	11	15	2	29	13	
497_A/Chicken/Yunnan/YN- 13	8	13	2	23	11	6	14	7	10	0	0	8	4	1	12	18	8	5	1	8	5	8	2	9	15	13	7	11	5	5	4	22	8	15	9	9	8	15	11	17	20	31	17	26	3	22	11	8	7	21	4	3	9	18	9	6	20	44	10	14	2	29	13	
498_A/chicken/Zhejiang/1 9	10	11	5	27	9	8	11	6	9	0	0	9	5	1	12	16	6	7	3	8	7	7	4	9	12	9	5	12	8	8	0	19	5	16	5	13	12	16	10	19	21	34	18	26	0	19	13	7	8	24	5	5	7	14	7	4	20	46	20	13	2	31	5	
499_A/chicken/Zhejiang/2 12	12	12	3	24	9	8	13	5	9	0	0	12	3	1	12	16	6	5	2	8	4	7	3	8	14	8	5	13	8	10	1	21	3	15	7	12	14	17	9	15	20	35	18	25	0	18	13	7	7	25	6	4	7	13	7	7	24	51	14	13	1	26	10	
500_A/chicken/Zhejiang/2 9	10	11	5	27	9	8	11	6	9	0	0	9	5	1	12	16	6	7	3	8	7	7	4	9	12	9	5	12	8	8	0	19	5	16	5	13	12	16	10	19	21	34	18	26	0	19	13	7	8	24	5	5	7	14	7	4	20	46	20	13	2	31	5	
501_A/chicken/Zhejiang/2 13	11	13	3	23	10	7	13	5	9	0	0	12	3	1	12	17	5	6	2	8	5	7	3	8	14	7	5	12	8	11	1	21	3	13	8	12	15	18	8	15	19	35	19	25	0	18	12	7	7	25	5	4	7	13	8	7	24	50	14	13	1	27	10	
502_A/chicken/Zhejiang/7 17	11	14	2	20	10	6	14	6	9	0	0	13	3	1	12	15	6	5	2	9	3	7	1	7	14	9	6	11	8	9	3	23	5	14	8	10	12	18	8	17	18	33	20	25	2	19	14	8	7	23	5	3	9	14	8	7	20	51	13	12	2	25	11	
503_A/chicken/Zhejiang/8 17	11	14	2	20	10	6	14	6	9	0	0	13	3	1	12	15	7	5	2	9	3	7	1	7	14	10	5	11	8	8	3	23	5	14	8	10	12	18	8	17	18	33	20	25	2	18	15	8	7	23	5	3	9	14	8	7	20	50	11	12	2	26	13	
504_A/chicken/Zhejiang/5 12	10	13	2	25	11	6	14	3	11	0	0	8	2	1	12	15	4	4	4	10	7	9	0	9	14	9	7	16	6	9	3	22	6	12	5	12	11	19	13	16	19	34	19	25	1	18	11	4	7	25	4	6	9	14	8	5	17	51	16	14	5	25	8	
505_A/chicken/Zhejiang/7 13	9	14	2	23	10	5	14	5	10	0	0	10	4	1	12	17	8	5	1	8	5	8	2	11	14	13	7	9	6	5	4	24	7	16	8	8	9	14	12	17	20	29	16	26	3	24	12	7	7	22	4	5	9	18	9	5	20	44	9	14	2	29	13	
506_A/chicken/Zhejiang/7 13	9	14	2	23	10	5	14	5	10	0	0	10	4	1	12	17	8	5	1	8	5	8	2	11	14	13	7	9	6	5	4	24	7	16	8	8	9	14	12	17	20	29	16	26	3	24	12	7	7	22	4	5	9	18	9	5	20	44	10	14	2	29	12	
507_A/chicken/Zhejiang/7 16	10	12	5	20	11	7	12	3	10	0	0	7	2	1	12	14	5	5	1	11	7	9	3	12	13	6	6	16	8	11	3	19	7	14	5	14	14	21	9	15	16	34	20	25	2	17	11	4	5	20	4	5	10	15	7	5	18	53	12	15	5	26	12	
508_A/chicken/Zhejiang/7 13	9	14	2	23	10	5	14	5	10	0	0	10	4	1	12	17	8	5	1	8	5	8	2	11	14	13	7	9	6	5	4	23	7	16	8	8	9	14	12	17	20	29	16	26	3	24	12	8	7	22	4	5	9	18	9	5	20	43	9	14	2	30	13	
509_A/chicken/Zhejiang/7 11	10	14	2	25	10	5	14	4	10	0	0	11	2	1	12	16	8	6	1	9	5	7	2	11	13	13	7	10	7	5	4	23	7	16	6	8	9	15	13	18	20	29	19	25	3	25	8	4	7	23	3	9	10	17	9	3	18	44	10	15	4	29	13	
510_A/chickenl/Jiangxi/E 14	10	13	2	22	9	6	14	6	11	0	0	9	3	1	12	18	8	5	1	8	5	8	2	11	14	12	7	9	6	6	4	24	6	16	8	7	10	14	12	17	20	28	16	26	3	25	12	7	7	22	3	5	9	18	9	5	20	44	10	14	2	29	13	
511_A/Chlidonias_hybrida 15	10	10	5	21	9	9	11	4	10	0	0	9	4	1	12	18	6	6	1	9	6	7	2	10	13	12	7	12	7	6	3	23	7	11	7	7	9	21	10	17	20	26	19	25	2	25	12	5	7	20	4	4	11	17	10	6	17	52	10	16	4	26	12	
512_A/Commom_Teal/Ningxi 12	9	12	2	24	9	7	14	6	10	0	0	8	4	1	12	17	8	5	1	9	6	8	1	12	14	13	6	9	6	5	6	23	7	18	9	8	10	12	11	16	19	29	16	26	3	24	12	7	7	22	3	5	9	18	9	6	20	43	12	14	2	30	11	
513_A/common_coot/Shando 15	10	10	5	20	9	9	11	4	12	0	0	9	3	1	12	18	7	6	1	9	6	7	2	10	12	11	7	12	6	7	3	23	7	11	7	7	9	21	10	17	20	24	18	25	2	27	13	5	7	20	4	4	11	17	10	6	18	51	10	16	4	27	12	
514_A/common_crane/Yunna 14	10	10	5	20	9	9	10	4	11	0	0	9	3	1	12	18	7	6	1	9	6	7	2	10	13	11	6	12	5	6	3	23	8	10	7	7	9	21	10	17	19	25	19	24	2	26	12	5	8	22	4	4	10	14	10	6	17	50	10	15	4	27	12	
515_A/common_pochard/Nin 13	10	15	3	23	9	4	13	4	8	0	0	9	6	1	12	16	6	4	1	10	5	9	2	9	15	12	8	12	6	7	4	24	6	14	9	9	8	16	10	16	22	30	16	25	0	20	14	6	4	19	3	4	12	19	10	6	21	49	10	14	4	29	12	
516_A/common_teal/Ningxi 15	10	10	5	21	9	9	11	4	11	0	0	9	3	1	12	18	7	6	1	9	6	7	2	10	13	12	7	12	6	6	3	23	7	11	7	7	9	21	10	17	20	24	19	25	2	27	12	5	7	20	5	4	11	17	9	6	17	51	10	16	4	27	12	
517_A/common_teal/Ningxi 13	10	15	3	23	9	4	13	4	8	0	0	9	6	1	12	16	6	4	1	10	5	9	2	9	15	13	7	12	6	7	4	24	6	14	9	9	8	16	10	16	22	30	16	25	0	20	14	6	4	19	3	4	12	19	10	6	21	49	10	14	4	29	12	
518_A/common_teal/Ningxi 13	10	15	3	23	9	4	13	4	8	0	0	9	6	1	12	16	6	4	1	10	5	9	2	9	15	12	8	12	6	7	4	24	6	14	9	9	8	16	10	16	22	30	16	25	0	20	14	6	4	19	3	4	12	19	10	6	21	49	10	14	4	29	12	
519_A/common_teal/Ningxi 13	10	15	3	23	9	4	13	4	8	0	0	9	6	1	12	16	6	4	1	10	5	9	2	9	15	11	8	12	6	7	4	24	6	15	9	9	8	16	10	16	22	30	16	25	0	20	14	6	4	19	3	4	12	19	10	7	20	48	10	14	5	29	12	
520_A/common_teal/Ningxi 13	10	15	3	23	9	4	13	4	8	0	0	9	6	1	12	16	6	4	1	10	5	9	2	9	15	11	8	12	6	7	4	24	6	14	9	9	8	16	10	16	22	31	16	25	0	21	13	6	4	19	3	4	12	19	10	6	21	49	10	14	4	29	12	
521_A/common_teal/Ningxi 13	10	15	3	23	9	4	13	4	8	0	0	9	6	1	12	16	6	4	1	10	5	9	2	9	15	12	7	12	6	7	4	24	6	14	9	9	8	16	10	16	22	30	17	25	0	20	14	6	4	19	3	4	12	19	10	6	21	49	10	14	4	29	12	
522_A/common_teal/Shaanx 15	10	10	5	21	9	9	11	4	11	0	0	9	3	1	12	18	7	6	1	9	6	7	2	10	14	12	7	12	5	6	3	23	7	11	7	7	9	21	10	17	20	24	19	25	2	27	12	5	7	20	5	4	11	17	9	6	17	51	10	16	4	27	12	
523_A/condor/Guangdong/1 16	9	11	3	20	11	8	13	3	8	0	0	12	4	1	12	16	7	6	1	11	5	7	2	9	14	12	4	11	7	6	5	23	7	11	11	11	12	20	8	17	16	36	18	25	3	19	11	6	10	22	4	4	6	14	6	5	20	45	14	11	4	32	12	
524_A/Copsychus_saularis 13	9	13	2	23	10	6	14	6	11	0	0	9	3	1	12	18	7	5	1	8	5	8	2	11	14	13	7	9	7	5	3	23	7	16	8	7	10	14	12	18	19	30	16	25	3	24	13	7	7	22	3	5	9	18	9	5	21	44	11	14	1	28	13	
525_A/Curlew/Hong_Kong/A 15	11	12	4	21	9	7	12	3	10	0	0	12	4	1	12	18	7	6	1	6	5	7	2	13	12	10	7	10	7	8	3	22	7	10	8	9	10	21	10	17	19	30	19	25	2	23	10	6	3	20	2	4	12	17	11	7	19	45	11	13	5	32	13	
526_A/Cygnus_atratus/Hub 14	10	12	3	22	10	7	13	5	8	0	0	11	5	1	12	15	7	6	1	10	3	8	2	10	13	13	9	12	9	5	2	24	5	13	6	8	11	18	11	17	19	33	14	24	2	20	14	6	5	20	3	4	9	18	10	8	20	43	11	12	5	33	13	
527_A/Cygnus_atratus/Hub 14	10	12	3	22	10	7	13	5	8	0	0	11	5	1	12	15	7	6	1	10	3	8	2	10	13	13	9	12	9	5	2	24	5	13	6	8	11	18	11	17	19	33	14	24	2	20	14	5	5	20	3	5	9	18	10	8	20	43	11	12	5	33	13	
528_A/Cygnus_columbianus 15	10	10	5	21	9	9	11	4	11	0	0	9	3	1	12	18	7	6	1	9	6	7	2	10	13	13	7	12	6	5	3	23	7	11	7	7	9	21	10	17	20	24	19	25	2	27	12	5	7	20	5	4	11	17	9	6	17	51	11	16	4	27	11	
529_A/Cygnus_columbianus 15	10	10	5	21	9	9	11	4	11	0	0	9	3	1	12	18	7	6	1	9	6	7	2	10	13	12	8	12	6	6	2	23	7	11	7	7	9	21	10	17	20	24	19	25	2	27	12	5	7	20	4	4	11	17	10	6	17	51	10	16	4	27	12	
530_A/Cygnus_columbianus 15	10	10	5	21	9	9	11	4	11	0	0	9	3	1	12	18	7	6	1	9	6	7	2	10	13	12	7	12	6	6	3	23	7	11	6	7	9	21	11	17	20	24	19	25	2	27	12	5	7	20	4	4	11	17	10	6	17	52	10	16	4	26	12	
531_A/Cygnus_columbianus 15	10	10	5	21	9	9	11	4	11	0	0	9	3	1	12	18	7	6	1	9	6	7	2	10	13	12	7	12	6	6	3	23	7	11	7	7	9	21	10	17	20	24	19	25	2	27	12	5	8	20	4	4	10	17	10	6	17	51	10	16	4	27	12	
532_A/Cygnus_columbianus 15	10	10	5	21	9	9	11	4	11	0	0	9	3	1	12	18	7	6	1	9	6	7	2	10	13	12	7	12	6	6	3	23	7	11	7	7	9	21	10	17	20	24	19	25	2	27	12	5	7	20	4	4	11	17	10	6	17	50	10	16	4	28	12	
533_A/Cygnus_columbianus 15	11	10	5	21	9	9	11	4	10	0	0	9	3	1	12	18	7	6	1	9	6	7	2	10	13	12	7	12	6	6	3	23	7	11	7	7	9	21	10	17	20	24	19	25	2	27	12	5	7	20	4	4	11	16	11	6	17	51	10	16	4	27	12	
534_A/Cygnus_columbianus 15	10	10	5	21	9	9	11	4	11	0	0	9	3	1	12	18	7	6	1	9	6	7	2	10	13	12	7	12	6	6	3	23	7	11	7	7	9	21	10	17	20	24	19	25	2	27	12	5	7	20	4	4	11	17	10	6	17	51	10	16	4	27	12	
535_A/Cygnus_columbianus 15	10	12	4	22	9	7	12	5	9	0	0	10	4	1	12	17	8	6	1	9	6	7	2	10	13	11	7	12	6	7	3	22	8	10	8	7	8	22	10	16	19	30	20	26	1	22	9	7	3	21	2	4	14	15	11	6	18	46	14	13	5	34	9	
536_A/Cygnus_columbianus 15	10	12	4	22	9	7	12	4	9	0	0	11	4	1	12	17	9	6	1	9	5	7	2	10	13	11	6	12	6	7	4	21	7	10	7	8	10	21	11	17	19	30	20	26	1	23	9	6	3	21	2	4	14	15	11	6	18	45	14	13	5	34	9	
537_A/Cygnus_columbianus 15	10	12	4	22	9	7	12	5	9	0	0	10	4	1	12	17	8	6	1	9	6	7	2	10	13	11	7	12	6	7	3	22	8	10	8	7	9	21	10	16	19	31	20	26	1	22	9	7	3	21	2	4	14	15	11	6	18	45	14	13	5	34	9	
538_A/Cygnus_columbianus 15	10	12	4	22	9	7	12	5	9	0	0	10	4	1	12	17	8	6	1	9	6	7	2	10	13	11	7	12	6	7	3	22	7	10	8	7	10	21	10	16	19	31	20	26	1	22	9	7	3	21	2	4	14	15	11	6	18	45	14	13	5	34	9	
539_A/domestic_green-win 13	11	13	4	23	9	6	12	7	10	0	0	6	3	1	12	16	6	5	1	10	6	8	2	9	13	11	7	14	7	7	3	23	7	11	8	9	10	20	10	16	19	33	17	25	3	19	13	6	4	23	3	4	12	15	10	6	19	45	12	13	4	32	11	
540_A/duck/Anhui/AH328/2 14	9	13	2	22	10	6	14	6	11	0	0	9	3	1	12	19	8	5	1	7	5	8	2	11	14	12	7	9	6	6	4	24	6	16	8	7	10	14	12	17	19	30	16	26	4	23	12	7	7	22	4	4	9	17	9	7	20	41	10	13	2	32	13	
541_A/duck/Anhui/S4/2016 14	9	13	2	22	9	6	14	6	12	0	0	9	2	1	12	19	8	5	1	7	6	8	2	11	14	12	7	9	6	6	4	24	6	16	8	7	10	14	12	17	19	29	16	26	4	24	12	7	7	22	4	4	9	17	9	7	20	42	10	13	2	31	13	
542_A/duck/Changhua/15A0 14	10	12	3	24	11	7	13	5	7	0	0	10	5	1	12	13	5	5	1	10	6	8	2	11	14	11	6	10	7	7	4	23	8	11	7	12	8	20	11	16	20	29	19	25	1	24	10	5	2	21	2	5	14	17	11	5	18	44	12	14	5	32	12	
543_A/duck/Changhua/15A0 13	10	12	4	24	11	7	12	4	7	0	0	12	5	1	12	15	5	5	1	10	6	8	2	11	14	11	6	8	7	7	4	23	8	11	7	12	8	20	11	16	20	28	19	25	1	25	10	5	2	21	2	5	14	17	11	5	19	45	13	14	4	30	12	
544_A/duck/Chiayi/150800 14	11	14	4	23	10	5	12	9	11	0	0	10	4	1	12	16	8	5	1	11	4	8	2	7	15	13	6	8	5	5	3	22	7	20	4	11	10	15	14	14	19	30	18	26	4	23	13	7	6	23	5	3	8	12	8	8	19	45	10	12	3	29	12	
545_A/duck/China/0936/20 14	7	12	2	22	11	7	14	5	11	0	0	8	4	1	12	18	8	4	1	8	5	9	2	11	13	13	8	11	7	5	3	26	6	16	8	6	10	15	12	16	20	26	17	26	3	27	12	6	8	21	4	6	9	19	7	3	19	44	9	16	2	28	14	
546_A/duck/China/0938/20 14	10	12	2	22	8	7	14	8	12	0	0	7	2	1	12	18	7	5	1	7	5	8	2	12	19	12	7	9	3	6	4	24	6	16	5	8	10	17	14	17	19	32	16	26	3	21	13	5	8	20	2	5	8	14	9	5	21	49	13	14	2	28	11	
547_A/duck/China/DK87/20 15	9	12	2	21	10	7	14	6	11	0	0	9	3	1	12	18	8	5	1	8	5	8	1	11	13	12	8	10	7	6	4	23	6	15	8	8	10	15	13	17	19	30	17	25	4	24	11	7	8	24	3	5	8	17	9	5	20	42	10	14	2	28	13	
548_A/duck/China/E26/201 14	11	12	4	22	10	7	12	5	9	0	0	10	3	1	12	14	5	5	1	12	6	7	2	9	15	11	8	12	6	7	2	22	6	13	7	10	8	18	12	17	23	29	21	24	1	23	9	6	7	19	4	4	8	18	9	6	19	48	11	14	5	29	13	
549_A/duck/China/E53/201 13	9	13	2	23	10	6	14	8	11	0	0	9	3	1	12	18	7	5	1	7	5	8	2	9	16	13	7	10	5	5	3	24	7	12	7	8	9	19	13	18	20	32	18	26	3	21	11	6	6	21	3	4	10	15	9	4	21	48	13	14	1	29	10	
550_A/Duck/China/H5N6/20 16	9	13	2	20	10	6	14	5	9	0	0	9	5	1	12	18	9	5	1	8	5	8	2	11	13	12	5	10	6	6	5	24	6	16	8	7	10	14	12	17	20	26	19	26	3	27	11	7	8	22	4	5	9	18	8	3	19	40	9	16	2	32	14	
551_A/duck/China/YD1516/ 18	11	14	2	19	10	6	14	6	9	0	0	13	3	1	12	15	6	6	1	8	4	7	1	7	14	9	6	11	8	9	3	23	5	13	8	11	12	18	8	17	18	33	20	25	2	19	14	8	7	23	5	3	9	14	8	8	20	50	12	11	2	26	12	
552_A/duck/Chongqing/S43 13	8	11	5	23	10	8	11	6	8	0	0	11	5	1	12	15	8	7	1	11	6	5	2	6	13	10	9	13	7	8	1	23	7	13	6	9	10	18	12	19	18	30	14	26	2	24	12	7	4	24	4	3	12	14	10	6	16	50	10	14	6	28	12	
553_A/duck/Dongguan/2685 14	9	12	2	22	10	7	14	6	11	0	0	9	3	1	12	18	8	5	1	8	5	8	2	11	14	13	7	9	6	5	4	24	6	16	8	7	10	14	12	17	20	29	16	26	3	24	12	7	8	22	3	5	9	18	9	5	19	45	9	14	2	28	14	
554_A/Duck/Dongting/D76- 13	10	12	3	23	10	7	13	5	8	0	0	9	5	1	12	13	6	6	1	12	5	7	2	10	13	12	8	13	8	6	3	24	5	12	3	8	11	19	15	17	19	31	15	26	1	22	13	5	4	20	2	5	11	18	11	7	19	44	11	13	5	33	12	
555_A/duck/Eastern_China 13	10	11	4	23	10	8	12	5	9	0	0	11	4	1	12	16	5	5	1	8	6	8	2	9	14	10	8	12	7	8	2	22	8	12	6	11	7	19	12	17	22	27	18	25	0	25	12	7	6	23	3	4	9	15	10	6	19	45	11	13	5	32	12	
556_A/duck/Eastern_China 15	10	13	3	22	9	6	13	9	11	0	0	6	3	1	12	15	8	5	1	10	5	8	2	9	14	13	7	11	6	5	2	21	8	16	6	13	10	16	13	12	20	30	19	27	2	21	13	6	6	22	5	4	8	15	7	6	19	47	12	15	4	29	11	
557_A/duck/Eastern_China 15	10	13	3	22	9	6	13	9	11	0	0	6	3	1	12	16	8	5	1	8	5	8	2	10	15	13	7	11	5	5	2	22	7	17	5	12	10	16	13	12	20	30	19	27	2	22	12	6	6	23	5	3	10	14	7	6	19	47	12	15	4	29	11	
558_A/duck/Eastern_China 16	11	14	3	21	9	5	13	6	10	0	0	9	2	1	12	17	6	6	2	9	3	7	2	8	18	10	7	12	5	8	2	24	6	10	8	8	10	22	10	16	22	28	19	24	3	24	11	7	5	23	3	3	9	15	8	6	19	47	13	14	5	30	11	
559_A/duck/Eastern_China 15	10	14	4	22	9	5	12	8	12	0	0	8	2	1	12	15	8	5	1	10	5	8	2	9	15	13	8	9	5	5	2	22	9	17	4	12	10	15	14	13	18	31	18	26	1	21	13	5	9	24	6	5	6	13	6	6	21	43	14	17	3	32	9	
560_A/duck/Eastern_China 15	11	11	4	22	8	8	12	9	11	0	0	6	3	1	12	16	8	5	1	9	5	8	2	9	15	13	7	11	5	5	2	22	7	17	5	10	10	15	13	13	19	30	20	27	3	22	11	6	6	22	7	6	9	16	6	8	19	44	11	12	4	31	12	
561_A/duck/Eastern_China 15	10	15	4	22	8	4	12	8	12	0	0	7	3	1	12	17	8	5	1	9	5	8	2	9	15	13	6	10	5	5	2	22	6	19	5	12	10	14	13	12	18	32	19	27	5	21	13	7	6	22	6	4	9	15	7	6	19	46	10	14	4	29	12	
562_A/duck/Eastern_China 15	10	14	4	22	9	5	12	8	12	0	0	8	2	1	12	17	8	5	1	9	5	8	2	10	15	13	8	8	5	5	2	22	8	17	5	12	10	16	13	12	19	31	18	27	1	22	12	6	8	25	5	4	6	13	7	6	20	42	12	15	5	32	11	
563_A/duck/Eastern_China 16	10	14	4	21	9	5	12	8	12	0	0	9	2	1	12	16	8	5	1	9	5	8	2	10	15	13	8	8	5	5	2	22	8	17	5	12	10	16	13	12	19	31	18	27	1	22	12	6	8	25	5	4	6	13	7	6	20	41	13	15	5	32	11	
564_A/duck/Eastern_China 16	10	14	4	21	9	5	12	8	12	0	0	9	2	1	12	16	8	5	1	9	5	8	2	10	15	13	8	8	5	5	2	22	8	16	5	12	10	17	12	12	19	30	19	27	1	22	12	6	8	25	5	4	6	13	8	6	20	42	12	15	5	32	11	
565_A/duck/Eastern_China 16	10	14	4	21	9	5	12	8	12	0	0	9	2	1	12	16	8	5	1	9	5	8	2	10	15	13	8	8	5	5	2	22	9	17	5	12	9	16	13	12	19	31	18	27	1	22	12	6	8	25	5	4	6	13	7	6	20	42	12	15	5	32	11	
566_A/duck/Eastern_China 13	8	12	4	23	12	7	12	6	10	0	0	10	3	1	12	17	6	5	1	10	7	8	2	9	15	14	6	9	5	4	3	23	8	16	5	11	9	17	12	13	20	31	18	27	1	22	13	6	7	23	5	4	8	15	8	6	19	46	15	15	4	27	9	
567_A/duck/Eastern_China 16	10	14	4	21	9	5	12	8	12	0	0	8	2	1	12	15	8	5	1	10	5	8	2	10	15	13	7	9	5	5	2	22	9	16	5	12	10	16	13	13	19	31	19	26	2	21	13	6	8	24	5	4	6	13	7	6	22	44	12	15	2	31	11	
568_A/duck/Eastern_China 16	11	14	2	21	10	6	14	6	9	0	0	12	3	1	12	15	7	5	1	9	3	7	1	8	13	10	6	11	9	8	3	23	5	13	9	10	12	18	8	17	18	33	19	25	2	19	14	8	7	23	6	3	9	14	7	8	20	48	14	11	2	27	12	
569_A/duck/Eastern_China 12	10	12	4	24	8	7	12	7	11	0	0	10	3	1	12	17	11	5	1	9	3	8	2	9	16	13	6	9	4	5	3	23	7	15	6	10	11	16	12	12	18	30	17	26	4	24	13	7	7	23	5	6	8	13	7	6	21	50	15	16	1	25	9	
570_A/duck/Eastern_China 14	10	14	4	23	10	5	12	7	13	0	0	11	2	1	12	15	7	5	1	10	5	8	2	11	16	13	8	6	5	5	2	23	9	16	5	12	9	15	13	12	19	31	18	25	2	21	13	5	9	24	5	5	6	14	8	6	18	42	14	16	4	32	9	
571_A/duck/Eastern_China 13	9	12	2	23	10	7	14	6	11	0	0	9	3	1	12	18	8	5	1	8	5	8	2	11	14	13	7	9	6	5	3	24	6	16	8	8	10	14	12	15	20	29	16	26	3	25	12	7	7	19	3	5	9	20	9	5	20	44	10	14	3	29	14	
572_A/duck/Eastern_China 14	10	14	4	24	8	6	12	8	10	0	0	5	5	1	12	18	8	6	1	8	5	6	2	12	15	13	7	9	5	5	2	23	7	20	5	10	11	12	14	11	19	32	17	28	3	23	13	7	7	22	6	4	9	14	8	8	18	45	11	13	3	28	11	
573_A/duck/Eastern_China 12	10	13	2	23	9	6	14	7	11	0	0	9	2	1	12	18	9	5	1	8	4	8	2	12	14	13	7	8	6	5	3	24	6	16	8	7	10	13	13	17	20	28	16	26	4	25	13	8	8	21	3	4	8	18	9	5	20	44	11	14	2	29	13	
574_A/duck/Eastern_China 14	10	14	4	23	10	5	12	7	13	0	0	11	2	1	12	15	7	5	1	10	5	8	2	11	16	13	8	6	5	5	2	23	9	16	5	12	9	16	13	12	20	32	18	25	1	20	13	5	9	24	5	5	5	13	8	6	19	44	13	16	4	31	9	
575_A/duck/Eastern_China 15	10	14	4	22	9	5	12	8	12	0	0	8	2	1	12	14	8	5	1	11	5	8	2	10	15	13	8	9	5	5	2	22	9	16	4	12	10	17	13	11	18	33	17	25	2	20	13	6	9	24	5	5	6	13	7	7	21	42	15	16	3	32	9	
576_A/duck/Fujian/1.17_F 13	10	12	2	23	11	7	14	5	10	0	0	10	3	1	12	18	7	6	1	8	6	7	2	10	14	11	5	10	6	7	4	22	7	16	6	10	10	14	14	16	17	32	16	27	4	23	13	6	5	23	3	6	10	17	8	4	20	52	12	16	1	21	11	
577_A/duck/Fujian/03.18_ 15	10	13	2	21	9	6	14	7	10	0	0	9	3	1	12	18	8	5	1	9	5	8	2	10	14	12	7	9	6	6	3	24	7	16	8	7	10	14	12	17	18	29	15	26	4	24	14	7	7	20	3	5	9	20	9	6	20	46	9	13	2	27	14	
578_A/duck/Fujian/05.07_ 15	9	13	2	21	10	6	14	6	11	0	0	9	3	1	12	18	8	5	1	8	5	8	2	9	14	12	7	11	6	6	4	24	7	16	7	7	9	14	13	17	20	30	16	26	3	23	12	7	8	23	3	5	9	17	8	6	19	43	11	13	2	30	13	
579_A/duck/Fujian/05.07_ 15	9	13	2	21	10	6	14	6	11	0	0	9	3	1	12	18	8	5	1	8	5	8	2	9	14	12	7	11	6	6	4	24	7	16	7	7	9	14	13	17	20	30	16	26	3	23	12	7	8	23	3	5	9	17	8	6	19	43	11	13	2	30	13	
580_A/duck/Fujian/05.07_ 15	9	13	2	21	10	6	14	6	11	0	0	9	3	1	12	18	8	5	1	8	5	8	2	9	14	12	7	11	6	6	4	24	7	16	7	7	9	14	13	17	20	30	16	26	3	23	12	7	8	23	3	5	9	17	8	6	19	43	11	13	2	30	13	
581_A/duck/Fujian/10.26_ 14	9	11	2	22	10	8	14	5	11	0	0	10	3	1	12	18	8	5	1	8	5	8	1	10	13	12	6	11	7	6	5	24	6	17	8	8	10	14	13	17	20	31	17	24	3	24	11	6	8	19	3	5	7	21	8	6	20	42	10	14	3	29	13	
582_A/duck/Fujian/10.26_ 14	9	11	2	22	10	8	14	5	11	0	0	10	3	1	12	18	8	5	1	8	5	8	1	10	13	12	7	11	7	6	4	24	6	17	8	8	10	14	13	17	20	31	17	24	3	23	12	6	7	20	3	5	8	20	8	6	21	42	10	14	2	29	13	
583_A/duck/Fujian/11.3_F 14	9	12	2	22	10	7	14	4	11	0	0	10	3	1	12	17	8	5	1	9	5	8	1	11	14	13	8	10	6	5	4	23	7	15	8	8	9	15	13	18	19	30	16	26	3	24	12	7	8	24	3	5	8	16	9	5	21	43	9	14	1	29	13	
584_A/duck/Fujian/11.3_F 14	10	12	2	22	9	7	14	5	11	0	0	10	3	1	12	17	8	5	1	9	5	8	1	11	14	13	8	10	6	5	4	23	7	15	8	8	9	15	13	17	19	30	15	26	3	24	13	7	8	23	3	5	8	17	9	5	21	43	8	14	1	29	14	
585_A/duck/Fujian/11.23_ 16	11	11	3	20	9	8	13	4	10	0	0	8	3	1	12	19	10	5	3	7	4	8	1	10	12	11	6	14	7	7	2	25	6	14	10	9	11	17	10	15	20	33	15	25	2	20	15	6	8	22	3	5	7	16	9	3	19	46	10	15	4	30	12	
586_A/duck/Fujian/11.23_ 15	9	12	3	21	11	7	13	5	10	0	0	9	2	1	12	19	8	4	1	7	5	9	1	9	13	13	7	14	7	5	4	22	7	18	9	10	9	14	11	16	20	34	20	23	3	19	10	5	7	20	3	6	8	18	7	8	23	40	12	13	1	34	11	
587_A/duck/Fujian/11.23_ 13	9	11	2	23	10	8	14	5	11	0	0	11	3	1	12	18	8	5	1	8	5	8	1	9	12	12	7	11	8	6	4	24	6	17	8	8	10	14	13	17	20	31	17	24	3	23	12	6	8	19	3	5	7	21	8	6	21	42	10	14	2	29	13	
588_A/duck/Fujian/12.7_F 15	9	12	2	21	11	7	14	5	10	0	0	9	3	1	12	17	7	5	1	9	6	8	1	11	13	11	8	10	7	7	2	23	6	15	7	8	10	15	14	17	17	31	15	27	5	24	14	6	6	22	3	6	10	17	8	4	21	48	11	15	1	25	12	
589_A/duck/Fujian/12.7_F 14	9	12	2	22	10	7	14	5	11	0	0	10	3	1	12	17	8	5	1	9	5	8	1	11	14	13	8	10	6	5	4	23	7	16	7	8	9	15	13	18	19	30	16	26	3	24	12	7	8	23	3	5	8	17	9	4	21	43	8	14	1	29	14	
590_A/duck/Fujian/12.7_F 14	9	12	2	22	10	7	14	5	11	0	0	10	3	1	12	17	8	5	1	9	5	8	1	11	14	13	8	10	6	5	4	23	7	16	7	8	9	15	13	18	19	30	16	26	3	24	12	7	8	23	3	5	8	17	9	4	21	43	8	14	1	29	14	
591_A/duck/Fujian/12.7_F 14	9	12	2	22	10	7	14	5	11	0	0	10	3	1	12	17	8	5	1	9	5	8	1	11	14	13	8	10	6	5	4	23	7	16	7	8	9	15	13	18	19	30	16	26	3	24	12	7	8	23	3	5	8	17	9	4	21	43	8	14	1	29	14	
592_A/duck/Fujian/S1233/ 13	10	11	2	23	8	7	14	9	11	0	0	7	3	1	12	19	7	6	1	7	5	8	2	10	19	12	7	8	3	6	4	24	6	14	5	7	11	17	14	18	20	33	16	26	3	20	13	5	7	23	3	5	10	14	9	5	19	48	12	14	2	28	11	
593_A/duck/Fujian/S1273/ 13	10	11	2	23	8	7	14	9	11	0	0	7	3	1	12	19	7	6	1	7	5	8	2	10	19	12	7	8	3	6	4	24	6	14	5	7	11	17	14	18	20	33	16	26	3	20	13	5	7	23	3	5	10	14	9	5	19	48	12	14	2	28	11	
594_A/Duck/Fujian/S4146/ 12	9	13	2	24	9	6	14	6	11	0	0	8	3	1	12	18	9	5	1	8	5	8	2	11	15	13	7	10	5	5	3	24	5	15	7	8	10	15	13	17	20	32	17	26	4	21	12	6	7	21	4	4	9	16	9	6	20	49	12	14	2	26	11	
595_A/duck/Guangdong/01. 15	9	11	2	21	10	8	14	5	11	0	0	10	3	1	12	17	8	5	1	9	5	8	1	11	14	13	8	10	6	5	4	23	6	15	8	8	10	15	13	17	19	30	16	25	4	24	12	7	8	23	3	5	8	17	9	5	20	44	9	14	2	28	13	
596_A/duck/Guangdong/01. 15	9	11	2	21	10	8	14	5	11	0	0	10	3	1	12	17	8	5	1	9	5	8	1	11	14	13	8	10	6	5	4	23	6	15	8	8	10	15	13	17	19	30	16	25	4	24	12	7	8	23	3	5	8	17	9	5	20	45	9	14	2	27	13	
597_A/duck/Guangdong/01. 15	9	11	2	21	10	8	14	5	11	0	0	10	3	1	12	17	8	5	1	9	5	8	1	11	14	13	8	10	6	5	4	23	6	15	8	8	10	15	13	17	19	30	16	25	4	24	12	7	8	22	3	5	8	18	9	5	20	44	9	14	2	28	13	
598_A/duck/Guangdong/01. 15	9	11	2	21	10	8	14	5	11	0	0	10	3	1	12	17	8	5	1	9	5	8	1	11	14	13	8	10	6	5	4	23	6	15	8	8	10	15	13	17	19	30	16	25	4	24	12	7	8	23	3	5	8	17	9	5	20	44	9	14	2	28	13	
599_A/duck/Guangdong/01. 15	9	11	2	21	10	8	14	5	11	0	0	10	3	1	12	17	8	5	1	9	5	8	1	11	14	13	8	10	6	5	4	23	6	15	8	8	10	15	13	17	19	30	16	25	4	24	12	7	8	23	3	5	8	17	9	5	20	44	9	14	2	28	13	
600_A/duck/Guangdong/01. 15	9	11	2	21	10	8	14	5	11	0	0	10	3	1	12	17	8	5	1	9	5	8	1	11	14	13	8	10	6	5	4	23	6	15	8	8	10	15	13	17	19	30	16	25	4	24	12	7	8	23	3	5	8	17	9	5	20	44	10	14	2	28	12	
601_A/duck/Guangdong/01. 15	9	11	2	21	10	8	14	4	11	0	0	10	3	1	12	17	8	5	1	8	5	8	1	13	14	13	8	10	6	5	4	23	6	15	8	9	10	15	13	16	19	31	16	25	4	23	12	7	8	23	3	5	8	17	9	5	20	43	9	14	2	29	13	
602_A/duck/Guangdong/01. 15	9	11	2	21	10	8	14	5	11	0	0	10	3	1	12	17	8	5	1	9	5	8	1	11	14	13	8	10	6	5	4	23	6	15	8	8	10	15	13	17	19	30	16	25	4	24	12	7	8	23	3	5	8	17	9	5	20	44	9	14	2	28	13	
603_A/duck/Guangdong/01. 15	9	11	2	21	10	8	14	5	11	0	0	10	3	1	12	17	8	5	1	8	5	8	1	12	14	13	8	10	6	5	4	23	6	15	8	8	10	15	13	17	19	30	16	25	4	24	12	7	8	23	3	5	8	17	8	5	20	44	10	14	2	28	13	
604_A/duck/Guangdong/01. 15	9	11	2	21	10	8	14	5	11	0	0	10	3	1	12	17	8	5	1	9	5	8	1	11	14	13	8	10	6	5	4	23	6	15	8	8	10	15	13	17	19	30	16	25	4	24	12	7	8	23	3	5	8	17	9	5	20	44	10	14	2	28	12	
605_A/duck/Guangdong/02. 13	9	13	2	23	10	6	14	7	10	0	0	9	4	1	12	19	9	5	1	7	5	8	2	9	14	13	7	10	5	5	4	23	7	15	8	7	10	16	12	17	19	28	16	26	3	25	12	7	8	22	3	5	8	17	9	5	21	42	10	14	2	31	13	
606_A/duck/Guangdong/02. 13	9	13	2	23	10	6	14	7	10	0	0	10	4	1	12	19	8	5	1	7	6	8	2	7	14	13	7	11	5	5	4	23	6	15	8	8	10	17	11	17	19	28	16	26	2	25	12	7	8	22	3	4	8	17	9	6	20	42	13	14	3	31	11	
607_A/duck/Guangdong/02. 13	9	13	2	23	10	6	14	7	10	0	0	9	4	1	12	19	9	5	1	7	5	8	2	9	14	13	7	10	5	5	4	24	6	15	8	7	10	16	12	17	19	28	16	26	3	25	12	7	8	22	3	5	8	17	9	5	21	42	10	14	2	31	13	
608_A/duck/Guangdong/02. 13	9	13	2	23	10	6	14	7	10	0	0	9	4	1	12	19	9	5	1	7	5	8	2	9	14	13	7	10	5	5	4	24	6	15	8	7	9	16	12	17	20	28	16	26	3	25	12	7	8	22	3	5	8	17	9	5	21	42	10	14	2	31	13	
609_A/duck/Guangdong/02. 13	9	13	2	23	10	6	14	7	10	0	0	9	4	1	12	19	9	5	1	7	5	8	2	9	14	13	7	10	5	5	4	24	6	15	8	7	9	16	12	17	20	28	16	26	3	25	12	7	8	22	3	5	8	17	9	5	21	42	10	14	2	31	13	
610_A/duck/Guangdong/02. 13	9	13	2	23	10	6	14	7	10	0	0	9	4	1	12	19	9	5	1	7	5	8	2	9	14	13	7	10	5	5	4	24	6	15	8	7	9	16	12	17	20	28	16	26	3	25	12	7	8	22	3	5	8	17	9	5	21	42	10	14	2	31	13	
611_A/duck/Guangdong/03. 13	8	12	2	23	11	7	14	5	9	0	0	10	4	1	12	19	8	5	1	8	5	8	2	11	13	13	6	9	7	5	5	24	7	17	8	6	9	13	12	17	20	28	17	26	3	24	12	8	8	22	2	6	9	18	10	5	19	44	9	13	2	29	14	
612_A/duck/Guangdong/03. 13	8	12	2	23	11	7	14	5	9	0	0	10	4	1	12	19	8	5	1	8	5	8	2	11	13	13	6	9	7	5	5	24	7	17	8	6	9	13	12	17	20	28	17	26	3	24	12	8	8	22	2	6	9	18	10	5	19	44	9	13	2	29	14	
613_A/duck/Guangdong/03. 13	8	12	2	23	11	7	14	5	9	0	0	10	4	1	12	18	8	5	1	8	5	8	2	12	13	13	6	9	7	5	5	24	7	17	8	6	9	13	12	17	20	28	17	26	3	24	12	8	8	22	2	6	9	18	10	5	19	44	10	13	2	29	13	
614_A/duck/Guangdong/03. 10	9	11	5	26	10	8	11	5	9	0	0	11	5	1	12	16	5	7	2	8	7	7	5	9	13	8	5	11	8	9	0	20	5	15	6	11	12	17	10	18	20	33	17	26	0	20	14	7	7	24	4	6	7	14	7	3	21	49	19	15	3	28	6	
615_A/duck/Guangdong/03. 13	8	12	2	23	11	7	14	5	9	0	0	10	4	1	12	18	8	5	1	8	5	8	2	12	13	13	6	9	7	5	5	24	7	17	8	6	9	13	12	17	20	28	17	26	3	24	12	8	8	22	2	6	9	18	10	5	19	44	10	13	2	29	13	
616_A/duck/Guangdong/03. 12	8	12	2	22	11	7	13	5	9	0	0	10	4	1	12	18	8	5	1	8	5	8	2	12	12	12	5	9	7	5	5	24	7	16	8	6	9	13	12	17	20	28	17	25	3	24	12	8	8	22	2	6	9	17	10	5	19	44	10	12	2	28	13	
617_A/duck/Guangdong/03. 10	9	11	5	26	10	8	11	5	9	0	0	11	5	1	12	16	5	7	2	8	7	7	5	9	13	8	5	11	8	9	0	20	5	15	6	11	12	17	10	18	20	33	17	26	0	20	14	7	7	24	4	6	7	14	7	3	21	49	19	15	3	28	6	
618_A/duck/Guangdong/03. 13	8	12	2	23	11	7	14	5	9	0	0	10	4	1	12	18	8	5	1	8	5	8	2	12	13	13	6	9	7	5	5	24	7	17	8	6	9	13	12	17	20	28	17	26	3	24	12	8	8	22	2	6	9	18	10	5	19	44	10	13	2	28	14	
619_A/duck/Guangdong/03. 14	8	11	2	22	11	8	14	6	10	0	0	8	4	1	12	17	8	5	1	9	5	8	2	12	13	13	6	9	7	5	5	24	6	16	8	7	10	14	12	17	20	28	17	26	3	24	12	7	8	22	4	5	9	18	8	4	18	43	10	15	3	30	13	
620_A/duck/Guangdong/03. 13	8	11	2	21	11	8	13	6	10	0	0	8	4	1	12	17	8	5	1	9	5	8	2	12	12	12	5	9	7	5	5	24	6	15	8	7	10	14	12	17	20	28	17	25	3	24	12	7	8	22	4	5	9	17	8	4	18	43	10	14	3	29	13	
621_A/duck/Guangdong/03. 12	8	12	2	22	11	7	13	5	9	0	0	10	4	1	12	18	8	5	1	8	5	8	2	12	12	12	5	9	7	5	5	24	7	16	8	6	9	13	12	17	20	28	17	25	3	24	12	8	8	22	2	6	9	17	10	5	19	44	10	12	2	28	13	
622_A/duck/Guangdong/03. 13	8	12	2	23	11	7	14	5	9	0	0	10	4	1	12	18	8	5	1	8	5	8	2	12	13	13	6	9	7	5	5	24	7	17	8	6	9	13	12	17	20	28	17	26	3	24	12	8	8	22	2	6	9	18	10	5	19	44	10	13	2	29	13	
623_A/duck/Guangdong/03. 12	8	12	2	22	11	7	13	5	9	0	0	10	4	1	12	18	8	5	1	8	5	8	2	12	12	12	5	9	7	5	5	24	7	16	8	6	9	13	12	17	20	28	17	25	3	24	12	8	8	22	2	6	9	17	10	5	19	44	10	12	2	28	13	
624_A/duck/Guangdong/03. 12	8	12	2	22	11	7	13	5	9	0	0	10	4	1	12	18	8	5	1	8	5	8	2	12	12	12	5	9	7	5	5	24	7	16	8	6	9	13	12	17	20	28	17	25	3	24	12	8	8	22	2	6	9	17	10	5	19	44	10	12	2	28	13	
625_A/duck/Guangdong/03. 12	8	12	2	22	11	7	13	5	9	0	0	10	4	1	12	19	8	5	0	8	5	8	2	12	12	12	5	9	7	5	5	24	7	16	8	6	9	14	12	17	20	28	17	25	3	24	12	8	8	22	2	6	9	16	10	5	19	44	10	12	2	28	13	
626_A/duck/Guangdong/03. 13	8	12	2	23	11	7	14	5	9	0	0	10	4	1	12	19	8	5	1	8	5	8	2	11	13	13	6	9	7	5	5	24	7	17	8	6	9	13	12	17	20	28	17	26	3	24	12	8	8	22	2	6	9	18	10	5	19	44	10	13	2	29	13	
627_A/duck/Guangdong/03. 13	8	12	2	23	11	7	14	5	9	0	0	10	4	1	12	19	8	5	1	8	5	8	2	11	13	13	6	9	7	5	5	24	7	17	8	6	9	13	12	17	20	28	17	26	3	24	12	8	8	22	2	6	9	18	10	5	19	44	10	13	2	29	13	
628_A/duck/Guangdong/03. 13	8	12	2	23	11	7	14	5	9	0	0	10	4	1	12	18	8	5	1	8	5	8	2	12	13	13	6	9	7	5	5	24	7	17	8	6	9	14	12	17	20	28	17	26	3	24	12	8	8	22	2	6	9	17	10	5	19	44	10	13	2	29	13	
629_A/duck/Guangdong/03. 12	8	12	2	22	11	7	13	5	9	0	0	10	4	1	12	19	8	5	1	8	5	8	2	11	12	12	5	9	7	5	5	24	7	16	8	6	9	13	12	17	20	28	17	25	3	24	12	8	8	22	2	6	9	17	10	5	19	44	10	12	2	28	13	
630_A/duck/Guangdong/03. 13	8	12	2	23	11	7	14	5	9	0	0	10	4	1	12	18	8	5	1	8	5	8	2	12	13	13	6	9	7	5	5	24	7	17	8	6	9	14	12	17	20	28	17	26	3	24	12	8	8	22	2	6	9	17	10	5	19	44	10	13	2	29	13	
631_A/duck/Guangdong/03. 13	8	12	2	23	11	7	14	5	9	0	0	10	4	1	12	19	8	5	1	8	5	8	2	11	13	13	6	9	7	5	5	24	7	17	8	6	9	13	12	17	20	28	17	26	3	24	12	8	8	22	2	6	9	18	10	5	19	44	10	13	2	29	13	
632_A/duck/Guangdong/03. 12	9	13	2	22	10	6	13	6	10	1	0	10	4	0	12	19	9	5	1	7	5	8	2	9	13	12	6	10	5	5	4	24	6	15	7	7	10	15	13	17	18	29	14	25	4	24	14	7	8	22	3	5	8	16	9	5	21	42	11	13	2	30	12	
633_A/duck/Guangdong/03. 13	9	13	3	23	10	6	13	7	10	0	0	9	4	1	12	19	7	5	1	7	6	8	2	9	14	13	7	10	6	5	3	25	6	17	8	7	10	14	12	17	18	27	16	26	4	26	13	6	8	22	3	5	8	17	9	5	21	42	9	14	2	31	14	
634_A/duck/Guangdong/03. 13	9	13	2	23	10	6	14	6	10	1	0	10	4	0	12	19	9	5	1	7	5	8	2	9	14	13	7	10	5	5	4	24	6	16	7	7	10	15	13	17	18	29	15	26	4	24	13	7	8	22	3	5	8	17	9	5	21	42	11	14	2	31	12	
635_A/duck/Guangdong/03. 12	9	13	3	22	10	6	12	7	10	0	0	9	4	1	12	19	7	5	1	7	6	8	2	9	13	12	6	10	6	5	3	25	6	16	8	7	10	14	12	17	18	27	16	25	4	26	13	6	8	22	3	5	8	16	9	5	21	42	9	13	2	30	14	
636_A/duck/Guangdong/03. 13	9	13	2	23	10	6	14	6	10	1	0	10	4	0	12	19	9	5	1	7	5	8	2	9	14	13	7	10	5	5	4	24	6	16	7	7	10	15	13	17	18	29	15	26	4	24	13	7	8	22	3	5	8	17	9	5	21	42	11	14	2	31	12	
637_A/duck/Guangdong/04. 12	8	11	2	24	11	8	14	5	10	0	0	10	4	1	12	18	8	5	1	8	5	8	2	12	13	13	6	9	7	5	5	24	7	17	7	6	9	13	12	17	20	26	19	26	2	24	12	8	8	22	2	6	8	19	10	5	20	46	10	13	2	27	13	
638_A/duck/Guangdong/04. 14	9	12	2	22	10	7	14	5	11	0	0	10	3	1	12	19	7	5	1	7	5	8	1	12	14	13	8	9	6	5	4	23	6	16	8	8	10	14	12	17	19	30	16	26	4	23	12	7	8	22	3	5	8	18	10	5	20	43	9	14	2	30	13	
639_A/duck/Guangdong/04. 13	9	12	2	21	10	7	13	5	11	0	0	10	3	1	12	18	8	5	1	7	5	8	1	12	13	12	7	9	6	5	4	23	6	14	8	8	10	15	12	17	19	30	16	25	4	23	13	7	8	22	3	5	8	17	10	5	20	44	9	13	2	28	12	
640_A/duck/Guangdong/04. 13	9	13	2	21	10	6	13	6	11	0	0	9	3	1	12	18	8	5	1	8	5	8	2	11	13	11	6	9	6	6	4	25	6	15	8	7	10	14	12	17	20	30	16	25	3	23	12	6	7	23	3	4	9	16	9	7	20	41	10	12	2	31	13	
641_A/duck/Guangdong/04. 13	8	11	2	21	11	8	13	6	10	0	0	8	4	1	12	17	8	5	1	9	5	8	2	12	12	12	5	9	7	5	5	24	6	15	8	7	10	14	12	17	20	28	17	25	3	24	12	7	8	22	4	5	9	17	8	4	18	43	10	14	3	29	13	
642_A/duck/Guangdong/04. 14	9	13	2	22	10	6	14	6	11	0	0	9	3	1	12	18	8	5	1	8	5	8	2	11	14	12	7	9	6	6	4	25	6	16	8	7	10	14	12	17	20	30	16	26	3	23	12	6	7	23	3	4	9	17	9	7	20	41	10	13	2	32	13	
643_A/duck/Guangdong/04. 13	9	12	2	23	10	7	14	6	9	0	0	10	4	1	12	18	8	5	1	8	5	8	2	11	13	13	7	9	7	5	4	24	7	17	8	7	9	13	12	17	20	28	17	26	3	24	12	8	7	22	2	5	9	18	10	5	20	41	10	13	2	32	13	
644_A/duck/Guangdong/04. 13	9	13	2	23	10	6	14	6	10	1	0	10	4	0	12	19	9	5	1	7	5	8	2	9	14	13	7	10	5	5	4	24	6	16	7	7	10	15	13	17	18	29	15	26	4	24	13	7	8	22	3	5	8	17	9	5	21	41	11	14	2	32	12	
645_A/duck/Guangdong/04. 12	9	13	2	22	10	6	13	7	10	0	0	9	4	1	12	19	9	5	1	7	5	8	2	9	12	12	6	10	6	5	4	24	6	14	7	7	10	15	14	17	20	28	16	25	3	25	12	7	9	22	3	4	8	16	9	6	19	42	10	13	2	30	13	
646_A/duck/Guangdong/04. 13	9	13	2	23	10	6	14	7	10	0	0	9	4	1	12	19	9	5	1	7	5	8	2	9	13	13	7	10	6	5	4	24	6	15	7	7	10	15	14	17	20	28	16	26	3	25	12	7	9	22	3	4	8	17	9	6	19	42	10	14	2	31	13	
647_A/duck/Guangdong/04. 13	9	13	2	23	10	6	14	6	10	1	0	10	4	0	12	19	9	5	1	7	5	8	2	9	14	13	7	10	5	5	4	24	6	16	7	7	10	15	13	17	18	29	14	26	4	24	14	7	8	22	3	5	8	17	9	5	21	42	11	14	2	31	12	
648_A/duck/Guangdong/04. 13	9	13	2	23	10	6	14	6	10	1	0	10	4	0	12	19	9	5	1	7	5	8	2	9	14	13	7	10	5	5	4	24	6	15	7	7	10	15	13	17	18	29	14	26	4	24	14	7	8	22	4	5	8	17	9	5	21	42	11	14	2	31	12	
649_A/duck/Guangdong/04. 13	9	13	2	23	10	6	14	6	10	1	0	10	4	0	12	19	9	5	1	7	5	8	2	9	14	13	7	10	5	5	4	24	6	16	7	7	10	15	13	17	18	29	14	26	4	24	14	7	8	22	3	5	8	17	9	5	21	42	11	14	2	31	12	
650_A/duck/Guangdong/04. 15	11	11	1	21	12	8	15	5	7	0	0	11	3	1	12	14	7	4	1	12	5	9	2	5	13	9	5	15	7	9	5	22	5	11	10	10	14	20	8	15	15	32	19	25	5	21	10	6	5	20	5	5	11	17	7	6	19	48	15	13	4	30	9	
651_A/duck/Guangdong/04. 13	9	13	2	23	10	6	14	7	9	0	0	9	4	1	12	19	9	5	1	7	5	8	2	9	15	13	7	10	5	5	4	24	6	16	7	7	10	15	13	17	20	28	16	26	3	25	12	7	8	22	3	4	8	17	9	6	20	42	10	14	2	31	13	
652_A/duck/Guangdong/04. 13	9	13	2	23	10	6	14	7	10	0	0	9	4	1	12	19	9	5	1	7	5	8	2	9	14	13	7	10	5	5	4	24	6	16	7	7	10	15	13	17	20	28	16	26	3	25	12	7	8	22	3	4	8	17	9	6	20	42	10	14	2	31	13	
653_A/duck/Guangdong/04. 15	11	11	1	21	12	8	15	5	7	0	0	11	3	1	12	14	7	4	1	12	5	9	2	5	13	9	5	15	7	9	5	22	5	11	10	10	14	20	8	15	15	32	19	25	5	21	10	6	5	20	5	5	11	17	7	6	19	49	15	13	4	29	9	
654_A/duck/Guangdong/04. 15	11	11	1	21	12	8	15	5	7	0	0	11	3	1	12	14	7	4	1	12	5	9	2	5	13	9	5	15	7	9	5	22	5	11	10	10	14	20	8	15	15	31	20	25	5	21	10	6	5	20	5	5	11	17	7	6	19	48	15	13	4	30	9	
655_A/duck/Guangdong/04. 13	9	13	3	23	10	6	13	7	10	0	0	9	4	1	12	19	7	5	1	7	6	8	2	9	14	13	7	10	6	5	3	24	6	17	8	7	10	14	12	17	18	27	16	26	4	26	13	7	8	23	3	5	8	16	9	5	21	43	9	14	2	30	14	
656_A/duck/Guangdong/04. 13	9	13	3	23	10	6	13	7	10	0	0	9	4	1	12	19	7	5	1	7	6	8	2	9	14	13	7	10	6	5	3	25	6	17	8	7	10	14	12	17	18	27	16	26	4	26	13	6	8	22	3	5	8	17	9	5	21	42	9	14	2	31	14	
657_A/duck/Guangdong/04. 9	10	11	5	27	9	8	11	6	9	1	0	11	5	0	12	14	5	8	3	10	7	6	3	8	13	7	6	11	8	10	0	19	5	15	7	13	12	17	9	18	20	33	19	26	1	19	13	8	7	25	4	4	7	13	7	5	21	47	20	13	2	30	5	
658_A/duck/Guangdong/04. 13	9	13	2	23	10	6	14	6	10	1	0	10	4	0	12	19	9	5	1	7	5	8	2	9	14	13	7	10	5	5	4	24	6	16	7	7	10	15	13	17	18	29	15	26	4	24	13	7	8	22	3	5	8	17	9	5	21	42	11	14	2	31	12	
659_A/duck/Guangdong/04. 12	8	12	2	22	11	7	13	5	9	0	0	10	4	1	12	19	8	5	1	8	5	8	2	11	12	12	5	9	7	5	5	24	7	16	8	6	9	13	12	17	20	28	17	25	3	24	12	8	8	22	2	6	9	17	10	5	19	44	10	12	2	28	13	
660_A/duck/Guangdong/04. 13	9	13	2	23	10	6	14	6	10	1	0	9	4	0	12	19	9	5	1	7	5	8	2	10	14	13	7	10	5	5	4	24	6	17	7	7	10	14	13	17	18	30	16	26	4	23	12	7	8	22	3	5	8	17	9	5	21	44	11	14	2	29	12	
661_A/duck/Guangdong/04. 12	9	13	2	22	10	6	13	6	10	1	0	10	4	0	12	19	8	5	1	7	5	8	2	9	13	12	6	10	6	5	4	24	6	15	7	7	10	15	13	17	18	29	15	25	4	24	13	7	8	22	3	5	8	16	9	5	21	42	11	13	2	30	12	
662_A/duck/Guangdong/04. 13	9	13	2	23	10	6	14	6	10	1	0	10	4	0	12	19	9	5	1	7	5	8	2	9	14	13	7	10	5	5	4	24	6	16	7	7	10	15	13	17	18	29	15	26	4	24	13	7	8	22	3	5	8	17	9	5	21	42	11	14	2	31	12	
663_A/duck/Guangdong/04. 13	9	13	2	23	10	6	14	6	10	1	0	10	4	0	12	19	8	5	1	7	5	8	2	9	14	13	7	10	6	5	4	24	6	16	7	7	10	15	13	17	18	29	15	26	4	24	13	7	8	22	3	5	8	17	9	5	21	42	11	14	2	31	12	
664_A/duck/Guangdong/04. 14	8	12	2	22	11	7	14	5	9	0	0	10	4	1	12	18	8	5	1	8	5	8	2	12	13	13	6	9	7	5	5	24	7	17	8	6	9	13	12	17	20	28	18	26	3	24	11	8	8	22	2	6	9	18	10	5	19	45	10	13	2	28	13	
665_A/duck/Guangdong/04. 13	8	12	2	23	11	7	14	5	9	0	0	9	5	1	12	18	8	5	1	8	5	8	2	12	13	13	6	9	7	5	5	23	6	15	8	7	10	15	12	17	20	28	18	26	3	24	11	7	8	21	4	6	9	19	8	4	19	43	10	15	2	30	13	
666_A/duck/Guangdong/04. 12	9	13	2	22	10	6	13	6	10	1	0	10	4	0	12	19	9	5	1	7	5	8	2	9	13	12	6	10	5	5	4	24	6	15	7	7	10	15	13	17	18	29	15	25	4	24	13	7	8	22	3	5	8	16	9	5	21	42	11	13	2	30	12	
667_A/duck/Guangdong/04. 13	8	12	2	23	11	7	14	5	9	0	0	9	5	1	12	18	8	5	1	8	5	8	2	12	13	13	6	9	7	5	5	23	6	15	8	7	10	15	12	17	20	28	18	26	3	24	11	7	8	22	4	6	9	18	8	4	19	43	10	15	2	30	13	
668_A/duck/Guangdong/04. 13	8	12	2	23	11	7	14	5	9	0	0	9	5	1	12	18	8	5	1	8	5	8	2	12	13	13	6	9	7	5	5	23	6	15	8	7	10	15	12	17	20	28	18	26	3	24	11	7	8	22	4	6	9	18	8	4	19	43	10	15	2	30	13	
669_A/duck/Guangdong/04. 13	8	12	2	23	11	7	14	5	9	0	0	10	4	1	12	18	8	5	1	8	5	8	2	12	13	13	6	9	7	5	5	24	7	17	8	6	9	13	12	17	20	28	17	26	3	24	12	8	8	22	2	6	9	18	10	5	19	44	10	13	2	29	13	
670_A/duck/Guangdong/04. 13	8	12	2	23	11	7	14	5	9	0	0	10	4	1	12	18	8	5	1	8	5	8	2	12	13	13	6	9	7	5	5	24	7	17	8	6	9	13	12	17	20	28	17	26	3	24	12	8	8	22	2	6	9	18	10	5	19	44	10	13	2	29	13	
671_A/duck/Guangdong/04. 12	8	12	2	22	11	7	13	5	9	0	0	10	4	1	12	18	8	5	1	8	5	8	2	12	12	12	5	9	7	5	5	24	7	16	8	6	9	13	12	17	20	28	17	25	3	24	12	8	8	22	2	6	9	17	10	5	19	44	10	12	2	28	13	
672_A/duck/Guangdong/04. 12	8	12	2	22	11	7	13	5	9	0	0	10	4	1	12	18	8	5	1	8	5	8	2	12	12	12	5	9	7	5	5	24	7	16	8	6	9	13	12	17	20	28	17	25	3	24	12	8	8	22	2	6	9	17	10	5	19	44	10	12	2	28	13	
673_A/duck/Guangdong/04. 13	8	12	3	23	11	7	13	5	9	0	0	10	4	1	12	18	8	5	1	8	5	8	2	12	13	13	6	9	7	5	5	24	7	17	8	6	9	13	12	17	20	28	17	26	3	24	12	8	8	22	2	6	9	18	10	5	19	44	10	13	2	29	13	
674_A/duck/Guangdong/04. 13	9	13	2	23	10	6	14	6	10	1	0	10	4	0	12	19	8	5	1	7	5	8	2	9	14	13	7	10	6	5	4	24	6	16	7	7	10	15	13	17	18	29	16	26	4	24	12	7	7	22	3	5	9	17	9	5	21	42	11	14	2	31	12	
675_A/duck/Guangdong/04. 13	9	13	3	23	10	6	13	7	10	0	0	9	4	1	12	19	7	5	1	7	6	8	2	9	14	13	7	10	6	5	3	25	6	17	8	7	10	14	12	17	18	27	16	26	4	26	13	6	8	22	3	5	8	17	9	5	21	42	9	14	2	31	14	
676_A/duck/Guangdong/04. 12	8	12	2	22	11	7	13	5	9	0	0	10	4	1	12	19	8	5	1	8	5	8	2	11	12	12	5	9	7	5	5	24	7	16	8	6	9	13	12	17	20	28	17	25	3	24	12	8	8	22	2	6	9	17	10	5	19	44	10	12	2	28	13	
677_A/duck/Guangdong/04. 12	9	13	2	23	9	6	13	6	10	0	0	10	4	1	12	20	8	5	1	7	6	8	2	9	13	12	6	9	5	5	4	24	6	15	7	7	10	15	13	17	19	28	17	25	4	24	12	7	8	22	3	5	8	16	9	5	20	41	11	13	2	31	12	
678_A/duck/Guangdong/04. 13	9	13	2	23	10	6	14	6	10	1	0	10	4	0	12	19	9	5	1	7	5	8	2	9	14	13	7	10	5	5	4	24	6	16	7	7	10	15	13	17	18	29	15	26	4	24	13	7	8	22	3	5	8	17	9	5	21	42	11	14	2	31	12	
679_A/duck/Guangdong/04. 12	8	12	2	22	11	7	13	5	9	0	0	11	3	1	12	18	8	5	1	8	5	8	2	12	12	12	5	9	7	5	5	24	7	16	8	6	9	12	13	17	20	28	17	25	3	24	12	8	8	22	2	6	9	17	10	5	19	43	10	12	2	29	13	
680_A/duck/Guangdong/04. 13	9	13	2	23	10	6	15	6	10	1	0	10	4	0	12	19	9	5	1	7	5	8	2	9	14	13	7	10	5	5	4	24	6	16	7	7	10	15	13	17	18	29	15	26	4	24	13	7	8	22	3	5	8	17	8	5	21	42	11	14	2	31	12	
681_A/duck/Guangdong/04. 13	9	13	3	23	10	6	13	7	10	0	0	9	4	1	12	19	7	5	1	7	6	8	2	9	14	13	7	10	6	5	3	25	6	17	8	7	10	14	12	17	18	27	16	26	4	26	13	6	8	22	3	5	8	17	9	5	21	42	9	14	2	31	14	
682_A/duck/Guangdong/04. 12	9	13	3	22	10	6	12	7	10	0	0	9	4	1	12	19	7	5	1	7	6	8	2	9	13	12	6	10	6	5	3	25	6	16	8	7	10	14	12	17	18	27	16	25	4	26	13	6	8	22	3	5	8	16	9	5	21	42	9	13	2	30	14	
683_A/duck/Guangdong/04. 13	8	12	2	23	11	7	14	5	9	0	0	10	4	1	12	18	8	5	1	8	5	8	2	12	13	13	6	9	7	5	5	24	7	17	8	6	9	13	12	17	20	28	17	26	3	24	12	8	8	22	2	6	9	18	10	5	19	44	10	13	2	29	13	
684_A/duck/Guangdong/04. 13	9	13	3	23	10	6	13	7	10	0	0	9	4	1	12	19	7	5	1	7	6	8	2	9	14	13	7	10	6	5	3	25	6	17	8	7	10	14	12	17	18	27	16	26	4	26	13	6	8	22	3	5	8	17	9	5	21	42	9	14	2	31	14	
685_A/duck/Guangdong/04. 12	9	13	3	22	10	6	12	7	10	0	0	9	4	1	12	19	7	5	1	7	6	8	2	9	13	12	6	10	6	5	3	25	6	16	8	7	10	14	12	17	18	27	16	25	4	26	13	6	8	22	3	5	8	16	9	5	21	42	9	13	2	30	14	
686_A/duck/Guangdong/04. 13	9	13	2	24	9	6	14	6	10	0	0	10	4	1	12	20	8	5	1	7	6	8	2	9	14	13	7	9	5	5	4	24	6	16	7	7	10	15	13	17	19	28	17	26	4	24	12	7	8	22	3	5	8	17	9	6	19	41	11	14	2	32	12	
687_A/duck/Guangdong/04. 12	9	13	2	23	9	6	13	6	10	0	0	10	4	1	12	20	8	5	1	7	6	8	2	9	13	12	6	9	5	5	4	24	6	15	7	7	10	15	13	17	19	28	17	25	4	24	12	7	8	22	3	5	8	16	9	5	20	41	11	13	2	31	12	
688_A/duck/Guangdong/04. 13	8	12	2	23	11	7	14	5	9	0	0	9	5	1	12	18	8	5	1	8	5	8	2	12	13	13	6	9	7	5	5	23	6	15	8	7	10	15	12	17	20	28	18	26	3	24	11	7	8	22	4	6	9	18	8	4	19	43	10	15	2	30	13	
689_A/duck/Guangdong/04. 13	8	12	2	23	11	7	14	5	9	0	0	9	5	1	12	18	8	5	1	8	5	8	2	12	13	13	6	9	7	5	5	23	6	15	8	7	10	15	12	17	20	28	18	26	3	24	11	7	8	22	4	6	9	18	8	4	19	43	10	15	2	30	13	
690_A/duck/Guangdong/04. 13	8	12	2	23	11	7	14	5	9	0	0	9	5	1	12	18	8	5	1	8	5	8	2	12	13	13	6	9	7	5	5	23	6	15	8	7	10	15	12	17	20	28	18	26	3	24	11	7	8	22	4	6	9	18	8	4	19	43	10	15	2	30	13	
691_A/duck/Guangdong/04. 13	8	12	2	23	11	7	14	5	9	0	0	9	5	1	12	18	8	5	1	8	5	8	2	12	13	13	6	9	7	5	5	23	6	15	8	7	10	15	12	17	20	28	18	26	3	24	11	7	8	22	4	6	9	18	8	4	19	43	10	15	2	30	13	
692_A/duck/Guangdong/04. 13	8	12	2	23	11	7	14	5	9	0	0	9	5	1	12	18	8	5	1	8	5	8	2	12	13	13	6	9	7	5	5	23	6	15	8	7	10	15	12	17	20	28	18	26	3	24	11	7	8	22	4	6	9	18	8	4	19	43	10	15	2	30	13	
693_A/duck/Guangdong/04. 12	8	12	2	22	11	7	13	5	9	0	0	9	5	1	12	18	8	5	1	8	5	8	2	12	12	12	5	9	7	5	5	23	6	14	8	7	10	15	12	17	20	28	18	25	3	24	11	7	8	22	4	6	9	17	8	4	19	43	10	14	2	29	13	
694_A/duck/Guangdong/04. 12	8	12	2	22	11	7	13	5	9	0	0	9	5	1	12	18	8	5	1	8	5	8	2	12	12	12	5	9	7	5	5	23	6	14	8	7	10	15	12	17	20	28	18	25	3	24	11	7	8	22	4	6	9	17	8	4	19	43	10	14	2	29	13	
695_A/duck/Guangdong/04. 12	8	12	2	22	11	7	13	5	9	0	0	9	5	1	12	18	8	5	1	8	5	8	2	12	12	12	5	9	7	5	5	23	6	14	8	7	10	15	12	17	20	28	18	25	3	24	11	7	8	22	4	6	9	17	8	4	19	43	10	14	2	29	13	
696_A/duck/Guangdong/04. 13	9	13	1	23	10	6	15	7	10	0	0	8	4	1	12	19	8	5	1	7	5	8	2	9	14	13	7	11	6	5	4	24	6	16	8	7	10	15	12	18	20	29	17	25	2	24	11	7	8	21	4	5	8	18	9	5	21	43	9	14	2	30	13	
697_A/duck/Guangdong/11. 14	9	12	2	22	10	7	14	6	11	0	0	10	3	1	12	18	7	5	1	8	6	8	1	10	13	11	8	10	7	7	4	23	6	16	7	8	10	15	13	17	19	30	17	25	4	24	11	8	7	24	3	5	9	16	9	5	19	43	9	13	3	29	13	
698_A/duck/Guangdong/11. 14	9	12	2	22	10	7	14	6	11	0	0	10	3	1	12	18	7	5	1	8	6	8	1	10	13	11	8	10	7	7	4	23	6	16	7	8	10	15	13	17	19	30	17	25	4	24	11	8	7	24	3	5	9	16	9	5	19	43	9	13	3	29	13	
699_A/duck/Guangdong/11. 14	9	12	2	22	10	7	14	6	11	0	0	10	3	1	12	18	8	5	1	8	5	8	1	10	13	11	8	10	7	7	4	23	6	16	7	8	10	15	13	17	19	30	17	25	4	24	11	8	7	24	3	5	9	16	9	5	19	42	10	13	3	29	13	
700_A/duck/Guangdong/KGZ 15	11	9	5	21	9	10	11	5	11	0	0	9	3	1	12	18	6	6	1	9	6	7	2	9	13	14	7	12	6	4	3	22	8	12	7	8	8	20	10	18	20	24	19	25	2	27	12	5	7	20	4	4	11	17	10	5	17	49	11	16	4	29	11	
701_A/duck/Guangdong/KGZ 15	9	12	3	21	11	7	13	5	11	0	0	12	3	1	12	15	8	5	1	11	4	8	1	9	13	13	9	11	7	5	4	23	6	17	7	8	11	12	14	17	20	30	14	24	3	24	13	7	8	22	3	5	7	18	10	5	21	43	10	14	2	28	12	
702_A/duck/Guangdong/KGZ 15	9	12	3	21	11	7	13	5	11	0	0	12	3	1	12	15	8	5	1	11	4	8	1	9	13	13	9	11	7	5	4	23	6	17	7	8	11	12	14	17	20	30	14	24	3	24	13	7	8	22	3	5	7	18	10	5	21	43	10	14	2	28	12	
703_A/duck/Guangdong/KGZ 15	9	12	3	21	11	7	13	5	11	0	0	12	3	1	12	15	8	5	1	11	4	8	1	9	13	13	9	11	7	5	4	23	6	17	7	8	11	12	14	17	20	30	14	24	3	24	13	7	8	22	3	5	7	18	10	5	21	43	10	14	2	28	12	
704_A/duck/Guangdong/KGZ 15	9	12	3	21	11	7	13	5	11	0	0	12	3	1	12	15	8	5	1	11	4	8	1	9	13	13	9	11	7	5	4	23	6	17	7	8	11	12	14	17	20	30	14	24	3	24	13	7	8	22	3	5	7	18	10	5	21	43	10	14	2	28	12	
705_A/duck/Guangdong/KGZ 15	9	12	4	21	11	7	12	6	10	0	0	12	4	1	12	13	9	5	1	13	4	8	1	8	13	13	9	11	6	5	4	24	6	15	7	7	12	14	13	17	20	28	14	24	1	26	13	7	8	23	3	5	7	17	10	5	21	45	10	14	3	27	12	
706_A/Duck/Guangdong/PO1 14	8	12	3	22	11	7	13	7	9	0	0	7	5	1	12	18	9	5	1	8	5	8	2	11	13	13	5	10	6	5	5	23	6	15	8	7	11	15	12	18	18	27	19	26	5	25	11	6	8	22	4	6	8	18	8	4	19	42	9	15	2	31	14	
707_A/Duck/Guangdong/PO1 14	8	12	3	22	11	7	13	6	10	0	0	7	4	1	12	18	9	5	1	8	5	8	2	12	13	13	5	10	6	5	5	23	6	15	8	7	11	15	12	18	18	27	19	26	5	25	11	6	8	22	4	6	8	18	8	4	19	42	9	15	2	31	14	
708_A/Duck/Guangdong/PO1 14	9	11	2	22	10	8	14	5	11	0	0	10	3	1	12	17	8	5	1	8	5	8	1	11	13	11	6	11	7	7	5	22	6	16	8	8	10	14	13	18	19	29	17	25	4	25	12	7	8	22	3	5	9	18	9	7	19	44	11	12	2	27	12	
709_A/Duck/Guangdong/PO1 13	8	11	2	19	11	7	11	7	9	0	0	7	5	1	12	18	9	5	1	7	5	7	2	10	12	12	3	10	5	5	6	23	6	14	7	5	10	15	12	17	16	24	19	23	4	24	11	6	8	22	4	4	8	16	8	4	18	38	9	14	1	28	13	
710_A/Duck/Guangdong/PY5 13	10	12	2	23	9	7	14	6	10	0	0	9	4	1	12	17	8	5	1	9	5	8	2	11	13	13	7	9	7	5	3	23	6	15	9	8	10	15	11	17	19	28	17	26	3	25	12	7	7	20	3	5	9	17	8	5	20	48	12	14	3	28	12	
711_A/Duck/Guangdong/PY5 13	10	12	2	22	9	7	14	6	11	0	0	9	3	1	12	17	9	5	1	9	4	8	2	11	14	13	7	9	6	5	3	23	6	15	9	8	10	15	11	17	20	29	17	26	3	24	12	7	7	20	3	6	9	16	9	5	18	50	10	14	4	27	13	
712_A/duck/Guangdong/S12 15	10	9	5	21	9	10	11	4	11	0	0	9	3	1	12	18	7	6	1	9	6	7	2	10	13	12	7	12	6	6	3	23	7	12	7	7	9	20	10	17	20	23	20	25	2	27	12	5	7	20	4	4	11	17	10	6	17	50	11	16	4	28	11	
713_A/duck/Guangdong/S13 14	9	12	2	22	10	7	14	5	11	0	0	10	3	1	12	17	8	5	1	9	5	8	1	11	14	13	8	10	6	5	4	24	6	15	8	7	10	15	13	17	19	30	16	25	4	24	12	7	8	23	3	5	8	17	9	5	20	44	9	14	2	28	13	
714_A/duck/Guangdong/S45 14	10	11	4	22	9	8	12	4	11	0	0	11	4	1	12	16	6	7	1	8	6	7	2	12	11	10	7	11	7	8	3	22	7	10	9	9	10	21	9	18	19	29	19	22	2	24	10	6	4	20	2	4	12	17	11	8	19	44	12	14	4	33	12	
715_A/duck/Guangdong/S45 14	10	11	4	22	9	8	12	4	11	0	0	11	4	1	12	16	6	7	1	8	6	7	2	12	11	10	7	11	7	8	3	22	7	10	9	8	10	21	9	16	19	30	19	24	2	23	10	6	4	20	2	5	12	17	11	8	19	44	12	14	4	33	12	
716_A/duck/Guangdong/S48 15	10	10	5	21	9	9	12	5	11	0	0	9	3	1	12	18	7	6	1	9	6	7	2	9	13	12	7	12	6	6	3	23	7	11	7	7	9	21	9	17	20	24	20	25	2	26	12	5	7	20	4	4	11	17	10	6	17	50	10	16	4	28	12	
717_A/duck/Guangdong/s14 16	11	14	5	21	8	5	11	8	12	0	0	8	2	1	12	16	8	5	1	9	5	8	2	10	15	13	8	9	5	5	2	22	9	16	5	12	10	16	13	14	19	32	18	25	1	20	13	6	8	22	5	4	6	15	7	6	22	45	12	15	3	30	11	
718_A/duck/Guangdong/SE1 15	9	13	3	20	11	6	13	6	11	0	0	11	3	1	12	17	8	5	1	9	4	8	1	10	12	12	8	11	8	6	4	23	6	15	7	8	10	15	14	17	20	27	16	24	3	27	12	8	8	20	4	5	8	19	9	6	19	42	9	13	3	29	13	
719_A/Duck/Guangdong/SS1 13	10	13	2	23	9	6	14	6	11	0	0	8	3	1	12	18	9	5	1	8	4	8	2	11	14	13	6	10	6	5	3	21	6	15	8	9	10	15	12	17	20	31	18	27	2	22	12	8	7	21	3	4	9	17	9	6	20	48	11	14	2	27	12	
720_A/duck/Guangdong/wy1 15	10	13	4	22	9	6	12	8	11	0	0	7	3	1	12	16	8	5	1	9	5	8	2	9	15	11	9	11	5	6	2	22	7	17	5	12	10	16	13	13	20	31	18	27	2	21	12	5	7	23	5	4	9	14	6	5	18	45	13	15	5	31	11	
721_A/duck/Guangdong/wy1 15	10	14	4	22	9	5	12	8	11	0	0	7	3	1	11	16	8	5	1	9	5	8	2	9	15	12	8	12	4	6	3	22	7	17	5	12	10	15	14	12	19	31	18	27	2	20	13	6	7	23	5	4	8	14	7	6	19	45	12	15	5	30	12	
722_A/duck/Guangdong/wy2 15	10	14	3	22	9	4	14	8	11	0	0	7	3	1	12	16	8	5	1	9	5	8	2	9	15	12	7	11	5	6	2	22	7	18	4	12	10	15	13	12	19	32	18	27	4	21	11	6	6	23	5	4	10	14	8	6	18	49	11	15	4	27	12	
723_A/Duck/Guangdong/Yan 15	8	12	2	21	11	7	14	7	9	0	0	7	5	1	12	19	9	5	1	7	5	8	2	11	13	13	4	10	6	5	6	23	6	15	8	7	10	15	12	18	18	27	20	25	5	25	10	6	8	21	3	6	9	19	9	3	18	42	10	17	3	31	13	
724_A/duck/Guangxi/12.25 12	10	13	2	24	9	7	14	6	11	0	0	9	3	1	12	18	9	5	1	8	4	7	2	12	14	13	8	8	6	5	2	24	6	16	8	7	10	13	13	17	20	30	16	26	3	23	13	7	8	21	3	5	8	18	9	5	20	44	10	14	2	30	13	
725_A/duck/Guangxi/S1009 14	10	10	5	21	9	8	12	4	11	0	0	10	3	1	12	18	7	6	1	9	6	7	2	10	13	12	7	11	6	6	3	24	8	11	7	7	10	21	10	17	18	24	18	25	2	27	13	5	7	20	4	4	11	17	10	6	17	50	10	16	4	28	12	
726_A/duck/Guangxi/S1026 15	10	10	5	21	9	8	12	4	11	0	0	10	3	1	12	18	7	6	1	9	6	7	2	10	13	12	7	11	6	6	3	23	8	11	7	7	10	21	10	17	18	24	19	25	2	27	12	5	7	20	4	4	11	17	10	6	17	50	10	16	4	28	12	
727_A/duck/Guangxi/S1104 15	10	10	5	21	9	8	12	4	11	0	0	9	3	1	12	18	7	6	1	9	6	7	2	10	13	12	7	12	6	6	3	23	7	11	7	7	9	21	10	17	20	25	19	25	2	26	12	5	7	20	4	4	11	17	10	6	18	50	10	16	4	27	12	
728_A/duck/Guangxi/S2119 15	10	10	5	21	9	8	12	4	11	0	0	9	3	1	12	19	7	6	1	8	6	7	2	10	14	12	7	12	5	6	3	23	7	11	7	7	10	21	10	17	19	24	19	25	2	27	12	5	7	20	4	4	10	17	11	6	16	51	10	16	5	27	12	
729_A/duck/Guangxi/S3111 15	10	10	5	21	9	8	12	4	11	0	0	9	3	1	12	18	7	6	1	9	6	7	2	10	14	11	6	12	5	7	3	23	7	12	7	7	9	20	10	17	20	23	21	25	2	28	11	5	7	20	4	4	11	17	10	6	17	51	9	16	4	27	13	
730_A/duck/Guangzhou/018 13	9	13	2	23	10	6	14	6	11	0	0	9	3	1	12	18	8	5	1	8	5	8	2	11	14	13	7	9	6	5	3	24	6	16	8	7	10	14	12	17	20	29	16	26	3	24	13	7	7	22	3	5	9	18	9	5	20	44	10	14	2	29	13	
731_A/duck/Guangzhou/021 13	9	13	2	23	10	6	14	6	11	0	0	9	3	1	12	18	8	5	1	8	5	8	2	11	14	13	7	9	6	5	4	24	6	16	8	7	10	14	12	17	20	29	15	26	3	24	13	7	7	22	3	5	9	18	9	5	20	44	10	14	2	29	13	
732_A/duck/Guizhou/7.27_ 15	8	13	2	21	11	7	14	7	9	0	0	8	5	1	12	18	7	5	1	8	5	8	2	12	14	13	4	8	7	5	6	23	6	15	7	8	10	15	12	17	18	26	20	26	5	25	11	6	8	21	5	6	9	18	8	4	19	43	9	15	2	30	14	
733_A/duck/Guizhou/8.26_ 13	9	12	3	23	10	7	13	6	9	0	0	9	5	1	12	19	8	5	1	7	5	8	2	11	14	13	3	9	6	5	6	22	6	15	8	9	11	15	12	17	19	29	21	26	4	22	11	6	7	21	4	6	9	19	8	4	19	41	10	15	2	32	13	
734_A/duck/Guizhou/8.26_ 14	8	12	2	22	11	7	14	6	9	0	0	9	5	1	12	18	8	5	1	8	5	8	2	11	14	13	3	9	6	5	6	23	5	15	7	8	11	15	12	17	18	26	21	26	5	25	11	6	8	22	5	6	9	18	8	4	19	42	9	15	2	31	14	
735_A/duck/Guizhou/S1321 14	10	11	4	22	9	8	12	3	11	0	0	12	4	1	12	16	7	6	1	8	6	7	2	13	11	10	7	10	7	8	3	22	7	10	10	9	11	21	8	16	18	31	19	25	2	22	10	6	4	20	2	4	12	17	11	8	19	44	12	13	4	33	12	
736_A/duck/Guizhou/S1711 15	8	12	6	21	11	7	10	3	11	0	0	11	3	1	12	15	7	4	1	11	7	9	1	11	11	12	7	11	7	6	4	27	6	12	8	7	9	20	9	17	20	29	16	25	1	25	13	4	7	21	4	5	10	16	9	5	18	46	11	15	4	31	12	
737_A/duck/Guizhou/S4702 13	9	10	5	23	10	9	11	4	8	0	0	11	5	1	12	14	6	6	1	11	7	7	2	8	14	10	7	13	6	8	3	25	6	12	6	8	11	19	11	17	18	31	12	24	3	23	16	6	4	23	4	4	12	13	10	5	17	50	13	16	6	27	11	
738_A/duck/Hainan/12.29_ 15	8	12	2	21	11	7	14	7	9	0	0	8	5	1	12	19	8	5	1	7	5	8	2	10	14	13	4	10	6	5	6	23	6	15	8	8	10	15	12	17	19	27	20	26	4	24	11	6	8	22	4	6	9	18	8	4	19	42	9	15	2	31	14	
739_A/duck/Hebei/3/2011| 15	11	11	4	22	8	8	12	9	11	0	0	7	3	1	12	16	8	5	1	9	5	8	2	9	15	13	7	10	5	5	1	22	8	16	5	11	9	16	13	13	20	30	21	27	2	22	11	6	6	22	7	5	9	15	6	7	19	47	10	13	4	30	12	
740_A/duck/Hebei/S1070/2 15	10	10	5	21	9	9	11	4	11	0	0	9	3	1	12	18	7	6	1	9	6	7	2	10	13	11	7	12	6	7	3	23	7	12	7	7	9	20	10	17	20	25	18	25	2	27	12	5	7	20	4	4	11	17	10	6	16	51	10	16	5	27	12	
741_A/duck/Henan/01.01_L 13	10	12	6	23	11	7	11	4	11	0	0	8	2	1	12	13	7	6	2	12	5	7	3	10	12	8	5	16	9	10	2	21	7	15	4	11	12	18	11	15	17	34	17	24	2	18	14	4	5	23	6	7	9	14	7	5	19	53	12	16	3	25	11	
742_A/duck/Henan/S1381/2 15	10	10	5	21	9	9	11	4	11	0	0	9	3	1	12	17	7	6	1	10	6	7	2	10	13	11	7	13	6	7	3	23	7	11	7	7	9	21	10	17	20	24	19	25	2	27	12	5	7	21	4	4	11	17	10	6	17	50	10	15	4	27	12	
743_A/duck/Hsinchu/15020 14	10	12	3	23	11	7	13	5	7	0	0	10	5	1	12	14	5	5	1	10	6	8	2	12	14	10	5	10	7	7	5	23	8	11	7	12	8	20	11	16	20	29	19	25	1	24	10	5	2	21	2	5	14	17	11	5	18	46	12	14	5	30	12	
744_A/duck/Hubei/03.06__ 13	10	11	3	23	11	8	13	4	9	0	0	11	3	1	12	15	5	6	1	10	6	7	2	10	14	11	6	12	7	7	4	24	6	10	8	9	10	21	10	16	20	33	20	26	1	20	9	7	6	22	3	3	10	16	10	6	18	47	10	13	5	30	13	
745_A/duck/Hubei/03.06__ 13	9	12	2	23	9	7	14	6	11	0	0	9	3	1	12	17	9	5	1	9	4	8	2	11	14	13	6	9	6	5	4	22	6	14	8	10	10	17	12	16	20	29	17	26	3	25	11	7	9	19	3	5	8	17	9	5	19	48	12	14	3	28	11	
746_A/duck/Hubei/03.06__ 13	9	12	2	23	9	7	14	6	11	0	0	9	3	1	12	17	9	5	1	9	4	8	2	11	14	13	6	9	6	5	4	22	6	14	8	10	10	17	12	16	20	29	17	26	3	25	11	7	9	19	3	5	8	17	9	5	19	48	12	14	3	28	11	
747_A/duck/Hubei/03.06__ 13	9	12	2	23	9	7	14	6	11	0	0	9	3	1	12	17	9	5	1	9	4	8	2	11	14	13	6	9	6	5	4	22	6	14	8	10	10	17	12	16	20	29	17	26	3	25	11	7	9	19	3	5	8	17	9	5	19	48	12	14	3	28	11	
748_A/duck/Hubei/03.06__ 13	9	12	2	23	9	7	14	6	11	0	0	9	3	1	12	17	9	5	1	9	4	8	2	11	14	13	6	9	6	5	4	22	6	14	8	10	10	17	12	16	21	29	17	26	2	25	11	7	9	19	3	5	8	17	9	5	19	48	12	14	3	28	11	
749_A/duck/Hubei/03.06__ 13	9	12	2	23	9	7	14	6	11	0	0	9	3	1	12	17	9	5	1	9	4	8	2	11	14	13	6	9	6	5	4	22	6	14	8	10	10	17	12	16	20	28	18	26	3	25	11	7	9	19	3	5	8	17	9	5	19	48	12	14	3	28	11	
750_A/duck/Hubei/03.06__ 14	7	11	4	23	12	8	11	5	12	0	0	10	3	1	12	15	5	5	1	11	5	8	2	10	12	11	6	11	8	7	3	24	6	13	5	7	8	19	13	18	23	31	19	24	1	23	10	6	7	18	4	5	7	18	10	6	19	48	11	14	5	29	13	
751_A/duck/HuBei/03.06__ 13	9	12	2	23	9	7	14	6	11	0	0	9	3	1	12	17	9	5	1	9	4	8	2	11	14	13	6	9	6	5	4	22	6	14	8	10	10	17	12	16	20	29	17	26	3	25	11	7	9	19	3	5	8	17	9	5	19	48	12	14	3	28	11	
752_A/duck/Hubei/03.06_W 13	9	12	2	23	9	7	14	6	11	0	0	9	3	1	12	17	9	5	1	9	4	8	2	11	14	13	6	9	6	5	4	22	6	14	8	10	10	17	12	16	20	29	17	26	3	25	11	7	9	19	3	5	8	17	9	5	19	48	12	14	3	28	11	
753_A/duck/Hubei/03.06_W 13	9	12	2	23	9	7	14	6	11	0	0	9	3	1	12	17	9	5	1	9	4	8	2	11	14	13	6	9	6	5	4	22	6	14	8	10	10	17	12	16	20	29	17	26	3	25	11	7	9	19	3	5	8	17	9	5	19	48	12	14	3	28	11	
754_A/duck/Hubei/46/2009 12	11	11	3	24	9	8	13	5	8	0	0	6	4	1	12	14	4	4	2	10	8	10	2	11	13	10	6	16	8	8	3	20	8	10	7	14	10	20	11	16	18	33	18	24	2	19	10	5	6	26	4	5	9	10	9	5	17	50	13	14	7	28	13	
755_A/duck/Hubei/2911/20 12	11	13	3	24	8	6	13	7	11	0	0	9	3	1	12	17	8	6	1	9	4	7	2	8	15	13	8	11	6	5	2	20	6	16	6	11	10	15	13	18	19	31	17	26	2	23	11	7	5	22	3	4	10	16	9	5	18	48	12	14	5	28	12	
756_A/duck/Hubei/S4465/2 15	10	10	5	21	9	9	11	4	13	0	0	9	2	1	12	18	7	6	1	9	6	7	2	10	13	11	7	12	6	7	3	23	7	11	7	7	9	21	10	17	20	24	20	25	2	27	11	5	6	19	4	4	13	18	10	6	15	50	10	16	4	28	12	
757_A/duck/Hubei/SE128/2 15	10	10	5	21	9	9	11	5	12	0	0	8	2	1	12	18	7	6	1	9	6	7	2	10	12	11	7	12	7	7	3	23	7	11	7	7	9	21	10	17	20	24	20	25	2	27	11	5	6	19	4	4	13	18	10	6	16	51	9	16	4	27	13	
758_A/duck/Hubei/SE220/2 14	10	11	4	22	9	8	12	4	11	0	0	11	4	1	12	16	7	6	1	8	6	7	2	13	11	10	7	10	7	8	3	22	7	9	9	9	10	22	9	16	19	30	18	25	2	24	10	6	4	20	2	4	12	17	11	8	19	43	13	13	4	33	12	
759_A/duck/Hubei/SZY250/ 15	10	13	3	21	11	6	13	6	9	0	0	14	3	1	12	15	7	5	1	9	3	7	1	7	14	10	6	11	8	8	3	23	5	14	9	10	12	19	8	17	18	33	20	25	2	19	14	8	7	25	4	3	9	12	9	8	20	51	11	11	2	24	13	
760_A/duck/Hubei/xn/2007 13	9	12	3	23	11	7	13	6	10	1	0	11	3	0	12	15	5	5	2	11	6	8	1	8	14	12	8	11	6	7	2	24	6	10	7	8	10	21	11	18	22	29	20	25	0	23	9	6	7	21	3	4	7	17	10	6	19	49	10	14	5	27	14	
761_A/duck/Hunan/1.12_YY 16	8	12	2	20	11	7	14	7	9	0	0	8	5	1	12	19	8	5	2	7	5	8	1	11	15	13	4	10	5	5	6	23	6	15	8	8	10	15	12	17	19	27	20	25	4	24	11	6	8	22	4	6	9	18	8	4	19	43	9	15	2	30	14	
762_A/duck/Hunan/1.12_YY 16	8	12	2	20	11	7	14	7	9	0	0	8	5	1	12	19	8	5	2	7	5	8	1	11	15	13	4	10	5	5	6	23	6	15	7	8	10	15	12	17	18	27	20	25	4	24	11	6	8	23	4	6	9	18	8	4	20	43	9	15	2	30	14	
763_A/duck/Hunan/1.12_YY 17	10	12	2	19	12	7	14	4	8	0	0	11	3	1	12	12	5	4	1	11	6	9	2	8	13	10	6	15	8	8	4	23	7	13	9	11	10	19	9	17	18	33	19	25	2	20	10	3	6	22	6	6	12	14	6	6	16	48	13	13	6	30	11	
764_A/duck/Hunan/01.12_Y 17	10	12	2	19	12	7	14	4	8	0	0	11	3	1	12	12	5	4	1	11	6	9	2	8	13	10	6	15	8	8	4	23	7	13	9	11	10	19	9	17	18	33	19	25	2	20	10	3	6	22	6	6	12	14	6	6	16	48	13	13	6	30	11	
765_A/duck/Hunan/01.16_Y 13	9	11	2	23	10	8	14	6	11	0	0	9	3	1	12	17	9	5	1	9	4	8	2	11	14	13	7	9	6	5	3	23	5	15	9	8	10	15	11	17	20	29	16	26	4	25	12	7	7	20	3	5	9	17	9	5	19	49	11	14	3	27	12	
766_A/duck/Hunan/01.16_Y 13	9	11	2	23	10	8	14	6	11	0	0	9	3	1	12	17	9	5	1	9	4	8	2	11	14	13	7	9	6	5	3	23	5	15	9	8	10	15	11	17	20	29	16	26	4	25	12	7	7	20	3	5	9	17	9	5	19	49	11	14	3	27	12	
767_A/duck/Hunan/01.16_Y 13	10	12	2	23	9	7	14	6	11	0	0	9	3	1	12	16	9	5	1	10	4	8	2	11	14	13	7	9	6	5	3	23	6	14	9	9	10	16	11	17	20	28	17	26	3	25	12	7	7	20	3	4	9	17	9	5	19	48	10	14	3	28	13	
768_A/duck/Hunan/01.16_Y 13	10	12	2	23	9	7	14	6	11	0	0	9	3	1	12	16	9	5	1	10	4	8	2	11	14	13	7	9	6	5	3	23	6	14	9	9	10	16	11	17	20	28	17	26	3	25	12	7	7	20	3	4	9	17	9	5	19	48	10	14	3	28	13	
769_A/duck/Hunan/01.16_Y 13	10	12	2	23	9	7	14	6	11	0	0	9	3	1	12	16	9	5	1	10	4	8	2	11	14	13	7	9	6	5	3	23	6	14	9	8	10	16	11	17	20	28	17	26	3	25	12	7	7	20	3	5	9	17	9	5	19	48	10	14	3	28	13	
770_A/duck/Hunan/01.16_Y 13	10	12	2	23	9	7	14	6	11	0	0	9	3	1	12	16	9	5	1	10	4	8	2	11	14	13	7	9	6	5	3	23	6	14	9	8	10	16	11	17	20	28	17	26	3	25	12	7	7	20	3	5	9	17	9	5	19	48	10	14	3	28	13	
771_A/duck/Hunan/01.16_Y 13	10	12	2	23	9	7	14	6	11	0	0	9	3	1	12	16	9	5	1	10	4	8	2	11	14	13	7	9	6	5	3	23	6	14	9	8	10	16	11	17	20	28	17	26	3	25	12	7	7	20	3	5	9	17	9	5	19	48	10	14	3	28	13	
772_A/duck/Hunan/01.16_Y 13	10	12	2	23	9	7	14	6	11	0	0	9	3	1	12	16	9	5	1	10	4	8	2	11	14	13	7	9	6	5	3	23	6	14	9	9	10	16	11	17	20	28	17	26	3	25	12	7	7	20	3	4	9	17	9	5	19	48	10	14	3	28	13	
773_A/duck/Hunan/01.16_Y 13	10	12	2	23	9	7	14	6	11	0	0	9	3	1	12	16	9	5	1	10	4	8	2	11	14	13	7	9	6	5	3	23	6	14	9	9	10	16	11	17	20	28	17	26	3	25	12	7	7	20	3	4	9	17	9	5	19	48	10	14	3	28	13	
774_A/duck/Hunan/01.16_Y 13	10	12	2	23	9	7	14	6	11	0	0	9	3	1	12	16	9	5	1	10	4	8	2	11	14	13	7	9	6	5	3	23	6	14	9	9	10	16	11	17	20	28	17	26	3	25	12	7	7	20	3	4	9	17	9	5	19	48	10	14	3	28	13	
775_A/duck/Hunan/01.16_Y 13	10	12	2	23	9	7	14	6	11	0	0	9	3	1	12	16	9	5	1	10	4	8	2	11	14	13	7	9	6	5	3	23	6	14	9	8	10	16	11	17	20	28	17	26	3	25	12	7	7	20	3	5	9	17	9	5	19	48	10	14	3	28	13	
776_A/duck/Hunan/1.17_YY 15	10	11	2	21	9	8	14	6	11	0	0	9	3	1	12	18	7	6	1	7	5	8	1	12	14	13	9	9	6	5	3	24	6	16	9	7	10	14	11	17	19	28	17	26	4	24	12	6	8	23	3	5	8	15	11	6	20	43	9	14	2	31	13	
777_A/duck/Hunan/01.21_Y 13	9	12	2	23	9	7	14	5	11	0	0	10	3	1	12	17	9	5	1	9	4	8	2	11	14	13	6	9	6	5	3	24	6	14	9	8	9	15	12	16	19	30	17	26	4	24	12	7	8	20	3	5	10	17	9	5	19	48	11	14	3	28	12	
778_A/duck/Hunan/01.21_Y 13	10	12	2	23	9	7	14	7	10	0	0	8	4	1	12	17	8	5	1	9	5	8	2	11	14	13	7	9	6	5	3	24	7	15	8	6	9	15	12	17	20	30	16	26	3	24	12	7	7	20	2	6	9	17	9	5	19	49	11	14	3	27	13	
779_A/duck/Hunan/01.21_Y 13	9	12	2	23	9	7	14	5	11	0	0	10	3	1	12	17	9	5	1	9	4	8	2	11	14	13	6	9	6	5	3	24	6	14	9	8	9	15	12	16	19	30	17	26	4	24	12	7	8	20	3	5	10	17	9	5	19	48	12	14	3	28	11	
780_A/duck/Hunan/01.21_Y 13	9	13	2	23	9	6	14	6	11	0	0	9	3	1	12	17	9	5	1	9	4	8	2	11	13	13	7	9	7	5	3	24	6	15	8	9	9	15	12	16	21	30	16	26	3	24	12	7	8	20	3	4	9	17	9	5	19	49	10	14	3	27	13	
781_A/duck/Hunan/01.21_Y 13	9	12	2	23	9	7	14	5	11	0	0	10	3	1	12	17	9	5	1	9	4	8	2	11	14	13	6	9	6	5	3	24	6	14	9	8	9	15	12	16	19	30	17	26	4	24	12	7	8	20	3	5	10	17	9	5	19	48	12	14	3	28	11	
782_A/duck/Hunan/2.06_YY 15	8	12	2	21	11	7	14	7	9	0	0	8	5	1	12	19	9	5	2	7	5	8	2	11	14	12	2	9	5	6	6	24	6	15	7	6	10	15	12	18	17	28	20	26	5	24	11	6	9	23	4	6	8	18	8	3	20	42	9	16	2	31	14	
783_A/duck/Hunan/2.06_YY 15	8	12	2	21	11	7	14	7	9	0	0	8	5	1	12	19	8	5	1	7	5	8	2	11	14	13	4	9	6	5	6	23	6	15	8	8	10	15	12	17	19	27	20	26	4	24	11	6	8	22	4	6	9	18	8	4	19	43	9	15	2	30	14	
784_A/duck/Hunan/2.06_YY 15	8	12	2	21	11	7	14	7	9	0	0	8	5	1	12	19	9	5	1	7	5	8	2	10	13	13	3	10	6	5	6	23	6	15	8	7	10	15	12	18	18	28	20	26	5	24	11	6	9	22	4	6	8	18	8	3	19	42	9	16	2	31	14	
785_A/duck/Hunan/2.06_YY 15	8	12	2	21	11	7	14	7	9	0	0	8	5	1	12	19	9	5	1	7	5	8	2	10	13	13	3	10	6	5	6	23	6	15	8	7	10	15	12	18	18	28	20	26	5	24	11	6	9	22	4	6	8	18	8	3	19	42	9	16	2	31	14	
786_A/duck/Hunan/02.07__ 13	9	13	2	23	9	6	14	6	11	0	0	9	3	1	12	17	9	5	1	9	4	8	2	11	13	13	7	9	7	5	3	24	6	15	8	8	9	15	13	16	21	30	16	26	3	24	12	7	8	20	3	4	9	17	9	5	19	49	10	14	3	27	13	
787_A/duck/Hunan/02.07__ 13	9	13	2	23	9	6	14	6	11	0	0	9	3	1	12	17	9	5	1	9	4	8	2	11	13	13	7	9	7	5	3	24	6	15	8	9	9	15	12	16	21	30	16	26	3	24	12	7	8	20	3	4	9	17	9	5	19	49	10	14	3	27	13	
788_A/duck/Hunan/02.07_Y 13	10	12	2	23	9	7	14	7	10	0	0	8	4	1	12	17	8	5	1	9	5	8	2	11	14	13	7	9	6	5	3	24	7	15	8	6	9	15	12	17	20	30	16	26	3	24	12	7	7	20	2	6	9	17	9	5	19	49	11	14	3	27	13	
789_A/duck/Hunan/02.07_Y 13	9	13	2	23	9	6	14	6	11	0	0	9	3	1	12	17	9	5	1	9	4	8	2	11	13	13	7	9	7	5	3	24	6	15	8	9	9	15	12	16	21	30	16	26	3	24	12	7	8	20	3	4	9	17	9	5	19	49	10	14	3	27	13	
790_A/duck/Hunan/02.07_Y 13	10	12	2	23	9	7	14	7	10	0	0	8	4	1	12	17	8	5	1	9	5	8	2	11	14	13	7	9	6	5	3	24	7	15	8	6	9	15	12	17	20	30	16	26	3	24	12	7	7	20	2	6	9	17	9	5	19	49	11	14	3	27	13	
791_A/duck/Hunan/02.16_Y 12	10	12	2	22	9	7	13	6	11	0	0	9	3	1	12	16	9	5	1	10	4	8	2	11	13	12	6	9	6	5	3	23	6	13	9	8	10	16	11	17	20	28	17	25	3	25	12	7	7	20	3	5	9	16	9	5	19	47	10	13	3	28	13	
792_A/duck/Hunan/02.26__ 13	10	12	2	23	9	7	14	6	11	0	0	9	3	1	12	16	9	5	1	10	4	8	2	11	14	13	7	9	6	5	3	23	6	14	9	8	10	16	11	17	20	28	17	26	3	25	12	7	7	20	3	5	9	17	9	5	19	48	10	14	3	28	13	
793_A/duck/Hunan/02.26__ 13	10	12	2	23	9	7	14	6	11	0	0	9	3	1	12	16	9	5	1	10	4	8	2	11	14	13	7	9	6	5	3	23	6	14	9	8	10	16	11	17	20	28	17	26	3	25	12	7	7	20	3	5	9	17	9	5	19	48	10	14	3	28	13	
794_A/duck/Hunan/02.26__ 13	10	12	2	23	9	7	14	6	11	0	0	9	3	1	12	16	9	5	1	10	4	8	2	11	14	13	7	9	6	5	3	23	6	14	9	9	10	16	11	17	20	28	17	26	3	25	12	7	7	20	3	4	9	17	9	5	19	48	10	14	3	28	13	
795_A/duck/Hunan/02.26__ 13	10	12	2	23	9	7	14	6	11	0	0	9	3	1	12	16	9	5	1	10	4	8	2	11	14	13	7	9	6	5	3	23	6	14	9	8	10	16	11	17	20	28	17	26	3	25	12	7	7	20	3	5	9	17	9	5	19	48	10	14	3	28	13	
796_A/duck/Hunan/02.26_Y 13	10	11	2	23	9	8	14	6	11	0	0	9	3	1	12	17	9	5	1	9	4	8	2	11	14	13	7	9	6	5	3	24	5	15	9	7	10	15	11	17	20	29	16	26	4	25	12	7	7	20	3	5	9	17	9	5	19	49	11	14	3	27	12	
797_A/duck/Hunan/02.26_Y 13	10	12	2	23	9	7	14	6	11	0	0	9	3	1	12	16	9	5	1	10	4	8	2	11	14	13	7	9	6	5	3	23	6	14	9	9	10	16	11	17	20	28	17	26	3	25	12	7	7	20	3	4	9	17	9	5	19	48	10	14	3	28	13	
798_A/duck/Hunan/02.26_Y 13	10	12	2	23	9	7	14	6	11	0	0	9	3	1	12	16	9	5	1	10	4	8	2	11	14	13	7	9	6	5	3	23	6	14	9	9	10	16	11	17	20	28	17	26	3	25	12	7	7	20	3	4	9	17	9	5	19	48	10	14	3	28	13	
799_A/duck/Hunan/02.26_Y 13	9	13	2	23	9	6	14	6	11	0	0	9	3	1	12	17	9	5	1	9	4	8	2	11	13	13	7	9	7	5	3	24	6	15	8	9	9	15	12	16	21	30	16	26	3	24	12	7	8	20	3	4	9	17	9	5	19	49	10	14	3	27	13	
800_A/duck/Hunan/02.26_Y 12	10	11	2	24	9	8	14	6	11	0	0	9	3	1	12	17	9	5	1	9	4	8	2	11	14	13	7	9	6	5	3	23	6	15	9	8	10	15	11	17	20	29	16	26	3	25	12	7	7	20	3	5	9	17	9	5	19	49	11	14	3	27	12	
801_A/duck/Hunan/02.26_Y 13	10	12	2	23	9	7	14	6	11	0	0	9	3	1	12	16	9	5	1	10	4	8	2	11	14	13	7	9	6	5	3	23	6	14	9	8	10	16	11	17	20	28	17	26	3	25	12	7	7	20	3	5	9	17	9	5	19	48	10	14	3	28	13	
802_A/duck/Hunan/02.26_Y 12	9	11	2	24	10	8	14	6	11	0	0	9	3	1	12	17	9	5	1	9	4	8	2	11	14	13	7	9	6	5	3	23	6	15	9	8	10	15	11	17	19	30	16	26	3	25	12	7	7	20	3	5	9	17	9	5	19	49	11	14	3	27	12	
803_A/duck/Hunan/02.26_Y 12	10	11	2	24	9	8	14	6	11	0	0	9	3	1	12	17	9	5	1	9	4	8	2	11	14	13	7	9	6	5	3	23	6	15	9	8	10	15	11	17	19	30	16	26	3	25	12	7	7	20	3	5	9	17	9	5	19	49	11	14	3	27	12	
804_A/duck/Hunan/02.26_Y 12	9	11	2	24	10	8	14	6	11	0	0	9	3	1	12	17	9	5	1	9	4	8	2	11	14	13	7	9	6	5	3	23	6	15	9	8	10	15	11	17	19	30	16	26	3	25	12	7	7	20	3	5	9	17	9	5	19	49	11	14	3	27	12	
805_A/duck/Hunan/02.26_Y 12	9	11	2	24	10	8	14	6	11	0	0	9	3	1	12	17	9	5	1	9	4	8	2	11	14	13	7	9	6	5	3	23	6	15	9	8	10	15	11	17	19	30	16	26	3	25	12	7	7	20	3	5	9	17	9	5	19	49	11	14	3	27	12	
806_A/duck/Hunan/02.26_Y 13	10	12	2	23	9	7	14	6	11	0	0	9	3	1	12	16	9	5	1	10	4	8	2	11	14	13	7	9	6	5	3	23	6	14	9	9	10	16	11	17	20	28	17	26	3	25	12	7	7	20	3	4	9	17	9	5	19	48	10	14	3	28	13	
807_A/duck/Hunan/02.26_Y 13	10	12	2	23	9	7	14	6	11	0	0	9	3	1	12	16	9	5	1	10	4	8	2	11	14	13	7	9	6	5	3	23	6	14	9	9	10	16	11	17	20	27	17	26	3	26	12	7	7	20	3	4	9	17	9	5	19	48	10	14	3	28	13	
808_A/duck/Hunan/03.07_Y 10	10	11	5	26	10	8	11	6	9	0	0	9	5	1	12	17	6	7	3	7	6	8	3	9	13	9	5	13	7	8	0	19	5	17	4	13	11	15	11	18	22	32	20	25	0	20	12	7	8	24	5	5	7	14	7	5	21	47	18	13	1	30	7	
809_A/duck/Hunan/03.07_Y 14	9	13	3	22	10	6	13	5	11	0	0	9	3	1	12	18	8	5	1	7	5	8	1	11	14	13	7	10	6	5	4	24	6	16	7	8	10	15	12	17	19	29	18	27	5	23	12	6	8	23	3	5	8	17	9	5	20	43	10	13	2	30	13	
810_A/duck/Hunan/03.07_Y 12	8	13	2	22	11	6	13	7	9	0	0	9	5	1	12	18	9	5	1	7	5	8	2	10	13	12	2	9	5	5	6	24	6	14	7	6	10	15	12	17	18	28	20	24	4	23	11	6	9	23	4	5	7	17	8	3	20	40	9	15	1	30	14	
811_A/duck/Hunan/03.07_Y 16	10	12	2	20	12	7	14	4	8	0	0	11	3	1	12	12	6	4	1	11	6	9	2	8	12	9	6	15	8	9	4	22	7	14	9	12	10	18	9	17	19	30	20	25	1	22	10	4	5	23	6	6	12	13	6	6	16	48	13	13	6	30	11	
812_A/duck/Hunan/03.09_Y 13	10	14	5	21	11	5	11	4	13	0	0	9	1	1	12	13	5	5	1	12	7	8	3	12	12	8	5	13	7	9	2	21	7	13	5	12	13	20	10	14	16	34	19	23	3	17	13	4	5	24	4	6	9	11	7	6	18	56	12	14	4	22	12	
813_A/duck/Hunan/03.09_Y 13	9	12	2	23	10	7	14	6	10	0	0	10	4	1	12	19	8	5	1	7	5	8	2	10	14	13	7	9	6	5	4	24	6	16	8	7	10	15	12	17	20	27	16	26	3	27	11	7	9	23	3	5	8	16	9	5	19	41	11	14	2	30	14	
814_A/duck/Hunan/03.09_Y 12	10	13	3	25	8	6	13	6	11	0	0	9	3	1	12	18	8	5	1	8	5	8	2	12	14	13	7	8	6	5	3	24	6	16	8	7	11	13	13	17	19	31	15	25	3	22	14	7	8	21	3	5	8	18	9	6	21	44	10	14	1	30	13	
815_A/duck/Hunan/03.24_Y 14	9	11	2	22	10	7	14	6	11	0	0	7	3	1	12	19	8	6	1	7	5	8	1	11	13	12	8	10	7	6	4	25	6	16	8	7	10	14	12	15	19	29	16	26	4	24	12	7	7	23	3	3	9	17	9	8	20	40	12	15	2	33	11	
816_A/duck/Hunan/03.24_Y 14	9	12	2	22	10	7	14	6	11	0	0	7	3	1	12	19	8	5	1	7	5	8	2	11	13	12	7	10	7	6	4	25	6	16	8	7	10	14	12	15	19	29	16	26	4	24	12	7	7	23	3	3	9	17	9	8	20	40	12	15	2	33	11	
817_A/duck/Hunan/03.24_Y 14	9	12	2	22	10	7	14	6	11	0	0	7	3	1	12	19	8	5	1	7	5	8	2	11	13	12	7	10	7	6	4	25	6	16	8	7	10	14	12	15	19	29	16	26	4	24	12	7	7	23	3	3	9	17	9	8	20	40	12	15	2	33	11	
818_A/duck/Hunan/03.24_Y 14	9	12	2	22	10	7	14	6	11	0	0	7	3	1	12	19	8	5	1	7	5	8	2	11	13	12	7	10	7	6	4	25	6	16	8	7	10	14	12	15	19	29	16	26	4	24	12	7	7	23	3	3	9	17	9	8	20	40	12	15	2	33	11	
819_A/duck/Hunan/04.14_Y 13	9	11	2	23	9	8	14	5	11	0	0	11	3	1	12	17	9	5	1	9	4	8	2	11	15	13	6	8	5	5	3	23	6	14	8	8	10	16	12	16	20	30	17	26	3	24	12	8	8	20	3	5	9	17	9	5	19	48	12	14	3	28	11	
820_A/duck/Hunan/04.14_Y 12	9	12	2	22	9	7	13	6	11	0	0	9	3	1	12	17	10	5	1	9	4	8	2	12	13	11	6	8	5	6	3	23	6	13	8	7	11	17	12	16	20	31	17	25	3	23	11	8	7	22	3	5	10	14	9	5	19	48	11	13	3	26	12	
821_A/duck/Hunan/04.14_Y 13	9	12	2	23	9	7	14	5	11	0	0	10	3	1	12	17	9	5	1	9	4	8	2	11	14	13	6	9	6	5	4	22	6	13	8	10	10	17	12	16	20	29	17	26	3	25	11	7	9	20	3	5	8	17	9	5	19	48	12	14	3	28	11	
822_A/duck/Hunan/04.14_Y 13	9	12	2	23	9	7	14	5	11	0	0	10	3	1	12	17	9	5	1	9	4	8	2	11	14	13	6	9	6	5	4	22	6	13	8	10	10	17	12	16	20	29	17	26	3	25	11	7	9	20	3	5	8	17	9	6	18	48	11	14	3	28	12	
823_A/duck/Hunan/04.14_Y 13	9	11	2	23	9	8	14	5	11	0	0	11	3	1	12	17	9	5	1	9	4	8	2	11	15	13	6	8	5	5	3	23	6	14	8	8	10	16	12	16	20	30	17	26	3	24	12	8	8	20	3	5	9	17	9	5	19	48	12	14	3	28	11	
824_A/duck/Hunan/04.14_Y 13	9	11	2	23	9	8	14	5	11	0	0	11	3	1	12	17	9	5	1	9	4	8	2	11	15	13	6	8	5	5	3	23	6	14	8	8	10	16	12	16	20	30	17	26	3	24	12	8	8	20	3	5	9	17	9	5	19	48	12	14	3	28	11	
825_A/duck/Hunan/04.14_Y 13	9	11	2	23	9	8	14	5	11	0	0	11	3	1	12	17	9	5	1	9	4	8	2	11	15	13	6	8	5	5	3	23	6	14	8	8	10	16	12	16	20	30	17	26	3	24	12	8	8	20	3	5	9	17	9	5	19	48	12	14	3	28	11	
826_A/duck/Hunan/04.14_Y 13	9	12	2	23	9	7	14	5	11	0	0	10	3	1	12	17	9	5	1	9	4	8	2	11	14	13	6	9	6	5	4	22	6	13	8	10	10	17	12	16	20	29	17	26	3	25	11	7	9	19	3	5	8	18	9	5	19	48	12	14	3	28	11	
827_A/duck/Hunan/04.14_Y 13	9	12	2	23	9	7	14	5	11	0	0	10	3	1	12	17	9	5	1	9	4	8	2	11	14	13	6	9	6	5	4	22	6	13	8	10	10	17	12	16	20	29	17	26	3	25	11	7	9	19	3	5	8	18	9	5	19	48	12	14	3	28	11	
828_A/duck/Hunan/04.22_L 13	9	14	2	23	10	5	14	6	10	0	0	10	4	1	12	20	9	5	1	7	5	8	2	9	14	13	7	9	5	5	4	24	6	16	7	8	10	15	13	17	19	29	16	26	4	24	12	7	8	22	3	4	8	17	9	5	20	41	11	14	2	32	12	
829_A/duck/Hunan/7.21_YY 14	9	12	2	22	10	7	14	5	12	0	0	10	2	1	12	18	8	5	1	7	5	8	1	12	14	12	9	9	6	5	4	22	6	15	8	9	10	15	12	17	18	28	17	25	5	24	12	7	8	22	4	5	8	18	8	5	19	43	10	15	3	30	13	
830_A/duck/Hunan/11.30_Y 14	9	11	2	22	10	8	14	5	11	0	0	10	3	1	12	18	8	5	1	8	5	8	1	10	13	12	7	11	7	6	4	24	6	17	8	8	10	14	13	17	20	31	16	24	3	23	13	6	8	20	3	4	7	20	8	7	21	42	10	14	2	29	13	
831_A/duck/Hunan/11.30_Y 15	8	12	2	21	11	7	14	7	9	0	0	7	5	1	12	19	9	5	1	7	5	8	2	11	13	13	4	10	6	5	6	23	6	16	8	7	10	14	12	18	18	27	20	26	5	25	10	6	8	22	3	6	9	18	9	4	19	42	9	15	2	31	14	
832_A/duck/Hunan/11.30_Y 15	8	12	2	21	11	7	14	7	9	0	0	7	5	1	12	19	9	5	1	7	5	8	2	11	13	13	4	10	6	5	6	23	6	16	8	7	10	14	12	18	18	27	20	26	5	25	10	6	8	22	3	6	9	18	9	4	19	42	9	15	2	31	14	
833_A/duck/Hunan/11.30_Y 13	10	12	4	23	10	7	13	6	8	0	0	10	5	1	12	15	7	6	1	9	3	8	2	11	13	12	9	12	9	6	2	24	5	13	5	8	11	18	11	18	19	33	14	23	2	20	14	5	5	20	3	5	9	18	10	8	20	43	11	12	5	33	13	
834_A/duck/Hunan/11.30_Y 12	10	12	4	22	10	7	12	6	8	0	0	10	5	1	12	15	7	6	1	9	3	8	2	11	12	11	8	12	9	6	2	23	5	12	5	9	11	18	11	19	19	33	14	22	2	20	14	5	5	20	3	5	9	17	10	8	19	42	11	11	5	33	13	
835_A/duck/Hunan/12.07__ 14	11	11	3	22	8	8	13	9	12	0	0	7	3	1	12	18	7	5	1	6	5	8	2	12	18	11	6	9	3	7	4	23	8	14	6	8	10	17	14	17	19	32	17	26	3	22	12	5	6	19	3	5	10	17	9	5	19	48	12	14	2	28	11	
836_A/duck/Hunan/12.07__ 12	9	12	2	24	10	7	14	7	11	0	0	9	3	1	12	18	7	5	1	7	5	8	2	8	18	14	7	12	4	4	4	24	7	13	5	8	8	17	15	17	21	33	19	25	3	21	9	4	6	22	3	6	10	15	10	5	19	48	14	15	2	28	8	
837_A/duck/Hunan/12.07__ 13	9	13	2	23	10	6	14	5	10	0	0	10	4	1	12	18	8	5	1	8	5	8	2	11	14	13	7	9	6	5	4	24	6	16	8	7	11	14	12	17	19	31	16	26	3	23	12	7	7	22	3	5	9	18	9	5	20	42	10	14	2	30	13	
838_A/duck/Hunan/12.07__ 13	9	13	2	23	10	6	14	6	10	0	0	9	4	1	12	18	8	5	1	8	5	8	1	11	14	13	7	9	6	5	5	24	6	17	8	7	10	13	12	17	20	29	16	26	3	24	12	7	8	22	3	5	8	18	9	5	20	44	10	14	2	29	13	
839_A/duck/Hunan/12.07__ 13	10	12	2	23	9	7	14	7	10	0	0	9	3	1	12	17	9	5	1	9	4	8	2	11	14	13	7	9	6	5	3	23	6	15	9	8	10	15	11	17	20	29	16	26	3	25	12	7	7	20	3	5	9	17	9	5	19	48	12	14	3	27	12	
840_A/duck/Hunan/12.07_Y 13	9	13	2	23	10	6	14	5	10	0	0	10	4	1	12	18	8	5	1	8	5	8	2	10	14	13	7	10	6	5	4	24	6	16	8	7	11	14	12	17	19	29	16	26	3	24	12	7	7	22	3	5	9	18	9	6	20	43	10	13	2	30	13	
841_A/duck/Hunan/12.07_Y 12	9	12	2	24	10	7	14	7	11	0	0	9	3	1	12	18	7	5	1	7	5	8	2	8	18	14	7	12	4	4	4	24	7	13	5	8	8	17	15	17	21	33	19	25	3	21	9	4	6	22	3	6	10	15	10	5	19	48	14	15	2	28	8	
842_A/duck/Hunan/12.07_Y 13	9	12	2	23	10	7	14	6	11	0	0	9	3	1	12	17	9	5	1	9	4	8	2	11	14	13	7	9	6	5	3	23	6	14	9	8	10	16	11	17	20	29	16	26	3	25	12	7	7	20	3	5	9	17	9	5	19	49	11	14	3	27	12	
843_A/duck/Hunan/12.07_Y 12	10	12	2	24	9	7	14	6	11	0	0	9	3	1	12	17	10	5	1	9	3	8	2	11	14	13	7	9	6	5	3	23	6	15	9	8	10	15	11	17	20	29	17	26	3	25	11	7	7	20	3	5	9	17	9	6	19	49	11	13	3	27	12	
844_A/duck/Hunan/12.07_Y 12	10	12	2	24	9	7	14	8	12	0	0	8	3	1	12	18	7	5	1	7	5	8	2	11	17	11	7	9	4	7	4	23	9	14	7	8	8	18	13	16	19	33	18	25	4	20	11	6	6	20	2	5	9	15	11	7	19	48	13	13	2	28	10	
845_A/duck/Hunan/12.07_Y 13	9	13	2	23	10	6	14	5	10	0	0	10	4	1	12	18	8	5	1	8	5	8	2	11	14	13	7	9	6	5	4	24	6	16	8	7	11	14	12	17	19	30	16	26	3	23	12	7	7	22	3	5	9	18	9	5	20	43	10	14	2	30	13	
846_A/duck/Hunan/12.07_Y 13	9	13	2	23	10	6	14	6	10	0	0	9	4	1	12	18	8	5	1	8	5	8	1	11	14	13	7	9	6	5	5	24	6	16	8	7	10	14	12	17	20	29	16	26	3	24	12	7	8	22	3	5	8	18	9	5	20	44	10	14	2	29	13	
847_A/duck/Hunan/12.17__ 13	9	13	2	23	10	6	14	6	10	0	0	10	4	1	12	19	7	5	1	7	6	8	2	10	14	13	7	9	6	5	4	24	6	16	8	7	10	14	13	17	20	30	16	26	3	24	11	7	8	23	3	5	8	16	9	5	20	42	10	14	2	30	14	
848_A/duck/Hunan/12.17__ 13	9	13	2	23	10	6	14	6	10	0	0	10	4	1	12	19	8	5	1	7	5	8	2	10	14	13	7	9	6	5	4	24	6	16	8	7	10	14	13	17	20	30	16	26	3	24	11	7	8	23	3	5	8	16	9	5	20	42	10	14	2	30	14	
849_A/duck/Hunan/12.17__ 13	8	12	2	23	10	7	14	6	11	0	0	9	3	1	12	17	9	5	1	9	4	8	2	11	14	13	7	9	6	5	3	24	6	14	8	8	10	17	12	16	19	32	16	26	4	22	12	7	8	20	2	5	9	16	10	4	18	49	11	15	4	27	12	
850_A/duck/Hunan/12.17_Y 13	9	12	2	23	9	7	14	6	11	0	0	9	3	1	12	17	10	5	1	9	4	8	2	12	14	13	7	8	5	5	3	24	6	15	8	7	10	16	12	16	20	30	16	26	3	24	12	8	8	21	3	5	9	15	9	5	19	48	11	14	3	28	12	
851_A/duck/Hunan/12.17_Y 13	9	12	2	23	9	7	14	6	11	0	0	9	3	1	12	17	10	5	1	9	4	8	2	12	14	13	7	8	5	5	3	24	6	15	8	7	10	16	12	16	20	30	16	26	3	24	13	8	8	21	3	5	9	15	9	5	19	48	11	14	3	28	11	
852_A/duck/Hunan/12.17_Y 12	10	13	2	24	9	6	14	6	11	0	0	9	3	1	12	18	9	5	1	8	4	8	2	12	14	13	7	8	6	5	3	24	7	16	8	7	10	13	13	17	19	30	16	26	3	23	13	7	7	21	3	5	9	18	9	5	21	44	10	14	1	30	13	
853_A/duck/Hunan/12.17_Y 13	9	13	2	23	9	6	14	6	11	0	0	9	3	1	12	17	9	5	1	9	4	8	2	11	13	13	7	9	7	5	3	24	6	15	8	9	9	15	12	16	21	30	16	26	3	24	12	7	8	20	3	4	9	17	9	5	19	49	10	14	3	27	13	
854_A/duck/Hunan/12.17_Y 13	9	12	2	23	9	7	14	6	11	0	0	9	3	1	12	17	10	5	1	9	4	8	2	12	14	13	7	8	5	5	3	24	6	15	8	7	10	16	12	16	20	30	16	26	3	24	12	8	8	21	3	5	9	15	9	5	19	48	11	14	3	28	12	
855_A/duck/Hunan/12.17_Y 13	9	13	2	23	10	6	14	6	10	0	0	10	4	1	12	19	7	5	1	7	6	8	2	10	14	13	7	9	6	5	4	24	6	16	8	7	10	14	13	17	20	30	16	26	3	24	11	7	8	23	3	5	8	16	9	5	20	42	10	14	2	30	14	
856_A/duck/Hunan/12.17_Y 13	9	12	2	23	9	7	14	6	11	0	0	9	3	1	12	17	10	5	1	9	4	8	2	12	14	13	7	8	5	5	3	23	6	15	8	7	11	16	12	16	20	30	16	26	3	24	12	8	8	21	3	5	9	15	9	5	19	48	11	14	3	28	12	
857_A/duck/Hunan/12.17_Y 12	10	13	2	25	8	6	14	6	11	0	0	9	3	1	12	18	9	5	1	8	4	8	2	12	14	13	7	8	6	5	3	24	6	16	8	7	11	13	13	17	19	30	16	26	3	23	13	7	8	21	3	5	8	18	9	5	21	44	10	14	1	30	13	
858_A/duck/Hunan/12.27_Y 15	8	12	2	21	11	7	14	5	11	0	0	10	3	1	12	18	8	5	1	8	6	8	1	11	12	13	8	10	7	5	4	23	6	15	6	8	10	16	14	17	19	31	16	26	3	23	12	7	10	23	3	5	8	17	9	6	18	43	10	13	2	28	13	
859_A/duck/Hunan/12.27_Y 14	9	11	2	22	10	8	14	6	11	0	0	9	3	1	12	18	8	5	1	7	5	8	1	12	14	13	9	9	6	5	3	24	6	15	8	7	10	15	12	17	19	29	16	26	4	24	12	6	8	23	3	6	8	15	11	5	20	44	9	14	2	30	13	
860_A/duck/Hunan/12.27_Y 15	8	12	2	21	11	7	14	5	11	0	0	10	3	1	12	18	8	5	1	8	5	8	1	11	13	13	8	10	7	5	4	23	6	15	6	8	10	16	14	17	19	31	16	26	3	23	12	7	10	23	3	5	8	17	9	6	18	43	10	13	2	28	13	
861_A/duck/Hunan/12.27_Y 14	9	11	2	22	10	8	14	6	11	0	0	9	3	1	12	18	8	5	1	7	5	8	1	12	14	13	9	9	6	5	3	24	6	15	8	7	10	15	12	17	19	29	16	26	4	24	12	6	8	23	3	6	8	15	11	5	20	44	9	14	2	30	13	
862_A/duck/Hunan/12.27_Y 15	8	12	2	21	11	7	14	5	11	0	0	10	3	1	12	18	8	5	1	8	6	8	1	11	12	13	8	10	7	5	4	23	6	15	6	8	10	16	14	17	19	31	16	26	3	23	12	7	10	23	3	5	8	17	9	6	18	43	10	13	2	28	13	
863_A/duck/Hunan/12.27_Y 14	9	11	2	22	10	8	14	6	11	0	0	9	3	1	12	18	8	5	1	7	5	8	1	12	14	13	9	9	6	5	3	24	6	15	8	7	10	15	12	17	19	29	16	26	4	24	12	6	8	23	3	6	8	15	11	5	20	44	9	14	2	30	13	
864_A/duck/Hunan/12.27_Y 14	9	11	2	22	10	8	14	6	11	0	0	9	3	1	12	18	8	5	1	7	5	8	1	12	14	13	9	9	6	5	3	24	6	15	8	7	10	15	12	17	19	29	16	26	4	24	12	6	8	23	3	6	8	15	11	5	20	44	9	14	2	30	13	
865_A/duck/Hunan/12.27_Y 14	9	11	2	22	10	8	14	6	11	0	0	9	3	1	12	18	8	5	1	7	5	8	1	12	14	13	9	9	6	5	3	24	6	15	8	7	10	15	12	17	19	29	16	26	4	24	12	6	8	23	3	6	8	15	11	5	20	44	9	14	2	30	13	
866_A/duck/Hunan/12.27_Y 14	9	11	2	22	10	8	14	6	11	0	0	9	3	1	12	18	8	5	1	7	5	8	1	12	14	13	9	9	6	5	3	24	6	15	8	7	10	15	12	17	19	29	16	26	4	24	12	6	8	23	3	6	8	15	10	5	20	44	10	14	2	30	13	
867_A/duck/Hunan/12.27_Y 14	9	11	2	22	10	8	14	6	11	0	0	9	3	1	12	18	8	5	1	7	5	8	1	12	14	13	9	9	6	5	3	24	6	15	8	7	10	15	12	17	19	29	16	26	4	24	12	6	8	22	3	6	8	16	11	5	20	44	9	14	2	30	13	
868_A/duck/Hunan/12.27_Y 14	9	11	2	22	10	8	14	6	11	0	0	9	3	1	12	18	8	5	1	7	5	8	1	12	14	13	9	9	6	5	3	24	6	15	8	7	10	15	12	17	19	29	16	26	4	24	12	6	8	23	3	6	8	15	11	5	20	44	9	14	2	30	13	
869_A/duck/Hunan/12.27_Y 14	9	11	2	22	10	8	14	6	11	0	0	9	3	1	12	18	8	5	1	7	5	8	1	12	14	13	9	9	6	5	3	24	6	15	8	7	10	15	12	17	19	29	16	26	4	24	12	6	8	23	3	6	8	15	11	5	20	44	9	14	2	30	13	
870_A/duck/Hunan/193/201 13	9	12	2	23	10	7	14	6	11	0	0	9	3	1	12	18	8	5	1	8	5	8	2	11	14	13	7	9	6	5	4	23	6	16	8	8	10	14	12	17	20	27	14	26	3	26	14	7	7	21	5	5	9	18	8	5	20	45	10	14	2	28	13	
871_A/duck/Hunan/233/201 13	10	13	2	22	9	6	14	7	11	0	0	9	3	1	12	19	9	5	1	8	4	8	2	12	14	13	7	7	6	5	3	24	6	16	8	7	10	13	13	17	20	29	16	26	3	24	13	7	8	21	3	4	8	18	9	6	20	45	10	14	2	29	13	
872_A/duck/Hunan/316/200 13	10	12	4	23	8	6	13	7	12	0	0	8	3	1	12	17	6	5	1	9	6	8	2	9	15	13	7	11	6	5	3	22	6	16	6	11	10	16	13	15	18	32	18	27	3	21	11	6	5	22	5	4	10	15	7	5	18	47	11	15	5	30	12	
873_A/duck/Hunan/689/200 12	10	13	3	24	7	6	13	8	11	0	0	8	3	1	12	17	8	5	1	9	6	8	2	8	15	13	8	11	6	5	2	21	6	16	6	11	10	15	13	18	19	31	17	26	2	23	11	6	5	22	3	4	10	16	9	5	18	48	11	14	5	29	12	
874_A/duck/Hunan/3315/20 12	10	13	3	24	9	6	13	8	11	0	0	8	3	1	12	16	8	4	1	10	4	8	2	8	15	13	8	11	6	6	2	21	6	15	6	11	10	16	13	17	20	30	17	26	2	24	11	6	5	22	3	4	10	17	8	5	18	48	11	14	5	29	12	
875_A/duck/Hunan/HN05/20 13	9	13	2	23	10	6	14	6	11	0	0	9	3	1	12	18	8	5	1	8	5	8	2	11	14	13	7	9	6	5	4	23	6	16	8	8	10	14	12	17	20	28	15	27	2	24	14	7	7	22	3	5	9	18	9	5	20	45	10	14	2	28	13	
876_A/duck/Hunan/HN13/20 12	10	13	2	24	9	6	14	6	10	0	0	9	4	1	12	18	9	5	1	8	4	8	2	12	14	13	7	8	6	5	4	24	6	16	8	7	9	15	13	17	20	28	16	26	3	25	12	7	8	21	3	5	8	17	9	5	19	44	10	14	3	30	13	
877_A/duck/Hunan/HN16/20 12	10	13	2	24	9	6	14	6	10	0	0	9	4	1	12	18	9	5	1	8	4	8	2	12	14	13	8	8	6	5	2	24	6	16	8	7	10	14	13	17	20	29	16	26	3	24	13	7	8	21	3	5	8	17	9	5	19	44	10	14	3	30	13	
878_A/duck/Hunan/HN29/20 13	9	13	2	23	10	6	14	6	10	0	0	9	4	1	12	18	8	5	1	8	5	8	2	11	14	13	7	9	6	5	4	23	6	16	8	8	10	14	12	17	20	27	14	26	3	26	14	7	7	22	4	5	9	17	8	5	20	46	10	14	2	28	13	
879_A/duck/Hunan/HN42/20 12	10	12	3	24	9	6	14	7	11	0	0	8	3	1	12	18	9	5	1	8	4	8	2	12	14	13	7	8	6	5	3	24	6	16	8	7	10	14	12	17	20	28	16	26	3	25	13	7	9	21	3	5	8	18	9	4	20	46	10	15	1	28	13	
880_A/duck/Hunan/HN45/20 13	9	13	2	23	10	6	14	6	10	0	0	9	4	1	12	18	8	5	1	8	5	8	2	11	14	13	7	9	6	5	4	23	6	16	8	8	10	14	12	17	20	27	14	26	3	26	14	7	7	22	4	5	9	18	8	5	20	46	10	14	2	27	13	
881_A/duck/Hunan/HN53/20 13	9	13	2	23	10	6	14	6	10	0	0	9	4	1	12	18	8	5	1	8	5	8	2	11	14	13	7	9	6	5	4	23	6	16	8	8	10	14	12	17	20	27	14	26	3	26	14	7	7	22	4	5	9	18	8	5	20	45	10	14	2	28	13	
882_A/duck/Hunan/HN54/20 13	9	13	2	23	10	6	14	6	10	0	0	9	4	1	12	18	8	5	1	8	5	8	2	11	14	13	7	9	6	5	4	23	6	16	8	8	10	14	12	17	20	27	14	26	3	26	14	7	7	22	4	5	9	18	8	5	20	46	10	14	2	27	13	
883_A/duck/Hunan/HN59/20 13	9	13	2	23	10	6	14	6	10	0	0	9	4	1	12	18	8	5	1	8	5	8	2	11	14	13	7	9	6	5	4	23	6	16	8	8	10	14	12	17	20	27	14	26	3	26	14	7	7	22	4	5	9	18	8	5	20	46	10	14	2	27	13	
884_A/duck/Hunan/HN60/20 13	9	13	2	23	10	6	14	6	10	0	0	9	4	1	12	18	8	5	1	8	5	8	2	11	14	13	7	9	6	5	4	23	6	16	8	8	10	14	12	17	20	27	14	26	3	26	14	7	7	22	4	5	9	18	8	5	20	46	10	14	2	27	13	
885_A/duck/Hunan/HN61/20 13	9	13	2	23	10	6	14	6	10	0	0	9	4	1	12	18	8	5	1	8	5	8	2	11	14	13	7	9	6	5	4	23	6	16	8	8	10	14	12	17	20	27	14	26	3	26	14	7	7	22	4	5	9	18	8	5	20	46	10	14	2	27	13	
886_A/duck/Hunan/HN64/20 13	9	13	2	23	10	6	14	6	10	0	0	9	4	1	12	18	8	5	1	8	5	8	2	11	14	13	7	9	6	5	4	23	6	16	8	8	10	14	12	17	20	27	14	26	3	26	14	7	7	22	4	5	9	18	8	5	20	46	10	14	2	27	13	
887_A/duck/Hunan/HN66/20 13	9	13	2	23	10	6	14	6	10	0	0	9	4	1	12	18	8	5	1	8	5	8	2	11	14	13	7	9	6	5	4	23	6	16	8	8	10	14	12	17	20	27	14	26	3	26	14	7	7	22	4	5	9	18	8	5	20	46	10	14	2	27	13	
888_A/duck/Hunan/HN67/20 13	9	13	2	23	10	6	14	6	10	0	0	9	4	1	12	18	8	5	1	8	5	8	2	11	14	13	7	9	6	5	4	23	6	16	8	8	10	14	12	17	20	27	14	26	3	26	14	7	7	22	4	5	9	18	8	5	20	45	10	14	2	28	13	
889_A/duck/Hunan/HN71/20 12	10	13	2	24	9	6	14	7	11	0	0	8	3	1	12	18	9	5	1	8	4	8	2	12	14	13	7	8	6	5	3	24	6	16	8	7	10	14	12	17	20	29	16	26	3	24	13	7	9	21	3	5	8	18	9	4	20	45	10	15	1	29	13	
890_A/duck/Hunan/HN72/20 12	10	13	2	24	9	6	14	6	10	0	0	9	4	1	12	18	9	5	1	8	4	8	2	12	14	13	7	8	6	5	3	24	6	16	8	7	10	14	13	17	20	29	16	26	3	24	13	7	8	21	3	5	8	17	9	5	19	45	10	14	3	29	13	
891_A/duck/Hunan/HN74/20 12	10	13	2	24	9	6	14	7	11	0	0	8	3	1	12	18	9	5	1	8	4	8	2	12	14	13	7	8	6	5	3	24	6	16	8	7	10	14	12	17	20	29	16	26	3	24	13	7	8	21	3	5	8	18	9	4	20	45	10	15	2	29	13	
892_A/duck/Hunan/HN76/20 12	10	13	2	24	9	6	14	6	10	0	0	9	4	1	12	18	9	5	1	8	4	8	2	12	14	13	7	8	6	5	3	24	6	16	8	7	10	14	13	17	20	29	16	26	3	24	13	7	8	21	3	5	8	17	9	5	19	45	10	14	3	29	13	
893_A/duck/Hunan/HN78/20 13	9	13	2	23	10	6	14	6	10	0	0	9	4	1	12	18	8	5	1	8	5	8	2	11	14	13	7	9	6	5	4	23	6	16	8	8	10	14	12	17	20	28	14	26	3	25	14	7	7	22	4	5	9	18	8	5	20	45	10	14	2	28	13	
894_A/duck/Hunan/HN80/20 12	10	13	2	24	9	6	14	7	11	0	0	8	3	1	12	18	9	5	1	8	4	8	2	12	14	13	7	8	6	5	3	24	6	16	8	7	10	14	12	17	20	28	16	26	3	25	13	7	9	21	3	5	8	19	8	4	20	45	10	15	1	29	13	
895_A/duck/Hunan/HN162/2 13	9	13	2	23	10	6	14	6	10	1	0	11	4	0	12	18	9	5	1	8	5	8	2	9	14	13	7	9	5	5	4	24	6	16	7	7	10	15	13	16	19	29	15	26	4	24	13	7	8	22	3	5	8	17	9	5	21	40	11	14	2	33	12	
896_A/duck/Hunan/HN163/2 13	9	13	2	23	10	6	14	7	10	0	0	9	4	1	12	19	9	5	1	7	5	8	2	9	13	13	7	10	6	5	4	24	6	16	8	7	10	15	12	17	20	29	15	26	3	25	12	7	8	22	3	5	8	17	9	6	20	42	10	13	2	31	13	
897_A/duck/Hunan/HN167/2 13	9	13	2	23	10	6	14	6	10	1	0	11	4	0	12	18	9	5	1	8	5	8	2	9	14	13	7	9	5	5	4	24	6	16	7	7	10	15	13	16	19	29	15	26	4	24	13	7	8	22	3	5	8	17	9	5	21	41	11	14	2	32	12	
898_A/duck/Hunan/HN171/2 13	9	13	2	23	10	6	14	6	10	0	0	11	4	1	12	18	9	5	1	8	5	8	2	9	14	13	7	9	5	5	4	24	6	16	7	7	10	15	13	16	19	29	15	25	5	24	13	7	8	22	3	5	8	17	9	5	21	40	11	14	2	33	12	
899_A/duck/Hunan/HN172/2 13	9	13	2	23	10	6	14	6	10	0	0	11	4	1	12	18	9	5	1	8	5	8	2	9	14	13	7	9	5	5	4	24	6	16	7	7	10	15	13	16	19	29	15	26	4	24	13	7	8	22	3	5	8	17	9	5	21	40	11	14	2	33	12	
900_A/duck/Hunan/HN174/2 13	9	13	2	23	10	6	14	6	10	1	0	11	4	0	12	18	9	5	1	8	5	8	2	9	14	13	7	10	4	5	4	24	6	16	7	7	10	15	13	16	19	29	15	26	4	24	13	7	8	22	3	5	8	17	9	5	21	40	11	14	2	33	12	
901_A/duck/Hunan/HN176/2 13	9	13	2	23	10	6	14	6	10	1	0	11	4	0	12	18	9	5	1	8	5	8	2	9	14	13	7	9	5	5	3	24	6	16	7	7	10	15	13	16	19	29	15	26	4	24	13	7	8	22	3	5	8	17	9	5	21	40	11	14	2	33	13	
902_A/duck/Hunan/HN177/2 13	9	13	2	23	10	6	14	6	10	1	0	11	4	0	12	18	9	5	1	8	5	8	2	9	14	13	7	9	5	5	4	24	6	16	7	7	10	15	13	16	19	29	15	26	4	24	13	7	8	22	3	5	8	17	9	5	21	40	11	14	2	33	12	
903_A/duck/Hunan/HN178/2 13	9	13	2	23	10	6	14	6	10	1	0	11	4	0	12	18	9	5	1	8	5	8	2	9	14	13	7	9	5	5	4	24	6	16	7	7	10	15	13	16	19	29	15	26	4	24	13	7	8	22	3	5	8	17	9	5	21	40	11	14	2	33	12	
904_A/duck/Hunan/HN182/2 13	9	13	2	23	10	6	14	6	10	1	0	11	4	0	12	18	9	5	1	8	5	8	2	9	14	13	7	9	5	5	4	24	6	16	7	7	10	15	13	16	19	29	15	26	4	24	13	7	8	22	3	5	8	17	9	5	21	40	11	14	2	33	12	
905_A/duck/Hunan/HN183/2 13	9	13	2	23	10	6	14	6	10	0	0	10	4	1	12	18	9	5	1	8	5	8	2	9	14	13	7	10	5	5	4	24	6	16	7	7	10	14	13	16	20	29	14	26	4	24	14	7	8	22	3	5	8	18	9	5	20	43	10	14	2	30	13	
906_A/duck/Hunan/HN186/2 13	9	13	2	23	10	6	14	6	10	1	0	11	4	0	12	18	9	5	1	8	5	8	2	9	14	13	7	9	5	5	4	24	6	16	7	7	10	14	13	16	19	29	15	26	4	24	13	7	8	22	3	5	8	18	9	5	21	41	11	14	2	32	12	
907_A/duck/Hunan/HN190/2 13	9	13	2	23	10	6	14	6	10	1	0	11	4	0	12	18	9	5	1	8	5	8	2	9	14	13	7	9	5	5	4	24	6	16	7	7	10	15	13	16	19	29	15	26	4	24	13	7	8	22	3	5	8	17	9	5	21	40	11	14	2	33	12	
908_A/duck/Hunan/HN191/2 13	8	13	2	23	10	6	14	5	10	0	0	12	5	1	12	18	9	5	1	8	5	8	2	9	14	13	7	9	5	5	4	24	5	16	7	7	11	15	13	16	19	29	15	26	4	24	13	7	8	22	3	5	8	17	9	5	21	40	11	14	2	33	12	
909_A/duck/Hunan/HN192/2 13	9	13	2	23	10	6	14	6	10	1	0	11	4	0	12	18	9	5	1	8	5	8	2	9	14	13	7	9	5	5	4	24	6	16	7	7	10	15	13	16	19	29	15	26	4	24	13	7	8	22	3	5	8	17	9	5	21	40	11	14	2	33	12	
910_A/duck/Hunan/HN194/2 13	9	13	2	23	10	6	14	6	10	1	0	11	4	0	12	18	9	5	1	8	5	8	2	9	14	13	7	9	5	5	4	24	6	16	7	7	10	15	13	16	19	29	15	26	4	24	13	7	8	22	3	5	8	17	9	5	21	40	11	14	2	33	12	
911_A/duck/Hunan/HN195/2 13	9	13	2	23	10	6	14	6	10	1	0	11	4	0	12	18	9	5	1	8	5	8	2	9	14	13	7	9	5	5	4	24	6	16	7	7	10	15	13	16	19	29	15	26	4	24	13	7	8	22	3	5	8	17	9	5	21	40	11	14	2	33	12	
912_A/duck/Hunan/HN197/2 13	9	13	2	23	10	6	14	6	10	1	0	11	4	0	12	18	9	5	1	8	5	8	2	9	14	13	7	9	5	5	4	24	6	16	7	7	10	14	13	16	19	29	15	26	4	24	13	7	8	22	3	5	8	18	9	6	21	40	10	13	2	33	13	
913_A/duck/Hunan/HN201/2 13	9	13	2	23	10	6	14	7	10	0	0	9	4	1	12	19	9	5	1	7	5	8	2	9	13	13	7	10	6	5	4	24	6	16	8	7	10	15	12	17	20	29	15	26	3	25	12	7	8	22	3	5	8	17	9	6	20	42	10	13	2	31	13	
914_A/duck/Hunan/HN204/2 13	9	13	2	23	10	6	14	6	10	0	0	11	4	1	12	18	9	5	1	8	5	8	2	9	14	13	7	9	5	5	4	24	6	16	7	7	10	15	13	16	19	29	15	26	4	24	13	7	8	22	3	5	8	17	9	5	21	40	11	14	2	33	12	
915_A/duck/Hunan/HN205/2 13	9	13	2	23	10	6	14	6	10	0	0	11	4	1	12	18	9	5	1	8	5	8	2	9	14	13	7	9	5	5	4	24	6	16	7	7	10	15	13	16	19	29	15	26	4	24	13	7	8	22	3	5	8	17	9	5	21	40	11	14	2	33	12	
916_A/duck/Hunan/HN206/2 13	9	13	2	23	10	6	14	6	10	0	0	11	4	1	12	18	9	5	1	8	5	8	2	9	14	13	7	9	5	5	4	24	6	16	7	7	10	15	13	16	19	29	15	26	4	24	13	7	8	22	3	5	8	17	9	5	21	40	10	14	2	33	13	
917_A/duck/Hunan/HN207/2 13	9	13	2	23	10	6	14	6	10	1	0	11	4	0	12	18	9	5	1	8	5	8	2	9	14	13	7	9	5	5	4	24	6	16	7	7	10	14	13	16	19	29	15	26	4	24	13	7	8	22	3	5	8	18	9	6	21	40	10	13	2	33	13	
918_A/duck/Hunan/HN208/2 13	9	13	2	23	10	6	14	6	10	1	0	11	4	0	12	18	9	5	1	8	5	8	2	9	14	13	7	9	5	5	4	24	6	16	7	7	10	14	13	16	19	29	15	26	4	24	13	7	8	22	3	5	8	18	9	5	21	40	11	14	2	33	12	
919_A/duck/Hunan/HN209/2 13	9	13	2	23	10	6	14	6	10	1	0	11	4	0	12	18	9	5	1	8	5	8	2	9	14	13	7	9	5	5	4	24	6	16	7	7	10	15	13	16	19	29	15	26	4	24	13	7	9	22	3	5	7	17	9	5	21	40	11	14	2	33	12	
920_A/duck/Hunan/HN210/2 13	9	13	2	23	10	6	14	6	10	0	0	11	4	1	12	18	9	5	1	8	5	8	2	9	14	13	7	9	5	5	4	24	6	16	7	7	10	15	13	16	19	29	15	26	4	24	13	7	8	22	3	5	8	17	9	5	21	40	11	14	2	33	12	
921_A/duck/Hunan/HN212/2 13	9	13	2	23	10	6	14	6	10	1	0	11	4	0	12	18	9	5	1	8	5	8	2	9	14	13	7	9	5	5	4	24	6	16	7	7	10	15	13	16	19	29	15	26	4	24	13	7	8	22	3	5	8	17	9	5	21	40	11	14	2	33	12	
922_A/duck/Hunan/HN214/2 12	8	13	2	24	11	6	14	7	11	0	0	9	3	1	12	17	9	5	1	9	5	8	2	11	14	13	8	8	5	5	3	26	6	16	7	6	10	15	13	17	21	28	17	26	3	24	12	6	9	21	3	5	7	18	9	5	19	42	10	14	2	31	13	
923_A/duck/Hunan/HN215/2 13	9	13	2	22	10	6	14	6	10	0	0	11	4	1	12	18	9	5	1	8	5	8	2	9	14	13	7	9	5	5	4	24	6	16	7	8	10	15	13	16	19	29	15	26	4	24	13	7	8	22	3	5	8	17	9	5	21	40	10	14	2	34	12	
924_A/duck/Hunan/HN216/2 13	9	13	2	23	10	6	14	6	10	0	0	11	4	1	12	18	9	5	1	8	5	8	2	9	14	13	7	9	5	5	4	24	6	16	7	7	10	15	13	16	19	29	15	26	4	24	13	7	8	22	3	5	8	17	9	5	21	40	12	14	2	33	11	
925_A/duck/Hunan/HN217/2 13	9	13	2	23	10	6	14	6	10	0	0	11	4	1	12	18	9	5	1	8	5	8	2	9	14	13	7	9	5	5	4	24	6	16	7	7	10	15	13	16	19	29	15	26	4	24	13	7	8	22	3	5	8	17	9	5	21	40	11	14	2	33	12	
926_A/duck/Hunan/HN220/2 13	9	13	2	23	10	6	14	6	10	1	0	11	4	0	12	18	9	5	1	8	5	8	2	9	14	13	7	9	5	5	4	24	6	16	7	7	10	15	13	16	19	29	15	26	4	24	13	7	8	22	3	5	8	17	9	5	21	41	11	14	2	32	12	
927_A/duck/Hunan/HN221/2 13	9	13	2	23	10	6	14	6	10	1	0	11	4	0	12	18	9	5	1	8	5	8	2	10	14	13	7	8	5	5	4	24	6	16	7	7	10	15	13	16	19	29	15	26	4	24	13	7	8	22	3	5	8	17	9	5	21	40	11	14	2	33	12	
928_A/duck/Hunan/HN224/2 13	9	13	2	23	10	6	14	6	10	1	0	11	4	0	12	18	9	5	1	8	5	8	2	9	14	13	7	9	5	5	4	24	6	16	7	7	10	15	13	16	19	29	15	26	4	24	13	7	8	22	3	5	8	17	9	5	21	40	11	14	2	33	12	
929_A/duck/Hunan/HN227/2 13	9	13	2	23	10	6	14	6	10	0	0	11	4	1	12	18	9	5	1	8	5	8	2	9	14	13	7	9	5	5	4	24	6	16	7	7	10	15	13	16	19	29	15	26	4	24	13	7	8	22	3	5	8	17	9	5	21	40	11	14	2	33	12	
930_A/duck/Hunan/HN230/2 13	9	13	2	23	10	6	14	6	10	1	0	11	4	0	12	18	9	5	1	8	5	8	2	9	14	13	7	9	5	5	4	24	6	16	7	7	10	15	13	16	19	29	15	26	4	24	13	7	8	22	3	5	8	17	9	5	21	40	11	14	2	33	12	
931_A/duck/Hunan/HN232/2 12	9	11	6	25	12	7	9	5	11	0	0	10	3	1	12	15	5	5	1	12	5	8	2	9	12	11	6	12	8	7	3	23	6	13	6	8	8	18	12	18	24	30	19	23	1	24	10	6	7	19	5	5	7	18	9	7	18	47	12	13	5	29	13	
932_A/duck/Hunan/HN234/2 12	8	13	2	24	11	6	14	7	11	0	0	9	3	1	12	17	9	5	1	9	5	8	2	11	14	13	8	8	5	5	3	26	6	15	7	6	10	16	13	17	21	28	17	26	3	24	12	6	9	21	3	5	7	18	9	5	19	42	10	14	2	31	13	
933_A/duck/Hunan/HN236/2 12	8	13	2	24	11	6	14	7	11	0	0	9	3	1	12	17	9	5	1	9	5	8	2	11	14	13	8	8	5	5	3	26	6	15	7	6	10	16	13	17	20	29	17	26	3	24	12	6	9	21	3	5	7	18	9	5	19	42	10	14	2	31	13	
934_A/duck/Hunan/HN238/2 12	8	13	2	24	11	6	14	7	11	0	0	9	3	1	12	17	9	5	1	9	5	8	2	11	14	13	8	8	5	5	3	26	6	15	7	6	10	16	13	17	21	28	17	26	3	24	12	6	9	21	3	5	7	18	9	5	19	42	10	14	2	31	13	
935_A/duck/Hunan/HN239/2 13	9	13	2	23	10	6	14	7	10	0	0	9	4	1	12	19	9	5	1	7	5	8	2	9	13	13	7	10	6	5	4	24	6	16	8	7	10	15	12	17	20	29	15	26	3	25	12	7	8	22	3	5	8	17	9	6	20	42	10	13	2	31	13	
936_A/duck/Hunan/HN240/2 12	9	11	6	25	12	7	9	5	11	0	0	10	3	1	12	15	5	5	1	12	5	8	2	9	12	11	6	12	8	7	3	23	6	13	6	8	8	18	12	18	24	30	19	23	1	24	10	6	7	19	5	5	7	18	9	7	18	47	12	13	5	29	13	
937_A/duck/Hunan/HN241/2 13	9	13	2	23	10	6	14	6	11	0	0	9	3	1	12	18	8	5	1	8	5	8	2	11	14	14	7	9	6	4	4	23	6	16	8	8	10	14	12	17	20	26	15	26	3	27	13	7	7	22	4	6	8	18	8	5	20	45	10	14	2	28	13	
938_A/duck/Hunan/HN242/2 12	8	13	2	24	11	6	14	7	11	0	0	9	3	1	12	17	9	5	1	9	5	8	2	11	14	13	8	8	5	5	3	26	6	15	7	6	10	16	13	17	21	28	17	26	3	24	12	6	9	20	4	5	7	18	9	5	19	42	10	14	2	31	13	
939_A/duck/Hunan/HN278/2 14	10	12	3	22	10	7	13	7	10	0	0	8	3	1	12	19	8	5	1	8	4	8	1	11	15	12	7	8	6	6	5	24	6	16	8	7	10	14	12	17	18	32	17	25	4	24	10	6	7	21	3	5	9	18	9	5	21	43	8	16	1	30	15	
940_A/duck/Hunan/HN285/2 13	9	12	3	23	10	7	13	6	9	0	0	9	5	1	12	20	8	5	1	7	5	8	1	11	15	12	7	8	5	6	5	23	6	16	9	8	10	14	11	18	19	32	17	24	3	24	10	6	7	21	3	6	8	18	9	4	21	42	8	16	2	31	15	
941_A/duck/Hunan/HN288/2 14	10	12	3	22	10	7	13	7	10	0	0	8	3	1	12	19	8	5	1	8	4	8	1	11	15	12	7	8	6	6	5	24	6	16	9	7	10	14	11	17	18	31	17	25	4	25	10	6	7	21	3	5	9	18	9	5	21	43	8	16	1	30	15	
942_A/duck/Hunan/HN333/2 13	9	13	2	23	10	6	14	7	9	0	0	9	5	1	12	19	8	5	2	7	5	8	1	10	13	13	8	9	7	5	3	23	6	16	9	8	10	14	12	17	20	28	16	26	3	25	12	7	7	22	3	5	8	18	9	5	21	41	10	14	2	31	13	
943_A/duck/Hunan/HN334/2 13	9	13	2	23	10	6	14	7	9	0	0	9	5	1	12	19	8	5	2	7	5	8	1	10	13	13	8	9	7	5	3	23	6	16	9	8	10	14	12	17	20	28	16	26	3	25	12	7	7	22	3	5	8	18	9	5	21	42	10	14	2	30	13	
944_A/duck/Hunan/HN335/2 14	9	13	2	22	10	6	14	8	10	0	0	8	4	1	12	18	8	5	2	8	4	8	1	10	14	13	8	9	7	5	3	24	6	16	8	7	10	14	13	17	19	28	16	26	4	25	12	7	8	22	3	4	8	18	9	7	21	42	10	13	1	30	13	
945_A/duck/Hunan/HN336/2 13	9	13	2	23	10	6	14	7	9	0	0	9	5	1	12	19	8	5	2	7	5	8	1	10	13	13	8	9	7	5	3	23	6	16	9	8	10	14	12	17	20	28	16	26	3	25	12	7	7	22	3	5	8	18	9	5	21	41	10	14	2	31	13	
946_A/duck/Hunan/HN339/2 13	9	13	2	22	10	6	14	7	9	0	0	10	5	1	12	19	8	5	2	7	5	8	1	10	13	13	8	9	7	5	3	23	6	16	9	8	10	14	11	17	21	29	16	26	3	24	13	7	7	22	3	5	8	18	9	5	20	41	10	14	2	31	13	
947_A/duck/Hunan/HN341/2 13	9	13	2	23	10	6	14	7	9	0	0	9	5	1	12	19	8	5	2	7	5	8	1	10	13	13	8	9	7	5	3	24	6	16	9	7	10	14	12	17	20	28	16	26	3	25	12	7	7	22	3	5	8	18	9	5	21	41	10	14	2	31	13	
948_A/duck/Hunan/HN342/2 13	9	13	2	23	10	6	14	7	9	0	0	9	5	1	12	19	8	5	2	7	5	8	1	10	13	13	8	9	7	5	3	23	6	16	9	8	10	14	12	17	20	28	16	26	3	25	12	7	7	22	3	5	8	18	9	6	21	41	10	13	2	31	13	
949_A/duck/Hunan/HN343/2 13	9	13	2	23	10	6	14	7	9	0	0	9	5	1	12	19	8	5	2	7	5	8	1	10	13	13	8	9	7	5	3	23	6	16	9	8	10	14	12	17	20	28	16	26	3	25	12	7	7	22	3	5	8	18	9	5	21	41	10	14	2	31	13	
950_A/duck/Hunan/S4020/2 12	7	12	3	23	12	7	13	6	12	0	0	9	4	1	12	18	6	5	2	8	6	8	1	9	16	13	7	11	5	5	2	24	7	15	7	9	10	16	12	17	17	34	18	25	3	20	11	8	4	23	3	4	10	14	9	4	22	49	13	14	2	28	10	
951_A/duck/Hunan/S4030/2 12	9	12	2	22	10	8	14	8	12	0	0	8	3	1	12	19	7	5	1	8	5	8	2	9	17	12	6	10	4	6	5	25	7	13	6	7	9	17	14	17	20	34	18	26	3	18	11	5	6	20	4	5	9	16	9	5	20	47	15	14	2	29	9	
952_A/duck/Hunan/S4101/2 16	11	13	4	20	11	6	12	5	9	0	0	11	2	1	12	16	4	5	1	11	5	8	2	10	15	11	6	10	7	7	4	24	8	13	11	9	10	18	6	15	17	33	18	25	3	20	11	9	6	23	3	3	12	13	10	4	16	52	9	15	5	27	14	
953_A/duck/Hunan/S4120/2 17	11	13	4	20	11	6	12	5	9	0	0	11	2	1	12	15	4	5	1	11	5	8	2	10	15	11	6	10	7	7	4	24	8	13	11	9	10	18	6	15	17	33	17	25	3	20	12	9	6	23	3	3	12	13	10	4	16	52	9	15	5	27	14	
954_A/duck/Hunan/S4150/2 13	10	11	4	23	12	8	12	5	10	0	0	10	3	1	12	14	5	5	1	12	5	8	2	9	13	11	7	12	8	7	3	23	6	12	7	7	8	19	10	18	22	30	19	25	0	23	10	6	7	19	5	5	8	18	9	6	19	48	11	14	5	29	13	
955_A/duck/Hunan/S4220/2 12	9	13	2	24	10	6	14	6	12	0	0	8	2	1	12	18	9	5	1	8	4	8	2	11	15	13	7	10	5	5	3	23	6	15	7	8	10	15	13	17	20	31	17	26	3	22	12	7	7	21	3	5	9	17	9	5	20	49	11	14	2	26	12	
956_A/duck/Hunan/S40199/ 15	11	10	5	21	9	9	11	4	11	0	0	9	2	1	12	19	7	6	1	8	6	7	2	11	13	12	7	11	6	6	3	23	7	11	7	7	9	21	10	17	20	23	20	25	2	27	12	5	7	20	4	4	11	17	9	6	17	49	12	16	4	29	11	
957_A/duck/Hunan/S40268/ 13	8	10	5	23	10	9	11	3	8	0	0	12	5	1	12	14	6	6	1	11	7	6	2	8	14	12	7	13	6	7	3	25	7	13	7	7	10	17	11	16	19	31	12	27	2	23	16	6	5	21	2	4	11	15	12	5	18	51	11	15	6	28	11	
958_A/duck/Jiangsu/m234/ 16	10	14	4	21	9	5	12	8	12	0	0	8	2	1	12	18	8	5	1	9	5	8	2	10	15	13	8	8	5	5	2	20	8	19	5	13	10	14	13	13	19	32	18	27	1	23	11	6	8	24	6	4	6	13	7	5	20	42	12	15	5	31	11	
959_A/duck/Jiangsu/S4439 14	10	12	4	22	8	7	12	8	12	0	0	7	2	1	12	17	7	6	1	8	5	7	2	12	19	12	7	9	3	6	4	24	6	16	5	8	10	17	14	17	19	34	16	26	3	19	13	5	8	18	2	5	8	16	9	5	21	50	14	14	2	27	10	
960_A/duck/Jiangsu/SE112 14	10	12	2	22	8	7	14	8	12	0	0	7	2	1	12	18	7	5	1	7	5	8	2	12	19	12	7	9	3	6	4	24	6	16	5	8	10	17	14	17	18	33	16	26	4	20	13	5	8	20	2	5	8	15	9	5	21	47	13	14	2	29	11	
961_A/duck/Jiangxi/01.11 13	8	12	2	23	11	7	14	5	8	0	0	10	6	1	12	20	8	5	1	6	5	8	2	11	13	13	4	9	7	5	6	23	6	15	8	8	10	15	12	16	19	28	18	27	4	25	11	6	8	22	4	6	9	18	8	4	19	43	9	15	2	30	14	
962_A/duck/Jiangxi/01.14 12	10	12	2	22	9	7	13	2	10	0	0	9	3	1	12	14	5	4	2	11	8	9	2	12	14	10	6	14	5	7	2	19	7	9	6	15	11	21	12	16	18	34	20	24	1	19	9	4	6	25	4	6	10	12	8	7	19	51	14	11	4	25	10	
963_A/duck/Jiangxi/01.14 14	11	14	2	22	8	5	14	6	11	0	0	8	3	1	12	18	8	5	1	8	5	8	2	11	14	12	7	10	6	6	4	24	6	16	8	7	10	14	12	17	19	29	16	26	4	24	12	7	7	22	3	5	9	18	9	5	20	44	10	14	2	29	13	
964_A/duck/Jiangxi/01.14 14	11	14	2	22	8	5	14	6	11	0	0	8	3	1	12	18	8	5	1	8	5	8	2	11	14	12	7	10	6	6	4	23	6	16	8	8	10	14	12	17	19	28	16	26	4	25	12	7	7	22	3	5	9	18	9	5	20	44	10	14	2	29	13	
965_A/duck/Jiangxi/02.05 14	11	14	2	22	8	5	14	6	11	0	0	8	3	1	12	18	8	5	1	8	5	8	2	11	14	12	7	10	6	6	4	24	6	16	8	7	10	14	12	17	19	29	16	26	4	24	12	7	7	22	3	5	9	18	9	5	20	44	10	14	2	29	13	
966_A/duck/Jiangxi/02.06 14	11	14	2	22	8	5	14	6	11	0	0	8	3	1	12	18	8	5	1	8	5	8	2	11	14	12	7	10	6	6	4	24	6	16	8	7	10	14	12	17	19	29	16	26	4	24	12	7	7	22	3	5	9	18	9	5	20	44	11	14	2	29	12	
967_A/duck/Jiangxi/02.06 12	10	13	2	25	8	6	14	6	11	0	0	8	3	1	12	18	9	5	1	8	4	8	2	12	14	12	7	9	6	6	3	22	6	16	8	8	10	14	12	17	20	29	16	26	3	24	13	8	8	22	3	5	8	18	9	5	20	44	10	14	2	29	13	
968_A/duck/Jiangxi/2.28_ 15	8	12	2	21	11	7	14	6	9	0	0	9	5	1	12	19	9	5	1	7	5	8	2	11	13	13	4	10	6	5	6	23	6	15	8	7	10	15	12	18	18	27	20	25	5	25	10	6	8	22	3	6	9	18	9	4	19	42	9	15	2	31	14	
969_A/duck/Jiangxi/2.28N 15	8	12	2	21	11	7	14	6	9	0	0	9	5	1	12	19	9	5	1	7	5	8	2	11	13	13	4	10	6	5	6	23	6	15	8	7	10	15	12	18	18	27	20	25	5	25	10	6	8	22	3	6	9	18	9	4	19	42	9	15	2	31	14	
970_A/duck/Jiangxi/03.11 15	11	13	2	21	8	6	14	6	11	0	0	9	3	1	12	18	8	5	1	8	5	8	3	11	14	12	5	9	6	6	5	24	6	16	8	7	10	14	12	17	19	27	16	26	4	26	12	7	7	22	3	5	9	18	9	5	20	44	10	14	2	29	13	
971_A/duck/Jiangxi/04.01 17	10	12	4	18	11	7	13	4	10	0	0	6	2	1	12	13	5	5	2	12	7	8	3	11	13	7	5	16	8	11	3	19	7	13	5	15	12	22	10	14	17	32	20	24	2	19	11	3	6	20	4	6	10	15	7	5	19	56	13	18	3	23	11	
972_A/duck/Jiangxi/04.01 17	10	12	4	18	11	7	13	4	10	0	0	6	2	1	12	13	5	5	2	12	7	8	3	11	13	7	5	16	8	11	3	19	7	13	5	15	12	22	10	14	17	32	20	24	2	19	11	3	6	20	4	6	10	15	7	5	19	56	13	18	3	23	11	
973_A/duck/Jiangxi/04.01 13	11	13	3	23	10	6	13	4	7	0	0	10	5	1	12	15	5	5	1	12	6	8	2	10	15	13	6	11	6	5	3	24	8	11	5	9	8	20	13	16	20	34	17	25	1	20	12	7	4	21	2	4	11	17	11	7	19	50	10	12	5	27	13	
974_A/duck/Jiangxi/05.07 16	10	11	4	18	11	6	12	4	10	0	0	7	2	1	12	13	5	6	2	12	7	8	3	11	12	7	4	16	8	10	3	18	7	12	5	14	12	23	10	15	17	33	20	24	2	18	11	4	6	19	4	6	10	14	7	4	19	55	13	15	3	23	12	
975_A/duck/Jiangxi/5.26_ 13	8	12	2	23	11	7	14	7	9	0	0	8	5	1	12	20	8	5	1	6	5	8	2	11	13	13	4	9	7	5	6	23	7	15	8	8	10	16	11	17	20	28	18	26	2	25	11	5	8	22	4	7	9	18	8	4	19	42	9	15	2	31	14	
976_A/duck/Jiangxi/11.17 14	10	12	3	22	9	7	13	6	11	0	0	7	3	1	12	18	8	5	1	7	5	8	1	11	14	14	9	12	6	4	3	23	6	15	7	8	10	15	12	17	19	29	17	26	4	22	13	7	8	22	4	5	8	18	9	6	20	43	10	13	2	30	13	
977_A/duck/Jiangxi/11.17 14	10	12	3	22	9	7	13	6	11	0	0	7	3	1	12	18	8	5	1	7	5	8	1	11	14	14	9	12	6	4	3	23	6	15	7	8	9	15	13	17	19	29	17	26	4	22	13	7	8	22	4	5	8	18	9	6	20	43	10	13	2	30	13	
978_A/duck/Jiangxi/11.29 14	7	12	3	22	12	7	13	5	10	0	0	9	4	1	12	18	8	5	1	8	5	8	2	12	13	13	8	9	7	5	3	23	6	16	6	7	10	15	14	17	20	27	17	26	3	25	12	8	9	20	4	6	8	19	8	3	19	44	9	15	2	29	14	
979_A/duck/Jiangxi/11.29 15	9	12	2	21	11	7	14	5	11	0	0	11	3	1	12	19	7	5	1	8	5	8	1	11	13	13	8	9	7	5	4	23	6	15	6	8	10	15	15	17	18	31	16	26	3	23	12	7	9	24	3	5	8	16	9	7	19	45	11	12	2	26	12	
980_A/duck/Jiangxi/11.29 13	8	12	2	23	11	7	14	7	9	0	0	9	5	1	12	21	8	5	1	5	5	8	2	10	13	13	4	9	7	5	6	23	7	15	9	8	10	15	11	17	21	28	18	26	1	25	11	5	9	22	4	7	8	18	8	4	19	42	9	15	2	31	14	
981_A/duck/Jiangxi/34/20 12	9	13	3	24	10	6	13	6	11	0	0	8	3	1	12	18	9	5	1	8	4	8	2	11	15	13	7	10	5	5	3	24	6	16	7	8	10	14	13	16	20	33	17	26	3	20	12	6	7	21	4	4	9	15	10	7	20	49	11	14	2	27	11	
982_A/duck/Jiangxi/35/20 12	9	13	3	24	11	6	13	6	10	0	0	8	3	1	12	18	9	5	1	8	4	8	2	11	15	12	7	10	5	6	3	26	6	15	7	7	10	15	13	15	20	33	18	26	3	20	11	6	7	21	4	5	9	15	10	6	20	49	12	14	2	26	11	
983_A/duck/Jiangxi/44/20 8	11	11	5	27	9	8	11	7	9	0	0	8	5	1	12	14	5	7	4	9	7	7	4	11	13	9	5	11	8	8	0	20	5	14	8	12	11	17	8	19	21	31	19	25	1	21	13	7	6	22	4	5	8	16	8	4	22	47	19	14	2	29	5	
984_A/duck/Jiangxi/95/20 14	9	13	2	22	10	6	14	6	10	0	0	9	4	1	12	18	8	5	1	8	5	8	2	11	14	13	7	9	6	5	4	24	7	16	8	7	9	14	12	17	20	30	16	26	3	23	12	7	7	22	3	5	9	18	9	5	20	44	10	14	2	29	13	
985_A/duck/Jiangxi/120/2 13	10	12	4	23	9	7	12	7	10	0	0	6	4	1	12	17	8	6	1	9	3	7	2	9	16	12	7	13	5	6	2	22	7	14	4	11	13	17	15	16	18	35	18	26	2	19	11	4	5	23	4	6	10	14	8	7	17	42	11	13	5	35	12	
986_A/duck/Jiangxi/130/2 13	10	12	4	23	11	7	12	5	10	0	0	9	3	1	12	14	5	5	1	12	5	8	2	9	13	11	7	14	7	7	3	23	6	11	6	8	8	20	11	18	23	29	19	25	0	24	10	6	8	19	5	4	7	17	9	6	19	49	11	14	5	29	13	
987_A/duck/Jiangxi/13469 13	10	12	2	23	9	7	14	6	11	0	0	9	3	1	12	17	9	5	1	9	4	8	2	11	14	13	7	9	6	5	3	22	6	15	9	8	10	15	11	16	20	29	17	26	3	25	11	8	8	19	3	5	9	18	9	5	19	48	10	14	3	28	13	
988_A/duck/Jiangxi/13475 13	10	12	2	23	9	7	14	6	11	0	0	9	3	1	12	17	9	5	1	9	4	8	2	11	14	13	7	9	6	5	3	22	6	15	9	8	10	15	11	16	20	29	17	26	3	25	11	8	7	19	3	5	9	18	9	5	20	48	10	14	3	28	13	
989_A/duck/Jiangxi/13484 13	10	12	2	23	9	7	14	6	11	0	0	9	3	1	12	17	9	5	1	9	4	8	2	11	14	13	7	9	6	5	3	22	6	15	9	8	10	15	11	16	20	29	17	26	3	25	11	8	7	19	3	5	9	18	9	5	20	48	10	14	3	28	13	
990_A/Duck/Jiangxi/50446 14	10	12	2	22	9	7	14	5	11	0	0	9	3	1	12	18	9	5	1	6	5	8	1	12	14	13	9	10	5	5	3	23	6	15	7	9	10	15	12	16	19	29	16	26	4	23	13	7	8	21	4	5	8	19	9	6	20	43	10	14	2	30	13	
991_A/Duck/Jiangxi/50455 15	9	13	2	21	10	6	14	6	11	0	0	9	3	1	12	20	8	5	1	7	5	8	2	10	14	12	7	9	6	6	4	24	6	16	8	7	10	14	12	17	18	29	16	26	5	24	12	7	7	22	3	3	9	18	9	8	20	41	10	13	2	32	13	
992_A/duck/Jiangxi/E7/20 14	10	13	2	22	9	6	14	6	11	0	0	9	3	1	12	18	8	5	1	8	5	8	2	11	14	12	7	9	6	6	4	24	6	16	8	7	10	14	12	17	19	28	16	26	4	25	12	7	7	22	3	5	9	18	9	5	20	44	10	14	2	29	13	
993_A/duck/Jiangxi/F31/2 13	10	13	2	21	9	6	13	6	11	0	0	9	3	1	12	18	8	5	1	8	5	8	2	11	13	11	6	9	6	6	4	24	6	15	8	7	10	14	12	17	19	29	16	25	4	24	12	7	7	22	3	5	9	17	9	5	20	44	10	13	2	28	13	
994_A/duck/Jiangxi/NCDZT 14	10	13	2	22	9	6	14	6	11	0	0	9	3	1	12	18	8	5	1	8	5	8	2	11	14	12	7	9	6	6	4	24	6	16	8	7	10	14	12	18	18	29	16	25	5	24	12	7	7	22	3	5	9	18	9	5	20	44	10	14	2	29	13	
995_A/duck/Jiangxi/NCDZT 14	10	13	2	22	9	6	14	6	11	0	0	9	3	1	12	18	8	5	1	8	5	8	2	11	15	12	7	9	5	6	4	24	6	16	8	8	10	14	12	17	19	29	16	26	4	24	12	7	7	22	3	4	9	18	9	5	20	44	10	14	2	29	13	
996_A/duck/Jiangxi/S1025 15	10	10	5	21	8	9	11	4	12	0	0	9	3	1	12	18	7	6	1	9	6	7	2	10	13	11	7	12	6	7	3	23	8	11	8	7	9	21	9	17	19	24	19	25	2	27	12	5	7	20	4	4	11	17	10	6	17	51	8	16	4	27	14	
997_A/duck/Jiangxi/S4083 15	10	10	5	21	9	9	11	4	12	0	0	9	2	1	12	18	7	6	1	9	6	7	2	10	12	11	7	12	7	7	3	23	7	11	7	7	9	21	10	17	20	24	20	25	2	27	11	5	6	19	4	4	13	18	10	6	16	49	10	16	4	29	12	
998_A/duck/Jilin/04.04_S 13	9	14	3	23	8	5	13	8	12	0	0	7	4	1	12	18	7	5	1	6	6	8	2	12	18	12	7	9	3	6	4	25	7	14	6	8	9	18	13	16	20	32	14	27	3	20	15	5	6	20	4	5	11	16	8	5	19	49	13	14	1	27	11	
999_A/duck/Jilin/JL-SIV/ 12	9	14	3	24	10	6	13	8	11	0	0	7	2	1	12	17	8	5	0	9	4	7	3	8	15	12	7	12	6	6	2	22	7	15	7	12	12	17	12	15	18	32	19	27	2	21	11	6	4	21	3	3	9	15	9	7	19	49	12	14	4	29	11	
1000_A/duck/Jilin/S1261/2 14	10	12	3	22	9	7	13	7	10	0	0	8	3	1	12	17	7	6	1	8	6	7	2	13	18	12	7	8	3	6	4	24	7	16	6	8	10	16	15	16	17	33	16	26	4	20	13	5	7	20	3	5	9	15	8	6	21	50	12	14	2	26	11	
1001_A/duck/Jilin/S4171/2 14	8	12	3	22	9	7	13	7	11	0	0	8	4	1	12	17	8	5	1	8	4	8	2	13	19	11	6	8	3	7	4	24	6	18	5	8	11	16	14	17	18	33	17	26	3	20	13	5	7	19	3	5	9	15	9	5	20	51	12	14	3	25	11	
1002_A/duck/Kaohsiung/15W 14	11	13	5	22	9	6	11	4	11	0	0	11	2	1	12	16	6	6	1	10	6	7	2	11	11	11	8	10	9	7	2	23	7	13	6	8	9	19	12	18	20	31	18	25	1	22	11	7	4	21	4	3	11	15	9	6	19	49	11	14	5	29	12	
1003_A/duck/Kaohsiung/20W 15	9	12	2	21	11	7	14	4	8	0	0	10	5	1	12	18	5	6	1	7	6	7	2	10	14	12	9	13	7	6	2	23	5	13	7	8	13	19	11	18	18	34	15	25	1	19	13	5	4	20	2	5	11	17	11	7	18	46	12	13	6	31	11	
1004_A/duck/Kaohsiung/150 13	9	12	3	24	11	7	13	5	7	0	0	10	6	1	12	14	5	5	1	10	6	8	2	11	14	11	6	10	7	7	4	23	8	11	7	12	8	19	12	16	20	28	19	25	1	25	10	5	2	21	2	5	14	17	11	5	18	46	12	14	5	30	12	
1005_A/duck/Liaoning/LN/2 15	10	13	3	22	10	6	13	9	10	0	0	6	3	1	12	16	9	5	1	10	4	8	2	9	14	13	7	11	6	5	2	21	7	17	5	12	10	15	13	12	20	32	20	26	2	21	11	6	6	22	5	4	8	15	7	7	20	46	12	15	4	30	11	
1006_A/duck/Nanchang/9789 13	10	13	2	23	9	6	14	6	12	0	0	8	2	1	12	18	8	5	1	8	5	8	2	11	14	13	7	10	6	5	3	21	6	15	8	9	10	15	12	17	20	31	17	27	2	22	12	8	7	21	3	4	9	17	9	6	20	47	11	14	2	28	12	
1007_A/duck/Nantou/15A343 13	10	12	4	24	11	7	12	4	7	0	0	12	5	1	12	15	5	5	1	10	6	8	2	11	14	11	6	8	7	7	4	23	8	11	7	12	8	20	11	16	20	28	19	25	1	25	10	5	2	21	2	5	14	17	11	5	19	45	13	14	4	30	12	
1008_A/duck/Nantou/17A024 13	11	12	3	24	10	7	13	5	7	0	0	9	5	1	12	13	4	5	2	10	6	8	2	11	14	11	5	11	8	7	4	24	8	11	7	11	7	19	12	17	21	28	19	25	1	25	11	6	2	20	3	5	15	18	10	4	17	48	12	14	5	28	11	
1009_A/duck/Ningxia/YG61/ 15	10	11	4	21	10	8	12	5	8	0	0	7	5	1	12	16	7	5	1	9	5	8	2	12	14	12	6	13	6	6	3	22	8	10	8	9	9	20	10	18	20	26	20	25	1	26	11	5	4	22	3	5	13	15	10	5	18	49	9	15	4	29	14	
1010_A/duck/Ningxia/YG71/ 15	9	11	4	21	11	8	12	6	11	0	0	7	2	1	12	17	6	5	1	9	6	8	2	12	14	12	5	10	6	6	4	23	8	9	7	8	8	21	10	18	21	27	20	25	1	24	12	6	5	21	4	4	12	16	11	5	18	51	10	16	4	27	12	
1011_A/duck/Ningxia/YG83/ 16	9	11	4	20	11	8	12	5	10	0	0	9	3	1	12	17	6	5	1	9	6	8	2	10	15	12	5	12	5	6	4	23	8	9	8	8	8	21	10	18	21	27	20	25	1	24	12	6	5	21	3	4	12	16	11	5	18	51	10	15	4	27	12	
1012_A/duck/Pingtung/17A0 13	10	12	3	24	11	7	13	5	7	0	0	9	5	1	12	13	4	5	2	10	6	8	2	11	14	11	5	11	8	7	4	24	8	11	7	11	7	19	12	17	21	30	19	25	1	23	11	6	2	20	3	5	15	18	10	5	17	48	12	13	5	28	11	
1013_A/duck/Pingtung/18A0 13	11	12	3	24	10	7	13	5	7	0	0	9	5	1	12	13	4	4	2	11	5	9	2	11	14	11	5	11	8	7	4	24	8	11	6	11	6	19	13	17	22	29	20	25	1	24	10	6	2	20	3	5	15	18	10	3	17	48	12	15	5	28	11	
1014_A/duck/Pingtung/18A0 13	11	12	3	24	10	7	13	5	8	0	0	9	4	1	12	12	4	5	2	11	6	8	2	10	14	11	5	13	7	7	3	24	8	12	8	11	7	18	11	17	21	28	21	25	1	23	11	6	2	21	3	5	15	17	10	5	17	48	10	13	5	28	14	
1015_A/duck/Pingtung/18X0 15	9	13	5	22	11	7	11	6	9	0	0	10	2	1	12	15	5	6	2	11	6	7	1	7	14	10	7	12	7	8	3	26	6	12	7	6	10	19	11	17	21	32	21	26	0	21	8	6	5	21	4	4	11	17	9	5	17	47	12	15	6	29	12	
1016_A/duck/Pingtung/1501 14	11	14	4	23	10	5	12	9	11	0	0	10	4	1	12	16	8	5	1	11	4	8	2	7	15	13	6	8	5	5	3	22	7	20	4	11	10	13	14	14	19	31	18	26	4	22	13	7	6	23	5	4	7	14	8	8	19	43	10	12	3	31	12	
1017_A/duck/Pingtung/1501 13	10	12	3	24	11	7	13	5	7	0	0	10	5	1	12	14	5	5	1	10	6	8	2	10	14	11	6	11	7	7	4	23	8	11	7	12	8	20	12	16	20	28	19	25	1	25	10	5	2	21	2	5	14	16	11	5	18	46	12	14	5	30	12	
1018_A/duck/Shandong/009/ 13	10	10	4	23	11	9	13	4	9	0	0	9	3	1	12	15	4	5	1	11	9	8	3	11	13	9	6	13	7	9	2	20	8	15	4	14	12	20	11	15	16	32	19	22	3	19	13	4	6	20	3	6	8	16	9	5	17	51	16	16	6	27	7	
1019_A/duck/Shandong/11.1 15	10	15	4	22	9	4	12	8	12	0	0	8	2	1	12	16	8	5	1	9	5	8	2	10	15	13	8	9	5	5	2	22	9	16	4	12	10	16	14	12	18	31	18	25	2	21	13	6	9	24	5	5	6	13	7	6	21	44	14	16	3	31	9	
1020_A/duck/Shandong/11.1 15	10	15	4	22	9	4	12	8	12	0	0	8	2	1	12	16	8	5	1	9	5	8	2	10	15	13	8	9	5	5	2	22	9	16	4	12	10	16	14	12	18	31	18	25	2	21	13	6	9	24	5	5	6	13	7	6	21	44	14	16	3	31	9	
1021_A/duck/Shandong/Q1/2 16	10	14	4	21	9	5	12	8	12	0	0	8	2	1	12	16	7	5	1	9	6	8	2	10	15	13	8	9	5	5	2	22	9	16	5	12	10	16	13	13	19	31	18	26	1	21	13	6	8	23	5	4	6	14	7	6	20	44	12	15	5	31	11	
1022_A/duck/Shandong/SD02 15	10	10	5	21	9	9	11	4	11	0	0	9	3	1	12	18	7	6	1	9	6	7	2	10	13	12	8	12	6	6	2	23	7	11	7	6	9	21	10	17	20	24	19	26	2	27	12	5	7	21	5	4	11	16	9	6	17	51	10	16	4	27	12	
1023_A/duck/Shandong/SD02 15	10	10	5	21	9	9	11	4	11	0	0	9	3	1	12	18	7	6	1	9	6	7	2	10	13	12	8	12	6	6	2	23	7	11	7	6	9	21	10	17	20	24	19	26	2	27	12	5	7	21	5	4	11	16	9	6	17	51	10	16	4	27	12	
1024_A/Duck/Shandong/Y01/ 13	10	11	5	23	10	8	11	5	10	0	0	10	3	1	12	14	5	5	1	12	6	8	2	9	14	11	8	12	7	7	2	23	6	11	7	9	8	19	12	17	23	30	20	25	0	22	10	7	7	19	5	3	8	18	8	6	20	49	11	14	4	28	13	
1025_A/Duck/Shandong/Y02/ 13	11	12	4	23	9	7	12	5	11	0	0	10	2	1	12	14	5	5	1	12	6	8	2	10	14	12	8	11	7	7	2	22	6	13	7	10	8	17	12	17	23	29	20	25	0	22	10	7	7	20	4	3	8	17	9	6	19	48	11	14	5	29	13	
1026_A/duck/Sichuan/04.27 13	10	12	2	23	9	7	14	6	11	0	0	8	3	1	12	17	8	5	1	9	5	8	2	11	14	13	7	10	6	5	3	23	6	15	9	8	10	15	11	17	20	29	16	26	3	25	12	6	8	20	3	5	9	17	9	6	19	49	10	13	3	27	13	
1027_A/duck/Sichuan/04.27 13	10	12	2	23	9	7	14	6	11	0	0	8	3	1	12	16	8	5	1	10	5	8	2	11	14	13	7	10	6	5	3	23	6	15	9	8	10	15	11	17	20	29	16	26	3	25	12	6	8	20	3	5	9	17	9	5	19	49	10	14	3	27	13	
1028_A/duck/Sichuan/04.27 13	10	12	2	23	9	7	14	6	11	0	0	8	3	1	12	17	7	5	1	9	6	8	2	11	14	13	7	10	6	5	3	23	6	14	9	8	10	16	11	17	20	29	16	26	3	25	12	6	8	20	3	5	9	17	9	5	18	49	11	14	4	27	12	
1029_A/duck/Sichuan/04.27 13	10	12	2	23	9	7	14	6	11	0	0	8	3	1	12	16	8	5	1	10	5	8	2	11	14	13	7	10	6	5	3	23	6	15	9	8	10	15	11	17	20	29	16	26	3	25	12	6	8	20	3	5	9	17	9	5	19	49	10	14	3	27	13	
1030_A/duck/Sichuan/04.27 13	10	12	2	23	9	7	14	6	11	0	0	8	3	1	12	17	8	5	1	9	5	8	2	11	14	13	7	10	6	5	3	23	6	15	9	8	10	15	11	17	20	29	16	26	3	25	12	6	8	20	3	5	9	17	9	5	19	49	10	14	3	27	13	
1031_A/duck/Sichuan/04.27 13	10	12	2	23	9	7	14	6	11	0	0	8	3	1	12	17	8	5	1	9	5	8	2	11	14	13	7	10	6	5	3	23	6	15	9	8	10	15	11	17	20	29	16	26	3	25	12	6	8	20	3	5	9	17	9	6	19	49	10	13	3	27	13	
1032_A/duck/Sichuan/NCXJ1 13	10	12	2	23	9	7	14	6	11	0	0	8	3	1	12	17	8	5	1	9	5	8	2	11	14	13	7	10	6	5	3	23	6	15	9	8	10	15	11	17	20	29	16	26	3	25	12	6	8	20	3	5	9	17	9	6	19	49	10	13	3	27	13	
1033_A/duck/Sichuan/NCXJ2 13	10	12	2	23	9	7	14	6	11	0	0	8	3	1	12	16	8	5	1	10	5	8	2	11	14	13	7	10	6	5	3	23	6	15	9	8	10	15	11	17	20	29	16	26	3	25	12	6	8	20	3	5	9	17	9	5	19	49	10	14	3	27	13	
1034_A/duck/Sichuan/NCXN1 12	9	13	2	24	10	6	14	6	12	0	0	8	2	1	12	18	9	5	1	8	4	8	2	11	15	13	7	10	5	5	3	23	6	15	7	8	10	15	13	17	20	31	17	26	3	22	12	7	7	21	3	5	9	17	9	5	20	49	11	14	2	26	12	
1035_A/duck/Sichuan/NCXN1 13	9	14	2	23	10	5	14	6	10	0	0	9	4	1	12	18	7	5	1	8	5	8	2	10	15	13	7	10	6	5	3	24	6	16	7	7	10	14	13	17	20	30	16	26	3	23	13	7	7	21	3	5	9	17	10	5	21	46	9	14	1	29	13	
1036_A/duck/Sichuan/S1805 14	9	13	4	22	9	6	12	5	10	0	0	8	3	1	12	18	6	8	1	8	7	5	2	10	13	11	6	13	6	7	4	23	9	13	7	10	8	17	11	15	20	32	23	25	1	19	8	5	6	21	4	7	11	17	10	8	19	50	12	11	5	27	10	
1037_A/duck/Sichuan/SC482 14	9	13	4	22	9	6	12	5	10	0	0	8	3	1	12	18	6	8	1	8	7	5	2	10	13	11	6	13	6	7	4	22	9	13	7	10	8	16	13	16	20	32	23	25	1	19	8	5	6	21	4	7	11	17	9	8	19	50	12	11	5	27	10	
1038_A/duck/Sichuan/SC569 14	9	13	4	22	9	6	12	5	10	0	0	8	3	1	12	18	6	8	1	8	7	5	2	10	13	11	6	13	6	7	4	22	9	13	7	10	9	16	12	16	19	33	22	25	1	19	8	5	6	21	4	7	11	17	10	8	19	50	12	11	5	27	10	
1039_A/duck/Sichuan/SD002 14	9	13	5	22	9	6	11	5	10	0	0	8	3	1	12	18	6	8	1	8	7	5	2	10	13	11	6	13	6	7	4	22	9	12	8	10	8	17	11	16	20	32	22	25	1	19	8	5	6	21	4	7	11	17	10	8	19	50	13	11	5	27	10	
1040_A/duck/Taichung/1501 13	10	12	3	24	11	7	13	5	7	0	0	10	5	1	12	14	5	5	1	10	6	8	2	11	14	11	6	10	7	7	4	23	8	11	7	12	8	20	11	16	20	29	19	25	1	24	10	5	2	21	3	5	14	16	10	5	18	47	12	14	5	30	12	
1041_A/duck/Tainan/16WB34 13	9	11	5	23	10	8	11	5	8	0	0	12	5	1	12	15	7	7	1	11	6	6	2	6	13	10	8	13	7	8	2	24	7	12	8	9	9	18	10	17	20	29	16	25	1	25	12	7	4	21	4	3	12	16	10	6	18	50	10	14	5	28	12	
1042_A/duck/Tainan/150104 14	11	14	4	23	10	5	12	9	11	0	0	10	4	1	12	15	8	5	1	11	4	8	2	7	15	13	6	8	5	5	3	23	7	20	4	11	10	13	14	14	19	31	18	26	4	22	13	7	6	23	5	4	7	14	8	8	19	43	10	12	3	31	12	
1043_A/duck/Tainan/160100 13	10	12	3	24	11	7	13	4	7	0	0	12	5	1	12	14	5	5	1	10	6	8	2	11	14	11	7	9	7	7	4	23	8	12	7	10	9	18	12	17	19	28	18	25	1	25	10	5	2	20	2	6	14	18	11	5	18	48	12	14	5	29	11	
1044_A/duck/Taipei/05WB83 13	10	13	3	23	11	6	13	4	7	0	0	10	5	1	12	16	5	5	1	11	6	8	2	9	15	12	6	13	6	6	4	22	10	10	6	10	7	21	12	16	20	32	18	24	1	21	11	6	4	21	2	4	12	17	11	5	18	49	11	15	5	28	12	
1045_A/duck/Taipei/18WB01 13	9	9	5	22	10	10	11	4	10	0	0	12	3	1	12	15	6	5	1	11	6	8	2	7	13	10	6	13	8	8	3	25	5	12	7	8	10	18	11	16	19	32	18	25	3	21	12	5	4	19	3	5	12	17	11	7	17	49	9	15	6	29	14	
1046_A/duck/Taipei/19WB02 15	9	11	3	21	11	8	13	3	10	0	0	11	3	1	12	18	5	6	1	8	6	7	2	12	13	13	10	10	8	5	1	27	5	11	7	7	12	20	11	15	18	35	17	25	2	17	12	6	4	21	2	5	11	17	11	6	19	44	10	13	5	33	13	
1047_A/duck/Taiwan/01006/ 13	10	12	3	24	11	7	13	5	7	0	0	10	5	1	12	14	5	5	1	10	6	8	2	11	14	10	7	10	7	7	4	23	8	11	7	11	9	19	12	16	20	28	19	25	1	25	10	5	2	21	2	5	14	17	11	5	18	46	12	14	5	30	12	
1048_A/duck/Taiwan/11213/ 12	10	13	4	24	9	6	12	5	12	0	0	7	2	1	12	18	5	5	1	9	7	8	1	9	13	10	5	15	7	8	5	21	7	13	5	12	11	19	13	16	17	28	15	25	2	25	14	5	6	25	3	5	9	11	9	4	18	43	13	16	6	34	12	
1049_A/duck/Taiwan/11254/ 12	10	13	4	24	9	6	12	5	12	0	0	7	1	1	12	18	5	5	1	9	7	8	1	9	13	10	5	15	8	8	5	21	7	13	5	12	11	19	13	16	17	28	15	25	2	25	14	5	6	25	3	5	9	11	9	4	18	42	12	16	6	35	13	
1050_A/duck/Taiwan/a043/2 12	10	12	3	22	11	7	12	6	7	0	0	10	5	1	12	14	5	5	1	10	6	8	2	11	13	10	5	10	7	7	4	23	8	10	7	12	8	20	11	16	20	28	19	24	1	25	10	5	2	21	2	5	14	16	11	5	18	44	13	13	5	30	12	
1051_A/duck/Taiwan/a068/2 13	11	14	4	22	10	5	11	9	11	0	0	10	4	1	12	16	8	5	1	11	4	8	2	7	14	12	6	8	5	5	2	22	7	19	4	11	10	13	14	14	19	31	18	25	4	22	13	7	6	23	5	4	7	13	8	8	19	42	10	11	3	31	12	
1052_A/duck/Taiwan/A3400/ 14	11	14	4	23	10	5	12	9	11	0	0	10	4	1	12	16	9	5	1	11	3	8	2	7	15	13	6	8	5	5	3	22	7	20	5	11	10	13	13	15	19	31	18	25	4	22	13	7	6	23	5	4	7	14	8	8	19	43	10	12	3	31	12	
1053_A/duck/Taiwan/DV1238 15	10	12	3	21	10	7	13	4	8	0	0	11	5	1	12	15	7	5	1	10	5	8	2	10	13	11	7	12	7	7	3	23	6	10	5	9	9	21	13	17	21	28	18	25	1	25	11	4	7	21	4	6	9	17	9	6	19	47	11	14	4	30	12	
1054_A/duck/Taiwan/DV1241 15	10	12	3	21	10	7	13	4	8	0	0	11	5	1	12	15	7	5	1	10	5	8	2	10	13	11	7	12	7	7	3	23	6	10	5	9	9	21	13	17	21	28	18	25	1	25	11	4	7	21	4	6	9	17	9	6	19	47	11	14	4	30	12	
1055_A/duck/Taiwan/DV1242 15	10	12	3	21	10	7	13	4	8	0	0	11	5	1	12	15	7	5	1	10	5	8	2	10	13	11	7	12	7	7	3	23	6	10	5	9	9	21	13	17	21	28	18	25	1	25	11	4	7	21	4	6	9	17	9	6	19	47	11	14	4	30	12	
1056_A/duck/Taoyuan/16010 13	10	12	3	24	12	7	13	6	7	0	0	9	5	1	12	14	5	6	1	10	5	8	2	11	14	11	6	10	7	6	4	23	8	13	7	10	8	19	12	17	20	26	19	25	1	26	11	5	2	19	2	6	14	17	11	5	18	48	12	14	5	28	12	
1057_A/duck/Wuxi/7249/201 14	9	13	2	20	10	6	13	6	11	0	0	9	3	1	12	18	9	6	1	8	4	8	2	11	14	12	7	9	6	6	3	23	6	14	8	9	11	15	12	18	19	29	18	25	3	24	12	7	7	22	3	6	9	16	9	4	20	44	11	14	3	30	13	
1058_A/duck/Xinjiang/12.1 14	10	12	3	22	10	7	13	5	8	0	0	11	5	1	12	15	6	6	1	10	3	8	2	10	14	12	9	12	9	6	2	24	5	13	5	8	11	18	12	17	18	32	14	24	3	21	14	5	6	22	3	5	10	16	10	8	18	42	12	12	5	34	12	
1059_A/duck/Xinjiang/S106 13	10	11	2	23	8	7	14	9	11	0	0	7	3	1	12	19	7	6	1	7	5	8	2	10	19	12	7	8	3	6	4	25	5	15	5	7	11	17	14	17	21	34	16	26	2	20	12	5	8	20	3	5	10	16	9	6	19	48	11	14	1	28	12	
1060_A/duck/Xinjiang/S112 13	10	11	2	23	8	7	14	9	11	0	0	7	3	1	12	19	7	6	1	7	5	8	2	10	19	12	7	8	3	6	4	24	5	15	5	7	11	17	14	17	21	34	16	26	2	20	12	6	8	20	3	5	10	16	9	6	19	48	11	14	1	28	12	
1061_A/duck/Yilan/17A0092 13	11	12	3	24	10	7	13	5	7	0	0	9	5	1	12	13	4	5	2	10	6	8	2	11	14	11	5	11	8	7	4	24	8	11	7	11	7	19	12	17	21	29	19	25	1	24	10	7	2	21	3	4	15	17	10	4	17	47	12	14	5	29	12	
1062_A/duck/Yunlin/15A501 12	10	12	4	25	11	7	12	5	7	0	0	10	5	1	12	14	5	5	1	10	6	8	3	10	14	11	5	11	6	7	4	23	8	14	7	11	8	18	12	17	20	29	19	25	2	24	10	4	3	19	2	6	14	17	11	5	18	47	12	14	4	29	12	
1063_A/duck/Yunlin/17A008 13	11	12	3	24	10	7	13	5	7	0	0	9	5	1	12	13	4	5	2	10	6	8	2	11	14	11	5	11	8	7	4	24	8	11	7	11	7	19	12	16	21	29	19	26	1	24	10	6	2	21	3	5	15	17	10	5	17	46	12	14	5	29	12	
1064_A/duck/Yunlin/17A068 13	11	12	2	24	10	7	14	4	7	0	0	10	5	1	12	13	4	5	2	10	6	8	2	11	14	11	4	11	8	7	5	24	9	11	7	10	6	19	12	18	21	29	19	25	1	24	10	6	3	21	3	5	15	17	10	4	17	46	12	14	4	30	12	
1065_A/duck/Yunlin/18X000 13	7	11	5	23	13	8	11	7	7	0	0	12	5	1	12	16	7	8	1	10	5	6	2	7	14	10	8	11	6	8	2	25	7	13	7	8	9	17	11	16	20	29	16	24	1	25	12	7	4	21	4	3	12	16	10	7	19	51	12	14	4	27	10	
1066_A/duck/Yunlin/150102 13	10	12	3	24	11	7	13	5	8	0	0	10	5	1	12	14	5	5	1	10	6	8	2	11	14	11	6	10	7	7	4	23	8	11	7	12	8	20	11	16	19	29	19	25	1	24	10	5	2	21	2	5	14	17	11	5	18	46	12	14	5	30	12	
1067_A/duck/Yunlin/150102 15	11	14	4	22	10	5	12	10	11	0	0	9	4	1	12	16	8	5	1	11	4	8	2	7	15	13	6	8	5	5	3	22	7	20	4	11	10	13	14	14	19	31	18	26	4	22	13	7	6	23	5	4	7	14	8	8	19	43	10	12	3	31	12	
1068_A/duck/Yunlin/150103 13	10	12	3	24	11	7	13	5	7	0	0	10	5	1	12	14	5	5	1	10	6	8	2	11	14	11	6	10	7	7	4	23	8	11	7	12	8	20	11	16	20	29	19	25	1	24	10	5	2	21	2	5	14	17	11	5	17	46	12	14	6	30	12	
1069_A/duck/Yunlin/150103 13	10	12	3	24	11	7	13	5	7	0	0	10	5	1	12	14	5	5	1	10	6	8	2	11	14	11	6	10	7	7	4	23	8	11	7	13	8	20	11	16	20	28	19	25	1	25	10	5	2	21	2	4	14	17	11	5	18	46	12	14	5	30	12	
1070_A/duck/Yunlin/150103 13	10	12	3	24	11	7	13	5	7	0	0	10	5	1	12	14	5	5	1	10	6	8	2	11	14	11	6	10	7	7	4	23	8	11	7	12	8	20	11	16	20	29	19	25	1	24	10	5	2	21	2	5	14	17	11	5	18	46	12	14	5	30	12	
1071_A/duck/Yunlin/150104 15	11	14	4	22	10	5	12	10	11	0	0	9	4	1	12	16	8	5	1	11	4	8	2	7	15	13	6	8	5	5	3	22	7	20	4	11	10	13	14	14	19	31	18	26	4	22	13	7	6	23	5	4	7	14	8	8	19	43	10	12	3	31	12	
1072_A/duck/Yunlin/150700 12	10	12	3	25	11	7	13	5	7	0	0	10	5	1	12	14	5	5	1	10	6	8	3	11	14	11	5	10	7	7	4	23	8	13	7	10	8	20	12	17	20	28	18	25	1	25	11	5	2	19	2	6	14	16	11	5	18	46	12	14	5	30	12	
1073_A/duck/Yunlin/171100 13	11	12	3	24	10	7	13	6	7	0	0	9	5	1	12	13	4	5	2	10	6	8	2	10	13	11	4	11	9	7	5	24	8	11	7	9	7	19	12	19	21	29	19	25	1	24	10	6	2	21	4	5	15	17	9	5	16	44	12	14	5	32	12	
1074_A/duck/Yunlin/180600 13	12	12	3	24	10	7	13	6	6	0	0	10	5	1	12	13	4	5	2	10	6	8	1	10	13	11	5	10	9	7	5	23	8	11	6	9	7	19	13	20	21	28	19	25	1	25	10	6	2	20	4	5	15	17	10	5	16	44	12	14	5	32	12	
1075_A/duck/Yunnan/03.15_ 13	9	13	2	23	10	6	14	7	10	0	0	9	4	1	12	19	8	5	1	7	5	8	2	10	14	13	7	9	6	5	4	25	6	17	8	7	10	14	12	16	20	30	16	27	3	23	12	7	8	20	3	5	8	19	9	5	20	42	10	13	2	31	13	
1076_A/duck/Yunnan/03.16_ 13	9	13	2	23	10	6	14	7	10	0	0	9	4	1	12	19	8	5	1	7	5	8	2	10	14	13	7	9	6	5	4	25	6	17	8	7	10	14	12	16	20	30	16	27	3	23	12	7	8	20	3	5	8	19	9	5	20	43	10	13	2	30	13	
1077_A/duck/Yunnan/03.16_ 15	9	12	5	19	12	7	11	4	9	0	0	7	3	1	12	14	6	5	2	11	6	8	3	10	12	7	4	17	8	10	3	18	8	13	5	15	12	21	10	15	17	33	18	23	2	19	12	4	5	20	4	5	10	14	7	4	18	54	12	15	5	24	12	
1078_A/duck/Yunnan/03.16_ 13	9	13	2	23	10	6	14	7	10	0	0	9	4	1	12	19	8	5	1	7	5	8	2	10	14	13	7	9	6	5	4	25	6	17	8	7	10	14	12	16	20	30	16	27	3	23	12	7	8	20	3	5	8	19	9	5	20	43	10	13	2	30	13	
1079_A/duck/Yunnan/03.16_ 13	9	13	2	23	10	6	14	7	10	0	0	9	4	1	12	19	7	5	1	7	6	8	2	10	14	13	7	9	6	5	4	25	6	17	8	7	10	14	12	16	20	30	16	27	3	23	12	7	8	20	3	5	8	19	9	5	20	43	10	13	2	30	13	
1080_A/duck/Yunnan/07.15_ 13	9	12	2	24	10	7	14	7	10	0	0	9	4	1	12	19	8	5	1	6	5	8	2	10	14	14	7	8	6	4	4	25	6	16	8	7	10	15	12	15	21	30	15	26	3	24	13	7	8	21	3	6	8	18	9	5	20	43	10	14	2	29	13	
1081_A/duck/Yunnan/07.15_ 13	9	12	2	23	10	7	14	7	10	0	0	10	4	1	12	19	8	5	1	7	5	8	2	10	14	14	7	8	6	4	4	25	6	16	8	7	10	15	12	15	21	29	15	26	3	24	13	7	8	21	3	5	8	18	9	5	20	44	10	14	2	29	13	
1082_A/duck/Yunnan/07.15_ 13	9	12	2	23	10	7	14	7	10	0	0	10	4	1	12	19	8	5	1	7	5	8	2	10	14	14	7	8	6	4	4	25	6	16	8	7	10	15	12	15	21	29	15	26	3	24	13	7	8	21	3	5	8	18	9	5	20	44	10	14	2	29	13	
1083_A/duck/Yunnan/07.15_ 13	9	12	2	23	10	7	14	7	10	0	0	10	4	1	12	19	8	5	1	7	5	8	2	10	14	14	7	8	6	4	4	25	6	16	8	7	10	15	12	15	21	29	15	26	3	24	13	7	8	21	3	5	8	18	9	5	20	44	10	14	2	29	13	
1084_A/duck/Yunnan/S4318/ 14	9	13	4	22	9	6	12	5	11	0	0	8	2	1	12	18	6	8	1	8	7	5	2	10	13	11	6	13	6	7	3	23	8	13	7	10	8	17	11	15	21	32	23	25	1	19	9	5	7	21	4	7	11	17	10	8	18	51	12	11	5	26	10	
1085_A/Duck/Yunnan/YN-2/2 13	9	13	2	23	10	6	14	7	10	0	0	10	4	1	12	19	8	5	1	7	5	8	2	10	14	13	6	8	6	5	5	25	6	16	9	7	10	14	12	16	20	29	16	26	3	24	12	7	8	22	3	5	8	17	9	5	20	45	10	14	2	28	13	
1086_A/Duck/Yunnan/YN-4/2 13	9	13	2	23	10	6	14	7	10	0	0	10	4	1	12	19	8	5	1	7	6	8	2	10	13	13	6	8	6	5	5	25	6	16	9	7	10	15	11	16	20	29	16	26	3	24	12	7	8	22	3	5	8	17	9	5	20	45	10	14	2	28	13	
1087_A/Duck/Yunnan/YN-9/2 13	9	13	2	23	10	6	14	7	10	0	0	10	4	1	12	19	8	5	1	7	5	8	2	10	14	13	6	8	6	5	5	25	6	16	9	7	10	15	11	16	20	29	16	26	3	24	12	7	8	22	3	5	8	17	9	5	20	45	10	14	2	28	13	
1088_A/Duck/Zhanjiang/155 14	9	14	3	23	9	5	13	5	12	1	0	13	4	0	12	19	9	6	1	7	5	7	2	10	12	13	7	7	7	5	3	26	5	16	6	6	11	16	13	16	19	29	14	26	2	24	15	7	7	20	2	5	9	18	7	4	20	45	12	15	2	28	15	
1089_A/duck/Zhejiang/02.2 15	11	14	2	21	8	5	14	5	11	0	0	9	3	1	12	18	8	5	1	8	5	8	2	11	14	12	7	10	6	6	4	24	6	16	8	7	10	14	12	17	19	30	16	26	4	24	12	7	7	22	3	5	9	18	9	5	20	43	10	14	2	29	13	
1090_A/duck/Zhejiang/6D18 15	10	13	4	22	9	6	12	8	11	0	0	8	3	1	12	15	8	6	1	10	5	8	2	10	14	12	8	9	6	5	2	22	9	16	4	12	10	16	14	12	17	31	19	25	3	20	13	6	9	24	5	5	6	13	7	6	21	43	14	16	3	32	9	
1091_A/duck/Zhejiang/7713 13	9	13	2	23	10	6	14	6	11	0	0	10	3	1	12	18	9	5	1	8	4	8	2	11	13	13	7	8	7	5	3	24	6	15	6	8	10	15	14	17	20	31	18	26	3	22	11	6	7	20	3	5	9	18	9	5	20	48	11	14	2	27	12	
1092_A/duck/Zhejiang/7270 14	11	12	2	22	9	7	14	6	10	0	0	9	3	1	12	18	8	5	1	8	5	8	2	11	14	12	8	9	6	6	3	23	6	16	8	7	10	14	12	17	17	30	16	25	4	25	11	8	7	22	4	5	9	18	9	5	21	45	9	15	2	28	13	
1093_A/duck/Zhejiang/7271 13	9	14	1	23	10	5	15	5	10	0	0	10	4	1	12	17	8	5	1	8	5	8	2	11	14	13	7	9	6	5	4	24	7	16	8	8	9	14	12	17	20	29	16	26	3	24	12	7	7	22	4	5	9	18	9	5	20	43	9	14	2	30	13	
1094_A/duck/Zhejiang/9250 14	9	14	4	23	9	5	12	7	12	0	0	9	3	1	12	15	8	5	1	10	5	8	2	10	15	13	8	9	5	5	2	23	9	16	4	11	10	16	14	12	19	29	17	24	1	23	14	6	10	23	5	5	6	13	7	6	20	46	13	17	3	30	10	
1095_A/duck/Zhejiang/9251 14	9	14	4	23	9	5	12	7	12	0	0	9	3	1	12	15	8	5	1	10	6	8	2	10	15	13	8	9	5	5	2	23	8	15	4	11	10	17	14	12	19	29	17	24	1	23	14	6	10	24	5	5	6	13	7	6	20	45	13	17	3	30	10	
1096_A/duck/Zhejiang/1026 17	11	14	2	20	10	6	14	6	9	0	0	13	3	1	12	15	5	5	3	9	4	7	1	7	14	9	5	11	8	9	3	23	5	14	8	10	12	18	8	17	18	33	21	25	2	18	14	8	7	23	5	3	9	14	8	7	20	51	12	12	2	25	12	
1097_A/duck/Zhejiang/1220 13	10	12	2	23	8	7	14	8	12	0	0	7	3	1	12	18	7	5	1	7	5	8	2	12	19	12	7	9	3	6	4	25	6	15	5	7	10	17	14	17	20	32	16	26	3	20	13	5	6	21	3	5	10	15	9	5	19	49	13	14	2	27	11	
1098_A/duck/Zhejiang/S409 14	10	12	2	22	8	7	14	8	13	0	0	7	1	1	12	18	7	5	1	7	5	8	2	12	19	12	7	9	3	6	4	24	6	16	5	8	9	17	14	17	21	33	16	26	3	20	13	5	8	20	3	5	8	16	8	5	20	48	12	14	2	28	11	
1099_A/duck/Zhejiang/S485 12	10	10	5	23	10	9	11	4	7	0	0	13	6	1	12	15	6	6	1	11	7	7	2	9	14	10	7	10	6	9	3	26	6	14	7	7	11	16	10	18	18	30	13	25	3	24	16	5	3	22	3	4	12	14	11	6	17	48	10	14	6	31	11	
1100_A/duck/Zhejiang/W24/ 15	10	14	4	22	9	5	12	8	12	0	0	8	2	1	12	15	8	5	1	10	5	8	2	10	15	13	8	9	5	5	2	23	8	17	4	11	11	15	14	12	18	31	18	25	2	21	13	6	9	24	5	5	6	13	7	6	21	44	14	16	3	31	9	
1101_A/egret/Jiangsu/SD02 15	10	10	5	21	9	9	11	4	11	0	0	9	3	1	12	18	7	6	1	9	6	7	2	10	13	11	7	12	6	7	3	23	7	11	7	7	9	21	10	17	20	24	19	25	2	27	12	5	7	20	4	4	11	17	10	6	17	50	10	16	4	28	12	
1102_A/Egret/Shangdong/JN 13	8	11	5	23	10	8	11	3	8	0	0	11	5	1	12	14	6	6	1	11	7	7	2	8	14	12	8	14	6	6	3	25	7	13	6	7	10	17	12	18	20	33	11	24	2	20	17	7	4	22	3	3	12	14	11	5	17	49	11	16	6	29	12	
1103_A/environment/Hunan/ 12	10	13	2	24	9	6	14	7	11	0	0	8	3	1	12	18	9	5	1	8	4	8	2	12	14	14	7	8	6	5	3	24	6	16	8	7	10	14	12	17	20	27	16	26	3	25	13	7	9	21	3	5	8	18	9	4	20	45	10	15	1	29	13	
1104_A/Environment/Shando 13	8	11	5	23	10	8	11	3	8	0	0	11	5	1	12	13	6	6	1	11	7	7	2	8	14	12	8	14	6	6	3	25	8	13	6	7	10	17	12	18	20	33	11	24	2	20	17	7	4	22	3	3	12	14	11	5	17	49	12	16	6	29	11	
1105_A/Environment/Shando 13	8	11	5	23	10	8	11	3	8	0	0	11	4	1	13	14	6	6	1	11	7	7	2	8	14	12	8	14	6	6	3	25	7	13	6	7	10	17	12	18	20	33	11	24	2	20	17	7	4	22	3	3	12	14	11	5	17	49	12	16	6	29	11	
1106_A/Environment/Shando 14	8	11	5	23	10	8	11	3	8	0	0	11	5	1	12	14	6	6	1	11	7	7	2	8	13	13	8	14	6	6	3	24	7	14	6	7	10	17	12	18	20	32	12	23	2	20	17	7	4	22	3	3	12	14	11	5	17	48	12	16	6	29	12	
1107_A/equine/China/61/20 12	10	13	2	24	9	6	14	7	11	0	0	7	3	1	12	16	7	5	1	10	5	8	2	9	15	13	7	12	6	5	3	23	6	16	6	10	11	15	13	16	19	34	18	26	2	20	10	6	5	22	3	4	10	15	9	6	19	48	12	14	4	29	11	
1108_A/equine/China/67/20 12	9	13	2	24	10	6	14	7	11	0	0	7	3	1	12	17	7	5	1	9	5	8	2	9	15	13	7	12	6	5	3	23	6	16	6	10	11	15	13	16	19	34	18	26	2	20	10	6	5	21	3	5	9	16	9	6	19	48	12	14	4	29	11	
1109_A/equine/China/68/20 12	10	13	2	23	9	6	14	7	11	0	0	7	3	1	12	16	7	5	1	11	5	8	2	9	15	13	7	12	6	5	3	23	6	16	6	10	11	15	13	16	19	33	18	26	2	21	10	6	5	22	3	4	10	15	9	6	19	48	12	14	4	29	11	
1110_A/eurasian_eagle-owl 15	10	10	5	21	9	9	11	4	11	0	0	9	3	1	12	18	7	6	1	9	6	7	2	10	13	12	7	12	6	6	3	23	7	11	7	7	9	21	10	17	20	24	19	25	2	27	12	5	7	20	5	4	11	17	9	6	17	51	10	16	4	27	12	
1111_A/Eurasian_Teal/Hong 15	9	11	4	22	9	8	12	3	10	0	0	12	3	1	12	17	10	6	1	9	4	7	2	11	14	11	7	11	5	7	3	21	7	10	7	8	11	20	11	16	18	32	19	26	1	22	9	5	4	20	2	5	13	17	11	7	19	47	12	13	5	32	11	
1112_A/Eurasian_Teal/Hong 14	9	11	4	23	9	8	12	3	10	0	0	12	3	1	12	18	10	6	1	9	4	7	2	11	13	11	7	10	6	7	3	21	7	10	7	8	11	20	11	16	18	31	20	26	1	22	9	5	4	20	2	5	13	17	11	7	19	49	13	13	5	30	10	
1113_A/Eurasian_Wigeon/Ho 14	9	11	4	23	9	8	12	3	10	0	0	12	3	1	12	18	10	6	1	9	4	7	2	11	13	11	7	10	6	7	3	21	7	10	7	8	11	20	11	16	18	31	20	26	1	22	9	5	4	20	2	5	13	17	11	7	19	49	13	13	5	30	10	
1114_A/Eurasian_Wigeon/Ho 14	9	11	4	23	9	8	12	3	10	0	0	12	3	1	12	18	10	6	1	9	4	7	2	11	13	11	7	10	6	7	3	21	7	10	7	8	11	20	11	16	18	31	20	26	1	22	9	5	4	20	2	5	13	17	11	7	19	49	13	13	5	30	10	
1115_A/Falcated_Duck/Ning 12	9	12	2	24	9	7	14	6	10	0	0	8	4	1	12	17	8	5	1	9	6	8	1	12	14	13	7	9	6	5	5	23	7	18	9	8	10	12	11	17	19	29	16	26	3	24	12	7	7	22	3	5	9	18	9	5	20	43	12	14	2	30	11	
1116_A/Falco_peregrinus/B 16	10	11	4	22	9	7	12	5	10	0	0	10	3	1	12	19	9	5	1	8	5	7	2	11	13	11	7	11	6	7	3	23	7	10	6	7	10	21	11	17	20	31	20	26	1	22	9	6	4	20	2	4	13	16	11	6	18	46	15	13	4	33	8	
1117_A/feline/Guangdong/2 13	9	13	2	23	10	6	14	7	10	0	0	9	4	1	12	19	9	5	1	7	5	8	2	9	14	13	7	10	5	5	4	24	6	16	8	7	10	15	12	17	20	27	17	26	3	25	12	7	8	22	3	5	8	17	9	5	20	42	11	14	2	31	12	
1118_A/Fujian/1/2005|EPI_ 17	10	11	4	19	12	8	12	4	9	0	0	10	3	1	12	15	6	5	1	12	5	8	2	7	13	13	5	14	7	5	5	25	6	10	11	9	13	21	8	15	15	34	17	25	3	21	9	5	6	24	4	4	11	13	6	5	18	45	16	15	6	33	9	
1119_A/Fujian/1/2007|EPI_ 12	10	12	2	23	9	7	14	7	11	0	0	7	3	1	12	17	7	6	1	10	5	7	2	9	17	13	7	12	4	5	3	24	8	17	6	9	11	14	14	16	17	35	17	26	2	20	10	6	5	22	3	4	10	15	8	8	18	47	12	13	4	30	11	
1120_A/Fujian/1/2024(H5N6 16	11	10	5	20	9	9	11	4	11	0	0	7	2	1	12	18	7	6	1	9	6	7	2	10	13	13	6	14	6	5	3	24	7	11	7	5	9	20	10	17	20	23	19	25	2	27	14	6	7	20	4	4	11	19	9	6	18	50	14	16	3	27	9	
1121_A/Fujian/2/2024(H5N6 16	11	10	5	20	9	9	11	4	11	0	0	7	2	1	12	18	7	6	1	9	6	7	2	10	13	13	6	14	6	5	3	24	7	11	7	5	9	20	10	17	20	23	20	25	2	27	13	6	7	20	4	4	11	19	9	6	18	50	13	16	3	27	10	
1122_A/Fujian-Sanyuan/210 17	9	13	5	19	10	7	10	6	11	0	0	12	3	1	12	21	3	3	3	7	6	10	1	6	16	11	3	12	6	8	1	23	9	21	10	12	7	13	9	14	21	30	20	25	0	23	12	7	8	23	4	3	10	13	5	11	18	41	19	9	1	36	8	
1123_A/Fujian-Sanyuan/210 13	10	9	6	23	10	10	10	4	8	0	0	11	5	1	12	14	5	5	1	11	6	8	2	8	13	11	6	13	8	7	3	24	5	13	7	8	10	18	10	16	20	27	18	25	3	25	13	6	6	21	3	5	10	16	11	6	18	48	10	14	5	30	13	
1124_A/Gadwall/Ningxia/47 12	9	12	2	24	9	7	14	6	10	0	0	8	4	1	12	17	8	5	1	9	6	8	1	12	14	13	7	9	6	5	5	23	7	18	9	8	10	12	11	17	19	29	16	26	3	24	12	7	7	22	3	5	9	18	9	5	20	43	12	14	2	30	11	
1125_A/Gallinago_Stenura/ 14	9	11	4	23	9	8	12	3	10	0	0	12	3	1	12	18	10	6	1	9	4	7	2	11	13	11	7	10	6	7	3	21	7	10	7	8	11	20	11	16	18	31	20	26	1	22	9	5	4	20	2	5	13	17	11	7	19	49	13	13	5	30	10	
1126_A/Gallinula_chloropu 13	9	13	2	23	10	6	14	6	11	0	0	9	3	1	12	18	7	5	1	8	5	8	2	11	15	13	7	9	7	5	3	24	6	16	8	6	10	14	12	19	18	29	16	24	3	25	13	7	7	22	3	6	9	18	9	6	21	43	11	14	1	28	13	
1127_A/Goose/_Guangdong_/ 13	9	13	2	23	10	6	14	6	10	0	0	9	4	1	12	18	8	6	1	9	5	7	2	11	14	13	7	8	6	5	4	24	6	16	8	7	10	14	12	17	20	27	16	26	3	26	12	7	7	23	3	5	9	18	9	5	20	44	10	14	2	28	13	
1128_A/Goose/_Guangdong_/ 14	9	12	2	22	10	7	14	7	10	0	0	8	4	1	12	18	8	6	1	8	5	8	2	11	13	13	7	9	7	5	4	23	6	16	7	8	10	13	13	17	20	29	18	26	3	24	10	7	7	22	3	5	9	18	9	5	20	44	10	14	2	29	13	
1129_A/Goose/_Guangdong_/ 13	9	13	2	24	9	6	14	6	11	0	0	8	3	1	12	18	8	6	1	8	5	8	2	11	14	12	7	10	6	5	3	24	6	17	8	7	10	14	12	17	20	30	17	26	3	24	12	7	7	21	2	5	9	18	10	4	21	45	10	14	2	27	13	
1130_A/goose/Anhui/AH350/ 13	9	13	3	23	10	6	13	7	10	0	0	9	4	1	12	19	7	5	1	7	6	8	2	9	14	13	7	10	6	5	4	24	6	17	8	7	10	13	12	17	18	27	16	26	4	26	12	7	8	22	3	5	8	18	9	5	21	43	10	14	2	30	13	
1131_A/goose/Changhua/150 13	10	12	3	24	11	7	13	5	7	0	0	10	5	1	12	14	5	5	1	10	6	8	2	11	14	11	6	10	7	7	4	23	8	11	7	12	8	20	11	16	20	29	19	25	1	24	10	5	2	22	3	5	14	15	10	5	18	48	12	14	5	29	12	
1132_A/goose/Chiayi/15010 13	10	12	3	24	11	7	13	5	7	0	0	10	5	1	12	13	5	5	1	11	6	8	2	11	14	11	6	10	7	7	4	23	8	12	7	12	8	19	11	16	20	28	19	25	1	25	10	5	2	21	2	5	14	17	11	5	18	46	12	14	5	30	12	
1133_A/goose/Chiayi/15010 13	10	12	3	24	11	7	13	5	7	0	0	10	5	1	12	14	5	5	1	10	6	8	2	11	14	11	6	10	7	7	4	23	8	11	7	12	8	19	12	16	19	28	19	25	2	25	10	5	2	21	2	5	14	17	11	5	18	46	12	14	5	30	12	
1134_A/goose/Chiayi/15020 15	11	14	4	22	10	5	12	10	11	0	0	9	4	1	12	16	8	5	1	11	4	8	2	7	15	13	6	8	5	5	3	22	8	20	4	11	9	13	14	14	19	31	18	26	4	22	13	7	6	23	5	4	7	14	8	8	19	43	10	12	3	31	12	
1135_A/goose/Chiayi/16010 13	10	12	3	24	11	7	13	4	7	0	0	12	5	1	12	14	5	5	1	10	6	8	2	11	14	11	7	9	7	7	4	23	8	12	7	10	9	18	12	17	19	28	18	25	1	25	10	5	2	20	2	6	14	18	11	5	18	48	12	14	5	28	12	
1136_A/goose/Chiayi/16040 15	10	13	3	22	11	6	13	5	7	0	0	10	5	1	12	14	4	6	1	10	7	7	2	11	14	11	6	10	7	7	4	23	8	12	7	10	8	18	12	16	21	29	19	25	1	24	10	5	2	19	2	6	14	19	11	5	18	48	12	14	5	28	12	
1137_A/goose/Chiayi/16040 15	10	13	3	22	11	6	13	5	7	0	0	10	5	1	12	14	4	6	1	10	7	7	2	11	14	11	6	10	7	7	4	23	8	12	7	10	8	18	12	16	21	29	19	25	1	24	10	5	2	19	2	6	14	19	11	5	18	48	12	14	5	28	12	
1138_A/goose/Chiayi/17020 13	11	12	3	24	10	7	13	5	7	0	0	9	5	1	12	13	4	5	2	10	6	8	2	11	14	11	5	11	8	7	4	24	8	11	7	11	7	19	12	17	21	29	19	25	1	25	9	6	2	20	3	5	15	18	9	4	17	47	13	14	5	29	12	
1139_A/goose/Chiayi/17040 13	10	12	2	24	11	7	14	5	8	0	0	11	5	1	12	15	5	6	1	10	6	7	2	11	13	9	6	8	8	9	4	24	9	11	8	11	7	18	11	17	20	27	21	25	1	26	9	5	3	21	2	4	14	19	10	4	17	45	10	14	5	30	14	
1140_A/goose/Chiayi/18010 13	11	11	4	25	9	8	12	6	6	0	0	9	6	1	12	13	4	5	2	10	6	8	2	10	13	11	4	11	9	7	5	25	8	11	7	9	7	19	12	19	21	29	19	25	1	24	10	5	2	21	3	5	15	17	10	5	16	44	12	14	5	32	12	
1141_A/goose/Chiayi/18020 13	11	12	3	24	10	7	13	6	7	0	0	9	5	1	12	13	4	6	2	10	6	8	2	11	13	11	4	10	9	6	5	24	8	11	7	9	7	19	12	19	21	29	19	25	1	24	10	6	2	21	3	5	15	17	10	5	16	44	12	14	5	32	12	
1142_A/goose/China/1/2021 15	10	10	5	21	9	9	11	5	11	0	0	8	3	1	12	18	7	6	1	9	6	8	1	10	13	11	7	12	6	7	3	23	7	11	6	7	9	21	11	17	21	25	18	25	2	27	12	5	7	19	4	4	11	18	10	6	17	51	9	16	4	26	13	
1143_A/goose/China/0701/2 15	9	12	2	21	10	7	14	7	9	0	0	8	5	1	12	19	9	5	1	7	5	8	2	11	13	13	4	9	6	5	6	23	6	15	8	7	11	15	12	19	17	27	20	25	5	25	10	6	10	21	2	6	8	18	9	4	19	42	10	15	2	30	15	
1144_A/goose/China/1106/2 16	11	14	2	21	10	6	14	6	10	0	0	13	2	1	12	15	7	5	1	9	3	7	1	7	15	9	6	11	7	9	3	23	6	15	7	10	11	17	9	16	18	32	20	25	2	21	13	8	7	23	4	3	9	14	9	9	20	49	12	11	2	27	12	
1145_A/goose/China/E43/20 13	9	13	2	23	10	6	14	6	11	0	0	8	3	1	12	18	9	6	1	8	4	8	2	10	16	13	7	11	4	5	3	24	7	15	7	8	10	14	13	17	19	32	17	26	2	21	12	6	7	21	4	4	9	16	9	6	21	49	12	14	2	26	11	
1146_A/goose/Chongqing/SD 14	10	13	4	22	8	6	12	6	11	0	0	8	3	1	12	18	6	8	1	8	7	5	2	10	12	11	6	12	6	7	4	22	8	13	7	10	9	16	12	16	20	34	23	25	1	17	8	5	7	21	4	7	11	17	10	8	19	50	12	11	4	27	10	
1147_A/goose/Eastern_Chin 15	10	14	4	22	9	5	12	8	12	0	0	8	2	1	12	15	8	5	1	10	5	8	2	10	15	13	7	9	5	5	3	23	9	16	4	11	10	16	14	12	18	31	18	25	2	21	13	6	9	24	4	5	6	13	8	6	21	44	14	16	3	31	9	
1148_A/goose/Eastern_Chin 16	10	14	4	21	10	5	12	8	12	0	0	8	2	1	12	16	8	5	1	9	5	8	2	10	15	13	8	9	5	5	2	22	9	16	5	12	10	16	13	13	19	31	18	26	1	21	13	6	8	24	5	4	5	13	7	6	22	43	13	15	3	31	11	
1149_A/goose/Eastern_Chin 16	10	14	4	21	9	5	12	7	12	0	0	8	2	1	12	17	8	5	1	9	5	8	2	11	15	13	8	8	5	5	2	23	8	18	7	11	10	14	12	12	19	32	18	26	1	21	12	6	8	25	5	4	6	13	7	7	20	43	13	15	5	30	11	
1150_A/goose/Eastern_Chin 16	10	13	4	21	9	6	12	7	12	0	0	8	2	1	12	15	8	5	1	10	5	8	2	11	14	13	8	9	6	5	2	22	10	16	4	12	10	16	14	12	17	31	18	25	2	21	13	6	9	25	5	5	6	12	7	6	21	42	15	16	3	32	9	
1151_A/goose/Eastern_Chin 16	9	14	2	21	10	5	14	7	12	0	0	7	2	1	12	15	7	5	1	10	6	8	2	12	14	13	8	9	6	5	4	23	8	16	8	8	9	15	12	16	20	31	16	25	1	21	12	6	9	23	3	5	7	16	9	6	19	41	12	14	4	33	12	
1152_A/goose/Fujian/3.15_ 14	8	11	2	20	11	8	13	7	9	0	0	8	5	1	12	19	8	5	1	7	5	8	2	11	13	12	3	9	6	5	6	23	6	14	8	8	9	15	12	17	20	26	20	25	4	25	11	6	8	22	4	6	9	17	8	4	19	42	9	14	2	30	14	
1153_A/goose/Fujian/3.15_ 14	8	11	2	20	11	8	13	7	9	0	0	8	5	1	12	19	8	5	1	7	5	8	2	11	13	12	3	9	6	5	6	23	6	14	8	8	9	15	12	17	20	26	19	25	4	25	12	6	8	22	4	6	9	17	8	4	19	42	9	14	2	30	14	
1154_A/goose/Fujian/3.15_ 15	8	12	2	19	11	7	13	6	9	0	0	9	5	1	12	19	9	5	2	7	5	8	1	11	13	12	3	10	5	5	6	23	6	14	8	8	10	15	12	17	19	27	20	24	4	24	11	6	8	22	4	6	9	17	8	4	19	42	9	14	2	30	14	
1155_A/goose/Fujian/3.15_ 14	9	12	3	22	10	7	13	7	9	0	0	8	5	1	12	19	9	5	1	7	5	8	2	11	13	13	5	9	6	5	5	23	6	15	8	7	11	15	12	18	20	27	19	26	3	25	11	6	8	21	4	6	8	19	7	4	19	42	9	15	2	31	15	
1156_A/goose/Fujian/3.15_ 15	8	13	2	21	11	6	14	7	9	0	0	8	5	1	12	19	8	5	1	7	5	8	2	11	14	13	4	9	6	5	6	23	6	15	8	8	10	15	12	17	18	27	20	26	5	24	11	6	8	22	4	6	9	18	8	4	19	42	9	15	2	31	14	
1157_A/goose/Fujian/10.11 14	10	12	2	22	9	7	14	5	11	0	0	10	3	1	12	17	8	5	1	9	5	8	1	11	14	13	8	10	6	5	4	23	7	15	8	8	9	15	13	17	19	31	15	26	3	23	13	7	8	23	3	5	8	17	9	5	21	43	8	14	1	29	14	
1158_A/goose/Fujian/10.26 14	9	11	2	22	10	8	14	5	11	0	0	10	3	1	12	18	8	5	1	8	5	8	1	10	12	12	7	11	8	6	4	24	6	17	8	8	10	14	13	17	20	31	17	24	3	23	12	6	8	20	3	5	7	20	8	6	21	42	11	14	2	29	12	
1159_A/goose/Fujian/10.26 14	9	11	2	22	10	8	14	5	11	0	0	10	3	1	12	18	8	5	1	8	5	8	1	10	12	12	7	11	8	6	4	24	6	17	8	8	10	14	13	17	20	31	17	24	3	23	12	6	8	20	3	5	7	20	8	6	21	42	11	14	2	29	12	
1160_A/goose/Fujian/10.26 14	9	11	2	22	10	8	14	5	11	0	0	10	3	1	12	18	8	5	1	8	5	8	1	10	12	12	7	11	8	6	4	24	6	17	8	8	10	14	13	17	20	31	17	24	3	23	12	6	8	20	3	5	7	20	8	6	20	42	11	14	3	29	12	
1161_A/goose/Fujian/10.26 14	9	11	2	22	10	8	14	5	11	0	0	10	3	1	12	18	8	5	1	8	5	8	1	10	12	12	7	11	8	6	4	24	6	17	8	8	10	14	13	17	20	31	17	24	3	23	12	6	8	20	3	5	7	20	8	6	20	42	11	14	3	29	12	
1162_A/goose/Fujian/10.26 14	9	11	2	22	10	8	14	5	11	0	0	10	3	1	12	18	8	5	1	8	5	8	1	10	12	12	7	11	8	6	4	24	6	17	8	8	10	14	13	17	20	31	17	24	3	23	12	6	8	20	3	5	7	20	8	6	20	42	11	14	3	29	12	
1163_A/goose/Fujian/10.26 14	9	11	2	22	10	8	14	5	11	0	0	10	3	1	12	18	8	5	1	8	5	8	1	10	12	12	7	11	8	6	4	24	6	17	8	8	10	14	13	17	20	31	17	24	3	23	12	6	8	20	3	5	7	20	8	6	20	42	11	14	3	29	12	
1164_A/goose/Fujian/10.26 14	9	11	2	22	10	8	14	5	11	0	0	10	3	1	12	18	8	5	1	8	5	8	1	10	12	12	7	11	8	6	4	24	6	17	8	8	10	14	13	17	20	31	17	24	3	23	12	6	8	20	3	5	7	20	8	6	21	42	11	14	2	29	12	
1165_A/goose/Fujian/10.26 14	9	11	2	22	10	8	14	5	11	0	0	10	3	1	12	18	8	5	1	8	5	8	1	10	12	12	7	11	8	6	4	24	6	17	8	8	10	14	13	17	20	31	17	24	3	23	12	6	8	20	3	5	7	20	8	6	20	42	11	14	3	29	12	
1166_A/goose/Fujian/10.26 14	9	11	2	22	10	8	14	5	11	0	0	10	3	1	12	18	8	5	1	8	5	8	1	10	12	12	7	11	8	6	4	24	6	17	8	8	10	14	13	17	20	31	17	24	3	23	12	6	8	20	3	5	7	20	8	6	21	42	11	14	2	29	12	
1167_A/goose/Fujian/11.3_ 14	10	12	2	22	9	7	14	5	11	0	0	10	3	1	12	17	8	5	1	9	5	8	1	11	14	13	8	10	6	5	4	23	7	15	8	8	9	15	13	17	19	30	15	26	3	24	13	7	8	23	3	5	8	17	9	5	21	43	8	14	1	29	14	
1168_A/goose/Guangdong/03 12	8	12	2	22	11	7	13	5	9	0	0	10	4	1	12	19	8	5	1	8	5	8	2	11	12	12	5	9	7	5	5	24	7	16	8	6	9	13	12	17	20	28	17	25	3	24	12	8	8	22	2	6	9	17	10	5	19	44	10	12	2	28	13	
1169_A/goose/Guangdong/04 12	9	13	2	22	10	6	13	6	10	1	0	10	4	0	12	19	9	5	1	7	5	8	2	9	13	12	6	10	5	5	4	23	7	15	7	7	10	15	13	17	18	28	15	25	4	25	13	7	8	22	3	5	8	16	9	6	21	42	11	12	2	30	12	
1170_A/goose/Guangdong/04 15	11	11	1	21	12	8	15	5	7	0	0	11	3	1	12	14	7	4	1	12	5	9	2	5	13	9	5	15	7	9	5	22	5	11	10	10	14	20	8	15	15	32	19	25	5	21	10	6	5	20	5	5	11	17	7	6	19	48	15	13	4	30	9	
1171_A/goose/Guangdong/04 15	11	11	1	21	12	8	15	5	7	0	0	11	3	1	12	14	7	4	1	12	5	9	2	5	13	9	5	15	7	9	5	22	5	11	10	10	14	20	8	15	15	32	19	25	5	21	10	6	5	20	5	5	11	17	7	7	19	48	15	12	4	30	9	
1172_A/goose/Guangdong/04 15	11	11	1	21	12	8	15	5	7	0	0	11	3	1	12	14	7	4	1	12	5	9	2	5	13	9	5	15	7	9	5	22	5	11	10	10	14	20	8	15	15	32	19	25	5	21	10	6	5	20	5	5	11	17	7	6	19	49	15	13	4	29	9	
1173_A/goose/Guangdong/04 12	9	13	2	22	10	6	13	6	10	1	0	9	4	0	12	19	9	5	1	7	5	8	2	9	13	12	6	11	5	5	4	24	6	15	7	7	10	15	13	17	18	29	15	25	4	24	13	7	8	22	3	5	8	16	9	5	21	42	11	13	2	30	12	
1174_A/goose/Guangdong/04 13	9	13	2	23	10	6	14	6	10	1	0	9	4	0	12	19	9	5	1	7	5	8	2	9	14	13	7	11	5	5	4	24	6	16	7	7	10	15	13	17	18	29	15	26	4	24	13	7	8	22	3	5	8	17	9	5	21	42	11	14	2	31	12	
1175_A/goose/Guangdong/04 13	8	12	2	23	11	7	14	5	9	0	0	9	5	1	12	18	8	5	1	8	5	8	2	12	13	13	6	9	7	5	5	23	6	15	8	7	10	15	12	17	20	28	18	26	3	24	11	7	8	22	4	6	9	18	8	4	19	43	10	15	2	30	13	
1176_A/goose/Guangdong/04 13	9	13	5	23	11	6	11	7	11	0	0	10	2	1	12	15	6	8	2	11	5	5	1	9	15	10	6	10	6	8	2	25	7	12	6	7	9	19	12	18	18	35	19	25	2	18	13	5	5	25	2	5	11	12	9	7	17	55	12	12	6	23	13	
1177_A/goose/Guangdong/7. 15	8	13	2	21	11	6	14	7	9	0	0	8	5	1	12	19	8	5	1	7	5	8	2	11	13	13	4	9	7	5	6	23	7	16	7	8	10	15	12	17	19	27	19	26	3	24	12	6	8	21	4	6	9	19	8	4	19	41	9	15	2	32	14	
1178_A/goose/Guangdong/k0 15	9	12	3	22	10	7	13	10	11	0	0	5	3	1	12	16	8	5	1	9	5	8	2	10	15	13	6	11	5	5	3	22	7	18	5	12	10	15	13	12	20	29	19	26	2	23	12	5	7	23	5	4	10	14	7	7	17	46	12	14	5	30	11	
1179_A/Goose/Guangdong/PO 15	8	12	2	20	11	7	13	8	8	0	0	9	5	1	12	18	8	5	2	7	5	8	2	11	12	12	3	8	7	5	5	22	6	14	8	9	10	15	12	17	20	27	19	25	3	25	11	6	8	22	4	6	9	17	8	4	19	42	9	14	2	30	14	
1180_A/goose/Guangdong/QY 14	8	11	2	22	11	8	14	7	9	0	0	8	5	1	12	18	8	5	1	8	5	8	2	11	13	13	5	9	7	5	6	24	6	15	8	8	10	15	12	17	20	27	19	26	3	24	11	6	9	22	4	6	9	17	8	3	19	43	9	15	2	29	15	
1181_A/goose/Guangdong/S2 17	8	11	2	20	10	8	14	6	9	0	0	11	5	1	12	18	9	5	2	8	5	8	1	12	14	12	4	8	5	6	4	24	7	15	6	8	10	16	13	16	19	26	20	23	3	24	14	4	7	24	6	7	9	16	5	5	20	44	12	16	2	28	13	
1182_A/goose/Guangdong/S4 15	11	10	5	21	10	9	11	4	12	0	0	9	1	1	12	18	7	6	1	9	6	7	2	10	13	12	6	12	6	6	4	23	7	12	7	7	9	20	10	17	20	24	20	25	2	26	12	5	7	20	4	4	10	17	9	6	18	50	12	16	3	28	11	
1183_A/goose/Guangdong/s1 16	11	14	5	21	8	5	11	8	12	0	0	8	2	1	12	16	8	5	1	9	5	8	2	10	15	13	8	9	5	5	2	22	9	16	5	12	10	16	13	14	19	32	18	25	1	20	13	6	8	22	5	4	6	15	7	6	22	45	12	15	3	30	11	
1184_A/goose/Guangdong/SH 13	10	12	2	23	9	7	14	5	11	0	0	10	3	1	12	17	9	5	1	9	4	8	2	12	13	13	7	9	7	5	3	21	6	15	9	10	10	15	11	17	20	28	17	26	3	25	12	7	7	20	3	5	9	17	9	5	20	49	11	13	2	27	12	
1185_A/goose/Guangdong/YJ 12	9	13	2	24	10	6	14	5	10	0	0	10	4	1	12	18	9	5	1	8	5	8	2	11	14	13	7	9	6	5	4	23	5	16	9	7	10	14	12	17	20	30	14	26	3	24	12	8	7	22	3	5	9	18	9	5	20	43	10	14	2	30	13	
1186_A/goose/Guangxi/S206 15	10	10	5	21	9	8	12	4	11	0	0	9	3	1	12	19	7	6	1	8	6	7	2	10	14	12	7	12	5	6	3	23	7	11	7	7	10	21	10	17	19	25	18	25	2	26	13	5	7	20	4	4	10	17	11	6	17	51	10	16	4	27	12	
1187_A/goose/Guizhou/S154 14	10	11	4	22	9	8	12	3	11	0	0	12	4	1	12	16	7	6	1	8	6	7	2	13	11	10	7	10	7	8	3	22	7	10	10	9	11	21	8	16	18	32	19	25	2	21	10	6	4	20	2	4	12	17	11	8	19	44	12	13	4	33	12	
1188_A/goose/Henan/01.01_ 15	9	12	2	21	10	7	14	5	9	0	0	10	5	1	12	17	8	5	1	9	5	8	1	11	14	13	8	10	6	5	4	23	7	15	7	8	9	15	13	17	19	30	17	26	3	23	11	7	8	23	3	5	8	17	10	5	20	45	9	14	2	28	13	
1189_A/goose/Henan/S1315/ 15	10	10	5	21	9	9	11	4	11	0	0	9	3	1	12	17	8	6	1	10	6	7	2	10	13	11	7	13	5	7	3	23	7	11	7	7	9	21	10	17	20	24	19	25	2	27	12	5	7	21	4	4	11	17	10	6	17	50	10	15	4	27	12	
1190_A/goose/Hubei/113/20 12	10	13	2	24	9	6	13	7	11	0	0	8	3	1	12	18	9	5	1	8	4	8	2	12	14	13	7	8	6	5	3	24	6	16	8	7	10	14	13	17	20	29	16	26	3	24	13	7	8	21	3	5	8	18	9	4	20	45	10	15	2	29	13	
1191_A/goose/HuBei/117/20 12	10	13	2	24	9	6	14	7	11	0	0	8	3	1	12	18	8	5	1	8	4	8	2	12	14	13	7	8	7	5	3	24	6	17	8	7	10	14	12	17	20	29	16	26	3	23	13	7	8	21	3	5	8	18	9	4	20	45	10	15	2	29	13	
1192_A/goose/Hunan/81/201 13	9	12	2	23	10	6	14	6	11	0	0	9	3	1	12	18	8	5	1	8	5	8	2	11	14	13	7	9	6	5	4	23	6	17	8	8	10	14	12	17	20	27	14	26	3	26	14	7	7	23	4	5	9	17	8	5	20	45	10	14	2	28	13	
1193_A/goose/Hunan/82/201 14	9	12	2	23	10	6	14	6	11	0	0	9	3	1	12	18	8	5	1	8	5	8	2	11	14	13	7	9	6	5	4	23	6	16	8	8	10	14	12	17	20	27	14	26	3	26	14	7	7	23	4	5	9	17	8	5	20	45	10	14	2	28	13	
1194_A/goose/Hunan/107/20 12	10	13	2	24	9	6	14	7	11	0	0	8	3	1	12	18	9	5	1	8	4	8	2	12	14	13	7	8	6	5	3	24	6	16	8	7	10	14	12	17	20	29	16	26	3	24	13	7	8	22	3	5	8	18	9	4	20	46	10	15	2	27	13	
1195_A/goose/Hunan/109/20 12	10	13	2	24	9	6	14	7	11	0	0	8	3	1	12	18	9	5	1	8	4	8	2	11	14	13	7	9	6	5	3	24	6	16	8	7	10	14	12	17	20	29	17	26	3	24	12	7	8	21	3	5	7	18	9	4	21	45	10	15	2	29	13	
1196_A/goose/Hunan/110/20 12	10	13	2	24	9	6	14	7	11	0	0	8	3	1	12	18	9	5	1	8	4	8	2	12	14	13	7	8	6	5	3	24	6	16	8	7	10	14	12	17	20	29	16	26	3	24	13	7	8	21	3	5	8	18	9	4	20	44	10	15	2	30	13	
1197_A/goose/Hunan/111/20 12	10	13	2	24	9	6	14	7	11	0	0	8	3	1	12	18	9	5	1	8	4	8	2	11	14	13	7	8	6	5	3	24	6	16	8	7	10	14	12	17	20	29	16	26	3	24	13	7	8	21	3	5	8	18	9	5	20	45	10	15	2	29	13	
1198_A/goose/Hunan/115/20 12	10	13	2	24	9	6	14	6	11	0	0	9	3	1	12	18	9	5	1	8	4	8	2	12	14	13	6	8	6	5	3	24	6	16	9	7	10	14	11	17	20	29	17	25	3	24	13	7	8	21	3	5	8	18	9	5	20	44	10	15	2	30	13	
1199_A/goose/Hunan/116/20 12	10	13	2	24	9	6	14	7	11	0	0	8	3	1	12	18	9	5	1	8	4	8	2	12	14	13	7	8	6	5	3	24	6	16	8	7	10	14	12	17	20	29	16	26	3	24	13	7	8	21	3	5	8	18	9	4	20	45	10	15	2	29	13	
1200_A/goose/Hunan/155/20 13	9	13	2	23	10	6	14	6	11	1	0	9	3	0	12	18	8	5	1	8	6	8	2	11	13	14	7	9	6	4	4	23	6	16	8	8	10	14	12	17	20	27	14	27	3	26	13	6	8	24	3	5	9	17	9	6	19	45	10	13	2	28	13	
1201_A/goose/Hunan/159/20 13	9	13	2	23	10	6	14	6	11	0	0	9	3	1	12	18	8	5	1	8	5	8	2	11	14	13	7	9	6	5	4	23	6	16	8	8	10	14	12	17	20	27	14	26	3	26	14	7	7	23	4	5	9	17	8	5	20	45	10	14	2	28	13	
1202_A/goose/Hunan/160/20 13	9	13	2	23	10	6	14	6	11	0	0	9	3	1	12	18	8	5	1	8	5	8	2	11	14	13	7	9	6	5	4	23	6	16	8	8	10	14	12	17	20	28	14	26	3	25	14	7	7	23	4	5	9	17	8	5	20	45	10	14	2	28	13	
1203_A/goose/Hunan/161/20 13	9	13	2	23	10	6	14	6	11	0	0	9	3	1	12	18	8	5	1	8	5	8	2	11	14	13	7	9	6	5	4	23	6	16	8	8	10	14	12	17	20	27	14	26	3	26	14	7	7	23	4	5	9	17	8	5	20	46	10	14	2	27	13	
1204_A/goose/Hunan/HN11/2 13	10	13	2	23	9	6	14	6	11	0	0	9	3	1	12	18	9	5	1	8	4	8	2	10	14	13	7	10	6	5	3	24	6	16	8	7	10	14	12	17	20	29	16	26	3	24	13	7	8	21	3	5	8	18	9	5	19	44	10	14	3	30	13	
1205_A/goose/Hunan/HN22/2 13	10	13	2	23	10	6	14	6	10	0	0	9	3	1	12	18	8	5	1	8	5	8	2	11	14	13	7	9	6	5	4	23	6	16	8	8	11	14	12	17	20	27	15	26	3	26	13	7	7	22	4	5	8	18	8	5	20	45	10	14	2	28	13	
1206_A/goose/Hunan/HN57/2 13	10	13	2	23	10	6	14	6	10	0	0	9	3	1	12	18	8	5	1	8	5	8	2	11	14	13	7	9	6	5	4	23	6	16	8	8	11	14	12	17	20	27	15	26	3	26	13	7	7	22	4	5	8	18	8	5	20	46	10	14	2	27	13	
1207_A/goose/Hunan/HN88/2 12	10	13	2	24	9	6	15	7	11	0	0	8	3	1	12	18	9	5	1	8	4	8	2	12	14	13	7	8	6	5	3	24	6	16	8	7	10	14	12	17	20	28	16	26	3	25	13	7	9	21	3	5	8	18	8	4	20	46	10	15	1	28	13	
1208_A/goose/Hunan/HN90/2 12	10	13	2	24	9	6	14	7	11	0	0	8	3	1	12	18	9	5	1	8	4	8	2	12	14	13	7	8	6	5	3	24	6	16	8	7	10	14	12	17	20	28	16	26	3	25	13	7	9	21	3	5	8	18	9	4	20	46	10	15	1	28	13	
1209_A/goose/Hunan/HN310/ 13	9	13	2	23	10	6	14	7	9	0	0	9	5	1	12	19	8	5	2	7	4	8	1	10	14	13	8	9	7	5	3	23	6	16	9	8	10	14	12	17	20	28	16	26	3	25	12	7	7	22	3	5	8	18	9	5	21	41	10	14	2	31	13	
1210_A/goose/Hunan/HN311/ 13	9	13	2	23	10	6	14	7	9	0	0	9	5	1	12	19	8	5	2	7	4	8	1	10	14	13	8	9	7	5	3	23	6	16	9	8	10	14	12	17	20	28	16	26	3	25	12	7	7	22	3	5	8	18	9	5	21	41	10	14	2	31	13	
1211_A/goose/Hunan/HN314/ 14	8	12	2	22	11	7	14	6	9	0	0	8	5	1	12	18	8	5	1	8	5	8	2	12	13	13	6	9	7	5	5	23	6	15	8	8	11	15	12	17	19	28	17	27	3	24	12	7	8	21	4	5	9	19	8	4	19	44	11	14	2	29	12	
1212_A/goose/Hunan/HN315/ 14	8	12	2	22	11	7	14	6	9	0	0	8	5	1	12	18	8	5	1	8	5	8	2	12	13	13	6	9	7	5	5	23	6	15	8	8	11	15	12	17	19	28	17	27	3	24	12	7	8	21	4	5	9	19	8	4	19	44	11	14	2	29	12	
1213_A/goose/Hunan/HN316/ 14	8	12	2	22	11	7	14	6	9	0	0	8	5	1	12	18	8	5	1	8	5	8	2	12	13	13	6	9	7	5	5	23	6	15	8	8	11	15	12	17	19	28	17	27	3	24	12	7	8	21	4	5	9	19	8	4	19	44	11	14	2	29	12	
1214_A/goose/Hunan/HN317/ 14	8	12	2	22	11	7	14	6	9	0	0	8	5	1	12	18	8	5	1	8	5	8	2	12	13	13	6	9	7	5	5	23	6	15	8	8	11	15	12	17	19	28	17	27	3	24	12	7	8	21	4	5	9	19	8	4	19	44	11	14	2	29	12	
1215_A/goose/Hunan/HN318/ 13	9	13	2	23	10	6	14	7	9	0	0	9	5	1	12	19	8	5	2	7	5	8	1	10	13	13	8	9	7	5	3	23	6	16	9	8	10	14	12	17	20	28	16	26	3	25	12	7	7	22	3	5	8	18	9	5	21	41	10	14	2	31	13	
1216_A/goose/Hunan/HN319/ 14	8	12	2	22	11	7	14	6	9	0	0	8	5	1	12	18	8	5	1	8	5	8	2	12	13	13	6	9	7	5	5	23	6	15	8	8	11	15	12	17	19	28	17	27	3	24	12	7	8	21	4	5	9	19	8	4	19	44	11	14	2	29	12	
1217_A/goose/Hunan/S11288 15	10	10	5	21	9	9	10	5	11	0	0	8	3	1	12	17	7	6	1	10	6	7	2	10	13	12	7	12	6	6	3	23	6	11	7	7	9	21	11	17	20	24	19	25	3	27	12	5	7	20	4	3	12	17	10	5	17	50	10	17	4	28	12	
1218_A/goose/Hunan/SE284/ 13	10	12	5	23	9	7	12	4	9	0	0	11	4	1	12	15	9	6	1	10	5	7	2	10	13	10	7	12	6	8	3	22	7	10	7	8	10	21	11	18	19	31	20	25	1	22	9	6	3	21	2	4	14	15	11	5	18	44	15	14	5	35	8	
1219_A/goose/Inner_Mongol 13	11	13	3	23	9	5	13	5	7	0	0	10	5	1	12	16	6	6	1	11	5	8	2	9	15	12	6	12	6	6	4	24	10	11	6	9	7	20	12	16	20	32	17	25	0	21	12	6	4	21	2	4	12	17	10	6	18	49	12	14	5	28	12	
1220_A/goose/Jiangsu/k040 13	10	12	3	23	10	7	13	7	10	1	0	10	3	0	12	15	5	6	1	11	6	7	2	8	13	12	8	11	7	7	2	24	6	10	7	8	11	21	11	18	21	30	20	25	0	23	9	5	7	21	3	4	9	17	10	6	18	48	10	14	5	29	12	
1221_A/goose/Jiangsu/QD5/ 15	9	14	4	22	9	5	12	8	13	0	0	8	2	1	12	15	8	5	1	10	4	8	2	11	16	13	8	8	5	5	2	23	9	16	4	11	10	16	14	12	18	31	18	25	2	21	13	6	9	24	5	5	6	13	7	6	21	43	14	16	3	32	9	
1222_A/goose/Jiangsu/S138 15	10	10	5	21	9	9	11	4	11	0	0	9	3	1	12	18	7	5	1	9	6	8	3	10	13	11	6	12	6	7	3	23	7	11	7	7	9	21	10	17	20	25	19	25	2	26	12	5	6	20	4	4	12	17	10	6	17	51	10	16	4	27	12	
1223_A/goose/Jiangxi/01.0 12	10	13	2	24	9	6	14	7	11	0	0	8	3	1	12	18	9	5	1	8	4	8	2	12	14	13	7	8	6	5	3	24	6	16	8	7	10	14	12	17	20	29	16	26	3	24	13	7	9	21	3	5	7	18	9	4	20	45	10	15	2	29	13	
1224_A/goose/Jilin/04.04_ 13	9	14	2	23	10	5	14	5	10	0	0	9	4	1	12	17	8	5	1	8	5	8	2	11	14	13	7	10	6	5	4	24	7	16	8	8	10	14	12	17	20	28	16	26	3	25	12	7	7	23	4	5	8	17	9	5	20	45	9	14	2	28	13	
1225_A/goose/Jilin/S4034/ 14	9	12	3	22	9	7	13	6	11	0	0	8	3	1	12	17	7	6	1	8	6	7	2	13	18	12	6	9	3	6	5	23	6	16	6	8	10	16	14	15	18	33	16	26	4	20	13	6	7	21	3	5	9	14	9	7	21	50	12	14	2	26	11	
1226_A/goose/Liaoning/S12 15	10	11	5	21	9	8	11	5	11	0	0	9	3	1	12	18	7	6	1	9	6	7	1	10	13	11	8	11	6	7	3	23	7	12	7	7	9	20	10	17	20	23	20	25	2	27	11	5	7	20	4	4	11	17	10	6	17	52	9	16	4	27	13	
1227_A/goose/Pingtung/150 13	10	12	3	24	11	7	13	5	7	0	0	10	5	1	12	14	5	5	1	10	6	8	2	11	14	11	6	10	7	7	4	23	8	11	7	12	8	19	12	16	20	28	19	25	1	25	10	5	2	21	2	5	14	17	11	5	18	46	12	14	5	30	12	
1228_A/goose/Pingtung/150 13	10	12	3	24	11	7	13	5	7	0	0	10	5	1	12	14	5	5	1	10	6	8	2	11	14	11	6	10	7	7	4	23	8	11	7	12	8	19	12	16	20	27	19	25	1	26	10	5	2	21	2	5	14	17	11	5	18	46	12	14	5	30	12	
1229_A/goose/Pingtung/150 14	11	14	4	23	10	5	12	9	11	0	0	10	4	1	12	16	8	5	1	11	4	8	2	7	15	13	6	8	5	5	3	22	7	20	4	11	10	13	14	14	20	31	18	26	4	22	13	7	6	23	5	4	7	14	8	8	18	44	10	12	3	30	12	
1230_A/goose/Pingtung/160 14	10	14	4	23	11	5	12	8	11	0	0	11	4	1	12	16	7	6	1	11	5	7	2	8	15	13	6	7	5	5	3	22	7	20	5	11	9	13	13	14	22	30	19	26	3	23	12	8	6	23	5	3	7	14	8	8	18	44	10	12	3	30	12	
1231_A/Goose/Qingyuan/168 15	9	12	2	21	10	7	14	5	11	0	0	10	3	1	12	18	8	5	1	8	5	8	1	11	13	12	8	10	7	6	4	23	6	15	9	7	10	15	11	17	19	29	17	26	4	25	11	7	9	23	3	5	7	18	9	5	20	42	9	14	2	30	13	
1232_A/goose/Shandong/01. 16	11	14	2	21	10	6	14	6	9	0	0	13	3	1	12	15	7	5	1	9	3	7	1	7	14	9	6	11	8	9	3	23	5	14	8	10	12	18	8	17	18	33	20	25	2	19	14	8	7	24	5	3	9	13	8	8	20	50	12	11	2	26	12	
1233_A/goose/Shandong/01. 16	11	14	2	21	10	6	14	6	9	0	0	13	3	1	12	15	7	5	1	9	3	7	1	7	13	9	6	11	9	9	3	23	5	15	8	10	12	18	8	17	18	33	20	25	2	19	14	8	7	22	5	3	9	14	8	8	20	50	12	11	2	26	12	
1234_A/goose/Shandong/02. 13	9	13	2	23	10	7	14	6	11	0	0	9	3	1	12	18	8	5	1	8	5	7	2	11	14	13	7	9	6	5	4	23	7	16	8	8	9	14	12	17	20	28	15	27	2	25	13	7	7	23	3	5	9	17	9	4	20	45	9	15	2	28	14	
1235_A/goose/Shandong/02. 13	9	13	2	23	10	6	14	6	10	0	0	9	4	1	12	18	8	5	1	8	5	8	2	11	14	13	7	9	6	5	4	24	6	16	8	7	10	14	12	17	20	29	16	26	3	24	12	7	7	22	3	5	9	18	9	5	20	44	10	14	2	29	13	
1236_A/goose/Shandong/03. 13	10	12	2	23	8	7	14	8	12	0	0	7	3	1	12	18	7	5	1	7	5	8	2	12	19	12	7	9	3	6	4	25	6	16	5	7	10	16	14	17	20	31	16	26	3	21	13	5	6	21	3	5	10	15	9	5	19	48	13	14	2	28	11	
1237_A/goose/Shandong/03. 13	11	12	2	23	8	7	14	7	11	0	0	9	3	1	12	17	9	5	2	9	4	8	1	10	14	12	7	10	6	6	3	23	6	15	9	8	10	15	11	16	19	31	18	25	3	23	11	7	7	20	3	5	9	18	9	6	20	49	12	13	3	26	11	
1238_A/goose/Shandong/04. 16	10	14	2	21	11	6	14	6	9	0	0	13	3	1	12	15	7	5	1	9	3	7	1	7	14	9	6	11	8	9	3	23	5	14	8	10	12	18	8	17	18	33	20	25	2	19	14	8	7	24	5	3	9	13	8	8	20	51	12	11	2	25	12	
1239_A/goose/Shandong/05. 15	9	14	4	22	9	5	12	8	12	0	0	8	2	1	12	16	8	6	1	9	5	8	2	10	15	13	7	9	5	5	3	22	9	16	4	10	10	16	14	12	18	32	18	25	2	20	13	6	9	24	5	7	6	13	7	6	21	44	14	16	3	31	9	
1240_A/goose/Shandong/05. 15	9	14	4	22	9	5	12	8	12	0	0	8	2	1	12	16	8	6	1	9	5	8	2	10	15	13	7	9	5	5	3	22	9	16	4	11	10	16	14	12	18	32	18	25	2	20	13	6	9	24	5	6	6	13	7	6	21	44	14	16	3	31	9	
1241_A/goose/Shandong/06. 15	9	14	4	22	9	5	12	8	12	0	0	8	2	1	12	16	9	5	1	9	5	8	2	10	15	13	7	9	5	5	3	22	9	16	4	11	10	16	14	12	18	32	18	25	2	20	13	6	9	24	5	6	6	13	7	5	21	44	14	17	3	31	9	
1242_A/goose/Shandong/11. 13	10	12	3	23	9	7	13	7	11	0	0	9	3	1	12	17	8	5	1	9	5	8	2	11	14	13	7	9	6	5	3	23	6	15	8	8	10	15	12	16	20	29	16	26	3	25	12	7	7	20	3	4	9	17	9	6	19	48	11	14	3	28	12	
1243_A/goose/Shandong/12. 13	9	13	2	23	10	7	14	6	11	0	0	9	3	1	12	18	8	5	1	8	5	7	2	11	14	13	7	9	6	5	4	23	7	16	8	8	9	14	12	17	20	28	15	27	2	25	13	7	7	23	3	5	9	17	9	4	20	45	9	15	2	28	14	
1244_A/goose/Shandong/12. 13	10	14	4	22	9	5	11	9	12	0	0	8	2	1	12	14	7	5	1	11	6	8	2	10	14	12	7	8	5	5	2	23	9	15	4	13	10	16	14	12	17	31	18	24	2	21	13	5	10	24	5	4	6	12	8	6	21	42	14	15	3	32	8	
1245_A/Goose/Shandong/211 15	10	10	5	21	9	9	11	5	11	0	0	9	3	1	12	17	7	6	1	10	6	7	2	9	13	11	7	12	6	8	3	23	6	11	7	7	9	21	10	17	21	25	18	25	2	27	13	5	7	20	4	4	11	16	10	6	17	50	10	16	4	27	12	
1246_A/goose/Shandong/GD- 15	10	14	4	22	9	5	12	8	12	0	0	8	2	1	12	15	8	5	1	10	5	8	2	10	15	13	8	9	5	5	2	22	9	16	4	12	10	16	14	12	18	31	18	25	2	21	13	6	9	24	5	5	6	13	7	6	21	45	14	16	3	31	8	
1247_A/goose/Shandong/GS/ 13	11	12	2	23	9	7	14	7	12	0	0	9	3	1	12	18	7	5	2	7	5	8	2	11	18	12	7	9	3	6	3	24	7	15	5	7	8	17	14	17	20	32	17	25	3	19	13	6	6	21	3	5	10	15	9	5	18	50	12	15	3	27	11	
1248_A/goose/Shandong/LQ0 16	10	13	4	21	9	6	12	8	12	0	0	8	2	1	12	16	7	5	1	9	6	8	2	10	15	14	7	9	5	4	3	22	9	16	5	12	10	16	13	13	19	31	19	26	1	21	12	6	8	24	5	4	6	13	7	6	22	45	12	15	3	30	11	
1249_A/goose/Tainan/16040 14	11	14	4	23	10	5	12	7	11	0	0	11	4	1	12	16	8	6	1	11	4	7	2	8	15	13	6	8	5	5	3	22	7	20	5	11	9	13	13	14	22	31	18	26	3	22	13	8	6	23	5	3	7	14	7	8	18	44	11	12	3	30	12	
1250_A/goose/Tainan/16070 14	11	14	4	23	10	5	12	8	11	0	0	10	4	1	12	17	8	6	1	10	4	7	2	8	15	13	6	8	5	5	3	22	7	21	5	11	9	12	13	14	22	31	18	26	3	22	13	8	6	23	5	3	7	14	7	8	18	44	11	12	3	30	12	
1251_A/goose/Tainan/17030 13	11	12	3	24	10	7	13	4	7	0	0	10	5	1	12	13	4	5	2	10	6	8	2	11	14	10	5	11	8	8	4	24	8	11	7	11	8	19	12	17	21	31	17	25	1	24	11	6	2	21	3	5	14	17	10	4	17	46	12	14	5	29	12	
1252_A/goose/Tainan/17030 13	10	12	3	23	10	7	13	5	7	0	0	9	5	1	12	14	5	5	2	11	6	8	2	11	15	11	5	9	7	7	4	24	8	11	7	11	7	19	12	17	21	29	19	26	1	24	10	6	2	21	3	5	15	17	10	4	17	48	11	14	5	28	13	
1253_A/goose/Tainan/18010 13	11	12	3	24	10	7	13	5	7	0	0	9	5	1	12	13	4	5	2	10	6	8	2	11	14	10	4	11	8	8	5	24	8	11	7	8	7	19	12	19	21	29	18	25	1	24	11	6	2	21	3	6	15	17	10	4	17	44	12	14	5	32	12	
1254_A/goose/Tainan/18050 13	11	12	2	24	11	7	14	5	7	0	0	9	4	1	12	13	4	4	2	10	6	9	2	11	14	11	4	11	8	7	5	23	9	11	6	11	6	20	12	18	21	30	18	24	2	24	11	6	2	21	3	5	15	17	10	4	17	46	13	14	4	30	11	
1255_A/goose/Taiwan/01019 15	10	15	4	22	10	5	12	9	11	0	0	10	4	1	12	16	8	5	1	12	4	8	2	7	15	13	6	8	5	5	3	22	7	19	4	11	10	13	14	14	19	31	18	26	4	22	13	7	6	23	5	4	7	14	8	8	19	42	10	12	3	32	12	
1256_A/goose/Taiwan/01022 13	10	12	3	24	11	7	13	5	7	0	0	10	5	1	12	14	5	5	1	10	6	8	2	11	14	11	6	10	7	7	4	23	8	11	7	12	8	19	12	16	20	30	19	25	1	23	10	5	2	21	2	5	14	17	11	4	18	46	12	15	5	29	13	
1257_A/goose/Taiwan/01023 13	10	12	3	24	11	7	13	5	7	0	0	10	5	1	12	14	5	5	1	10	6	8	2	11	14	11	6	10	7	7	4	23	8	11	7	12	8	19	12	15	20	28	19	25	2	25	10	5	2	21	2	4	14	17	11	5	19	46	12	14	5	30	12	
1258_A/goose/Taiwan/01031 13	10	12	3	24	11	7	13	5	7	0	0	10	5	1	12	13	5	6	1	10	6	8	2	11	14	11	6	10	7	7	4	23	8	11	7	12	8	19	12	16	20	28	19	25	1	25	10	5	2	21	2	5	14	17	11	5	18	46	12	14	5	30	12	
1259_A/goose/Taiwan/01038 14	11	14	4	22	11	5	12	8	11	0	0	10	4	1	12	16	8	5	1	11	4	8	2	8	15	13	6	8	5	5	3	22	7	20	4	11	10	13	14	14	19	31	18	26	4	22	13	7	6	23	5	4	7	14	8	9	19	41	11	11	3	32	12	
1260_A/goose/Taiwan/01039 13	12	14	4	23	10	5	12	9	11	0	0	10	4	1	12	16	8	5	1	11	4	8	2	7	15	13	6	8	5	5	3	22	7	20	4	11	10	13	14	14	20	31	18	26	3	22	13	7	6	23	5	4	7	14	8	8	19	43	10	12	3	31	12	
1261_A/goose/Taiwan/01040 13	10	12	3	24	11	7	13	5	7	0	0	10	5	1	12	14	5	5	1	10	6	9	2	11	14	11	6	10	7	7	4	22	8	11	7	13	8	19	11	15	21	27	20	25	1	25	10	5	2	21	2	5	14	17	11	5	18	46	12	14	5	30	12	
1262_A/goose/Taiwan/a015/ 13	11	14	4	22	10	5	11	9	11	0	0	10	4	1	12	16	8	5	1	11	4	8	2	7	14	12	6	8	5	5	2	22	7	19	4	11	10	14	14	14	19	31	18	25	4	22	13	7	6	23	5	4	7	12	8	8	19	42	10	11	3	31	12	
1263_A/goose/Taiwan/TNC1/ 15	11	14	4	22	10	5	12	9	11	0	0	10	4	1	12	16	8	5	1	11	4	8	2	7	15	13	6	8	5	5	3	22	7	21	4	11	10	12	14	14	19	31	18	26	4	22	13	7	6	23	5	4	7	14	8	8	19	43	10	12	3	31	12	
1264_A/goose/Taiwan/TNC3/ 15	11	14	4	22	10	5	12	9	11	0	0	10	4	1	12	16	8	5	1	11	4	8	2	7	15	13	6	8	5	5	3	22	7	20	4	11	10	13	14	14	19	31	18	26	4	22	13	7	6	23	5	4	7	14	8	8	19	43	10	12	3	31	12	
1265_A/goose/Taiwan/TNC4/ 14	11	14	4	23	10	5	12	9	11	0	0	10	4	1	12	16	8	5	1	11	4	8	2	7	15	13	6	8	5	5	3	22	7	20	4	11	10	13	14	14	19	31	18	26	4	22	13	7	6	23	5	4	7	14	8	8	19	43	10	12	3	31	12	
1266_A/goose/Taiwan/TNC9/ 15	11	14	4	22	10	5	12	9	11	0	0	10	4	1	12	16	8	5	1	11	4	8	2	7	15	13	6	8	5	5	3	22	7	20	4	11	10	13	14	14	19	31	18	26	4	22	13	7	6	23	5	4	7	14	8	8	19	43	10	12	3	31	12	
1267_A/goose/Taiwan/TNC10 15	11	14	4	22	10	5	12	9	11	0	0	10	4	1	12	16	8	5	1	11	4	8	2	7	15	13	6	8	5	5	3	22	7	21	4	11	10	12	14	14	19	31	18	26	4	22	13	7	6	23	5	4	7	14	8	8	19	43	10	12	3	31	12	
1268_A/goose/Taiwan/TNC12 15	11	14	4	22	10	5	12	9	11	0	0	10	4	1	12	16	8	5	1	11	4	8	2	7	15	13	6	8	5	5	3	22	7	21	4	11	10	12	14	14	19	31	18	26	4	22	13	7	6	23	5	4	7	14	8	8	19	43	10	12	3	31	12	
1269_A/goose/Taiwan/TNC14 15	11	14	4	22	10	5	12	9	11	0	0	10	4	1	12	16	8	5	1	11	4	8	2	7	15	13	6	8	5	5	3	22	7	21	4	11	10	12	14	14	19	31	18	26	4	22	13	7	6	23	5	4	7	14	8	8	19	43	10	12	3	31	12	
1270_A/goose/Taiwan/TNO3/ 14	11	14	4	23	10	5	12	9	10	0	0	10	5	1	12	16	8	5	1	11	4	8	2	7	15	13	6	8	5	5	3	22	7	20	4	11	10	13	14	14	19	31	18	26	4	22	13	7	6	23	5	4	7	14	8	8	19	43	10	12	3	31	12	
1271_A/goose/Taiwan/TNO9/ 14	11	14	4	23	10	5	12	9	11	0	0	10	4	1	12	16	8	5	1	11	4	8	2	7	15	13	6	8	5	5	3	22	7	20	4	11	10	13	14	14	19	31	18	26	4	22	13	7	6	23	5	4	7	14	8	8	19	43	10	12	3	31	12	
1272_A/goose/Taiwan/TNO15 13	11	14	4	23	10	5	12	9	11	0	0	10	4	1	12	17	8	5	1	11	4	8	2	7	15	13	6	8	5	5	3	22	7	20	4	11	10	13	14	14	19	31	18	26	4	22	13	7	6	23	5	4	7	14	8	8	19	43	10	12	3	31	12	
1273_A/goose/Taiwan/TNO17 15	11	14	4	22	10	5	12	9	11	0	0	10	4	1	12	16	8	5	1	11	4	8	2	7	15	13	6	8	5	5	3	22	7	21	4	11	10	12	14	14	19	31	18	26	4	22	13	7	6	23	5	4	7	14	8	8	19	43	10	12	3	31	12	
1274_A/goose/Taoyuan/1501 15	11	14	4	22	10	5	12	10	11	0	0	9	4	1	12	16	8	5	1	11	4	8	2	8	15	13	6	7	5	5	3	22	7	20	4	11	10	13	14	14	19	31	18	26	4	22	13	7	6	23	5	4	7	14	8	8	19	43	10	12	3	31	12	
1275_A/goose/Taoyuan/1812 14	7	11	5	23	11	8	11	5	8	0	0	11	5	1	12	15	8	6	0	10	5	7	3	7	13	10	8	12	7	8	2	24	7	13	7	9	9	17	10	16	19	31	15	26	2	24	13	7	4	20	4	4	12	17	11	5	19	48	11	16	4	29	11	
1276_A/goose/Xinjiang/12. 12	10	13	3	24	9	6	13	6	9	0	0	9	4	1	12	17	7	5	1	9	6	8	1	12	14	13	6	8	6	5	5	25	9	17	8	7	9	14	11	17	17	29	15	26	4	24	14	6	7	22	3	5	9	17	9	5	21	41	13	14	2	32	11	
1277_A/goose/Xinjiang/12. 12	10	13	3	24	9	6	13	6	9	0	0	9	4	1	12	17	7	5	1	9	6	8	1	12	14	13	6	8	6	5	5	25	9	17	8	7	9	14	11	17	17	29	15	26	4	24	14	6	7	22	3	5	9	17	9	5	21	41	13	14	2	32	11	
1278_A/goose/Xinjiang/12. 14	10	12	3	22	10	7	13	5	8	0	0	11	5	1	12	15	6	6	1	10	3	8	2	10	14	12	9	12	9	6	2	24	5	13	5	8	11	18	12	17	18	32	14	24	3	21	14	5	5	22	3	5	10	17	10	8	19	42	12	12	5	33	12	
1279_A/goose/Xinjiang/12. 14	10	12	3	22	10	7	13	5	8	0	0	11	5	1	12	15	6	6	1	10	3	8	2	10	14	12	9	12	9	6	2	24	5	13	5	8	11	18	12	17	18	32	14	24	3	21	14	5	5	21	3	5	10	17	10	8	19	42	12	12	5	34	12	
1280_A/goose/Xinjiang/12. 14	10	12	3	22	10	7	13	5	8	0	0	11	5	1	12	15	6	6	1	10	3	8	2	10	14	12	9	12	9	6	2	24	5	13	5	8	11	18	12	17	18	32	14	24	3	21	14	5	5	21	3	5	10	17	10	8	19	42	12	12	5	34	12	
1281_A/goose/Xinjiang/12. 14	10	12	3	22	10	7	13	5	8	0	0	11	5	1	12	15	6	6	1	10	3	8	2	10	14	12	9	12	9	6	2	24	5	13	5	8	11	18	12	17	18	32	14	24	3	21	14	5	5	21	3	5	10	17	10	8	19	42	12	12	5	34	12	
1282_A/goose/Yangzhou/042 15	10	14	4	22	9	5	12	8	12	0	0	8	2	1	12	15	8	5	1	10	5	8	2	11	15	12	8	8	5	6	2	22	9	16	4	12	10	16	14	12	17	32	18	25	2	21	13	6	9	25	5	5	6	13	8	6	21	44	14	16	3	30	8	
1283_A/goose/Yangzhou/YZ5 14	9	12	2	22	10	7	14	5	11	0	0	10	3	1	12	18	8	5	1	7	5	8	1	12	14	13	7	9	6	5	4	22	6	16	8	9	10	14	12	17	18	29	18	26	5	23	12	7	8	22	3	5	8	18	9	5	20	44	9	14	2	29	14	
1284_A/goose/Yunlin/15010 13	10	12	3	24	11	7	13	5	7	0	0	10	5	1	12	14	5	5	1	10	6	8	2	11	14	11	6	10	7	7	4	23	8	11	7	12	8	20	11	16	20	28	19	25	1	25	10	5	2	21	2	5	14	17	11	5	18	47	12	14	5	29	12	
1285_A/goose/Yunlin/15010 13	10	12	3	24	11	7	13	5	7	0	0	10	5	1	12	14	5	5	1	10	6	8	2	11	14	11	6	10	7	7	4	23	8	11	7	12	8	20	11	16	20	28	19	25	1	25	10	5	2	21	2	5	14	17	11	5	18	46	12	14	5	30	12	
1286_A/goose/Yunlin/15010 13	10	12	3	24	11	7	13	5	7	0	0	10	5	1	12	14	5	5	1	10	6	8	2	11	14	11	6	10	7	7	4	23	8	11	7	12	8	20	11	16	20	28	19	25	1	25	10	5	2	21	2	5	14	17	11	5	18	46	12	14	5	30	12	
1287_A/goose/Yunlin/15010 13	10	12	3	24	11	7	13	5	7	0	0	10	5	1	12	14	5	5	1	10	6	8	2	11	14	11	6	10	7	7	4	23	8	11	7	12	8	20	11	16	20	28	19	25	1	25	10	5	2	21	2	5	14	17	11	5	18	46	12	14	5	30	12	
1288_A/goose/Yunlin/15040 14	11	14	4	23	10	5	12	9	11	0	0	10	4	1	12	16	8	5	1	11	4	8	2	7	15	13	6	8	5	5	3	22	7	20	4	11	10	14	14	14	19	30	19	26	4	22	13	6	6	23	5	5	7	13	8	8	19	43	10	12	3	31	12	
1289_A/goose/Yunlin/16020 15	9	12	3	22	12	7	13	5	7	0	0	10	5	1	12	14	4	5	1	10	7	8	2	11	14	11	6	10	7	7	4	24	8	12	7	9	8	19	12	17	20	30	18	25	1	24	10	5	2	20	2	6	14	17	11	5	18	48	12	14	5	28	12	
1290_A/goose/Yunlin/16020 14	10	12	3	23	11	7	13	5	7	0	0	10	5	1	12	14	4	5	1	10	7	8	2	11	14	11	6	10	7	7	4	23	8	14	7	10	8	18	11	16	20	31	18	25	1	23	10	5	2	20	2	6	14	17	11	6	18	48	12	14	5	28	12	
1291_A/goose/Yunlin/16040 15	8	12	3	22	12	7	13	5	8	0	0	10	5	1	12	14	4	5	1	10	7	8	2	11	14	11	6	10	7	7	4	23	9	12	7	10	7	19	12	17	20	30	18	25	1	24	10	4	3	20	2	6	14	17	11	5	18	48	12	14	5	28	12	
1292_A/goose/Yunlin/17100 13	11	12	3	24	10	7	13	6	7	0	0	9	5	1	12	13	3	5	2	10	6	8	2	11	15	11	5	10	8	7	5	24	8	11	7	11	7	19	13	17	21	29	19	25	1	24	9	6	2	20	3	5	15	18	9	4	17	46	12	14	5	30	12	
1293_A/goose/Yunlin/18030 13	11	12	3	24	10	7	13	5	7	0	0	9	5	1	12	14	3	5	2	9	6	8	1	10	14	11	7	12	9	7	3	24	8	11	8	11	7	18	13	17	21	33	20	25	1	20	9	6	2	21	3	5	15	17	9	5	17	48	12	13	5	28	12	
1294_A/goose/Yunlin/18030 13	11	12	3	24	10	7	13	5	7	0	0	9	5	1	12	14	3	5	2	9	6	8	1	10	14	11	7	12	9	7	3	24	8	11	8	11	7	18	13	17	21	33	20	25	1	20	9	6	2	21	3	5	15	17	9	5	17	48	12	13	5	28	12	
1295_A/goose/Yunlin/18040 13	11	12	3	24	10	7	13	6	7	0	0	9	5	1	12	13	3	5	2	10	6	8	2	10	14	11	4	11	9	7	5	26	7	11	7	8	9	19	12	18	20	29	18	25	1	24	11	6	3	21	3	5	13	17	10	4	18	45	12	14	5	31	12	
1296_A/goose/Yunlin/18040 13	10	12	2	24	11	7	14	5	7	0	0	9	5	1	12	13	4	4	2	10	6	9	2	11	14	11	4	11	8	7	5	23	9	12	6	11	6	19	12	18	21	30	18	25	1	24	11	6	2	21	3	5	15	17	10	4	17	44	13	14	5	31	11	
1297_A/goose/Yunlin/18090 13	9	12	2	24	11	7	14	6	8	0	0	8	5	1	12	13	4	5	2	10	6	8	2	11	14	11	4	11	8	7	5	23	9	13	6	11	6	18	12	18	21	30	18	25	1	24	11	6	2	21	3	5	15	17	10	4	17	44	13	14	5	31	11	
1298_A/goose/Yunlin/18090 13	10	12	5	23	11	8	11	5	9	0	0	11	3	1	12	15	5	6	2	11	6	7	0	7	14	10	7	13	7	8	3	25	6	12	7	7	10	19	11	16	21	31	21	25	0	22	8	6	5	21	4	4	11	16	10	6	17	46	12	15	5	31	12	
1299_A/goose/Yunlin/18110 14	7	11	5	23	11	8	11	5	8	0	0	11	5	1	12	15	8	6	0	9	6	7	3	7	13	10	8	12	7	8	2	24	7	13	7	8	9	17	10	16	19	30	15	26	2	24	13	7	4	20	4	5	12	17	11	5	19	49	10	16	4	29	12	
1300_A/goose/Yunnan/07.14 13	9	12	2	23	10	7	14	7	10	0	0	10	4	1	12	19	8	5	1	7	5	8	2	10	14	14	7	8	6	4	4	25	6	16	8	7	10	15	12	15	21	29	15	26	3	24	13	7	8	21	3	5	8	18	9	5	20	44	10	14	2	29	13	
1301_A/goose/Yunnan/07.14 13	9	12	2	23	10	7	14	7	10	0	0	10	4	1	12	19	8	5	1	7	5	8	2	10	14	14	7	8	6	4	4	25	6	16	8	7	10	15	12	15	21	30	15	26	3	24	13	7	8	21	3	5	8	18	9	5	20	43	10	14	2	29	13	
1302_A/goose/Zhejiang/771 13	9	13	2	23	10	6	14	6	11	0	0	10	3	1	12	18	9	5	1	9	4	8	2	11	13	13	7	7	7	5	3	24	6	15	6	8	10	15	14	17	20	31	18	26	3	22	11	6	7	20	3	5	9	18	9	5	20	48	11	14	2	27	12	
1303_A/goose/Zhejiang/771 13	9	13	2	22	11	6	14	6	11	0	0	10	3	1	12	17	9	5	1	8	2	8	2	12	14	13	7	8	7	5	3	24	7	15	6	8	10	15	14	17	20	31	18	26	3	22	11	6	7	20	3	5	10	19	8	5	20	48	11	14	2	26	12	
1304_A/goose/Zhejiang/771 13	9	13	2	22	11	6	14	6	11	0	0	10	3	1	12	17	9	5	1	8	2	8	2	12	14	13	7	8	7	5	3	24	7	15	6	8	10	15	14	17	20	31	18	26	3	22	11	6	7	20	3	5	10	19	8	5	20	48	11	14	2	26	12	
1305_A/goose/Zhejiang/112 13	9	13	3	23	9	6	13	8	12	0	0	6	4	1	12	20	6	5	1	6	5	8	2	13	19	12	7	9	3	6	4	25	7	14	5	6	10	18	14	18	18	32	15	26	3	20	14	5	7	21	3	5	10	14	10	5	18	48	13	14	2	28	11	
1306_A/goose/Zhejiang/112 13	12	12	2	23	7	7	14	6	11	0	0	9	3	1	12	17	9	5	1	9	4	8	2	11	14	14	7	8	6	5	3	23	6	15	10	8	10	15	10	17	19	29	15	27	3	25	12	6	7	21	3	6	10	17	8	5	18	48	13	14	4	27	11	
1307_A/goose/Zhejiang/727 13	9	14	2	23	10	5	14	5	10	0	0	10	4	1	12	17	8	5	1	8	5	8	2	11	14	13	7	9	6	5	4	24	7	16	8	8	9	14	12	17	20	29	16	26	3	24	12	7	7	22	4	5	9	18	9	5	20	44	9	14	2	29	13	
1308_A/goose/Zhejiang/727 15	11	12	2	22	9	7	14	7	12	0	0	9	3	1	12	18	7	5	1	7	5	8	2	10	18	12	8	9	3	6	3	25	6	15	5	7	9	17	14	17	20	33	16	26	3	18	14	5	5	21	3	5	11	15	9	4	19	47	12	15	2	30	11	
1309_A/goose/Zhejiang/727 13	9	14	2	23	10	5	15	5	10	0	0	10	4	1	12	17	8	5	1	8	5	8	2	11	14	13	7	9	6	5	4	24	6	16	8	8	10	14	11	17	21	29	16	26	3	24	12	7	7	22	4	5	9	18	9	5	19	44	10	14	2	29	12	
1310_A/goose/Zhejiang/925 14	9	13	2	22	10	6	14	6	11	0	0	9	2	1	12	17	8	6	2	10	4	8	2	11	14	12	7	9	6	6	3	24	6	15	8	7	10	14	12	17	18	31	16	25	4	22	12	7	7	22	2	5	9	18	8	5	21	44	9	15	3	29	16	
1311_A/goose/Zhejiang/925 15	10	12	2	22	9	7	14	3	11	0	0	10	2	1	13	15	6	5	2	9	7	8	1	10	16	12	9	14	5	6	2	24	9	13	5	9	10	19	13	16	17	31	21	24	1	20	9	4	7	25	3	6	9	13	8	4	19	49	12	15	5	28	11	
1312_A/goose/Zhejiang/925 15	9	14	4	22	9	5	12	8	12	0	0	9	2	1	13	16	8	6	1	9	5	9	2	10	15	12	7	9	5	5	3	22	9	16	4	11	10	16	14	12	17	33	18	25	2	20	13	6	9	23	5	6	6	13	7	5	21	45	13	16	3	31	9	
1313_A/goose/Zhejiang/925 13	10	12	2	23	9	7	14	6	11	0	0	9	3	1	12	18	9	5	1	8	4	8	2	11	14	13	7	9	6	5	3	23	6	15	9	8	10	15	11	18	19	30	15	26	2	25	12	7	7	20	3	5	9	17	9	4	20	48	11	14	4	28	12	
1314_A/goose/Zhejiang/925 15	9	14	4	22	9	5	12	8	12	0	0	9	2	1	12	16	8	6	1	9	5	9	2	10	15	12	7	9	5	5	3	23	9	16	4	11	10	16	14	11	19	33	16	25	2	20	15	6	9	23	5	6	6	13	7	5	20	45	13	16	3	30	10	
1315_A/goose/Zhejiang/925 13	10	12	2	23	9	7	14	6	11	0	0	9	3	1	12	18	9	5	1	8	4	8	2	11	14	13	7	9	6	5	3	23	6	15	9	8	10	15	11	18	19	30	15	26	2	25	12	7	7	20	3	5	9	17	9	4	20	48	11	14	4	28	12	
1316_A/goose/Zhejiang/112 13	11	12	2	23	8	7	14	6	11	0	0	9	3	1	12	17	9	5	1	9	4	8	2	11	15	14	7	8	6	5	3	23	6	15	9	8	10	15	11	17	18	29	16	27	3	25	11	6	7	20	4	6	9	17	9	5	20	48	9	14	3	28	13	
1317_A/goose/Zhejiang/S12 15	10	10	6	21	9	9	10	3	11	0	0	10	3	1	12	17	7	6	1	9	6	7	2	11	13	11	7	12	6	7	3	24	7	11	7	7	9	21	10	17	20	24	19	25	2	27	12	4	7	20	4	4	11	17	10	6	17	51	10	16	4	27	12	
1318_A/Great_black-headed 14	10	12	3	22	8	7	13	8	12	0	0	8	3	1	12	18	8	5	1	7	5	8	2	12	18	13	7	8	3	6	4	24	6	16	5	7	10	16	14	16	18	32	17	26	4	19	13	5	6	20	3	6	10	15	9	6	19	50	13	13	3	27	11	
1319_A/Great_Black-headed 14	10	12	3	22	10	7	13	5	8	0	0	10	6	1	12	15	6	6	1	10	4	8	2	10	13	13	9	12	8	5	2	24	5	13	5	8	11	18	12	17	19	33	14	25	2	20	14	5	4	20	3	5	11	18	10	8	19	41	11	12	5	35	13	
1320_A/Great_black-headed 14	10	12	3	22	8	7	13	8	12	0	0	8	3	1	12	18	8	5	1	7	5	8	2	12	18	13	7	8	3	6	4	24	6	16	5	7	10	16	14	16	18	32	17	26	4	19	13	5	6	20	3	6	10	15	9	6	19	50	13	13	3	27	11	
1321_A/Great_Cormorant/Hu 12	9	11	5	24	12	8	10	5	11	0	0	10	3	1	12	15	5	5	1	12	5	8	2	8	12	11	6	13	8	7	3	23	6	13	6	8	8	18	12	18	24	30	19	23	1	24	10	6	7	19	5	5	7	18	9	6	18	48	11	14	5	29	13	
1322_A/Great_Cormorant/Hu 13	9	11	5	23	12	8	10	5	11	0	0	10	3	1	12	15	5	5	1	12	5	8	2	9	12	11	6	12	8	7	3	23	6	13	5	7	8	18	13	19	24	31	19	23	1	23	10	6	7	18	5	5	7	19	9	6	18	49	11	14	5	28	13	
1323_A/Great_Cormorant/Hu 13	9	11	5	23	12	8	10	5	11	0	0	10	3	1	12	15	5	5	1	12	5	8	2	9	12	11	6	12	8	7	3	23	6	13	5	7	8	18	13	19	24	30	19	23	1	24	10	6	7	19	5	5	7	18	9	6	18	49	11	14	5	28	13	
1324_A/Great_Cormorant/Hu 13	9	11	5	23	12	8	10	5	11	0	0	10	3	1	12	15	5	5	1	12	5	8	2	8	12	11	6	13	8	7	3	23	6	13	5	8	8	18	13	18	24	30	19	23	1	24	10	6	7	18	5	5	7	19	9	6	18	48	11	14	5	29	13	
1325_A/Great_Cormorant/Hu 12	9	11	5	24	13	8	10	5	10	0	0	10	3	1	12	15	5	5	1	12	5	8	2	8	12	11	6	13	8	7	3	23	6	13	6	8	8	18	12	18	24	30	19	23	1	24	10	6	7	19	5	5	7	18	9	6	18	48	11	14	5	29	13	
1326_A/Great_Cormorant/Hu 12	9	11	5	24	13	8	10	5	10	0	0	10	3	1	12	15	5	5	1	12	5	8	2	8	12	11	6	13	8	7	3	23	6	13	6	8	8	18	12	18	24	30	19	23	1	24	10	6	7	19	5	5	7	18	9	6	18	48	11	14	5	29	13	
1327_A/Great_Cormorant/Hu 12	9	11	5	24	12	8	10	5	11	0	0	10	3	1	12	15	5	5	1	12	5	8	2	9	12	11	6	12	8	7	3	23	6	13	7	8	8	18	11	18	24	30	19	23	1	24	10	6	7	19	5	5	7	18	9	6	18	48	11	14	5	29	13	
1328_A/Great_Cormorant/Qi 14	10	12	3	22	10	7	13	5	8	0	0	10	5	1	12	15	6	6	1	10	3	8	2	10	14	13	9	12	9	5	2	24	5	13	5	8	12	18	12	17	20	33	14	25	1	20	14	5	5	20	3	5	9	18	10	8	19	42	12	12	5	34	12	
1329_A/Great_Cormorant/Qi 14	10	12	3	22	10	7	13	5	8	0	0	10	5	1	12	15	6	6	1	10	3	8	2	10	14	13	9	12	9	5	2	24	5	13	5	8	12	18	12	17	19	33	14	25	2	20	14	5	5	20	3	5	9	18	10	8	20	41	12	12	5	34	12	
1330_A/Great_Cormorant/Qi 14	10	12	3	22	10	7	13	5	8	0	0	10	5	1	12	15	6	6	1	10	3	8	2	9	14	13	9	13	9	5	2	24	5	13	5	8	12	18	12	16	19	33	14	26	2	20	14	5	5	21	3	5	9	17	10	8	19	42	12	12	5	34	12	
1331_A/Great_Crested_Greb 14	10	13	3	22	10	6	13	4	8	0	0	8	5	1	12	15	6	4	1	10	5	9	2	10	14	11	7	13	7	7	3	25	7	13	7	10	9	18	11	16	19	33	17	25	1	20	12	6	4	21	2	4	12	17	11	5	20	44	12	15	4	33	11	
1332_A/grebe/Ningxia/SD00 15	10	10	5	21	9	9	11	4	11	0	0	9	3	1	12	18	7	6	1	8	6	7	2	10	13	12	7	12	6	6	2	22	7	12	7	8	9	21	10	18	19	24	19	25	2	26	13	6	7	20	4	4	11	17	10	6	16	52	9	16	5	26	13	
1333_A/grebe/Shaanxi/SD00 15	10	10	5	21	9	9	11	5	11	0	0	8	3	1	12	18	7	6	1	8	6	7	2	10	12	12	6	13	7	6	3	23	7	12	7	8	9	21	10	18	19	24	19	25	2	26	13	5	7	20	4	4	11	17	10	5	16	52	10	16	5	26	12	
1334_A/grebe/Shandong/SC1 15	10	10	5	21	9	9	11	3	11	0	0	9	3	1	12	18	6	7	1	9	6	7	2	11	13	11	7	12	6	7	3	23	7	11	7	7	9	21	10	17	20	24	19	25	2	27	12	5	8	20	4	3	12	17	10	6	16	51	10	16	4	27	12	
1335_A/green-winged_teal/ 15	10	10	5	21	9	9	11	3	11	0	0	9	3	1	12	18	7	6	1	9	6	7	2	12	13	12	7	11	6	6	3	22	8	11	7	7	10	21	10	17	19	25	19	25	2	26	12	5	8	21	3	4	10	16	11	6	17	51	10	16	4	27	12	
1336_A/Guangdong/1/2006|E 12	10	13	3	24	9	7	12	9	11	0	0	6	3	1	12	17	7	5	1	9	5	8	2	7	15	13	8	14	5	5	2	23	6	17	6	10	10	15	13	16	19	33	19	26	2	20	11	6	5	20	3	4	10	16	9	6	18	48	11	14	5	30	11	
1337_A/Guangdong/1/2008|E 13	8	14	3	24	9	5	13	8	12	0	0	7	3	1	12	16	8	5	1	9	4	8	2	8	15	13	8	12	6	5	2	22	6	16	6	12	11	16	13	16	18	34	17	27	2	19	12	6	5	21	3	3	10	15	9	6	18	49	12	14	5	28	12	
1338_A/Guangdong/2/2006|E 12	10	13	2	24	9	6	14	7	11	0	0	7	3	1	12	17	7	5	1	9	5	8	2	9	16	13	7	12	5	5	3	24	7	16	6	9	10	15	13	16	19	34	18	26	2	20	10	6	5	22	3	4	10	15	9	6	20	48	12	14	3	29	11	
1339_A/Guangdong/18SF020/ 16	7	12	2	21	12	7	14	6	10	0	0	8	4	1	12	19	8	5	2	6	5	8	1	11	14	14	4	11	6	4	6	22	6	16	8	9	10	14	12	17	19	27	21	25	4	24	10	6	8	23	4	6	9	16	8	4	19	44	8	15	2	30	15	
1340_A/Guangdong/12903/20 15	11	10	5	21	9	9	11	3	11	0	0	10	2	1	12	18	7	6	1	9	6	7	2	9	12	12	8	13	7	6	3	22	7	12	7	8	9	20	10	17	20	23	20	25	2	27	11	4	7	20	4	5	11	17	9	6	17	51	11	16	4	27	12	
1341_A/Guangdong/lgf/2021 15	11	10	5	21	9	9	11	3	11	0	0	9	2	1	12	18	7	6	1	9	6	7	2	10	12	12	8	13	7	6	3	22	7	12	7	8	9	20	10	17	20	23	19	25	2	27	12	5	7	20	4	4	11	17	9	6	17	50	11	16	4	28	12	
1342_A/Guangxi/1/2005|EPI 13	10	13	2	24	9	6	14	7	11	0	0	7	3	1	12	16	6	5	1	9	6	8	2	9	15	13	7	12	6	5	3	23	6	16	6	11	10	15	13	15	20	34	18	26	2	20	10	6	5	22	4	4	10	15	8	6	19	48	12	14	4	29	11	
1343_A/Guangxi/1/2005|EPI 13	10	13	2	24	9	6	14	7	11	0	0	7	3	1	12	16	6	5	1	9	6	8	2	9	15	13	7	12	6	5	3	23	6	16	6	11	10	15	13	15	20	34	18	26	2	20	10	6	5	22	4	4	10	15	8	6	19	48	12	14	4	29	11	
1344_A/Guangxi/1/2008|EPI 11	10	13	3	24	10	6	13	7	12	0	0	7	3	1	12	15	7	5	1	11	4	8	2	9	16	13	6	12	6	5	4	24	6	16	6	9	11	15	13	16	21	34	18	26	1	20	10	6	5	22	5	4	10	15	8	8	18	47	12	13	3	29	10	
1345_A/Guangxi/32797/2018 15	9	13	2	21	10	7	14	6	9	0	0	10	5	1	12	18	7	5	1	8	5	8	2	12	14	13	4	7	7	5	6	23	6	15	8	8	10	15	12	17	18	26	20	26	5	25	11	6	8	21	4	6	9	18	8	4	19	42	9	15	2	31	14	
1346_A/Guangxi/55726/2016 14	9	12	3	22	10	7	13	8	10	0	0	9	4	1	12	19	9	5	2	7	4	8	1	10	14	13	7	8	6	5	4	23	6	16	8	8	10	15	12	17	20	28	15	26	3	25	13	7	8	22	3	5	8	17	9	5	20	44	10	14	2	29	13	
1347_A/Guangzhou/39715/20 13	9	12	2	23	10	7	14	6	10	0	0	9	4	1	12	18	8	5	1	8	5	8	2	11	13	14	7	9	7	4	4	24	6	16	8	7	10	15	12	17	20	28	16	26	3	24	12	7	7	24	3	5	9	15	9	5	19	44	10	14	3	30	13	
1348_A/Guizhou/1/2009|EPI 12	10	12	2	25	9	7	13	8	11	0	0	7	3	1	12	17	7	5	0	9	5	8	3	8	15	13	7	12	6	5	3	22	8	15	6	9	9	16	13	16	17	33	18	26	3	21	10	6	5	23	3	6	8	15	9	6	20	49	13	14	5	28	10	
1349_A/GX-guilin/11151/20 14	9	10	4	22	10	9	12	2	8	0	0	13	5	1	12	14	6	6	1	11	7	7	2	8	14	10	6	13	6	8	3	24	6	13	7	8	10	19	10	18	18	29	14	24	3	25	15	7	4	22	3	4	12	14	11	5	17	51	10	15	6	28	12	
1350_A/GX-hechi/01/2021|E 13	10	11	5	23	10	8	11	5	7	0	0	12	6	1	12	14	6	6	1	12	6	7	2	6	14	11	6	13	6	7	4	25	6	12	7	10	11	18	11	16	19	30	14	25	1	24	14	5	5	19	4	5	11	16	10	4	17	54	11	16	5	26	11	
1351_A/Hangzhou/01/2021|E 13	10	10	5	23	10	9	11	4	7	0	0	13	6	1	12	14	6	6	1	11	7	7	2	8	14	10	7	11	6	9	3	26	7	14	7	7	11	16	10	18	17	30	13	25	3	24	16	5	3	22	3	4	12	14	11	6	17	48	10	14	6	31	11	
1352_A/HeFei04171/2024|EP 14	9	11	5	22	10	8	11	2	10	0	0	9	3	1	12	12	8	6	0	13	7	7	3	8	10	11	6	17	8	7	3	24	7	10	6	9	10	21	11	18	18	24	17	24	2	28	13	6	4	24	2	4	12	12	12	5	19	53	9	15	5	27	13	
1353_A/heron/Kaohsiung/15 15	10	12	3	21	10	7	13	4	8	0	0	11	5	1	12	15	6	7	1	10	5	6	2	11	13	13	9	12	7	5	2	24	5	12	6	10	11	19	12	16	19	31	15	25	2	22	13	4	4	20	3	5	11	18	10	7	19	46	12	13	5	31	11	
1354_A/heron/Taiwan/17DB0 13	11	12	3	24	10	7	12	5	7	0	0	9	5	1	12	13	4	5	2	10	6	8	3	10	14	11	6	12	8	7	3	24	8	10	7	11	7	20	12	17	21	29	19	25	1	24	10	6	2	20	3	5	15	18	10	4	16	47	12	14	6	29	12	
1355_A/Herring_Gull/Hubei 14	10	12	3	22	10	7	13	5	8	0	0	10	5	1	12	15	6	6	1	10	3	8	2	10	14	13	8	12	9	5	2	24	5	13	5	8	12	18	12	17	19	33	14	25	2	20	14	5	5	20	3	5	9	18	10	8	19	42	13	12	5	34	12	
1356_A/hill_myna/Heilongj 13	10	12	2	23	9	7	14	8	11	0	0	8	3	1	12	18	7	5	1	7	5	8	2	11	18	12	7	9	3	6	4	25	7	15	5	7	9	17	14	17	21	31	16	26	3	21	13	5	6	19	4	5	10	16	9	6	19	49	12	13	2	28	11	
1357_A/Hong_Kong/5923/201 12	10	13	3	24	9	6	13	6	11	0	0	7	3	1	12	17	9	6	1	9	4	7	2	12	14	13	7	10	6	5	3	23	6	15	8	8	10	15	12	17	20	30	17	26	3	23	12	7	7	21	3	5	9	17	9	5	20	48	11	14	2	27	12	
1358_A/Hubei/29578/2016_x 17	9	13	5	19	10	7	10	6	11	0	0	12	3	1	12	21	3	3	3	7	6	10	1	6	16	11	3	12	6	8	1	23	9	21	10	12	7	13	9	14	21	30	20	25	0	23	12	7	8	23	4	3	10	13	5	11	18	42	19	9	1	35	8	
1359_A/Hubei/29578/2016|E 14	8	14	6	22	11	5	11	5	12	0	0	8	3	1	12	12	5	5	1	13	6	8	3	11	13	8	6	14	9	10	2	18	7	15	5	16	13	19	10	15	16	33	18	24	3	20	12	4	5	22	4	5	9	14	8	5	19	53	11	15	3	26	12	
1360_A/Hunan/1/2006|EPI_I 12	9	12	2	24	10	7	14	7	11	0	0	7	3	1	12	17	7	5	1	9	5	8	2	9	15	13	7	12	6	5	3	23	6	14	7	10	11	16	13	16	19	34	18	26	2	20	10	6	5	22	3	4	10	15	8	6	19	48	13	14	4	29	11	
1361_A/Hunan/1/2008|EPI_I 18	11	11	4	18	11	8	12	3	9	0	0	12	3	1	12	15	6	5	1	11	5	8	2	9	13	11	5	12	7	7	5	25	6	12	11	9	13	19	8	14	15	32	17	25	3	23	10	5	8	25	4	4	9	11	7	5	16	47	16	15	7	32	9	
1362_A/Hunan/2/2009|EPI_I 13	10	12	2	24	9	7	13	8	11	0	0	7	3	1	12	18	7	5	0	9	5	8	2	8	15	13	7	12	6	5	3	22	7	15	6	10	10	16	13	15	17	34	17	26	3	21	10	6	5	23	3	5	8	15	9	7	20	49	12	14	5	28	11	
1363_A/Japanese_white-eye 13	10	12	2	23	9	7	14	8	12	0	0	8	3	1	12	18	7	5	1	7	5	8	2	11	18	12	7	9	3	6	4	25	7	15	5	7	9	17	14	17	20	31	16	26	3	21	13	5	6	20	3	5	10	16	9	5	19	48	12	14	2	29	11	
1364_A/Jiangsu/1/2007|EPI 12	8	14	3	24	9	5	13	8	12	0	0	7	3	1	12	17	8	5	1	9	4	8	2	7	15	12	8	13	6	6	2	23	6	16	6	12	11	16	13	16	18	34	17	26	2	21	11	5	5	22	3	3	10	14	9	6	18	49	12	15	5	28	11	
1365_A/Jiangsu/1/2018|EPI 16	10	12	2	20	12	7	14	5	8	0	0	11	3	1	12	12	6	4	1	11	6	9	2	7	12	9	6	15	8	9	4	23	7	14	9	11	10	18	9	15	18	33	18	25	2	21	10	4	5	22	6	6	12	14	6	8	16	47	13	13	6	30	12	
1366_A/Jiangsu/1/2018|EPI 16	10	12	2	20	12	7	14	5	8	0	0	11	3	1	12	12	6	4	1	11	6	9	2	7	12	9	6	15	8	9	4	23	7	14	9	11	10	18	9	15	18	33	18	25	2	21	10	4	5	22	6	6	12	14	6	8	16	47	13	13	6	30	12	
1367_A/Jiangsu/1/2020_(H5 16	10	11	6	20	10	8	10	3	10	0	0	10	3	1	12	12	6	5	1	14	6	8	2	9	11	9	6	14	9	9	3	25	7	14	6	9	9	17	11	16	19	29	18	24	2	24	12	5	4	21	2	5	12	16	12	6	21	48	8	14	3	30	14	
1368_A/Jiangsu/1/2020(H5N 16	10	11	6	20	10	8	10	3	10	0	0	10	3	1	12	12	6	5	1	14	6	8	2	9	11	9	6	14	9	9	3	25	7	14	6	9	9	17	11	16	19	29	18	24	2	24	12	5	4	21	2	5	12	16	12	6	21	48	8	14	3	30	14	
1369_A/Jiangsu/2/2007|EPI 12	8	14	3	24	9	5	13	8	12	0	0	7	3	1	12	17	8	5	1	9	4	8	2	7	15	12	8	13	6	6	2	23	6	16	6	12	11	16	13	16	18	34	17	26	2	21	11	5	5	22	3	3	10	14	9	6	18	49	12	15	5	28	11	
1370_A/Jiangsu/JSSZ01/201 16	10	12	2	20	12	7	14	5	8	0	0	11	3	1	12	12	6	4	1	11	6	9	2	7	12	9	6	15	8	9	4	23	7	14	9	11	10	18	9	15	18	33	18	25	2	21	10	4	5	22	6	6	12	14	6	8	16	47	13	13	6	30	12	
1371_A/Jiangxi/1/2005|EPI 17	10	11	4	19	12	8	12	3	9	0	0	11	3	1	12	14	7	5	1	13	4	8	2	7	13	12	5	14	7	6	5	25	6	10	11	9	13	21	8	14	15	32	17	25	3	23	10	5	6	24	4	4	11	13	6	5	18	47	16	15	6	31	9	
1372_A/Jiangxi/16791/2022 14	9	10	5	22	10	9	11	2	8	0	0	13	5	1	12	14	6	6	1	11	7	7	2	8	15	10	6	13	5	8	3	24	6	13	7	8	10	18	11	17	16	31	15	26	4	23	14	6	5	21	3	4	12	15	11	5	18	52	10	15	5	27	12	
1373_A/lesser_kestrel/Hei 12	10	13	3	24	9	6	13	7	11	1	0	9	3	0	12	17	8	5	1	9	4	8	2	8	15	13	8	11	6	5	2	21	6	16	6	11	10	15	13	18	19	30	17	25	3	23	11	6	5	22	3	4	10	16	9	5	18	48	12	14	5	29	12	
1374_A/lion/Hubei/1-2/201 12	9	12	6	24	12	7	9	5	11	0	0	10	3	1	12	14	5	5	1	12	5	8	2	10	12	11	6	12	8	7	3	23	6	14	6	7	8	18	12	19	24	29	19	23	1	24	10	6	7	19	5	5	7	18	9	6	18	50	11	14	5	26	14	
1375_A/Luscinia_cyane/Jia 15	10	14	4	22	9	5	12	8	12	0	0	8	2	1	12	15	8	5	1	10	5	8	3	10	15	13	5	9	5	5	4	22	9	16	4	12	10	16	14	12	18	31	18	25	2	21	13	6	9	24	5	5	6	13	7	7	22	42	14	15	2	33	9	
1376_A/mallard_duck/Shang 15	10	14	4	22	9	5	12	8	12	0	0	8	2	1	12	15	8	5	1	10	5	8	2	10	15	13	8	9	5	5	2	23	9	16	4	11	10	16	14	12	18	31	18	25	1	21	13	6	9	24	6	5	6	13	6	6	21	43	14	16	4	32	9	
1377_A/mallard/Heilongjia 14	10	10	4	22	10	9	13	6	11	0	0	8	2	1	12	15	4	5	1	10	8	8	3	10	12	9	6	13	9	9	2	20	7	13	4	13	14	21	11	16	17	36	15	24	1	17	15	4	5	21	5	5	10	15	8	7	18	55	13	13	4	24	10	
1378_A/Mallard/Jiangxi/JX 14	11	13	3	22	8	6	13	6	10	0	0	9	3	1	12	18	8	5	1	8	6	8	3	11	14	12	5	9	6	6	5	24	6	16	8	7	10	14	12	17	19	28	16	26	4	24	13	7	7	22	3	5	9	18	9	5	20	44	10	14	2	29	13	
1379_A/Mallard/Jiangxi/JX 14	11	13	2	22	8	6	14	6	11	0	0	9	3	1	12	18	8	5	1	8	5	8	2	11	14	12	6	9	6	6	5	24	6	16	8	7	10	14	12	17	19	28	16	26	4	25	12	7	7	22	3	5	9	18	9	5	20	43	10	14	2	30	13	
1380_A/mallard/Ningxia/17 13	10	15	3	23	9	4	13	4	8	0	0	9	6	1	12	16	6	4	1	10	5	9	2	9	15	12	8	12	6	7	4	24	6	14	9	9	8	16	10	16	22	30	16	25	0	20	14	6	4	19	3	4	12	19	10	6	20	49	10	14	5	29	12	
1381_A/mallard/Ningxia/17 13	10	15	3	23	9	4	13	4	8	0	0	9	6	1	12	16	6	4	1	10	5	9	2	9	15	12	8	12	6	7	4	24	6	14	9	9	8	16	10	16	22	30	16	25	0	20	14	6	4	19	3	4	12	19	10	6	21	49	10	14	4	29	12	
1382_A/mallard/Ningxia/23 13	10	15	3	23	9	4	13	4	8	0	0	9	6	1	12	16	6	4	1	10	5	9	2	9	15	11	8	12	6	7	4	24	6	14	9	9	8	16	10	16	22	31	16	25	0	20	14	6	4	19	3	4	12	19	10	6	21	49	10	14	4	29	12	
1383_A/mallard/Ningxia/24 13	10	15	3	23	9	4	13	4	8	0	0	9	6	1	12	16	6	4	1	10	5	9	2	9	15	11	8	12	6	7	4	24	6	14	9	9	8	16	10	16	22	31	16	25	0	21	13	6	4	19	3	4	12	19	10	6	21	49	10	14	4	29	12	
1384_A/mallard/Ningxia/24 13	10	15	3	23	9	4	13	4	8	0	0	9	6	1	12	16	6	4	1	10	5	9	2	9	15	12	8	12	6	7	4	24	6	14	9	9	8	16	10	16	22	30	16	25	0	20	14	6	4	19	3	4	12	19	10	6	21	49	10	14	4	29	12	
1385_A/mallard/Ningxia/24 13	10	15	3	23	9	4	13	4	8	0	0	9	6	1	12	16	6	4	1	10	5	9	2	9	15	11	8	12	6	7	4	24	6	14	9	9	8	16	10	16	22	31	16	25	0	21	13	6	4	19	3	4	12	19	10	6	21	49	10	14	4	29	12	
1386_A/mandarin_duck/Heil 14	10	11	4	22	10	8	12	6	9	0	0	10	4	1	12	17	7	6	1	8	6	7	2	10	12	12	6	12	7	6	5	23	4	12	4	8	12	20	12	17	20	31	19	25	1	22	10	6	3	19	3	6	13	18	10	6	18	43	11	12	6	34	12	
1387_A/mandarin_duck/Hena 15	10	12	4	22	9	7	12	4	9	0	0	12	4	1	12	17	9	6	1	9	5	7	2	10	13	11	7	11	6	7	3	21	7	9	7	8	10	23	10	17	19	33	19	26	1	21	9	6	3	21	2	4	14	15	10	6	18	45	15	13	5	34	9	
1388_A/meerkat/Shanghai/S 12	10	12	2	23	9	7	14	7	12	0	0	9	3	1	12	19	7	5	1	7	5	8	2	10	17	12	7	10	4	6	4	25	7	15	6	7	9	17	13	17	20	32	15	26	3	20	13	5	6	21	3	5	10	15	9	5	18	49	12	14	3	28	12	
1389_A/migratory_waterfow 13	10	12	2	23	9	7	14	6	11	0	0	9	3	1	12	16	9	5	1	10	4	8	2	11	14	13	7	9	6	5	3	23	6	14	9	9	10	16	11	17	20	28	17	26	3	25	12	7	7	20	3	4	9	17	9	5	19	48	10	14	3	28	13	
1390_A/migratory_waterfow 13	10	12	2	23	9	7	14	6	11	0	0	9	3	1	12	16	9	5	1	10	4	8	2	11	14	13	7	9	6	5	3	23	6	14	9	9	10	16	11	17	20	28	17	26	3	25	12	7	7	20	3	4	9	17	9	5	19	48	10	14	3	28	13	
1391_A/mink/China/181/201 15	8	12	2	21	11	7	14	7	9	0	0	8	5	1	12	17	10	5	1	8	5	8	2	11	12	13	4	10	6	5	6	23	6	14	8	8	10	15	12	18	19	28	20	25	4	25	10	6	9	21	3	7	9	18	9	3	19	42	10	15	2	30	14	
1392_A/mink/China/183/201 17	9	12	2	20	10	7	14	7	8	0	0	7	6	1	12	18	9	5	1	7	5	8	2	11	13	13	3	10	6	5	7	24	6	14	8	7	10	16	12	18	18	29	20	25	5	24	9	5	8	22	3	6	9	18	9	3	19	41	9	17	2	32	14	
1393_A/mink/China/191/201 16	9	12	2	20	10	7	14	7	8	0	0	7	6	1	12	19	9	5	1	7	5	8	2	11	13	13	3	10	6	5	7	24	6	14	8	7	10	16	12	17	18	29	20	25	5	24	9	5	9	22	3	6	9	17	9	4	19	41	9	17	2	31	15	
1394_A/mink/China/456/201 16	10	12	2	19	12	7	14	4	8	0	0	11	3	1	12	12	6	4	1	12	6	9	2	8	12	10	6	15	8	8	4	22	7	14	9	11	11	17	9	16	18	34	17	25	2	21	11	4	5	21	5	6	12	15	7	7	16	47	12	13	6	31	12	
1395_A/mink/China/G/2015| 12	9	13	2	24	10	6	14	7	11	0	0	7	3	1	12	17	9	5	1	8	4	8	2	10	15	13	7	12	5	5	3	22	6	15	7	8	9	15	13	17	21	32	17	26	3	21	12	8	7	22	3	4	9	15	9	6	20	50	12	14	2	26	11	
1396_A/mink/China/XB/2015 11	9	11	5	24	11	8	10	5	11	0	0	10	3	1	12	14	5	5	1	13	5	8	2	10	12	11	6	12	8	7	3	23	6	13	6	7	8	18	12	19	24	30	19	23	1	24	10	6	8	19	5	5	8	18	9	6	17	47	10	14	5	30	14	
1397_A/mink/Eastern_China 14	10	12	3	22	10	7	13	7	8	0	0	9	5	1	12	15	7	6	1	10	3	8	2	10	13	13	9	12	9	5	2	24	5	13	6	8	11	18	11	17	19	33	14	24	2	21	13	5	5	20	3	5	9	18	10	9	21	44	11	11	4	32	13	
1398_A/mink/Eastern_China 13	8	12	2	23	11	7	14	7	9	0	0	8	5	1	12	20	9	5	1	6	5	8	2	11	13	12	4	9	6	6	6	23	7	15	8	8	10	16	11	17	19	30	18	26	2	25	11	5	8	22	5	7	9	18	7	4	19	42	9	15	2	30	14	
1399_A/mink/Eastern_China 14	10	12	3	22	10	7	13	7	8	0	0	9	5	1	12	15	7	6	1	10	3	8	2	10	13	13	9	12	9	5	2	25	5	13	6	8	11	18	11	17	19	33	14	24	2	21	13	4	5	20	3	5	9	18	11	9	21	44	11	11	4	32	12	
1400_A/mink/Eastern_China 15	8	12	2	21	11	7	14	7	9	0	0	7	5	1	12	19	9	5	1	7	5	8	2	11	13	13	4	10	6	5	6	23	6	16	7	7	11	14	13	19	17	27	20	25	5	25	10	6	8	22	3	6	9	18	8	4	19	43	10	15	2	30	14	
1401_A/mink/Eastern_China 15	12	13	7	21	7	6	9	3	8	0	0	12	4	1	12	18	6	8	1	9	7	6	3	12	16	10	3	7	3	8	5	21	10	15	9	10	8	16	8	18	17	35	16	27	2	20	13	6	6	21	3	6	10	16	7	6	18	50	19	14	3	28	7	
1402_A/mink/Northern_Chin 11	8	12	3	25	12	7	13	3	9	0	0	9	3	1	12	18	6	5	2	7	8	8	2	8	13	12	7	16	6	6	2	21	7	10	5	14	13	21	13	14	17	34	20	26	2	19	9	5	8	26	6	5	7	10	6	8	18	53	13	12	5	25	11	
1403_A/Muscovy_duck/China 15	8	11	2	22	10	8	14	7	9	0	0	8	5	1	12	19	9	5	2	7	4	8	1	11	13	13	5	10	7	5	4	23	6	16	7	8	10	14	13	18	20	28	18	25	3	24	13	6	10	22	5	6	8	17	6	3	19	42	13	15	2	28	14	
1404_A/Muscovy_duck/China 15	8	11	2	22	10	8	14	7	9	0	0	8	5	1	12	19	9	5	2	7	4	8	1	11	13	13	5	10	7	5	4	23	6	16	7	8	10	14	13	18	20	28	18	25	3	24	13	6	10	22	5	6	8	17	6	3	19	42	13	15	2	28	14	
1405_A/muscovy/duck/Hunan 13	9	13	2	23	10	6	14	6	11	0	0	9	3	1	12	18	8	5	1	8	5	8	2	11	14	13	7	9	6	5	4	23	6	16	8	8	10	14	12	17	20	27	14	26	3	26	14	7	7	22	4	5	9	18	8	5	20	44	10	14	2	29	13	
1406_A/muscovy/duck/Hunan 13	9	13	2	23	10	6	14	6	11	0	0	9	3	1	12	18	8	5	1	8	5	8	2	11	14	13	7	9	6	5	4	23	6	16	8	8	10	14	12	17	20	27	14	26	3	26	14	7	7	22	4	5	9	18	8	5	20	45	10	14	2	28	13	
1407_A/muscovy/duck/Hunan 13	9	13	2	23	10	6	14	6	11	0	0	9	3	1	12	18	8	5	1	8	5	8	2	11	14	13	7	9	6	5	4	23	6	16	8	8	10	14	12	17	20	27	14	26	3	26	14	7	7	22	4	5	9	18	8	5	20	45	10	14	2	28	13	
1408_A/muscovy/duck/Hunan 13	9	13	2	23	10	6	14	6	11	0	0	9	3	1	12	18	8	5	1	8	5	8	2	11	14	13	7	9	6	5	4	23	6	16	8	8	10	14	12	17	20	27	14	26	3	26	14	7	7	22	4	5	9	18	8	5	20	45	10	14	2	28	13	
1409_A/muscovy/duck/Hunan 13	9	13	2	23	10	6	14	6	11	0	0	9	3	1	12	18	7	5	1	8	5	8	2	11	15	13	7	9	6	5	4	23	6	16	7	8	10	14	12	17	20	28	14	26	3	25	14	7	7	22	6	5	9	18	7	4	20	44	10	15	2	29	13	
1410_A/muscovy/duck/Hunan 13	9	13	2	23	10	6	14	6	11	0	0	9	3	1	12	18	8	5	1	8	5	8	2	11	14	13	7	9	6	5	4	23	6	16	8	8	10	14	12	17	20	27	14	26	3	26	14	7	7	22	3	5	9	18	9	5	20	45	10	14	2	28	13	
1411_A/muscovy/duck/Hunan 13	10	13	2	22	9	6	14	7	11	0	0	9	3	1	12	19	9	5	1	8	4	8	2	12	14	13	7	7	6	5	3	25	6	16	7	7	10	13	14	18	20	29	16	25	3	24	13	6	8	20	3	4	8	19	9	6	20	45	10	14	2	29	13	
1412_A/muscovy/duck/Hunan 13	10	13	2	22	9	6	14	7	11	0	0	9	3	1	12	19	9	5	1	8	4	8	2	12	14	13	7	7	6	5	3	24	6	16	8	7	10	13	13	17	20	29	16	26	3	24	13	7	8	21	3	4	8	18	9	6	20	45	10	14	2	29	13	
1413_A/muscovy/duck/Hunan 13	10	13	2	22	9	6	14	7	11	0	0	9	3	1	12	19	9	5	2	8	4	8	1	12	14	13	7	7	6	5	3	24	6	16	8	7	10	13	13	17	20	29	16	26	3	24	13	7	8	21	3	4	8	18	9	6	20	45	10	14	2	29	13	
1414_A/muscovy/duck/Hunan 13	10	13	2	22	9	6	14	7	11	0	0	9	3	1	12	19	9	5	1	8	4	8	2	12	14	13	7	7	6	5	3	24	6	16	8	7	10	13	13	17	20	29	16	26	3	24	13	7	8	20	3	4	8	19	9	6	20	45	10	14	2	29	13	
1415_A/muscovy/duck/Hunan 12	10	13	3	24	9	6	13	7	11	0	0	8	3	1	12	18	9	5	1	8	4	8	2	12	14	13	7	8	6	5	3	24	6	16	8	7	10	14	12	17	20	29	16	26	3	24	13	7	8	21	3	5	8	18	9	4	20	45	10	15	2	29	13	
1416_A/muscovy/duck/Hunan 12	10	13	2	24	9	6	14	7	11	0	0	8	3	1	12	18	9	5	1	8	4	8	2	12	14	13	7	8	6	5	3	24	6	16	8	7	10	14	12	17	20	29	16	26	3	24	13	7	8	20	3	5	8	19	9	4	20	45	10	15	2	29	13	
1417_A/muscovy/duck/Hunan 12	10	13	2	24	9	6	14	7	11	0	0	8	3	1	12	19	10	5	1	8	3	8	2	11	15	13	7	8	5	5	3	23	5	15	7	8	11	15	13	17	20	31	16	26	3	22	13	7	8	21	3	4	8	17	9	5	20	46	12	15	2	29	11	
1418_A/muscovy/duck/Hunan 13	10	13	2	22	9	6	14	7	11	0	0	9	3	1	12	19	9	5	1	8	4	8	2	12	14	13	7	7	6	5	3	24	6	16	8	7	10	13	13	17	20	29	16	26	3	24	13	7	8	21	3	4	8	18	9	6	20	45	10	14	2	29	13	
1419_A/muscovy/duck/Hunan 13	9	13	2	23	10	6	14	6	11	0	0	9	3	1	12	18	8	5	1	8	5	8	2	11	14	13	5	9	6	5	6	22	6	16	8	9	10	14	12	17	20	28	15	26	3	25	13	7	7	22	3	5	9	18	9	5	20	44	11	14	2	28	13	
1420_A/muscovy/duck/Hunan 13	10	13	2	22	9	6	14	7	11	0	0	9	3	1	12	19	9	5	1	8	4	8	2	12	14	13	7	7	6	5	3	24	6	16	8	7	10	14	12	17	20	29	16	26	3	24	13	7	8	21	2	4	8	18	9	6	20	45	10	14	2	29	14	
1421_A/muscovy/duck/Hunan 13	10	13	2	22	9	6	14	7	11	0	0	9	3	1	12	19	9	5	1	8	4	8	2	12	14	13	7	7	6	5	3	23	6	16	8	7	10	14	12	17	20	29	16	26	3	24	13	8	8	21	3	4	8	18	9	6	20	45	10	14	2	29	13	
1422_A/muscovy/duck/Hunan 13	9	13	2	23	10	6	14	6	11	0	0	9	3	1	12	18	8	5	1	8	5	8	2	11	14	13	7	9	6	5	4	23	6	16	8	8	10	14	12	17	20	27	14	26	3	26	14	7	7	22	4	5	9	18	8	5	20	45	10	14	2	28	13	
1423_A/muscovy/duck/Hunan 13	9	13	2	23	10	6	14	7	9	0	0	9	5	1	12	19	8	5	2	7	5	8	1	10	13	13	8	9	7	5	3	23	6	16	9	8	10	14	12	17	20	28	16	26	3	25	12	7	7	21	3	5	8	18	9	5	21	42	10	14	2	31	13	
1424_A/muscovy/duck/Hunan 13	9	13	2	23	10	6	14	7	9	0	0	9	5	1	12	19	8	5	2	7	5	8	1	10	13	13	8	9	7	5	3	24	6	16	9	7	10	14	12	17	20	28	16	26	3	25	12	7	7	22	3	5	8	18	9	5	21	41	10	14	2	31	13	
1425_A/muscovy/duck/Hunan 13	9	13	2	23	10	6	14	7	9	0	0	9	5	1	12	19	8	5	2	7	5	8	1	10	13	13	8	9	7	5	3	23	6	16	9	8	10	14	12	17	20	28	16	26	3	25	12	7	7	22	3	5	8	18	9	5	21	41	10	14	2	31	13	
1426_A/muscovy/duck/Hunan 13	9	13	2	23	10	6	14	7	9	0	0	9	5	1	12	19	8	5	2	7	5	8	1	10	13	13	8	9	7	5	3	24	6	16	9	7	10	14	12	17	20	28	16	26	3	25	12	7	7	22	3	5	8	18	9	5	21	41	10	14	2	31	13	
1427_A/muscovy/duck/Hunan 13	9	13	2	23	10	6	14	7	9	0	0	9	5	1	12	19	8	5	2	7	5	8	1	10	13	13	8	9	7	5	3	23	6	16	9	8	10	14	12	17	20	28	16	26	3	25	12	7	7	22	3	5	8	18	9	5	21	41	10	14	2	31	13	
1428_A/muscovy/duck/Hunan 13	9	13	2	23	10	6	14	7	9	0	0	9	5	1	12	19	8	5	2	7	5	8	1	10	13	13	8	9	7	5	3	23	6	16	9	8	10	14	12	17	20	28	16	26	3	25	12	7	7	22	3	5	8	18	9	5	21	41	10	14	2	31	13	
1429_A/muscovy/duck/Hunan 13	9	13	2	23	10	6	14	7	9	0	0	9	5	1	12	19	8	5	2	7	5	8	1	10	13	13	8	9	7	5	3	23	6	16	9	8	10	14	12	17	20	29	16	26	3	25	12	7	7	22	3	5	8	18	9	5	21	40	10	14	2	31	13	
1430_A/muscovy/duck/Hunan 13	9	13	2	23	10	6	14	7	9	0	0	9	5	1	12	19	8	5	2	7	5	8	1	10	13	13	8	9	7	5	3	23	6	16	9	8	10	14	12	17	20	28	16	26	3	25	12	7	7	22	3	5	8	18	9	5	21	41	10	14	2	31	13	
1431_A/muscovy/duck/Hunan 13	9	13	2	23	10	6	14	7	9	0	0	9	5	1	12	19	8	5	2	7	5	8	1	10	13	13	8	9	7	5	3	23	6	16	9	8	10	14	12	17	20	28	16	26	3	25	12	7	7	22	3	5	8	18	9	5	21	41	10	14	2	31	13	
1432_A/muscovy/duck/Hunan 13	9	13	2	23	10	6	14	7	9	0	0	9	5	1	12	19	8	5	2	7	5	8	1	10	13	13	8	9	7	5	3	23	6	16	9	8	10	14	12	17	20	28	16	26	3	25	12	7	7	22	3	5	8	18	9	5	21	41	10	14	2	31	13	
1433_A/muscovy/duck/Hunan 13	9	13	2	23	10	6	14	7	9	0	0	9	5	1	12	19	8	5	2	7	5	8	1	10	13	13	8	9	7	5	3	23	6	16	9	8	10	14	12	17	20	28	16	26	3	25	12	7	7	22	3	5	8	18	9	5	21	41	10	14	2	31	13	
1434_A/muscovy/duck/Hunan 13	9	13	2	23	10	6	14	7	9	0	0	9	5	1	12	19	8	5	2	7	5	8	1	10	13	13	8	9	7	5	3	23	6	16	9	8	10	14	12	17	20	28	16	26	3	25	12	7	7	22	3	5	8	18	9	5	21	41	10	14	2	31	13	
1435_A/muscovy/duck/Hunan 13	9	13	2	23	10	6	14	7	9	0	0	9	5	1	12	19	8	5	2	7	5	8	1	10	13	13	8	9	7	5	3	23	6	16	9	8	10	14	12	17	20	28	16	26	3	25	12	7	7	22	3	5	8	18	9	5	21	41	10	14	2	31	13	
1436_A/muscovy/duck/Hunan 13	9	13	2	23	10	6	14	7	9	0	0	9	5	1	12	19	8	5	2	7	5	8	1	10	13	13	8	9	7	5	3	23	6	16	9	8	10	14	12	17	20	28	16	26	3	25	12	7	7	22	3	5	8	18	9	5	21	41	10	14	2	31	13	
1437_A/muscovy/duck/Hunan 13	9	13	2	23	10	6	14	7	9	0	0	9	5	1	12	19	8	5	2	7	5	8	1	10	13	13	8	9	7	5	3	23	6	16	9	8	10	14	12	17	20	28	16	26	3	25	12	7	7	22	3	5	8	18	9	5	21	41	10	14	2	31	13	
1438_A/muscovy/duck/Hunan 13	9	13	2	23	10	6	14	7	9	0	0	9	5	1	12	19	8	5	2	7	5	8	1	10	13	13	8	9	7	5	3	23	6	16	9	8	10	14	12	17	20	28	17	26	3	25	11	7	7	22	3	5	8	18	9	5	21	41	10	14	2	31	13	
1439_A/muscovy/duck/Hunan 13	9	13	2	23	10	6	14	7	9	0	0	9	5	1	12	19	8	5	2	7	5	8	1	10	13	13	8	9	7	5	3	23	6	16	9	8	10	14	12	17	20	28	16	26	3	25	12	7	7	22	3	5	8	18	9	5	21	41	10	14	2	31	13	
1440_A/mute_swan/Inner_Mo 15	10	10	5	21	9	9	11	4	11	0	0	9	3	1	12	18	7	6	1	9	6	7	2	10	12	12	7	12	6	6	3	23	7	11	7	7	10	21	10	17	20	24	19	25	2	27	12	5	7	20	4	4	11	17	10	6	17	51	10	16	4	27	12	
1441_A/mute_swan/Shandong 15	10	10	5	21	9	9	11	4	11	0	0	9	3	1	12	18	7	6	1	9	6	7	2	10	13	12	7	12	6	6	3	23	7	10	7	7	9	22	10	17	20	23	19	25	2	28	12	5	7	20	4	4	11	17	10	6	18	51	10	16	3	27	12	
1442_A/Nanjing/1/2015|EPI 12	9	10	5	24	12	8	10	5	10	0	0	10	3	1	12	14	5	6	1	12	5	8	2	10	12	11	6	12	8	7	3	23	6	14	6	7	8	17	12	19	25	32	19	23	1	22	10	6	7	20	5	5	7	17	9	6	18	47	11	14	5	30	13	
1443_A/Northern_Pintail/H 14	10	12	3	22	10	7	13	4	9	0	0	9	4	1	12	15	5	6	1	10	6	7	2	12	13	14	9	12	8	4	2	24	6	13	5	8	10	18	13	16	19	31	14	25	2	22	14	5	4	19	2	5	11	19	11	8	19	47	12	13	5	30	11	
1444_A/oriental_magpie_ro 14	10	12	5	22	11	7	12	4	10	0	0	10	2	1	12	15	4	5	1	10	8	8	2	11	16	8	7	13	5	10	3	18	8	14	5	15	12	20	10	14	17	35	18	24	2	17	12	5	5	22	5	6	9	14	6	8	20	59	13	12	4	18	12	
1445_A/ostrich/Suzhou/097 18	10	11	4	19	11	8	12	5	8	0	0	11	4	1	12	15	6	5	1	10	5	8	2	5	12	14	5	15	8	5	5	26	7	11	11	8	12	20	7	14	14	36	17	25	4	18	12	4	7	20	3	5	10	17	8	4	19	48	16	16	5	30	8	
1446_A/parrot/Guangdong/2 17	13	11	3	19	6	8	13	2	9	0	0	8	5	1	12	16	8	7	1	10	3	6	3	10	13	9	4	17	8	9	3	22	7	13	9	11	10	17	9	17	19	35	15	24	1	19	15	6	8	26	4	5	8	12	8	6	19	41	15	12	4	37	9	
1447_A/parrot/Guangdong/C 18	10	11	4	19	12	8	12	4	8	0	0	11	3	1	12	15	6	6	1	12	5	7	2	5	14	12	5	14	7	6	5	23	6	11	11	10	13	19	9	14	15	36	16	25	3	18	12	5	7	23	3	5	10	14	6	5	19	45	19	15	5	32	8	
1448_A/Pavo_cristatus/Chi 14	9	11	2	22	10	8	14	5	11	0	0	10	2	1	12	18	8	5	1	8	5	8	1	10	13	12	7	11	7	6	4	24	6	16	8	8	10	15	13	17	21	31	17	24	3	23	12	6	8	21	3	5	7	19	8	6	21	42	10	14	2	29	13	
1449_A/Pavo_cristatus/Chi 14	9	11	2	22	10	8	14	5	11	0	0	10	2	1	12	18	8	5	1	8	5	8	1	10	13	12	7	11	7	6	4	24	6	16	8	8	10	15	13	17	21	31	17	24	3	23	12	6	8	21	3	5	7	19	8	6	21	42	10	14	2	29	13	
1450_A/Pavo_cristatus/Jia 14	8	12	2	22	11	7	14	5	10	0	0	9	4	1	12	18	8	5	1	8	5	8	2	12	13	13	8	9	7	5	3	23	6	15	8	8	10	15	12	17	20	28	17	26	3	24	12	7	8	22	4	6	9	18	8	3	19	42	9	15	2	31	14	
1451_A/peacock/Yunnan/1/2 12	10	11	5	24	11	8	10	5	11	0	0	10	3	1	12	15	6	5	1	12	5	8	2	9	11	11	6	12	8	7	3	22	6	13	6	10	8	18	12	17	25	29	19	24	1	25	10	6	7	19	5	4	7	18	9	7	18	48	10	13	4	29	14	
1452_A/peacock/Yunnan/3/2 12	10	11	5	24	11	8	10	5	11	0	0	10	3	1	12	15	5	5	1	12	5	8	2	9	12	11	6	12	8	7	3	22	6	13	6	10	8	18	12	17	25	29	19	24	1	25	10	6	7	19	5	4	7	18	9	7	18	48	10	13	4	29	14	
1453_A/Peregrine_Falcon/H 15	10	10	5	21	9	8	12	4	12	0	0	9	2	1	12	19	7	6	1	8	6	7	2	10	12	12	7	12	7	6	3	23	7	11	7	7	9	21	10	17	20	24	19	25	2	27	12	5	7	19	4	4	11	18	10	6	17	51	10	16	4	27	12	
1454_A/Phalacrocorax/Hube 12	9	11	5	24	12	8	10	5	11	0	0	10	3	1	12	15	5	5	1	12	5	8	2	8	12	11	6	13	8	7	3	23	6	13	6	8	8	18	12	18	24	30	19	23	1	24	10	6	7	19	5	5	7	18	9	6	18	48	11	14	5	29	13	
1455_A/Phalacrocorax/Hube 12	9	11	5	24	12	8	10	5	11	0	0	10	3	1	12	15	5	5	1	12	5	8	2	8	12	11	6	13	8	7	3	23	6	13	6	8	8	18	12	18	24	30	19	23	1	24	10	6	7	19	5	5	7	18	9	6	18	48	11	14	5	29	13	
1456_A/pheasant/Hebei/B02 15	10	10	5	21	9	9	11	4	11	0	0	9	3	1	12	18	7	5	1	9	6	8	2	10	13	11	7	12	6	7	3	23	7	11	7	7	9	21	10	17	20	24	18	25	2	27	12	5	7	19	4	4	11	18	10	6	17	51	11	16	4	27	12	
1457_A/pigeon/Fujian/1.17 14	10	12	2	22	9	7	14	5	11	0	0	10	3	1	12	17	8	5	1	9	5	8	1	11	14	13	8	10	6	5	4	23	7	15	8	8	9	15	13	17	19	31	15	26	3	23	13	7	8	23	3	5	8	17	9	5	21	43	8	14	1	29	14	
1458_A/pigeon/Guangdong/0 13	9	12	2	21	10	7	13	5	11	0	0	10	3	1	12	18	8	5	1	7	5	8	1	12	13	12	7	9	6	5	4	23	6	14	8	8	10	15	12	17	19	30	16	25	4	23	13	7	8	22	3	5	8	17	10	5	20	44	9	13	2	28	12	
1459_A/pigeon/Guangdong/0 12	8	12	2	22	11	7	13	6	10	0	0	9	4	1	12	18	8	5	1	8	5	8	2	11	12	12	5	9	7	5	5	23	7	16	8	8	9	13	12	17	20	29	16	25	3	24	12	7	8	22	2	5	9	17	10	5	19	45	10	13	2	27	13	
1460_A/pigeon/Guangdong/0 12	9	12	2	22	10	7	13	5	9	0	0	9	5	1	12	18	8	5	1	8	5	8	2	12	12	12	5	9	7	5	5	23	6	15	8	8	10	14	12	17	20	28	18	25	3	24	11	7	8	22	4	5	9	17	8	4	19	42	10	14	2	30	13	
1461_A/pigeon/Hainan/1.14 14	8	12	2	20	11	7	13	7	9	0	0	7	5	1	12	19	9	5	1	7	5	8	2	10	12	12	3	10	6	5	6	23	6	14	8	7	10	15	12	18	18	27	20	25	5	25	10	6	8	22	3	6	9	17	9	5	19	42	9	14	2	30	14	
1462_A/pigeon/Hubei/RP25/ 12	10	10	2	24	8	8	14	7	11	0	0	7	3	1	12	16	7	8	1	11	5	6	2	8	14	14	7	12	6	4	4	25	7	15	6	10	13	16	13	15	19	35	16	26	2	19	11	4	5	23	3	5	9	14	9	9	19	43	12	13	3	33	11	
1463_A/Pigeon/Hunan/04.14 12	9	12	2	24	9	7	14	6	11	0	0	8	3	1	12	17	9	5	2	9	5	8	2	11	13	13	6	10	6	5	3	25	6	15	8	7	10	15	11	16	20	30	16	26	2	24	12	7	8	21	3	5	8	17	9	5	21	49	11	14	3	27	12	
1464_A/pigeon/Jiangsu/12. 13	9	13	3	23	8	7	12	7	12	0	0	8	4	1	12	19	7	5	1	6	6	7	3	12	18	13	6	9	3	6	4	25	7	15	5	7	9	17	14	18	20	32	15	25	3	20	14	6	6	21	3	4	11	15	9	5	18	48	13	14	2	28	11	
1465_A/Pigeon/Jiangxi/02. 17	10	13	4	19	11	6	13	4	10	0	0	7	2	1	12	13	5	5	2	12	7	8	3	11	13	7	5	16	8	11	3	19	7	13	5	15	12	22	10	15	17	33	20	24	2	18	11	3	6	19	4	5	10	16	7	4	19	56	13	17	3	23	11	
1466_A/Pigeon/Jiangxi/04. 17	10	12	4	19	11	7	13	4	10	0	0	7	2	1	12	13	5	5	2	12	7	8	3	11	13	7	5	16	8	11	3	18	7	13	5	14	12	22	10	15	17	33	20	25	2	18	11	4	6	19	4	6	10	16	7	4	19	56	11	16	3	23	13	
1467_A/pigeon/Jiangxi/S40 15	10	10	5	21	9	9	11	4	12	0	0	9	2	1	12	18	7	6	1	9	6	7	2	10	12	11	7	12	7	7	3	23	7	11	7	7	9	21	10	17	20	25	20	25	2	26	11	5	6	20	4	4	13	17	10	6	16	50	10	16	4	28	12	
1468_A/pigeon/Jilin/04.25 13	9	14	2	23	10	5	14	4	10	0	0	10	4	1	12	17	8	5	1	8	5	8	2	11	14	13	7	10	6	5	4	24	7	16	8	8	10	14	12	17	20	28	17	26	3	25	11	7	7	23	4	5	8	17	9	5	20	45	9	14	2	28	13	
1469_A/pigeon/Jilin/04.25 13	9	12	2	23	9	7	14	8	11	0	0	7	3	1	12	18	7	5	1	7	5	8	2	12	19	12	7	9	3	6	4	24	6	15	5	9	9	18	14	16	22	33	16	26	2	20	13	5	7	22	2	5	9	14	10	5	20	47	13	14	2	27	11	
1470_A/pigeon/Jilin/S4176 14	8	12	3	22	9	7	13	7	11	0	0	8	4	1	12	17	8	5	1	8	4	8	2	13	19	11	6	8	3	7	4	24	6	18	5	8	10	16	14	17	19	33	16	26	3	20	14	5	7	19	3	5	9	15	9	5	20	51	12	14	3	25	11	
1471_A/Pigeon/Shandong/WS 13	8	11	5	23	10	8	11	3	8	0	0	11	5	1	12	14	6	6	1	11	7	7	2	8	14	12	8	14	6	6	3	25	7	13	6	7	10	17	12	18	20	33	11	24	2	20	17	7	4	22	3	3	12	14	11	5	17	48	12	16	6	29	12	
1472_A/pigeon/Sichuan/04. 13	10	12	2	23	9	7	14	6	11	0	0	8	3	1	12	17	8	5	1	9	5	8	2	11	14	13	7	10	6	5	3	23	6	15	9	8	10	15	11	17	20	29	16	26	3	25	12	6	8	20	3	5	9	17	9	6	19	49	10	13	3	27	13	
1473_A/pigeon/Sichuan/NCX 13	9	14	2	23	10	5	14	6	10	0	0	9	4	1	12	18	7	5	1	8	5	8	2	10	15	13	7	10	6	5	3	24	6	16	7	7	10	14	13	17	20	30	16	26	3	23	13	7	7	21	3	5	9	18	9	5	21	46	9	14	1	29	13	
1474_A/pigeon/Zhejiang/11 13	9	13	3	23	8	6	13	7	12	0	0	6	4	1	12	19	6	5	1	6	7	8	2	13	19	12	7	10	3	6	4	25	7	15	5	7	9	17	14	17	19	32	15	26	3	20	14	5	6	21	3	5	11	15	9	5	18	49	12	14	2	27	12	
1475_A/pigeon/Zhejiang/11 13	10	12	2	23	8	7	14	8	12	0	0	7	3	1	12	18	7	5	1	7	5	8	2	12	19	12	7	9	3	6	4	25	6	15	5	7	10	17	14	17	20	32	16	26	3	20	13	5	6	21	3	5	10	15	9	5	19	49	13	14	2	27	11	
1476_A/pigeon/Zhejiang/72 15	11	12	2	22	9	7	14	7	12	0	0	9	3	1	12	18	7	5	1	7	5	8	2	10	18	12	8	9	3	6	3	25	6	16	5	7	9	16	14	17	20	33	16	26	3	18	14	5	5	21	3	5	11	15	9	4	19	47	12	15	2	30	11	
1477_A/plateau_pika/Qingh 15	10	12	1	21	12	7	15	3	9	0	0	12	3	1	12	17	5	5	1	9	6	8	1	8	12	10	5	12	9	8	5	21	7	15	9	11	12	18	9	17	17	33	18	25	2	18	13	8	5	24	4	3	9	13	9	7	20	44	14	13	3	33	9	
1478_A/Quail/Guangxi/GX-2 14	9	13	3	21	10	7	13	5	11	0	0	10	3	1	12	18	8	5	1	8	5	8	1	10	13	12	8	11	7	6	4	23	6	16	7	10	9	13	14	18	19	29	16	25	4	24	12	7	8	23	3	5	8	17	9	5	20	44	9	14	2	28	13	
1479_A/quail/Jiangsu/k010 15	10	13	3	22	10	6	13	9	10	0	0	6	3	1	12	16	8	5	1	10	5	8	2	9	14	13	7	11	6	5	2	21	7	18	5	12	10	14	13	12	20	30	21	27	2	22	11	6	6	22	5	4	8	15	7	4	20	48	12	15	4	30	11	
1480_A/quail/Jiangxi/B9/2 15	10	14	4	22	9	5	12	8	12	0	0	8	2	1	12	15	8	5	1	10	5	8	2	10	15	13	5	9	5	5	5	22	9	16	4	12	10	16	14	12	18	31	18	25	2	21	13	6	9	25	5	5	6	12	7	7	21	43	14	15	3	32	9	
1481_A/quail/Nanchang/663 13	10	13	2	23	9	6	14	6	11	0	0	8	3	1	12	18	9	5	1	8	4	8	2	11	14	13	6	10	6	5	3	21	6	15	8	9	10	15	12	17	20	31	18	27	2	22	12	8	7	21	3	4	9	17	9	6	20	48	11	14	2	27	12	
1482_A/Quail/Zhanjiang/16 14	9	12	2	22	10	7	14	5	12	0	0	10	2	1	12	18	8	5	1	7	5	7	1	12	14	14	8	9	6	5	4	22	6	15	9	8	10	15	11	17	18	30	17	26	5	22	12	7	8	22	3	6	8	18	9	5	20	43	10	14	2	30	13	
1483_A/Quanzhou/2/2024|EP 16	11	10	5	20	9	9	10	4	11	0	0	7	2	1	13	18	7	6	1	9	6	7	2	10	13	13	6	14	6	5	3	24	7	11	7	5	9	21	10	17	20	23	20	25	2	26	13	6	7	20	4	4	11	19	9	6	18	50	13	16	3	27	10	
1484_A/Shandong/1/2009|EP 12	9	14	3	23	8	6	13	8	12	0	0	7	3	1	12	17	8	5	1	9	4	8	2	7	15	11	8	13	6	7	2	22	7	17	6	11	12	14	14	16	18	33	17	27	1	20	12	6	5	22	3	3	9	14	9	6	19	49	12	14	5	29	11	
1485_A/Shenzhen/1/2015|EP 14	10	12	5	22	11	7	12	4	10	0	0	9	2	1	12	15	3	5	1	10	8	8	2	11	17	8	7	14	4	10	3	18	10	14	5	15	11	20	10	14	17	35	16	24	2	17	14	5	5	22	5	6	9	14	6	8	20	60	12	12	4	18	12	
1486_A/Shenzhen/1/2016|EP 14	10	12	5	22	11	7	12	4	9	0	0	9	3	1	12	15	4	5	1	10	8	8	2	11	16	8	7	14	5	10	3	17	8	15	5	16	12	19	10	14	17	31	19	24	2	20	12	6	5	22	5	6	9	14	6	8	20	61	12	11	4	17	12	
1487_A/Shenzhen/TH001/201 14	10	12	5	22	11	7	12	4	10	0	0	9	2	1	12	15	3	5	1	10	8	8	2	11	17	8	7	14	4	10	3	18	10	14	5	15	11	20	10	14	17	35	16	24	2	17	14	5	5	22	5	6	9	14	6	8	20	60	12	12	4	18	12	
1488_A/Shenzhen/TH003/201 14	11	12	6	22	10	7	11	4	10	0	0	9	2	1	12	13	5	5	1	12	8	8	3	11	13	10	6	14	7	8	3	18	8	15	5	17	13	19	10	14	16	31	19	24	2	21	11	5	5	20	4	4	8	16	9	7	20	56	13	13	4	23	9	
1489_A/Shoveller/Ningxia/ 12	9	12	2	24	9	7	14	6	10	0	0	8	4	1	12	17	8	5	1	9	6	8	1	12	14	13	7	9	6	5	5	23	7	18	9	8	10	12	11	17	19	29	16	26	3	24	12	7	7	22	3	5	9	18	9	5	19	43	12	14	3	30	11	
1490_A/Sichuan/1/2006|EPI 12	9	13	3	24	9	6	13	8	11	0	0	7	3	1	12	17	8	5	1	9	5	8	2	8	16	13	8	12	5	5	2	23	7	15	6	10	10	16	13	16	18	33	17	26	3	21	11	6	5	23	3	4	9	15	9	6	18	48	12	14	5	29	11	
1491_A/Sichuan/2/2006|EPI 12	10	13	3	24	9	6	13	8	11	0	0	7	3	1	12	17	7	5	1	9	5	8	2	8	15	13	8	12	6	5	2	23	7	15	6	10	10	16	13	16	18	33	17	26	3	21	11	7	5	23	3	3	9	15	9	6	18	48	12	14	5	29	11	
1492_A/Sichuan/26221/2014 13	10	12	2	23	9	7	14	6	11	0	0	8	3	1	12	17	8	5	1	9	5	8	2	11	14	13	7	10	6	5	3	23	5	15	9	8	11	15	10	17	20	29	17	26	3	25	11	6	8	20	3	5	9	17	10	5	19	49	10	14	3	27	13	
1493_A/silkie_chicken/Don 13	9	13	2	23	10	6	14	6	11	0	0	9	3	1	12	18	8	5	1	8	5	8	2	11	14	13	7	9	6	5	4	24	6	16	8	7	10	14	12	17	20	29	16	26	3	24	12	7	7	22	2	5	9	18	10	5	20	46	10	14	2	27	13	
1494_A/Spatula_querquedul 14	9	11	5	22	11	8	11	6	10	0	0	10	3	1	12	14	6	7	1	12	6	6	2	6	13	11	5	14	7	7	4	23	6	10	6	9	10	21	12	17	20	25	18	25	1	28	12	5	5	22	2	4	11	15	12	7	19	47	8	14	4	30	15	
1495_A/Spoonbill/HK/17-18 15	8	11	4	21	12	8	12	4	10	0	0	11	3	1	12	17	6	5	1	9	6	8	2	10	15	12	6	11	5	6	4	23	8	10	7	8	9	20	11	19	18	27	19	24	2	24	12	6	5	21	3	4	12	16	11	6	19	51	10	14	4	26	13	
1496_A/spoonbill/Taiwan/D 14	8	11	4	20	12	8	11	4	10	0	0	11	3	1	12	17	6	5	1	9	6	8	2	10	14	10	6	11	5	7	3	23	8	9	8	8	9	20	10	19	19	27	19	23	2	24	12	6	5	20	3	4	12	16	11	7	18	50	10	12	4	27	12	
1497_A/spot_billed_duck/N 15	9	11	4	21	11	8	12	6	11	0	0	8	2	1	12	17	6	5	1	9	6	8	2	11	14	12	5	11	6	6	4	23	8	9	8	8	8	21	10	18	21	27	20	25	1	24	12	6	5	21	3	4	12	16	11	5	18	51	10	15	4	27	12	
1498_A/spot-billed_duck/N 14	10	11	5	22	10	8	11	4	10	0	0	11	3	1	12	16	6	5	1	10	6	8	2	8	13	12	6	13	7	6	4	23	6	11	7	9	9	20	11	17	21	31	18	25	1	21	12	6	4	20	3	4	12	17	11	6	18	50	11	14	5	28	11	
1499_A/Streptopelia_decao 14	12	13	2	22	8	6	14	6	10	0	0	9	3	1	12	18	8	5	1	8	5	8	3	11	14	11	6	9	6	6	5	24	6	16	8	7	10	14	12	17	19	28	16	26	4	25	12	7	7	23	3	5	9	17	9	5	20	44	10	14	2	29	13	
1500_A/Streptopelia_decao 14	11	13	2	22	8	6	14	6	11	0	0	9	3	1	12	18	8	5	1	8	6	8	3	11	13	12	5	9	6	6	5	24	5	15	8	7	11	14	12	17	18	28	16	26	4	24	13	7	6	23	3	5	10	18	9	6	20	45	9	14	3	28	13	
1501_A/Streptopelia_decao 14	11	13	2	22	8	6	14	6	11	0	0	9	3	1	12	18	8	5	1	8	5	8	3	11	14	12	5	9	6	6	5	24	6	16	8	7	10	14	12	17	19	27	16	26	4	26	12	7	7	23	3	5	9	17	9	5	20	44	10	14	2	29	13	
1502_A/swan_goose/Jilin/J 13	9	13	2	23	9	7	14	6	11	0	0	9	3	1	12	17	9	5	1	9	4	8	2	11	14	13	7	9	6	5	3	23	6	15	9	8	10	15	11	17	19	29	16	26	3	25	13	7	7	20	4	5	9	17	7	5	20	48	12	14	3	28	11	
1503_A/swan/China/ST/2016 14	10	12	3	22	10	7	12	5	8	0	0	11	5	1	13	14	7	6	1	9	3	8	2	11	13	13	9	13	9	5	2	25	5	12	6	8	11	18	11	17	19	33	14	23	2	21	14	5	5	20	3	4	10	18	11	8	20	43	11	12	5	32	13	
1504_A/swan/Hebei/B01/202 15	10	10	5	21	8	9	11	4	11	0	0	9	3	1	12	19	7	6	1	8	6	7	2	11	11	12	7	12	7	6	3	23	6	12	7	6	11	20	10	17	20	23	19	25	2	28	12	5	7	20	4	4	12	17	10	6	17	51	10	16	4	27	12	
1505_A/swan/Shandong/W376 13	10	15	3	23	9	4	13	4	8	0	0	9	6	1	12	16	6	4	1	10	5	9	2	9	15	12	7	12	6	8	3	24	8	14	8	9	7	17	10	16	21	30	17	25	0	20	14	6	4	19	3	4	12	19	10	6	22	48	10	14	3	30	12	
1506_A/swine/China/RZ/201 15	9	12	2	21	10	7	14	7	9	0	0	8	5	1	12	19	9	5	1	7	5	8	2	11	13	13	4	9	6	5	6	23	6	15	8	7	11	15	12	19	17	27	20	25	5	25	10	6	9	21	2	6	8	19	9	4	19	42	10	15	2	31	14	
1507_A/swine/Guangdong/1/ 13	9	13	2	23	10	6	14	6	11	0	0	9	3	1	12	18	8	5	1	8	5	8	2	11	14	13	7	9	6	5	4	23	6	16	8	8	10	14	12	17	20	28	16	26	3	25	12	7	7	22	3	5	9	18	9	5	20	45	10	14	2	28	13	
1508_A/swine/Guangdong/2/ 14	9	13	2	22	10	6	14	6	11	0	0	9	3	1	12	18	8	5	1	8	5	8	2	11	14	13	7	9	6	5	4	23	5	16	8	8	11	14	12	17	20	28	16	26	3	24	13	7	7	22	3	5	9	18	9	5	20	45	10	14	2	28	13	
1509_A/swine/Guangdong/G3 13	9	11	3	23	10	7	14	6	11	0	0	9	3	1	12	17	8	5	1	8	5	8	2	11	14	13	7	9	6	5	4	26	6	16	7	7	10	14	14	17	19	30	16	26	3	23	12	6	7	22	3	6	9	18	8	4	21	44	10	14	2	29	13	
1510_A/swine/Shandong/SD1 18	10	9	3	18	12	10	13	4	8	0	0	12	3	1	12	15	6	5	1	11	5	8	2	6	12	12	5	14	9	6	5	23	6	13	11	10	13	19	7	13	16	34	14	25	3	19	14	5	6	24	2	5	11	14	9	8	18	45	17	13	5	32	8	
1511_A/Syrrhaptes_paradox 14	9	12	2	22	10	7	14	5	11	0	0	10	3	1	12	18	8	4	1	8	5	9	1	11	14	13	8	9	6	5	4	23	6	16	7	8	10	15	12	17	19	30	15	26	4	23	12	7	7	22	3	5	9	18	10	5	20	43	10	14	2	30	13	
1512_A/Taiwan/DV413/2006| 16	10	13	3	21	10	6	13	5	10	0	0	10	3	1	12	15	6	5	1	10	5	8	2	9	14	11	7	12	7	7	3	24	5	12	6	9	10	19	12	16	20	32	17	24	2	20	13	6	4	23	3	4	12	17	10	8	17	45	11	13	5	31	12	
1513_A/Taiwan/DV518/2006| 16	10	13	3	21	10	6	13	5	10	0	0	11	3	1	12	15	6	5	1	10	5	8	2	9	14	11	7	11	7	7	3	25	5	11	7	8	10	20	11	16	20	32	17	24	2	20	13	6	4	23	3	4	12	17	10	8	17	42	11	13	5	34	12	
1514_A/thrush/Taiwan/1512 13	10	12	3	24	11	7	13	5	7	0	0	10	5	1	12	14	6	5	1	10	4	9	2	11	14	10	6	10	7	8	4	23	8	11	7	12	8	19	11	16	20	29	18	25	1	24	11	5	3	22	2	5	13	16	12	5	18	45	13	14	5	30	12	
1515_A/tiger/Yunnan/tig14 13	9	13	2	23	10	6	14	6	11	0	0	9	3	1	12	18	7	5	1	8	5	8	2	11	14	13	7	9	7	5	3	24	6	16	8	7	10	14	12	17	20	29	16	26	3	24	13	7	7	21	3	5	9	18	9	5	21	47	10	14	1	27	13	
1516_A/tiger/Yunnan/tig14 14	9	12	2	22	10	7	14	6	11	0	0	9	3	1	12	18	9	5	1	8	3	8	2	11	15	13	7	9	6	5	3	23	6	14	8	8	11	16	12	18	19	30	17	26	3	23	12	8	7	21	3	4	8	17	9	5	20	49	11	14	2	26	12	
1517_A/tiger/Yunnan/tig15 12	8	11	5	24	11	8	10	5	13	0	0	10	3	1	12	14	5	5	1	12	5	8	2	9	12	11	6	13	8	7	3	23	6	13	7	7	8	18	11	18	24	29	19	24	1	25	10	6	7	19	5	5	7	18	9	6	17	47	11	14	6	30	13	
1518_A/tundra_swan/Fujian 14	9	11	4	23	9	8	12	3	10	0	0	12	3	1	12	19	10	6	2	8	4	7	2	11	13	11	7	10	6	7	3	21	7	10	6	8	11	20	11	16	18	31	20	26	1	22	9	5	4	20	2	5	13	17	11	7	19	48	13	13	5	31	10	
1519_A/tundra_swan/Hubei/ 15	10	10	5	21	9	9	11	4	11	0	0	9	3	1	12	18	7	6	1	9	6	7	2	10	13	12	8	12	6	6	2	23	7	11	7	7	9	21	10	17	20	24	19	25	2	27	12	5	7	20	4	4	11	17	10	6	17	51	10	16	4	27	12	
1520_A/tundra_swan/Hubei/ 15	10	10	5	21	9	9	11	4	11	0	0	9	3	1	12	18	7	6	1	9	6	7	2	11	13	12	7	11	6	6	3	23	7	11	6	7	9	21	11	17	20	24	19	25	2	27	12	5	7	20	4	4	11	17	10	6	17	52	10	16	4	26	12	
1521_A/tundra_swan/Hubei/ 15	11	10	5	21	9	9	11	4	10	0	0	9	3	1	12	18	7	6	1	9	6	7	2	10	13	12	7	12	6	6	3	23	7	11	7	7	9	21	10	17	20	24	19	25	2	27	12	5	7	20	4	4	11	17	10	6	17	51	10	16	4	27	12	
1522_A/tundra_swan/Hubei/ 15	10	10	5	21	9	9	11	4	11	0	0	9	3	1	12	18	7	6	1	9	6	7	2	10	13	12	7	12	6	6	3	23	7	11	7	7	9	21	10	17	20	24	19	25	2	27	12	5	8	20	4	4	10	17	10	6	17	51	10	16	4	27	12	
1523_A/tundra_swan/Hubei/ 15	10	10	5	21	9	9	11	4	11	0	0	9	3	1	12	18	7	6	1	9	6	7	2	10	13	12	7	12	6	6	3	23	7	11	7	7	9	21	10	17	20	24	19	25	2	27	12	5	7	20	4	4	11	17	10	6	17	50	10	16	4	28	12	
1524_A/tundra_swan/Hubei/ 15	10	10	5	21	9	9	11	4	11	0	0	9	3	1	12	18	7	6	1	9	6	7	2	10	13	12	7	12	6	6	3	23	7	11	7	7	9	21	10	17	20	24	19	25	2	27	12	5	7	20	4	4	11	17	10	6	17	51	10	16	4	27	12	
1525_A/turkey/Changhua/16 14	10	12	3	23	11	7	13	5	7	0	0	10	5	1	12	14	4	5	1	10	7	8	2	11	14	11	6	10	7	7	4	23	8	14	7	10	8	18	11	16	20	30	18	25	1	24	10	5	2	19	2	6	14	18	11	6	18	48	12	14	5	28	12	
1526_A/turkey/Chiayi/1702 13	11	14	4	24	10	5	12	8	12	0	0	10	3	1	12	15	8	5	1	12	4	8	2	8	15	13	7	8	5	5	2	21	7	19	5	11	9	13	13	15	22	31	19	25	3	23	12	8	6	24	4	3	8	13	7	8	17	44	11	13	3	30	13	
1527_A/turkey/Chiayi/1801 13	11	12	3	24	10	7	12	5	7	0	0	9	5	1	12	13	4	5	2	10	6	8	3	11	14	10	4	11	8	8	5	24	8	11	7	9	7	19	12	19	21	29	18	25	1	24	11	6	2	21	3	5	15	17	10	4	17	45	12	14	5	31	12	
1528_A/turkey/Yunlin/1506 14	10	11	4	23	11	7	12	5	7	0	0	9	5	1	12	14	5	6	1	10	6	8	2	11	14	11	5	11	7	7	5	24	8	11	7	11	8	20	11	15	20	28	19	25	2	25	10	5	2	21	2	5	14	17	11	5	18	45	13	14	5	30	12	
1529_A/turkey/Yunlin/1802 13	11	12	3	24	10	7	13	5	7	0	0	9	5	1	12	13	4	5	2	10	6	8	2	11	14	10	4	11	8	8	5	24	8	11	7	9	7	19	12	18	21	28	18	25	1	24	11	6	2	21	3	5	15	17	10	5	17	46	12	14	5	31	12	
1530_A/turkey/Yunlin/1811 13	10	12	2	24	10	7	14	5	7	0	0	9	5	1	12	13	4	4	2	10	6	9	2	11	14	11	4	11	8	7	5	24	9	13	6	9	6	18	12	17	21	30	18	25	1	24	11	7	2	22	3	5	16	16	10	5	17	43	14	14	5	32	10	
1531_A/turkey/Yunlin/1812 14	7	11	5	23	11	8	11	5	8	0	0	11	5	1	12	15	8	6	0	10	5	7	3	7	13	10	8	12	7	8	2	24	7	13	7	8	9	17	10	16	19	29	15	26	2	25	13	7	4	21	4	5	12	16	11	5	19	48	10	16	4	30	12	
1532_A/turtle_dove/Guangd 12	10	12	3	25	9	6	13	8	11	0	0	7	3	1	12	17	7	6	1	8	5	8	2	8	15	13	8	12	6	5	2	22	6	15	6	11	10	16	13	16	18	32	17	26	3	22	11	6	5	23	3	4	10	15	9	6	18	48	12	14	5	29	11	
1533_A/turtle_dove/Hunan/ 13	9	10	5	23	12	9	10	5	11	0	0	10	3	1	12	14	5	5	1	12	5	8	2	10	12	11	6	12	8	7	3	23	6	14	6	7	9	17	12	19	23	29	18	23	1	25	11	6	8	19	4	5	6	17	10	6	19	50	10	14	5	27	14	
1534_A/Waterfowl/Hubei/Ch 13	10	12	2	23	9	7	14	6	11	0	0	9	3	1	12	16	9	5	1	10	4	8	2	11	14	13	7	9	6	5	3	23	6	14	9	9	10	16	11	17	20	28	17	26	3	25	12	7	7	20	3	4	9	17	9	5	19	48	10	14	3	28	13	
1535_A/Waterfowl/Hubei/Ch 13	10	12	2	23	9	7	14	6	11	0	0	9	3	1	12	16	9	5	1	10	4	8	2	11	14	13	7	9	6	5	3	23	6	14	9	9	10	16	11	17	20	28	17	26	3	25	12	7	7	20	3	4	9	17	9	5	19	48	10	14	3	28	13	
1536_A/whiskered_tern/Hub 15	11	10	5	21	9	9	11	4	10	0	0	9	3	1	12	18	7	6	1	9	6	7	2	11	13	12	7	11	6	6	3	23	7	11	7	7	9	21	10	17	20	24	19	25	2	27	12	5	7	20	4	4	11	17	10	7	17	50	10	16	4	27	12	
1537_A/white_naped_crane/ 14	9	11	2	22	10	8	14	5	11	0	0	10	2	1	12	18	8	5	1	8	5	8	1	10	13	12	7	11	7	6	4	24	6	16	8	8	10	15	13	17	21	31	17	24	3	23	12	6	8	21	3	5	7	19	8	6	21	42	10	14	2	29	13	
1538_A/White-eyed_Pochard 12	9	12	3	24	9	7	14	6	10	0	0	8	4	1	12	17	8	5	1	9	6	8	1	12	15	13	7	9	5	5	5	23	7	18	8	8	10	12	11	17	19	29	16	26	3	24	12	7	7	22	3	5	9	18	9	5	20	43	12	14	2	30	11	
1539_A/whooper_swan/Henan 15	10	12	4	22	9	7	12	4	9	0	0	11	4	1	12	17	9	6	1	9	5	7	2	10	13	11	7	12	6	7	3	21	7	9	7	8	10	23	10	17	19	32	19	26	1	22	9	6	3	21	2	4	14	15	10	6	18	46	15	13	5	33	9	
1540_A/whooper_swan/Henan 15	10	12	4	22	9	7	12	4	9	0	0	11	4	1	12	17	9	6	1	9	5	7	2	10	13	11	7	12	6	7	3	21	7	9	7	8	10	23	10	17	19	32	19	26	1	22	9	6	3	21	2	4	14	15	10	6	18	46	15	13	5	33	9	
1541_A/whooper_swan/Henan 15	10	12	4	22	9	7	12	4	9	0	0	11	4	1	12	17	9	6	1	9	5	7	2	10	13	11	7	12	6	7	3	21	7	9	7	8	10	23	10	17	19	32	19	26	1	22	9	6	3	21	2	4	14	15	10	6	18	46	15	13	5	33	9	
1542_A/whooper_swan/Henan 15	10	12	4	22	9	7	12	4	9	0	0	11	4	1	12	17	9	6	1	9	5	7	2	10	13	11	7	12	6	7	3	21	7	9	7	8	10	23	10	17	19	32	19	26	1	22	9	6	3	21	2	4	14	15	10	6	18	46	15	13	5	33	9	
1543_A/whooper_swan/Henan 15	10	12	4	22	9	7	12	4	9	0	0	11	4	1	12	17	9	6	1	9	5	7	2	10	13	11	7	12	6	7	3	21	7	9	7	8	10	23	10	17	19	32	19	26	1	22	9	6	3	21	2	4	14	15	10	6	18	46	15	13	5	33	9	
1544_A/whooper_swan/Henan 15	10	12	4	22	9	7	12	4	9	0	0	12	4	1	12	17	9	6	1	9	5	7	2	10	13	11	7	11	6	7	3	21	7	9	7	8	10	23	10	17	19	33	19	26	1	21	9	6	3	21	2	4	14	15	10	6	18	45	15	13	5	34	9	
1545_A/whooper_swan/Henan 16	9	10	5	21	9	9	11	5	11	0	0	9	3	1	12	18	7	6	1	9	6	7	2	9	13	12	8	12	6	6	2	23	7	11	7	7	9	21	10	17	20	24	19	25	2	27	12	5	6	20	4	4	12	17	10	6	17	51	10	16	4	27	12	
1546_A/whooper_swan/Henan 15	9	10	5	21	10	9	11	4	11	0	0	9	3	1	12	18	7	6	1	9	6	7	2	10	13	12	7	12	6	6	3	23	7	11	7	7	9	21	10	17	20	24	19	25	2	27	12	5	7	20	4	4	11	17	10	6	17	51	10	16	4	27	12	
1547_A/whooper_swan/Henan 15	9	10	5	21	10	9	11	4	11	0	0	9	3	1	12	18	7	6	1	9	6	7	2	10	13	12	7	12	6	6	3	23	7	11	7	7	9	21	10	17	20	24	19	25	2	27	12	5	7	20	4	4	11	17	10	6	17	51	10	16	4	27	12	
1548_A/whooper_swan/Henan 15	10	10	5	21	9	9	11	4	11	0	0	9	3	1	12	18	7	6	1	9	6	7	2	10	13	12	7	12	6	6	3	23	7	11	7	7	9	21	10	17	20	24	19	25	2	27	12	5	7	20	4	4	11	17	10	6	17	51	10	16	4	27	12	
1549_A/whooper_swan/Henan 15	10	10	4	21	9	9	12	4	11	0	0	9	3	1	12	18	7	6	1	9	7	7	2	10	12	12	8	12	6	6	2	23	7	11	7	7	9	21	10	17	20	24	19	25	2	27	12	5	7	20	4	4	11	17	10	6	17	51	10	16	4	27	12	
1550_A/whooper_swan/Henan 15	10	10	5	21	9	9	11	4	11	0	0	9	3	1	12	18	7	6	1	9	6	7	2	10	13	12	7	12	6	6	3	23	7	11	7	7	9	21	10	17	20	24	19	25	2	27	12	5	7	20	4	4	11	17	10	6	17	51	10	16	4	27	12	
1551_A/whooper_swan/Henan 15	10	10	5	21	9	9	11	4	11	0	0	9	3	1	12	18	7	6	1	9	6	7	2	10	13	12	8	12	6	6	2	23	7	11	7	7	9	21	10	17	20	24	19	25	2	27	12	5	7	20	4	4	11	17	10	6	17	51	10	16	4	27	12	
1552_A/whooper_swan/Henan 15	10	10	5	21	9	9	11	4	11	0	0	10	3	1	12	18	7	6	1	9	6	7	2	10	13	12	8	11	6	6	2	23	7	11	7	7	9	21	10	17	20	24	19	25	2	27	12	5	7	20	4	4	11	17	10	6	17	51	10	16	4	27	12	
1553_A/whooper_swan/Henan 15	10	10	5	21	9	9	11	4	10	0	0	9	3	1	12	18	7	6	1	9	6	7	2	10	13	12	8	12	6	6	2	23	7	11	7	7	9	21	10	17	21	25	19	25	1	26	12	5	7	20	4	4	11	17	10	6	18	51	10	16	4	27	12	
1554_A/whooper_swan/Henan 15	10	10	5	21	9	9	11	4	11	0	0	9	3	1	12	18	7	6	1	9	6	7	2	10	13	12	7	12	6	6	3	23	7	11	7	7	9	21	10	17	20	24	19	25	2	27	12	5	7	20	5	4	11	17	9	6	17	51	10	16	4	27	12	
1555_A/whooper_swan/Henan 15	10	10	5	21	9	9	11	4	11	0	0	9	3	1	12	18	7	6	1	9	6	7	2	10	13	12	7	12	6	6	3	23	7	11	7	7	9	21	10	17	20	24	19	25	2	27	12	5	7	20	5	4	11	17	9	6	17	51	10	16	4	27	12	
1556_A/whooper_swan/Henan 14	10	12	2	22	8	7	14	9	12	0	0	7	3	1	12	18	7	5	1	7	6	8	2	12	18	12	7	9	3	6	4	24	6	15	5	7	10	16	14	16	20	32	16	26	4	21	13	5	6	21	3	6	10	15	9	6	18	50	13	13	2	26	11	
1557_A/whooper_swan/Henan 14	10	12	2	22	8	7	14	9	12	0	0	7	3	1	12	18	7	5	1	7	6	8	2	12	18	12	7	9	3	6	4	24	6	16	5	7	10	16	14	16	20	32	16	26	4	20	13	5	6	21	3	6	10	15	9	6	18	50	13	13	2	26	11	
1558_A/whooper_swan/Henan 14	10	12	2	22	8	7	14	9	12	0	0	7	3	1	12	18	7	5	2	7	6	8	2	12	18	12	7	9	3	6	3	24	6	16	5	7	10	16	14	16	20	31	16	26	4	21	13	5	6	21	3	6	10	15	9	6	18	50	13	13	2	26	11	
1559_A/whooper_swan/Henan 14	10	12	2	22	8	7	14	9	12	0	0	7	3	1	12	18	7	5	1	7	6	8	2	12	18	12	7	9	3	6	4	24	6	16	5	7	10	16	14	16	20	32	16	26	4	20	13	5	6	21	3	6	10	15	9	6	18	50	13	13	2	26	11	
1560_A/whooper_swan/Henan 15	9	13	3	21	11	6	13	6	9	0	0	7	4	1	12	15	5	6	1	10	7	7	2	10	13	14	9	14	7	4	1	25	5	11	7	8	12	20	11	17	18	32	16	25	2	21	13	4	4	20	2	5	11	18	11	4	18	46	12	16	6	31	11	
1561_A/whooper_swan/Henan 15	9	13	3	21	11	6	13	6	9	0	0	7	4	1	12	15	5	6	1	10	7	7	2	10	13	14	9	14	7	4	1	25	5	11	7	8	12	20	11	17	18	32	16	25	2	21	13	4	4	20	2	5	11	18	11	4	18	46	12	16	6	31	11	
1562_A/whooper_swan/Henan 15	9	13	3	21	11	6	13	6	9	0	0	7	4	1	12	15	5	6	1	10	7	7	2	10	13	14	9	14	7	4	1	25	5	11	7	8	12	20	11	17	18	32	16	25	2	21	13	4	4	20	2	5	11	18	11	4	18	46	12	16	6	31	11	
1563_A/whooper_swan/Henan 15	9	13	3	21	11	6	13	6	9	0	0	7	4	1	12	15	5	6	1	10	7	7	2	10	13	14	9	14	7	4	1	25	5	11	7	8	12	20	11	17	18	32	16	25	2	21	13	4	4	20	2	5	11	18	11	4	18	46	12	16	6	31	11	
1564_A/whooper_swan/Henan 15	9	13	3	21	11	6	13	6	9	0	0	7	4	1	12	15	5	6	1	10	7	7	2	10	13	14	9	14	7	4	1	25	5	11	7	8	12	20	11	17	18	32	16	25	2	21	13	4	4	20	2	5	11	18	11	4	18	46	12	16	6	31	11	
1565_A/whooper_swan/Henan 15	9	13	3	21	11	6	13	6	9	0	0	7	4	1	12	15	4	6	1	10	7	7	2	10	13	14	9	14	8	4	1	25	5	11	7	8	12	20	11	17	18	32	16	25	2	21	13	4	4	20	2	5	11	18	11	4	18	46	12	16	6	31	11	
1566_A/whooper_swan/Inner 15	10	10	5	21	9	9	11	4	11	0	0	9	3	1	12	18	7	6	1	9	6	7	2	10	13	12	7	12	6	6	3	23	7	11	7	7	9	21	10	17	20	24	19	25	2	27	12	5	7	20	4	4	11	17	10	6	17	51	10	16	4	27	12	
1567_A/Whooper_Swan/Sanme 14	10	12	3	22	10	7	13	5	8	0	0	11	5	1	12	15	7	6	1	10	3	8	2	10	13	13	9	12	9	5	2	24	5	13	6	8	12	17	11	17	19	33	14	24	2	20	14	5	5	20	3	5	9	18	10	8	20	43	11	12	5	33	13	
1568_A/Whooper_swan/Sanme 15	10	10	5	21	9	9	11	4	11	0	0	9	3	1	12	18	7	6	1	9	6	7	2	10	13	11	7	12	6	7	3	23	7	11	7	7	9	21	10	17	20	24	19	25	2	27	12	5	7	20	4	4	11	17	10	6	17	51	10	16	4	27	12	
1569_A/Whooper_swan/Sanme 15	11	10	5	21	9	9	11	4	11	0	0	10	3	1	12	18	6	6	1	9	6	7	2	10	13	12	7	11	6	6	3	23	7	11	7	7	9	21	10	17	20	24	19	25	2	27	12	5	7	20	4	4	11	17	10	6	17	51	10	16	4	27	12	
1570_A/Whooper_swan/Sanme 15	10	10	5	21	9	9	11	4	11	0	0	9	3	1	12	18	7	6	1	9	6	7	2	10	13	12	7	12	6	6	3	23	7	11	7	7	9	21	10	17	20	24	19	25	2	27	12	5	7	20	5	4	11	17	9	6	17	51	10	16	4	27	12	
1571_A/Whooper_swan/Sanme 15	11	10	5	21	9	9	11	4	11	0	0	10	3	1	12	18	6	6	1	9	6	7	2	10	13	12	7	11	6	6	3	23	7	11	7	7	9	21	10	17	20	24	19	25	2	27	12	5	7	20	4	4	11	17	10	6	17	51	10	16	4	27	12	
1572_A/Whooper_swan/Sanme 14	10	10	5	21	9	9	11	4	11	0	0	10	3	1	12	18	7	6	1	9	6	7	2	10	13	12	7	12	6	6	3	24	7	11	7	6	9	22	10	17	21	25	19	25	2	26	12	5	7	20	4	4	11	16	10	6	15	51	10	16	5	27	12	
1573_A/Whooper_swan/Sanme 15	10	10	5	21	9	9	11	4	11	0	0	9	3	1	12	19	6	6	1	9	6	7	2	10	13	11	6	12	6	7	4	23	7	11	7	7	9	21	10	17	20	24	19	25	2	27	12	5	7	20	4	4	11	17	10	6	17	51	10	16	4	27	12	
1574_A/Whooper_swan/Sanme 15	10	10	5	21	9	9	11	4	11	0	0	9	3	1	12	18	7	6	1	9	6	7	2	10	13	12	7	12	6	6	3	23	7	11	7	7	9	21	10	17	20	24	19	25	2	27	12	5	7	20	4	3	12	17	10	6	17	51	10	16	4	27	12	
1575_A/Whooper_swan/Sanme 15	10	10	5	21	9	9	11	4	11	0	0	9	3	1	12	18	7	6	1	9	6	7	2	10	13	12	7	12	6	6	3	23	7	11	7	7	9	21	9	17	20	23	19	25	2	28	12	5	7	20	4	4	11	17	11	6	17	51	10	16	4	27	12	
1576_A/Whooper_swan/Sanme 15	10	10	5	21	9	9	11	4	11	0	0	9	3	1	12	18	7	6	1	9	6	7	2	10	13	12	7	12	6	6	3	23	7	11	7	7	9	21	10	17	20	24	19	25	2	27	12	5	7	20	4	4	11	17	10	6	17	51	10	16	4	27	12	
1577_A/Whooper_swan/Sanme 15	10	10	5	21	9	9	11	4	11	0	0	9	3	1	12	18	7	6	1	9	6	7	2	10	13	11	7	12	6	7	3	23	7	11	7	7	9	21	10	17	20	25	19	25	2	26	12	5	7	20	4	4	11	17	10	6	17	51	10	16	4	27	12	
1578_A/Whooper_swan/Sanme 15	10	10	5	21	9	9	11	4	11	0	0	9	3	1	12	18	7	6	1	9	6	7	2	10	13	12	7	12	6	6	3	23	7	11	7	7	9	21	10	17	20	24	19	25	2	27	12	5	7	20	5	4	11	17	9	6	17	51	10	16	4	27	12	
1579_A/Whooper_swan/Sanme 15	10	10	5	21	9	9	11	4	11	0	0	9	3	1	12	18	7	6	1	9	6	7	2	10	13	11	7	12	6	7	3	23	7	11	7	7	9	21	10	17	20	24	19	25	2	27	12	5	7	20	4	4	11	17	10	6	17	51	10	16	4	27	12	
1580_A/Whooper_swan/Sanme 15	10	10	5	21	9	9	11	5	11	0	0	9	3	1	12	18	7	6	1	9	6	7	2	9	13	12	7	12	6	6	3	23	7	11	7	7	9	21	10	17	20	24	19	25	2	27	12	5	7	20	4	4	11	17	10	6	17	51	10	16	4	27	12	
1581_A/Whooper_swan/Sanme 15	10	10	5	21	9	9	11	4	11	0	0	9	3	1	12	18	7	6	1	9	6	7	2	10	13	12	7	12	6	6	3	23	7	11	7	7	9	21	10	17	20	24	19	25	2	27	12	5	7	20	4	4	11	17	10	6	17	51	10	16	4	27	12	
1582_A/Whooper_swan/Sanme 15	10	10	5	21	9	9	11	4	11	0	0	9	3	1	12	18	7	6	1	9	6	7	2	10	13	12	7	12	6	6	3	23	7	11	7	7	9	21	9	17	20	23	19	25	2	28	12	5	7	20	4	4	11	17	11	6	17	51	10	16	4	27	12	
1583_A/Whooper_swan/Sanme 15	9	10	5	21	10	9	11	4	11	0	0	9	3	1	12	18	7	6	1	9	6	7	2	10	13	12	7	12	6	6	3	23	7	11	7	7	9	21	10	17	20	24	19	25	2	27	12	5	7	20	4	4	11	17	10	6	17	51	10	16	4	27	12	
1584_A/Whooper_swan/Sanme 15	10	10	5	21	9	9	11	4	11	0	0	9	3	1	12	18	7	6	1	9	6	7	2	10	13	12	7	12	6	6	3	23	7	11	7	7	9	21	10	17	20	24	19	25	2	27	12	5	7	20	4	4	11	17	10	6	17	51	10	16	4	27	12	
1585_A/Whooper_swan/Sanme 15	9	10	5	21	10	9	11	4	11	0	0	9	3	1	12	18	7	6	1	9	6	7	2	10	13	12	7	12	6	6	3	23	7	11	7	7	9	21	10	17	20	24	19	25	2	27	12	5	7	20	4	4	11	17	10	6	17	51	10	16	4	27	12	
1586_A/Whooper_swan/Sanme 15	10	10	5	21	9	9	11	4	11	0	0	9	3	1	12	18	7	6	1	9	6	7	2	10	13	12	7	12	6	6	3	23	7	11	7	7	9	21	10	17	19	24	19	25	3	27	12	5	7	20	4	4	11	17	10	7	17	51	10	15	4	27	12	
1587_A/Whooper_swan/Sanme 15	9	10	5	21	10	9	11	4	11	0	0	9	3	1	12	18	7	6	1	9	6	7	2	10	13	12	7	12	6	6	3	23	7	11	7	7	9	21	10	17	20	24	19	25	2	27	12	5	7	20	4	4	11	17	10	6	17	51	10	16	4	27	12	
1588_A/Whooper_swan/Sanme 15	10	10	5	21	9	9	11	4	11	0	0	9	3	1	12	18	7	6	1	9	6	7	2	10	13	12	7	12	6	6	3	23	7	11	7	7	9	21	10	17	20	24	19	25	2	27	12	5	7	20	5	4	11	17	9	6	17	51	10	16	4	27	12	
1589_A/Whooper_swan/Sanme 15	11	10	5	21	9	9	11	4	11	0	0	9	3	1	12	18	6	6	1	10	6	7	2	9	13	12	7	12	6	6	3	23	7	11	7	7	9	21	10	17	20	24	19	25	2	27	12	5	7	20	4	4	11	17	10	6	17	51	10	16	4	27	12	
1590_A/Whooper_swan/Sanme 15	10	10	5	21	9	9	11	4	11	0	0	9	3	1	12	18	7	6	1	9	6	7	2	10	13	12	8	12	6	6	2	23	7	11	7	7	9	21	10	17	20	24	19	25	2	27	12	5	7	20	4	4	11	17	10	6	17	51	10	16	4	27	12	
1591_A/whooper_swan/Shaan 15	10	10	5	21	9	9	11	4	11	0	0	9	3	1	12	18	7	6	1	9	6	7	2	10	13	12	7	12	6	6	3	23	7	11	7	7	9	21	10	17	20	24	19	25	2	27	12	5	7	20	5	4	11	17	9	6	17	51	10	16	4	27	12	
1592_A/whooper_swan/Shaan 15	10	10	5	21	9	9	11	4	11	0	0	10	3	1	12	18	7	6	1	9	6	7	2	10	13	12	8	11	6	6	2	23	7	11	7	7	9	21	10	17	20	24	19	25	2	27	12	5	7	20	3	4	11	17	10	6	17	51	11	16	4	27	12	
1593_A/whooper_swan/Shaan 15	10	10	5	21	9	9	11	4	11	0	0	10	3	1	12	18	7	6	1	9	6	7	2	10	13	12	8	11	6	6	2	23	7	11	7	7	9	21	10	17	20	24	19	25	2	27	12	5	7	20	4	4	11	17	10	6	17	51	10	16	4	27	12	
1594_A/whooper_swan/Shand 15	9	10	5	21	10	9	11	4	11	0	0	9	3	1	12	18	7	6	1	9	6	7	2	10	13	11	7	11	7	7	3	23	7	11	7	7	9	21	10	17	20	24	18	25	2	27	13	5	7	20	4	3	11	17	10	6	18	51	10	16	4	27	12	
1595_A/whooper_swan/Shand 15	10	10	5	21	9	9	11	4	11	0	0	9	3	1	12	18	7	6	1	9	6	7	2	10	13	11	7	12	6	7	3	23	7	11	7	7	9	21	10	17	20	24	18	25	2	27	13	5	7	20	4	3	11	17	10	6	18	51	10	16	4	27	12	
1596_A/whooper_swan/Shand 15	10	10	5	21	9	9	11	4	11	0	0	9	3	1	12	18	7	6	1	9	6	7	2	10	13	11	7	12	6	7	3	23	7	11	7	7	9	21	10	17	20	24	18	25	2	26	13	5	7	20	4	3	11	17	10	6	18	51	10	16	4	28	12	
1597_A/whooper_swan/Shand 13	11	13	5	22	9	7	11	4	11	0	0	10	2	1	12	15	7	6	1	11	5	7	2	13	13	11	8	9	7	7	3	23	7	13	6	9	10	18	10	17	20	28	17	26	1	24	12	7	3	23	3	3	12	14	11	5	20	47	11	14	4	31	12	
1598_A/whooper_swan/Shand 15	10	10	5	21	9	9	11	4	11	0	0	9	3	1	12	18	7	6	1	9	6	7	2	10	13	11	7	12	6	7	3	23	7	11	7	7	9	21	10	17	20	24	18	25	2	27	13	5	7	20	4	3	12	17	10	6	17	51	10	16	4	27	12	
1599_A/whooper_swan/Shand 15	10	10	5	21	9	9	11	4	11	0	0	9	3	1	12	18	7	6	1	9	6	7	2	10	13	11	7	12	6	7	3	23	7	11	7	7	9	21	10	17	20	24	18	25	2	27	13	5	7	20	4	3	11	17	10	6	18	51	10	16	4	27	12	
1600_A/whooper_swan/Shand 15	10	10	5	21	9	9	11	4	11	0	0	9	3	1	12	18	7	6	1	9	6	7	2	10	13	11	7	12	6	7	3	23	7	11	7	7	9	21	10	17	20	24	18	25	2	27	13	5	7	20	4	3	11	17	10	6	18	51	10	16	4	27	12	
1601_A/whooper_swan/Shanx 15	10	10	5	21	9	9	11	4	11	0	0	9	3	1	12	18	7	6	1	9	6	7	2	10	13	12	7	12	6	6	3	23	7	11	7	7	9	21	10	17	20	24	19	25	2	27	12	5	7	20	4	4	11	17	10	6	17	51	10	16	4	27	12	
1602_A/whooper_swan/Shanx 15	10	10	5	21	9	9	11	4	11	0	0	9	3	1	12	18	7	6	1	9	6	7	2	10	13	12	7	12	6	6	3	23	7	11	7	7	9	21	10	17	20	24	19	25	2	27	12	5	7	20	4	4	11	17	10	6	17	51	10	16	4	27	12	
1603_A/whooper_swan/Shanx 15	10	12	4	22	9	7	12	5	9	0	0	11	4	1	12	17	9	6	1	9	5	7	2	9	13	11	7	12	6	7	3	21	7	9	7	8	10	23	10	17	19	32	19	26	1	22	9	6	3	21	2	3	14	15	10	6	18	46	15	14	5	33	9	
1604_A/whooper_swan/Shanx 15	10	12	4	22	9	7	12	4	9	0	0	11	4	1	12	17	9	6	1	9	5	7	2	10	13	11	7	12	6	7	3	21	7	9	7	8	10	23	10	17	19	32	19	26	1	22	9	6	3	21	2	4	14	15	10	6	18	46	15	13	5	33	9	
1605_A/whooper_swan/Shanx 14	10	12	3	22	10	7	13	5	8	0	0	11	5	1	12	15	7	6	1	10	3	7	2	10	13	14	9	12	9	5	2	24	5	13	6	8	11	18	11	17	19	33	14	24	2	20	14	5	5	20	3	5	9	18	10	8	20	43	11	12	5	33	13	
1606_A/whooper_swan/Shanx 16	10	10	5	20	9	9	11	4	11	0	0	9	3	1	12	18	7	6	1	9	6	7	2	10	13	12	7	12	6	6	3	23	7	11	7	7	9	21	10	17	20	24	19	25	2	27	12	4	7	20	4	5	11	17	10	6	17	51	10	16	4	27	12	
1607_A/whooper_swan/Shanx 15	10	10	5	21	9	9	11	4	11	0	0	9	3	1	12	18	7	6	1	9	6	7	2	10	13	12	7	12	6	6	3	23	7	11	7	7	9	21	10	17	20	24	19	25	2	27	12	5	7	20	4	4	11	17	10	6	17	51	10	16	4	27	12	
1608_A/whooper_swan/Shanx 15	10	10	6	20	9	9	11	4	11	0	0	10	3	1	12	18	7	6	1	9	6	7	2	10	13	12	7	11	6	6	3	23	7	11	7	7	9	21	10	17	20	25	19	25	2	26	12	4	7	20	4	5	11	17	10	6	17	51	10	16	4	27	12	
1609_A/whooper_swan/Shanx 15	10	10	5	21	9	9	11	4	11	0	0	9	3	1	12	18	7	6	1	9	6	7	2	10	13	12	7	12	6	6	3	23	7	11	7	7	9	21	10	17	20	24	19	25	2	27	12	5	7	20	4	4	11	17	10	6	17	51	10	16	4	27	12	
1610_A/whooper_swan/Shanx 14	9	11	5	22	11	8	11	6	11	0	0	9	2	1	12	14	5	8	1	12	6	6	2	8	13	11	5	13	7	7	4	23	6	11	6	9	9	20	13	17	22	26	16	25	1	27	14	5	5	22	2	4	11	15	11	7	17	45	7	14	5	33	15	
1611_A/whooper_swan/Shanx 15	10	10	5	21	9	9	11	4	11	0	0	9	3	1	12	18	7	6	1	9	6	7	2	10	13	12	7	12	6	6	3	23	7	11	7	7	9	21	10	17	20	24	19	25	2	27	12	5	7	20	4	4	11	17	10	6	17	51	10	16	4	27	12	
1612_A/whooper_swan/Shanx 15	10	10	5	21	9	9	11	4	11	0	0	10	3	1	12	18	7	6	1	9	6	7	2	10	13	12	7	11	6	6	3	23	7	11	7	7	9	21	10	17	20	24	19	25	2	27	12	5	7	20	4	4	11	17	10	6	17	51	10	16	4	27	12	
1613_A/whooper_swan/Shanx 15	10	10	5	21	9	9	11	4	11	0	0	9	3	1	12	18	7	6	1	9	6	7	2	10	13	12	7	12	6	6	3	23	7	11	7	7	9	21	10	17	20	24	19	25	2	27	12	5	7	20	4	4	11	17	10	6	17	51	10	16	4	27	12	
1614_A/whooper_swan/Shanx 15	10	10	5	21	9	9	11	4	11	0	0	9	3	1	12	18	7	6	1	9	6	7	2	10	13	12	7	13	6	6	3	23	7	11	7	7	9	21	10	17	20	24	19	24	2	27	12	5	7	20	4	4	11	17	10	6	17	51	10	16	4	27	12	
1615_A/whooper_swan/Shanx 15	10	10	5	21	9	9	11	4	10	0	0	9	3	1	12	18	7	6	1	9	6	7	2	10	13	12	7	12	6	6	3	22	7	11	7	7	9	21	10	17	19	24	19	26	3	27	12	5	7	20	4	4	11	17	10	7	18	51	10	15	4	27	12	
1616_A/whooper_swan/Shanx 15	10	10	5	21	9	9	11	4	11	0	0	9	3	1	12	18	7	6	1	9	6	7	2	10	13	12	7	11	6	7	3	23	7	11	7	7	9	21	10	17	19	24	19	25	3	27	12	5	7	20	4	4	11	17	10	7	17	51	10	15	4	27	12	
1617_A/whooper_swan/Shanx 16	10	10	5	20	9	9	11	4	11	0	0	9	3	1	12	18	7	5	1	9	6	8	2	10	13	12	7	12	6	6	3	23	7	11	7	7	9	21	10	17	20	24	19	25	2	27	12	5	7	20	4	4	11	17	10	6	17	51	10	16	4	27	12	
1618_A/whooper_swan/Shanx 15	10	10	5	21	9	9	11	4	11	0	0	9	3	1	12	19	7	6	1	8	6	7	2	10	13	12	7	12	6	6	3	23	7	11	7	7	9	21	10	17	20	24	19	25	2	27	12	5	7	21	4	5	10	16	10	6	17	51	10	16	4	27	12	
1619_A/Wigeon/Ningxia/476 12	9	12	2	24	9	7	14	6	10	0	0	8	4	1	12	17	8	5	1	9	6	8	1	12	14	13	6	9	6	5	6	23	7	18	9	8	10	12	11	17	19	29	16	26	3	24	12	7	7	22	3	5	9	18	9	5	20	43	12	14	2	30	11	
1620_A/wild_bird/Eastern_ 15	9	12	3	21	11	7	13	4	8	0	0	10	5	1	12	17	5	7	1	8	6	6	2	10	13	13	10	13	8	5	1	25	5	11	5	7	12	20	13	17	18	33	15	25	2	19	13	5	5	21	2	5	10	17	11	7	18	45	11	13	6	33	12	
1621_A/wild_bird/Eastern_ 16	9	12	3	20	11	7	13	4	8	0	0	10	5	1	12	17	5	7	1	8	6	6	2	10	13	13	10	13	8	5	1	25	5	11	5	7	12	20	13	17	18	34	15	25	2	19	13	5	5	21	2	5	10	17	11	7	18	43	12	13	6	33	12	
1622_A/wild_bird/Eastern_ 15	9	12	3	21	11	7	13	4	8	0	0	10	5	1	12	17	5	7	1	8	6	6	2	10	13	13	10	13	8	5	1	25	5	11	5	7	12	20	13	17	18	34	15	25	2	19	13	5	5	21	2	5	10	17	11	7	18	44	11	13	6	33	12	
1623_A/wild_bird/Hubei/12 13	10	13	5	23	10	7	11	4	8	0	0	9	5	1	12	15	6	4	1	10	5	8	2	10	14	11	7	13	7	7	3	24	7	13	7	10	9	17	12	16	19	33	17	25	1	20	12	6	3	21	2	4	12	17	11	5	20	45	12	15	5	32	11	
1624_A/wild_bird/Hunan/01 15	9	13	2	21	10	6	14	6	11	0	0	9	3	1	12	19	8	5	1	7	5	8	2	11	14	12	7	9	6	6	4	25	6	14	8	6	10	16	12	17	20	29	16	26	3	24	12	7	7	23	3	4	8	17	9	7	21	41	10	13	2	32	13	
1625_A/wild_bird/Hunan/01 14	9	14	3	22	10	5	13	5	10	0	0	11	3	1	12	16	6	6	1	9	7	8	2	12	14	11	5	9	6	7	5	23	5	15	10	9	11	15	9	15	19	28	18	26	4	24	12	7	8	23	2	3	8	17	9	8	19	42	10	14	3	31	14	
1626_A/wild_bird/Hunan/02 14	9	13	2	22	10	6	14	6	11	0	0	9	3	1	12	19	8	5	1	7	5	8	2	11	13	12	7	9	7	6	4	23	6	16	8	8	10	14	12	17	19	29	16	26	4	25	12	7	7	23	3	3	9	17	9	8	20	40	10	13	2	32	13	
1627_A/wild_bird/Hunan/02 14	9	13	2	22	10	6	14	6	11	0	0	9	3	1	12	19	8	5	1	7	5	8	2	11	13	12	7	9	7	6	4	23	6	16	8	8	10	14	12	17	19	29	16	26	4	25	12	7	7	23	3	3	9	17	9	8	20	40	10	13	2	32	13	
1628_A/wild_bird/Hunan/03 14	9	13	2	22	10	6	14	6	11	0	0	9	3	1	12	19	8	5	1	7	5	8	2	11	13	12	7	9	7	6	4	23	6	16	8	8	10	14	12	17	19	29	16	26	4	25	12	7	7	23	3	3	9	17	9	8	20	40	10	13	2	32	13	
1629_A/wild_bird/Taipei/0 15	10	11	5	21	10	8	11	6	10	0	0	8	2	1	12	15	5	5	1	11	6	8	2	7	14	11	6	15	7	7	4	24	10	11	11	9	10	19	7	16	15	33	15	24	3	20	14	9	5	23	2	2	11	14	11	5	18	48	11	16	5	30	12	
1630_A/wild_bird/Zhejiang 14	8	11	5	22	11	8	11	2	10	0	0	9	3	1	12	13	7	6	1	14	7	7	2	8	11	11	6	17	8	7	3	24	7	10	6	7	10	20	12	18	20	25	17	24	1	28	13	6	4	23	2	4	12	13	11	5	18	51	9	15	5	28	14	
1631_A/wild_duck/Fujian/1 12	9	13	2	24	10	6	14	6	10	0	0	8	4	1	12	19	10	5	2	8	3	8	1	11	15	12	7	9	5	6	3	22	5	15	7	8	10	15	13	17	19	32	18	26	3	21	12	8	7	21	3	4	10	16	9	6	20	50	12	14	2	26	11	
1632_A/wild_duck/Fujian/2 12	9	13	2	24	10	6	14	6	10	0	0	8	4	1	12	19	10	5	1	8	3	8	3	11	15	12	7	9	5	6	3	22	5	15	7	8	10	14	13	17	19	33	17	25	3	21	12	8	8	21	3	4	9	16	9	7	19	50	12	15	2	26	11	
1633_A/wild_duck/Hebei/SD 15	10	11	5	22	9	8	11	3	9	0	0	11	4	1	12	18	8	6	1	8	5	7	2	11	13	10	7	11	7	8	3	21	7	10	7	8	10	21	11	16	19	33	20	27	1	21	9	6	3	20	3	4	13	16	10	7	19	46	13	13	5	32	10	
1634_A/wild_duck/Hunan/12 13	10	12	3	23	10	7	13	5	8	0	0	9	5	1	12	13	6	6	1	12	5	7	2	10	13	12	8	13	8	6	3	24	5	12	3	8	11	19	15	17	19	31	15	26	1	22	13	5	4	20	2	5	11	18	11	7	19	44	11	13	5	33	12	
1635_A/wild_duck/Jiangsu/ 15	10	10	5	22	9	9	10	4	11	0	0	9	3	1	12	18	7	6	1	9	6	7	2	10	13	11	7	12	6	7	3	23	7	11	7	7	9	21	10	17	20	24	19	25	2	27	12	5	7	20	4	4	11	17	10	6	17	50	10	16	4	28	12	
1636_A/wild_duck/Jilin/HF 13	10	11	4	23	10	8	12	4	10	0	0	11	3	1	12	14	5	5	1	12	7	6	2	9	14	12	7	12	7	7	3	23	6	11	7	8	8	19	12	17	23	29	20	25	0	23	9	7	8	19	4	3	7	18	9	7	19	49	11	14	5	29	13	
1637_A/wild_duck/Jilin/ZF 13	10	12	2	22	10	7	14	4	10	0	0	10	3	1	12	15	5	6	1	12	5	7	1	10	14	11	9	12	7	7	2	23	6	10	6	9	8	21	12	18	23	29	21	24	0	23	9	7	6	19	3	3	10	19	10	6	19	51	10	14	5	26	13	
1638_A/wild_duck/Shandong 11	10	13	3	25	10	7	12	6	10	0	0	9	1	1	12	14	6	4	1	11	6	8	2	11	14	13	7	11	7	6	2	25	9	14	6	5	11	18	13	16	21	33	20	25	0	19	12	5	4	20	4	5	10	18	10	4	18	50	9	15	6	26	13	
1639_A/wild_duck/Shandong 13	11	12	4	23	9	7	12	5	11	0	0	10	2	1	12	14	5	5	1	12	6	8	2	9	14	11	8	12	7	7	2	23	6	13	7	9	8	17	12	17	23	31	19	25	0	22	10	7	7	19	4	3	8	18	9	6	19	47	11	14	5	30	13	
1640_A/wild_duck/Shandong 16	10	14	4	21	9	6	12	8	12	0	0	8	2	1	12	17	8	5	1	10	5	6	2	9	15	12	8	8	5	6	2	22	8	18	5	12	10	13	13	13	19	32	17	27	1	22	13	5	8	25	5	5	6	14	7	6	20	43	12	14	6	31	11	
1641_A/wild_duck/Shandong 15	10	10	5	21	9	9	11	4	11	0	0	9	3	1	12	18	7	6	1	9	6	7	2	10	13	11	7	12	6	7	3	23	7	11	7	7	9	21	10	17	20	24	18	25	2	27	13	5	7	20	4	3	11	17	10	6	18	51	10	16	4	27	12	
1642_A/wild_goose/Shandon 15	10	10	5	21	9	9	11	4	11	0	0	9	3	1	12	18	7	6	1	9	6	7	2	10	13	11	7	12	6	7	3	23	7	11	7	7	9	21	10	17	20	24	18	25	2	27	13	5	7	20	4	3	11	17	10	6	18	51	10	16	4	27	12	
1643_A/wild_pigeon/Jilin/ 13	9	14	2	23	10	5	14	5	10	0	0	10	4	1	12	17	8	5	1	8	5	8	2	11	14	12	7	9	6	6	4	24	7	15	8	8	9	15	12	15	20	29	16	26	4	24	12	7	7	22	5	5	9	18	8	6	20	45	9	14	2	28	13	
1644_A/wildfowl/China/472 15	7	15	5	21	10	5	11	8	13	0	0	8	3	1	12	14	4	5	3	9	7	8	1	8	12	11	4	15	9	7	4	22	5	15	7	16	10	16	11	12	18	32	18	24	4	24	10	6	6	21	5	2	7	16	7	6	19	44	15	16	6	34	8	
1645_A/Xinjiang/1/2006|EP 17	10	11	4	19	12	8	12	4	9	0	0	12	3	1	12	16	7	6	1	11	5	7	2	5	13	12	4	14	6	6	6	24	6	10	12	9	13	21	7	14	15	35	19	25	4	18	10	5	5	24	4	5	10	13	5	5	20	48	17	15	5	30	9	
1646_A/Xinjiang/1/2009|EP 12	10	13	3	24	9	6	13	8	13	0	0	6	1	1	12	17	6	4	1	9	5	9	2	8	16	13	6	13	6	5	4	25	5	16	8	9	11	13	13	14	20	35	19	25	2	18	10	7	5	20	4	4	10	17	8	7	20	47	11	14	3	30	12	
1647_A/Yunnan/14563/2015| 16	9	12	5	20	12	7	12	4	9	0	0	7	3	1	12	14	5	5	2	11	6	8	3	10	14	7	4	17	8	11	4	18	8	14	5	15	12	21	10	15	17	33	18	24	2	19	12	4	5	19	4	5	10	16	7	4	18	54	12	16	5	25	12	
1648_A/Yunnan/DQ002/2015( 17	9	12	5	19	12	7	12	4	9	0	0	7	3	1	12	15	6	5	2	11	6	8	3	10	13	7	5	16	8	11	3	18	8	14	5	15	12	21	10	15	17	33	19	24	2	19	11	4	4	20	4	5	11	15	7	4	18	56	13	16	5	23	11	
1649_A/Zhejiang/1/2006|EP 12	9	13	3	24	9	6	13	8	12	0	0	7	3	1	12	17	8	5	1	9	5	8	2	8	14	13	8	12	6	5	2	22	6	15	6	12	9	16	13	16	18	33	17	26	3	21	11	6	5	23	3	4	10	15	9	6	18	48	12	14	5	29	11	
1650_A/Anas_platyrhynchos 14	9	11	5	22	11	8	11	6	10	0	0	10	3	1	12	14	6	7	1	12	6	6	2	6	13	11	5	14	7	7	4	23	6	10	6	9	10	21	12	17	20	25	18	25	1	28	12	5	5	22	2	4	11	15	12	7	19	47	8	14	4	30	15	
1651_A/Anas_crecca/Hubei/ 13	10	12	2	23	9	7	14	6	11	0	0	9	3	1	12	16	9	5	1	10	4	8	2	11	14	13	7	9	6	5	3	23	6	15	8	9	10	16	11	17	20	29	17	26	3	25	12	7	7	20	3	4	9	17	9	5	19	47	10	14	3	28	13	
1652_A/Anhui/1/2006_H5N1| 12	11	13	3	24	9	6	13	9	11	0	0	6	2	1	12	17	7	5	1	9	5	8	2	7	15	13	8	13	6	5	2	23	6	17	6	10	10	15	13	16	19	33	19	26	2	20	10	6	5	20	3	4	10	16	9	6	18	48	9	14	5	30	14	
1653_A/Anhui/1/2007_H5N1| 13	10	13	3	23	9	6	13	7	11	0	0	7	3	1	12	17	8	5	1	9	6	8	2	9	14	13	8	12	5	5	2	21	6	14	7	12	10	17	12	16	18	34	16	26	3	21	12	6	5	23	3	4	10	15	9	6	18	47	12	14	5	29	11	
1654_A/Anhui/2/2005_H5N1| 12	10	13	3	24	10	6	13	8	11	0	0	7	3	1	12	17	7	5	1	9	4	8	2	8	15	13	8	12	6	5	2	22	6	15	6	11	10	16	13	16	18	33	17	25	3	21	11	7	5	23	3	4	9	15	9	6	18	48	12	15	5	29	11	
1655_A/Anser_cygnoides/Ch 13	8	13	2	23	11	6	14	6	11	0	0	10	3	1	12	18	7	5	1	8	5	8	2	11	14	12	7	9	7	6	3	24	6	16	8	7	9	14	12	17	19	27	15	26	4	26	14	7	7	20	3	5	10	19	9	5	21	46	11	13	1	27	13	
1656_A/Anser_cygnoides/Hu 13	10	13	5	23	10	7	11	4	8	0	0	9	5	1	12	15	6	4	1	10	5	8	2	10	14	11	7	13	7	7	3	24	7	13	7	10	9	17	12	16	19	33	17	25	1	20	12	6	3	21	2	4	12	17	11	5	20	44	12	15	5	33	11	
1657_A/Anser_fabalis/jiuj 14	9	11	5	22	11	8	11	6	10	0	0	10	3	1	12	14	6	7	1	12	6	6	2	6	13	11	5	14	7	7	4	23	6	10	6	9	10	21	12	17	20	25	18	25	1	28	12	5	5	22	2	4	11	15	12	7	19	47	8	14	4	30	15	
1658_A/Anser_fabalis/jiuj 14	9	11	5	22	11	8	11	6	10	0	0	10	3	1	12	14	6	7	1	12	6	6	2	6	13	11	5	14	7	7	4	23	6	10	6	9	10	21	12	17	20	25	18	25	1	28	12	5	5	22	2	4	11	15	12	7	19	47	8	14	4	30	15	
1659_A/Anser_fabalis/jiuj 14	9	11	5	22	11	8	11	6	10	0	0	10	3	1	12	14	6	7	1	12	6	6	2	6	13	11	5	14	7	7	4	23	6	10	6	9	10	21	12	17	20	25	18	25	1	28	12	5	5	22	2	4	11	15	12	7	19	47	8	14	4	30	15	
1660_A/Bulbul/Taiwan/0115 14	11	14	4	23	10	5	12	9	11	0	0	10	4	1	12	16	8	5	1	11	4	8	2	7	15	13	6	8	5	5	3	22	7	20	4	12	10	13	13	14	19	31	18	26	4	22	13	7	6	23	5	4	7	14	8	8	19	44	10	12	3	30	12	
1661_A/Changsha/1/2014_H5 13	9	13	2	24	9	6	14	6	12	0	0	9	2	1	12	18	8	5	1	8	5	8	2	11	14	13	7	9	6	5	3	24	6	17	8	7	10	14	12	17	20	29	17	26	3	24	12	7	7	21	2	5	9	18	10	5	20	45	10	14	2	28	13	
1662_A/China/Original/201 16	10	12	2	20	12	7	14	5	8	0	0	11	3	1	12	12	6	4	1	11	6	9	2	7	12	9	6	15	8	9	4	23	7	14	9	11	10	18	9	15	18	33	18	25	2	21	10	4	5	22	6	6	12	14	6	8	16	47	13	13	6	30	12	
1663_A/Chlidonias_hybrida 15	10	10	5	21	9	9	11	4	10	0	0	9	4	1	12	18	6	6	1	9	6	7	2	10	13	12	7	12	7	6	3	23	7	11	7	7	9	21	10	17	20	26	19	25	2	25	12	5	7	20	4	4	11	17	10	6	17	52	10	16	4	26	12	
1664_A/Commom_Teal/Ningxi 12	9	12	2	24	9	7	14	6	10	0	0	8	4	1	12	17	8	5	1	9	6	8	1	12	14	13	6	9	6	5	6	23	7	18	9	8	10	12	11	16	19	29	16	26	3	24	12	7	7	22	3	5	9	18	9	6	20	43	12	14	2	30	11	
1665_A/Copsychus_saularis 13	9	13	2	23	10	6	14	6	11	0	0	9	3	1	12	18	7	5	1	8	5	8	2	11	14	13	7	9	7	5	3	23	7	16	8	7	10	14	12	18	19	30	16	25	3	24	13	7	7	22	3	5	9	18	9	5	21	44	11	14	1	28	13	
1666_A/Cygnus_atratus/Hub 14	10	12	3	22	10	7	13	5	8	0	0	11	5	1	12	15	7	6	1	10	3	8	2	10	13	13	9	12	9	5	2	24	5	13	6	8	11	18	11	17	19	33	14	24	2	20	14	6	5	20	3	4	9	18	10	8	20	43	11	12	5	33	13	
1667_A/Cygnus_atratus/Hub 14	10	12	3	22	10	7	13	5	8	0	0	11	5	1	12	15	7	6	1	10	3	8	2	10	13	13	9	12	9	5	2	24	5	13	6	8	11	18	11	17	19	33	14	24	2	20	14	5	5	20	3	5	9	18	10	8	20	43	11	12	5	33	13	
1668_A/Cygnus_columbianus 15	10	10	5	21	9	9	11	4	11	0	0	9	3	1	12	18	7	6	1	9	6	7	2	10	13	12	7	12	6	6	3	23	7	11	7	7	9	21	10	17	20	24	19	25	2	27	12	5	7	20	4	4	11	17	10	6	17	51	10	16	4	27	12	
1669_A/Cygnus_columbianus 15	10	10	5	21	9	9	11	4	11	0	0	9	3	1	12	18	7	6	1	9	6	7	2	10	13	13	7	12	6	5	3	23	7	11	7	7	9	21	10	17	20	24	19	25	2	27	12	5	7	20	5	4	11	17	9	6	17	51	11	16	4	27	11	
1670_A/Cygnus_columbianus 15	10	10	5	21	9	9	11	4	11	0	0	9	3	1	12	18	7	6	1	9	6	7	2	10	13	12	8	12	6	6	2	23	7	11	7	7	9	21	10	17	20	24	19	25	2	27	12	5	7	20	4	4	11	17	10	6	17	51	10	16	4	27	12	
1671_A/Cygnus_columbianus 15	10	10	5	21	9	9	11	4	11	0	0	9	3	1	12	18	7	6	1	9	6	7	2	10	13	12	7	12	6	6	3	23	7	11	6	7	9	21	11	17	20	24	19	25	2	27	12	5	7	20	4	4	11	17	10	6	17	52	10	16	4	26	12	
1672_A/Cygnus_columbianus 15	10	10	5	21	9	9	11	4	11	0	0	9	3	1	12	18	7	6	1	9	6	7	2	10	13	12	7	12	6	6	3	23	7	11	7	7	9	21	10	17	20	24	19	25	2	27	12	5	8	20	4	4	10	17	10	6	17	51	10	16	4	27	12	
1673_A/Cygnus_columbianus 15	10	10	5	21	9	9	11	4	11	0	0	9	3	1	12	18	7	6	1	9	6	7	2	10	13	12	7	12	6	6	3	23	7	11	7	7	9	21	10	17	20	24	19	25	2	27	12	5	7	20	4	4	11	17	10	6	17	50	10	16	4	28	12	
1674_A/Cygnus_columbianus 15	11	10	5	21	9	9	11	4	10	0	0	9	3	1	12	18	7	6	1	9	6	7	2	10	13	12	7	12	6	6	3	23	7	11	7	7	9	21	10	17	20	24	19	25	2	27	12	5	7	20	4	4	11	16	11	6	17	51	10	16	4	27	12	
1675_A/Duck/Dongting/D76- 13	10	12	3	23	10	7	13	5	8	0	0	9	5	1	12	13	6	6	1	12	5	7	2	10	13	12	8	13	8	6	3	24	5	12	3	8	11	19	15	17	19	31	15	26	1	22	13	5	4	20	2	5	11	18	11	7	19	44	11	13	5	33	12	
1676_A/Duck/Jiangxi/631/2 15	8	10	5	21	10	8	11	2	10	0	0	10	3	1	12	12	8	8	1	14	6	6	2	8	12	11	5	15	8	7	4	25	7	11	6	7	9	20	12	18	18	25	18	25	3	28	12	6	4	21	2	4	12	16	11	5	19	51	10	15	4	27	13	
1677_A/Falcated_Duck/Ning 12	9	12	2	24	9	7	14	6	10	0	0	8	4	1	12	17	8	5	1	9	6	8	1	12	14	13	7	9	6	5	5	23	7	18	9	8	10	12	11	17	19	29	16	26	3	24	12	7	7	22	3	5	9	18	9	5	20	43	12	14	2	30	11	
1678_A/Ferruginous_Pochar 12	9	12	3	24	9	7	14	6	10	0	0	8	4	1	12	17	8	5	1	9	6	8	1	12	15	13	7	9	5	5	5	23	7	18	8	8	10	12	11	17	19	29	16	26	3	24	12	7	7	22	3	5	9	18	9	5	20	43	12	14	2	30	11	
1679_A/Gadwall/Ningxia/47 12	9	12	2	24	9	7	14	6	10	0	0	8	4	1	12	17	8	5	1	9	6	8	1	12	14	13	7	9	6	5	5	23	7	18	9	8	10	12	11	17	19	29	16	26	3	24	12	7	7	22	3	5	9	18	9	5	20	43	12	14	2	30	11	
1680_A/Gallinula_chloropu 13	9	13	2	23	10	6	14	6	11	0	0	9	3	1	12	18	7	5	1	8	5	8	2	11	15	13	7	9	7	5	3	24	6	16	8	6	10	14	12	19	18	29	16	24	3	25	13	7	7	22	3	6	9	18	9	6	21	43	11	14	1	28	13	
1681_A/Guangdong/1/2008_H 13	8	14	3	24	9	5	13	8	12	0	0	7	3	1	12	16	8	5	1	9	4	8	2	8	15	13	8	12	6	5	2	22	6	16	6	12	11	16	13	16	18	34	17	27	2	19	12	6	5	21	3	3	10	15	9	6	18	49	12	14	5	28	12	
1682_A/Guangdong/2/2006_H 12	10	13	2	24	9	6	14	7	11	0	0	7	3	1	12	17	7	5	1	9	5	8	2	9	16	13	7	12	5	5	3	24	7	16	6	9	10	15	13	16	19	34	18	26	2	20	10	6	5	22	3	4	10	15	9	6	20	48	12	14	3	29	11	
1683_A/Guangdong/lgf/2021 15	11	10	5	21	9	9	11	3	11	0	0	9	2	1	12	18	7	6	1	9	6	7	2	10	12	12	8	13	7	6	3	22	7	12	7	8	9	20	10	17	20	23	19	25	2	27	12	5	7	20	4	4	11	17	9	6	17	50	11	16	4	28	12	
1684_A/Guangxi/1/2005_H5N 13	10	13	2	24	9	6	14	7	11	0	0	8	3	1	12	16	6	5	1	9	6	8	2	9	15	14	7	11	7	5	3	22	7	15	6	11	10	16	13	15	19	34	18	26	2	21	9	6	5	22	4	4	10	15	8	6	18	44	13	14	4	32	11	
1685_A/Guangxi/1/2008_H5N 11	10	13	3	24	10	6	13	7	12	0	0	7	3	1	12	15	7	5	1	11	4	8	2	9	16	13	6	12	6	5	4	24	6	16	6	9	11	15	13	16	21	34	18	26	1	20	10	6	5	22	5	4	10	15	8	8	18	47	12	13	3	29	10	
1686_A/Guangzhou/39715/20 13	9	12	2	23	10	7	14	6	10	0	0	9	4	1	12	18	8	5	1	8	5	8	2	11	13	14	7	9	7	4	4	24	6	16	8	7	10	15	12	17	20	28	16	26	3	24	12	7	7	24	3	5	9	15	9	5	19	44	10	14	3	30	13	
1687_A/Guizhou/1/2009_H5N 12	10	12	2	25	9	7	13	8	11	0	0	7	3	1	12	17	7	5	0	9	5	8	3	8	15	13	7	12	6	5	3	22	8	15	6	9	9	16	13	16	17	33	18	26	3	21	10	6	5	23	3	6	8	15	9	6	20	49	13	14	5	28	10	
1688_A/Hunan/1/2008_H5N1| 18	11	11	4	18	11	8	12	3	9	0	0	12	3	1	12	15	6	5	1	11	5	8	2	9	13	11	5	12	7	7	5	25	6	12	11	9	13	19	8	14	15	32	17	25	3	23	10	5	8	25	4	4	9	11	7	5	16	47	16	15	7	32	9	
1689_A/Hunan/2/2009_H5N1| 13	10	12	2	24	9	7	13	8	11	0	0	7	3	1	12	18	7	5	0	9	5	8	2	8	15	13	7	12	6	5	3	22	7	15	6	10	10	16	13	15	17	34	17	26	3	21	10	6	5	23	3	5	8	15	9	7	20	49	12	14	5	28	11	
1690_A/Japanese_white-eye 13	10	12	2	23	9	7	14	8	12	0	0	8	3	1	12	18	7	5	1	7	5	8	2	11	18	12	7	9	3	6	4	25	7	15	5	7	9	17	14	17	20	31	16	26	3	21	13	5	6	20	3	5	10	16	9	5	19	48	12	14	2	29	11	
1691_A/Nanjing/1/2015_H5N 12	9	10	5	24	12	8	10	5	10	0	0	10	3	1	12	14	5	6	1	12	5	8	2	10	12	11	6	12	8	7	3	23	6	14	6	7	8	17	12	19	25	32	19	23	1	22	10	6	7	20	5	5	7	17	9	6	18	47	11	14	5	30	13	
1692_A/Northern_Shoveler/ 12	9	12	2	24	9	7	14	6	10	0	0	8	4	1	12	17	8	5	1	9	6	8	1	12	14	13	7	9	6	5	5	23	7	18	9	8	10	12	11	17	19	29	16	26	3	24	12	7	7	22	3	5	9	18	9	5	19	43	12	14	3	30	11	
1693_A/Pavo_cristatus/Chi 14	9	11	2	22	10	8	14	5	11	0	0	10	2	1	12	18	8	5	1	8	5	8	1	10	13	12	7	11	7	6	4	24	6	16	8	8	10	15	13	17	21	31	17	24	3	23	12	6	8	21	3	5	7	19	8	6	21	42	10	14	2	29	13	
1694_A/Pavo_cristatus/Chi 14	9	11	2	22	10	8	14	5	11	0	0	10	2	1	12	18	8	5	1	8	5	8	1	10	13	12	7	11	7	6	4	24	6	16	8	8	10	15	13	17	21	31	17	24	3	23	12	6	8	21	3	5	7	19	8	6	21	42	10	14	2	29	13	
1695_A/Pavo_cristatus/Jia 14	8	12	2	22	11	7	14	5	10	0	0	9	4	1	12	18	8	5	1	8	5	8	2	12	13	13	8	9	7	5	3	23	6	15	8	8	10	15	12	17	20	28	17	26	3	24	12	7	8	22	4	6	9	18	8	3	19	42	9	15	2	31	14	
1696_A/Rattus_norvegicus/ 16	9	12	4	21	11	7	12	5	11	0	0	12	3	1	12	16	8	5	1	10	4	8	1	9	13	13	8	11	7	5	4	22	6	16	7	8	11	13	14	17	20	28	16	24	3	26	12	7	9	22	3	5	7	18	10	5	20	42	10	14	2	29	12	
1697_A/Shandong/1/2009_H5 12	9	14	3	23	8	6	13	8	12	0	0	7	3	1	12	17	8	5	1	9	4	8	2	7	15	11	8	13	6	7	2	22	7	17	6	11	12	14	14	16	18	33	17	27	1	20	12	6	5	22	3	3	9	14	9	6	19	49	12	14	5	29	11	
1698_A/Spatula_querquedul 14	9	11	5	22	11	8	11	6	10	0	0	10	3	1	12	14	6	7	1	12	6	6	2	6	13	11	5	14	7	7	4	23	6	10	6	9	10	21	12	17	20	25	18	25	1	28	12	5	5	22	2	4	11	15	12	7	19	47	8	14	4	30	15	
1699_A/Syrrhaptes_paradox 14	9	12	2	22	10	7	14	5	11	0	0	10	3	1	12	18	8	4	1	8	5	9	1	11	14	13	8	9	6	5	4	23	6	16	7	8	10	15	12	17	19	30	15	26	4	23	12	7	7	22	3	5	9	18	10	5	20	43	10	14	2	30	13	
1700_A/Taiwan/DV413/2006_ 16	10	13	3	21	10	6	13	5	10	0	0	10	3	1	12	15	6	5	1	10	5	8	2	9	14	11	7	12	7	7	3	24	5	12	6	9	10	19	12	16	20	32	17	24	2	20	13	6	4	23	3	4	12	17	10	8	17	45	11	13	5	31	12	
1701_A/Taiwan/DV518/2006_ 16	10	13	3	21	10	6	13	5	10	0	0	11	3	1	12	15	6	5	1	10	5	8	2	9	14	11	7	11	7	7	3	25	5	11	7	8	10	20	11	16	20	32	17	24	2	20	13	6	4	23	3	4	12	17	10	8	17	42	11	13	5	34	12	
1702_A/Whooper_Swan/Sanme 14	10	12	3	22	10	7	13	5	8	0	0	11	5	1	12	15	7	6	1	10	3	8	2	10	13	13	9	12	9	5	2	24	5	13	6	8	12	17	11	17	19	33	14	24	2	20	14	5	5	20	3	5	9	18	10	8	20	43	11	12	5	33	13	
1703_A/Wild_bird/Huadong/ 15	10	10	5	21	9	9	11	4	11	0	0	9	3	1	12	18	7	6	1	9	6	7	2	10	13	11	6	12	6	7	3	22	7	11	7	7	9	21	10	17	20	24	20	25	2	27	12	6	7	20	4	4	11	17	10	6	17	51	10	16	4	27	12	
1704_A/Wild_bird/Huadong/ 13	9	11	5	23	12	8	10	6	11	0	0	10	3	1	12	15	5	5	1	12	5	8	2	9	12	11	6	12	8	7	3	23	6	13	5	7	8	18	13	20	24	30	19	23	1	24	10	6	7	19	5	5	7	18	9	5	18	48	12	13	5	29	12	
1705_A/Wild_bird/Huadong/ 16	8	12	2	20	11	7	14	7	9	0	0	8	5	1	12	19	9	5	2	7	4	8	1	12	14	12	4	9	6	6	6	23	6	15	8	7	10	15	12	18	19	27	21	24	4	24	10	6	8	23	4	7	9	16	8	4	20	42	9	15	2	30	15	
1706_A/Wild_bird/Huadong/ 14	10	12	3	22	8	7	13	7	12	0	0	8	3	1	12	17	6	6	1	8	7	7	2	13	17	12	7	8	3	6	4	24	6	16	6	8	10	16	14	16	19	33	16	26	4	20	13	5	7	20	3	5	9	15	9	7	20	49	13	13	2	26	11	
1707_A/Wild_bird/Huadong/ 16	8	12	2	20	11	7	14	7	9	0	0	8	5	1	12	19	9	5	2	7	4	8	1	12	14	12	4	9	6	6	6	23	6	15	8	7	10	15	12	18	19	27	21	24	4	24	10	6	8	23	4	7	9	16	8	4	20	42	9	15	2	30	15	
1708_A/Wild_bird/Huadong/ 15	9	12	2	21	10	7	14	5	11	0	0	10	3	1	12	17	8	5	1	9	5	8	1	11	14	13	7	10	6	6	4	23	8	15	8	8	8	15	13	17	19	31	15	26	3	24	12	7	8	23	3	5	8	17	9	5	21	43	9	14	1	29	13	
1709_A/Wild_bird/Huadong/ 14	7	12	2	22	12	7	14	5	10	0	0	9	4	1	12	20	8	5	1	7	5	8	2	11	13	13	8	9	7	5	3	23	5	15	8	8	11	15	12	17	20	26	17	26	3	26	12	7	8	23	4	6	9	17	8	4	19	45	9	14	2	28	14	
1710_A/Wild_bird/Huadong/ 14	10	12	2	22	8	7	14	8	12	0	0	7	3	1	12	18	7	5	1	7	6	8	2	12	18	12	7	9	3	6	4	24	7	15	5	7	9	17	14	17	20	31	16	26	3	21	13	6	5	21	3	5	11	15	9	5	19	50	11	14	2	27	12	
1711_A/Wild_bird/Huadong/ 15	9	11	2	21	10	8	14	6	11	0	0	9	3	1	12	18	8	5	1	7	5	8	1	11	14	13	9	10	6	5	3	25	6	14	8	6	10	16	12	17	18	29	15	26	5	24	13	6	8	22	3	6	8	17	10	5	21	45	9	14	1	29	13	
1712_A/Wild_bird/Huadong/ 16	8	12	2	20	11	7	14	7	9	0	0	8	5	1	12	19	9	5	2	7	4	8	1	12	14	12	4	9	6	6	6	23	6	15	8	7	10	15	12	18	19	27	21	24	4	24	10	6	8	23	4	7	9	16	8	4	20	42	9	15	2	30	15	
1713_A/Wild_bird/Huadong/ 14	7	12	1	22	12	7	15	5	10	0	0	8	4	1	12	19	8	5	1	7	5	8	2	12	13	13	9	10	7	5	3	24	6	17	8	7	10	15	12	17	20	26	16	26	3	26	12	7	8	20	4	6	9	18	8	3	19	44	9	15	2	29	14	
1714_A/Wild_bird/Huadong/ 15	9	11	2	21	10	8	14	6	11	0	0	9	3	1	12	18	8	5	1	7	5	8	1	11	14	13	9	10	6	5	3	25	6	14	8	6	10	16	12	17	18	29	15	26	5	24	13	6	8	22	3	6	8	17	10	5	21	45	9	14	1	29	13	
1715_A/Wild_bird/Huadong/ 14	7	12	1	22	12	7	15	5	10	0	0	8	4	1	12	19	8	5	1	7	5	8	2	12	13	13	9	10	7	5	3	24	6	17	8	7	10	15	12	17	20	26	16	26	3	26	12	7	8	20	4	6	9	18	8	3	19	44	9	15	2	29	14	
1716_A/Wild_bird/Huadong/ 16	8	12	2	20	11	7	14	7	9	0	0	8	5	1	12	19	9	5	2	7	4	8	1	12	14	12	4	9	6	6	6	23	6	15	8	7	10	15	12	18	19	27	21	24	4	24	10	6	8	23	4	7	9	16	8	4	20	42	9	15	2	30	15	
1717_A/Xinjiang/1/2009_H5 12	10	13	3	24	9	6	13	8	13	0	0	6	1	1	12	17	6	4	1	9	5	9	2	8	16	13	6	13	6	5	4	25	5	16	8	9	11	13	13	14	20	35	19	25	2	18	10	7	5	20	4	4	10	17	8	7	20	47	11	14	3	30	12	
1718_A/Yangzhou/125/2022_ 14	10	10	5	22	10	9	11	4	8	0	0	13	6	1	12	14	6	6	1	11	7	7	2	9	13	11	6	10	6	9	4	25	6	13	7	8	11	16	9	18	18	30	12	25	3	24	18	5	3	22	3	4	12	13	11	6	16	48	10	14	7	32	11	
1719_A/avian/Hong_Kong/07 13	10	13	2	23	9	6	14	8	12	0	0	7	3	1	12	15	7	5	1	10	5	8	2	9	16	13	8	12	5	5	2	23	6	15	6	10	11	16	13	17	21	33	18	26	1	21	10	6	6	21	4	4	9	16	8	6	18	47	13	13	4	29	10	
1720_A/avian/Hong_Kong/19 13	10	13	2	23	10	6	14	8	11	0	0	8	3	1	12	15	7	4	1	10	5	8	2	9	15	14	8	11	6	5	2	23	6	15	6	10	11	16	13	17	21	32	18	26	1	21	10	6	6	22	4	4	9	15	8	6	18	48	13	13	4	29	10	
1721_A/avian/Hong_Kong/23 15	10	12	2	22	10	6	14	8	11	0	0	7	3	1	12	16	7	5	1	9	5	8	2	9	15	13	8	12	6	5	2	23	6	15	6	10	11	16	13	17	21	32	18	26	1	21	10	6	6	22	4	4	9	15	8	6	18	48	13	13	4	29	10	
1722_A/baikal_teal/Xiangh 11	10	12	3	25	10	7	13	6	9	0	0	9	4	1	12	16	5	6	1	10	6	7	2	9	15	10	7	12	6	8	3	24	6	11	7	9	10	20	11	17	20	32	20	25	1	21	9	6	4	22	3	3	12	16	9	5	17	47	14	15	6	30	10	
1723_A/bar-headed_goose/Q 18	11	11	4	18	12	8	12	3	7	0	0	12	3	1	12	15	7	6	1	11	5	7	2	7	14	12	6	15	7	6	5	22	7	10	12	10	16	21	6	14	16	36	20	23	3	16	9	4	7	24	3	5	10	13	5	6	19	48	17	15	3	28	11	
1724_A/bar-headed_goose/T 17	11	11	4	20	12	8	12	4	8	0	0	13	3	1	12	14	7	6	1	11	5	7	2	6	13	12	6	12	7	7	4	24	7	10	12	10	12	21	7	14	15	33	20	25	3	20	9	6	5	23	5	3	10	13	5	6	20	48	17	15	5	29	9	
1725_A/black_chicken/Jian 13	10	12	2	23	9	7	14	6	11	0	0	9	3	1	12	17	9	5	1	8	4	8	2	11	14	13	7	9	6	5	3	23	6	15	9	9	10	16	10	17	20	29	17	26	3	25	11	7	7	20	3	5	9	17	8	5	19	49	12	14	3	27	12	
1726_A/brown-headed_gull/ 13	10	12	3	23	10	7	11	5	10	1	0	11	3	0	13	15	6	5	1	11	5	8	2	9	13	12	8	11	7	7	2	23	5	9	7	9	9	21	12	16	21	29	20	26	1	23	10	6	7	21	4	4	8	18	10	6	19	51	10	14	5	26	13	
1727_A/brown-headed_gull/ 13	10	12	3	24	10	7	12	5	10	1	0	11	3	0	12	16	6	5	1	11	5	8	2	9	13	12	8	11	7	7	2	22	5	10	7	9	8	21	12	15	21	29	21	27	1	23	9	6	8	20	3	4	8	18	10	6	19	51	10	14	5	26	13	
1728_A/canvasback/Xiangha 15	11	12	2	21	11	7	14	5	8	1	0	12	3	0	12	14	7	4	1	14	5	9	2	5	12	9	5	13	8	9	5	23	5	11	10	9	13	20	8	16	17	34	17	25	2	19	12	6	5	23	4	5	10	14	8	6	18	47	15	13	6	31	9	
1729_A/cat/Sichuan/SC18/2 13	10	12	2	23	9	7	14	6	11	0	0	8	3	1	12	17	8	5	1	9	5	8	2	11	14	13	7	10	6	5	3	22	5	15	9	8	11	15	10	17	20	29	17	26	3	25	11	7	8	20	3	4	10	17	10	5	19	49	10	14	3	27	13	
1730_A/cat/Zhejiang/C1/20 15	10	12	5	21	11	7	12	7	10	0	0	7	2	1	12	14	5	5	2	12	7	8	3	8	13	9	6	15	8	9	1	20	8	13	4	13	11	21	11	13	17	31	18	25	2	20	14	4	6	20	4	7	9	16	7	4	20	53	14	16	3	26	10	
1731_A/cat/Zhejiang/C2/20 15	10	13	4	21	11	6	13	3	10	0	0	8	2	1	12	14	5	5	1	11	7	8	3	10	13	8	6	17	8	10	2	20	8	14	5	13	11	21	10	13	17	32	18	25	2	19	14	4	6	18	4	7	9	17	7	4	19	55	12	17	3	24	12	
1732_A/chicken/Anhui/MZ33 17	10	12	4	19	11	7	13	4	10	0	0	8	2	1	12	14	5	5	2	11	7	8	3	11	13	7	5	15	8	11	3	18	8	13	5	15	10	22	10	15	17	31	21	25	2	19	11	4	6	18	4	6	10	17	7	5	19	54	11	15	3	24	14	
1733_A/chicken/Anhui/MZ34 17	10	12	4	19	11	7	13	4	10	0	0	9	2	1	12	14	5	5	2	11	7	8	3	11	13	7	4	14	8	11	4	18	8	13	5	15	10	22	10	15	17	31	21	25	2	19	11	4	6	18	4	6	10	17	7	5	19	54	11	15	3	24	14	
1734_A/chicken/Beijing/BJ 15	9	11	4	22	11	8	13	6	10	0	0	7	3	1	12	14	5	3	1	10	6	10	3	12	15	9	5	13	6	9	4	19	8	16	4	15	13	20	11	14	15	34	16	24	5	19	14	5	6	20	5	5	7	14	8	7	18	55	10	14	4	24	11	
1735_A/chicken/CH/a556/20 17	9	11	3	19	11	8	13	7	12	0	0	9	2	1	12	18	6	6	2	10	3	7	1	7	17	13	3	11	5	5	5	25	7	17	10	10	10	16	6	15	14	36	19	26	3	21	11	6	8	21	3	4	7	15	5	6	19	51	16	12	5	28	12	
1736_A/chicken/Changhua/1 13	10	12	3	24	11	7	13	5	7	0	0	10	5	1	12	14	5	5	1	10	6	8	2	11	14	11	6	10	7	7	4	23	8	11	7	12	8	20	11	16	20	28	19	25	1	25	10	5	2	20	2	5	14	18	11	5	18	46	12	14	5	30	12	
1737_A/chicken/Changhua/1 13	10	12	3	24	11	7	13	5	7	0	0	10	5	1	12	14	5	5	1	10	6	7	2	11	14	12	6	10	7	7	4	23	8	12	7	12	8	19	11	16	20	28	19	25	1	25	10	5	2	20	2	5	14	18	11	5	18	46	12	14	5	30	12	
1738_A/chicken/Changhua/1 13	10	12	3	24	11	7	13	5	7	0	0	10	5	1	12	14	5	5	1	10	6	8	2	11	14	11	6	10	7	7	4	23	8	11	7	12	8	20	11	16	20	28	19	25	1	25	10	5	2	21	2	5	14	17	11	5	18	46	12	14	5	30	12	
1739_A/chicken/Changhua/1 13	10	12	3	24	11	8	13	5	7	0	0	10	5	1	12	14	5	5	1	10	6	7	2	11	14	11	6	10	7	7	4	23	8	11	7	12	8	20	11	15	20	29	19	25	1	24	10	5	2	21	2	5	14	16	12	6	18	46	12	14	5	30	12	
1740_A/chicken/Changhua/1 13	10	12	3	24	11	7	13	5	7	0	0	10	5	1	12	14	5	5	1	10	6	8	2	11	14	11	6	10	7	7	4	23	8	11	7	12	8	20	10	16	20	28	18	25	1	25	11	5	2	21	2	5	14	17	12	5	18	46	12	14	5	30	12	
1741_A/chicken/Changhua/1 13	10	12	3	24	11	7	13	5	7	0	0	10	5	1	12	14	5	5	1	10	6	8	2	11	14	11	6	10	7	7	4	23	8	11	7	12	8	20	11	16	20	29	19	25	1	24	10	5	2	21	2	5	14	17	11	5	18	46	12	14	5	30	12	
1742_A/chicken/Changhua/1 15	11	14	4	22	10	5	12	10	11	0	0	9	4	1	12	16	8	5	1	11	4	8	2	8	15	13	6	7	5	5	3	23	7	20	4	11	11	13	14	15	19	31	18	24	4	22	13	7	6	23	5	4	6	14	8	8	19	44	10	12	3	30	12	
1743_A/chicken/Changhua/1 15	11	14	4	22	10	5	12	10	11	0	0	9	4	1	12	16	8	5	1	11	4	8	2	7	15	13	6	8	5	5	3	22	8	20	4	11	10	13	14	14	19	31	18	25	4	22	13	8	6	24	5	4	6	13	8	8	19	43	10	12	3	31	12	
1744_A/chicken/Changhua/1 15	11	14	4	22	10	5	12	10	11	0	0	9	4	1	12	16	8	5	1	11	4	8	2	7	15	13	6	8	5	5	3	23	7	20	4	11	10	13	14	14	19	31	18	25	4	22	13	7	6	24	5	4	7	13	8	8	19	43	10	12	3	31	12	
1745_A/chicken/Changhua/1 15	11	14	4	22	10	5	12	10	11	0	0	9	4	1	12	16	8	5	1	11	4	8	2	7	15	13	6	8	5	5	3	23	7	20	4	11	10	13	14	14	19	30	18	25	4	24	13	7	6	24	5	4	7	13	8	8	19	43	10	12	3	30	12	
1746_A/chicken/Changhua/1 13	10	12	3	24	11	7	13	5	7	0	0	9	5	1	12	14	5	5	1	10	6	8	2	11	14	11	6	11	7	7	4	23	8	11	7	12	8	19	12	16	20	29	19	25	1	24	10	5	3	21	2	5	13	17	11	5	18	46	12	14	5	30	12	
1747_A/chicken/Changhua/1 14	11	13	4	23	10	6	12	9	11	0	0	10	4	1	12	16	8	5	1	11	4	8	2	7	15	13	6	8	5	5	3	22	7	20	4	11	10	14	14	14	19	31	18	26	4	22	13	7	6	23	5	3	8	13	8	8	19	43	10	12	3	31	12	
1748_A/chicken/Changhua/1 13	10	12	3	24	10	7	13	5	8	0	0	9	5	1	12	14	5	5	1	10	6	8	2	11	14	11	6	11	7	7	4	22	8	11	7	12	8	19	12	17	20	29	19	25	1	24	10	5	2	21	2	5	14	17	11	5	18	47	12	14	5	29	12	
1749_A/chicken/Changhua/1 14	11	14	4	23	10	5	12	9	11	0	0	10	4	1	12	16	8	5	1	11	4	8	2	7	15	13	6	8	5	5	3	22	7	20	4	11	10	14	14	14	19	30	19	26	4	22	13	7	6	23	5	3	8	13	8	8	19	42	11	12	3	31	12	
1750_A/chicken/Changhua/1 13	10	12	3	24	11	7	13	6	7	0	0	9	5	1	12	14	4	5	1	10	6	8	2	10	14	11	6	11	8	7	4	23	8	12	7	11	8	18	12	17	20	29	19	25	1	24	10	6	2	21	2	5	14	17	11	4	18	46	12	14	5	30	12	
1751_A/chicken/Changhua/1 13	10	12	3	24	11	7	13	4	7	0	0	12	5	1	12	14	5	5	1	10	6	8	2	11	14	11	7	9	7	7	4	23	8	12	7	10	8	19	12	17	20	28	18	26	1	25	10	5	2	20	2	6	14	17	11	5	18	48	12	13	5	28	12	
1752_A/chicken/Changhua/1 13	10	12	3	24	11	7	13	5	7	0	0	9	5	1	12	13	4	5	1	10	6	8	2	10	14	11	6	11	8	7	4	24	8	11	7	11	7	19	12	18	21	30	19	25	1	23	10	6	2	21	2	5	15	17	11	4	17	47	12	14	5	29	12	
1753_A/chicken/Changhua/1 14	11	11	4	23	10	8	12	5	7	0	0	8	5	1	12	13	4	5	2	10	6	8	2	11	14	11	6	12	8	7	3	24	8	12	7	11	7	18	12	17	21	31	19	25	1	22	10	5	2	20	3	6	15	18	10	4	18	47	12	14	4	29	12	
1754_A/chicken/Changhua/1 13	10	12	2	24	11	7	14	5	7	0	0	9	5	1	12	13	4	4	2	10	6	9	2	11	14	11	4	11	8	7	5	23	9	11	6	11	6	20	12	18	21	30	18	25	1	24	11	6	2	20	3	5	15	18	10	4	17	47	13	14	4	29	11	
1755_A/chicken/Chiayi/150 13	10	12	3	24	11	7	13	5	7	0	0	10	5	1	12	14	5	5	1	10	6	8	2	11	14	11	6	10	7	7	5	23	8	11	7	12	8	20	11	16	20	28	19	25	1	25	9	5	2	21	2	5	14	17	11	5	18	46	12	14	5	30	12	
1756_A/chicken/Chiayi/150 13	10	12	3	24	11	7	13	4	7	0	0	10	5	1	12	14	5	5	1	10	6	8	2	11	14	11	6	10	7	7	4	23	8	11	7	12	8	20	11	17	20	29	19	25	1	24	10	5	2	21	3	5	14	16	10	5	18	47	12	14	5	30	12	
1757_A/chicken/Chiayi/150 14	11	14	4	23	10	5	12	9	11	0	0	10	4	1	12	16	8	5	1	11	4	8	2	7	15	13	6	8	5	5	3	22	7	20	4	11	10	14	14	14	19	31	18	26	4	22	13	7	6	23	5	4	7	13	8	8	19	43	10	12	3	31	12	
1758_A/chicken/Chiayi/170 13	11	12	3	24	10	7	13	5	7	0	0	9	5	1	12	13	4	5	2	10	6	8	2	11	14	11	5	11	8	7	4	24	8	10	7	10	7	20	12	18	20	30	19	25	1	24	10	6	2	20	3	5	15	18	10	4	17	47	11	14	5	29	13	
1759_A/chicken/Chiayi/181 13	7	11	5	23	11	8	11	5	8	0	0	11	5	1	12	16	8	6	0	10	5	7	3	8	13	9	8	12	7	8	2	24	7	13	7	9	9	17	10	16	19	30	15	26	2	24	13	7	4	21	4	4	12	16	11	5	19	49	10	16	4	29	12	
1760_A/chicken/China/007/ 15	8	13	2	21	11	6	14	7	8	0	0	7	6	1	12	18	8	5	1	8	6	8	2	11	13	14	4	10	6	4	6	23	6	15	7	8	10	15	13	18	18	28	20	26	5	24	10	5	9	22	3	7	9	17	9	3	19	43	9	15	2	29	15	
1761_A/chicken/China/1101 17	8	12	2	19	11	7	14	8	9	0	0	7	5	1	12	17	9	5	1	9	5	8	2	10	13	12	4	10	6	6	6	24	6	16	7	6	11	14	13	18	16	28	19	26	5	25	10	6	8	22	5	6	9	17	8	4	20	41	9	15	2	31	15	
1762_A/chicken/China/Cang 14	9	11	5	22	11	8	11	6	10	0	0	10	3	1	12	14	6	7	1	12	6	6	2	7	13	11	5	14	7	7	4	23	6	10	6	9	10	21	12	17	20	25	18	25	1	28	12	5	5	22	2	4	11	15	12	7	19	48	7	13	4	30	15	
1763_A/chicken/China/E93/ 12	11	13	3	23	9	7	13	7	11	0	0	9	1	1	12	16	6	5	1	11	6	8	1	10	13	13	7	10	7	6	2	24	10	13	6	6	10	18	13	16	21	32	21	26	0	19	12	5	4	20	4	5	10	18	10	4	17	50	9	15	6	26	13	
1764_A/chicken/China/E96/ 12	11	12	3	23	9	8	13	7	10	0	0	9	1	1	12	16	5	5	1	11	6	8	1	10	14	13	7	10	7	6	2	25	10	13	6	5	10	18	13	16	21	30	22	26	0	21	11	5	4	20	4	5	10	18	10	4	18	49	9	15	6	27	13	
1765_A/chicken/Chiping/03 15	9	11	4	21	11	8	13	5	10	0	0	9	2	1	12	14	6	4	1	11	5	8	4	12	15	9	6	11	6	9	3	19	7	14	4	15	12	21	11	14	16	32	16	25	5	23	13	5	5	21	4	5	10	14	9	9	18	53	10	11	5	25	11	
1766_A/chicken/Dongguan/2 14	9	13	2	22	10	6	14	6	10	0	0	9	4	1	12	18	8	5	1	8	5	8	2	11	14	13	7	9	6	5	4	24	6	16	8	7	10	14	12	17	20	30	16	26	3	23	12	7	7	22	3	5	9	18	9	5	20	43	10	14	2	30	13	
1767_A/chicken/Dongguan/3 13	9	12	2	23	10	7	14	6	11	0	0	9	3	1	12	18	8	5	1	8	5	8	2	11	14	13	8	9	6	5	3	24	6	16	8	7	10	14	12	17	20	29	16	26	3	24	12	7	7	22	3	5	9	18	9	5	20	45	10	14	2	28	13	
1768_A/chicken/Dongguan/4 13	9	13	2	23	10	6	14	6	10	0	0	9	4	1	12	18	8	5	1	8	5	8	2	11	14	13	7	9	6	5	4	24	6	16	8	7	10	15	12	17	20	29	16	26	3	24	12	7	7	22	3	5	9	17	10	5	21	43	9	14	1	30	13	
1769_A/chicken/Eastern_Ch 16	11	13	5	20	10	6	12	4	10	0	0	8	2	1	12	15	6	5	2	10	7	8	3	12	12	7	5	14	8	11	3	20	7	16	6	14	13	20	10	15	17	35	18	24	2	17	12	4	5	18	3	4	10	16	7	6	18	56	12	14	5	23	12	
1770_A/chicken/Eastern_Ch 16	11	13	5	20	10	6	12	4	10	0	0	8	2	1	12	15	6	5	2	10	7	8	3	12	12	7	5	14	8	11	3	20	7	16	5	14	13	20	10	15	17	35	18	24	2	17	12	4	5	18	4	4	10	16	7	6	18	56	12	14	5	23	12	
1771_A/chicken/Eastern_Ch 13	10	12	3	23	9	7	13	7	10	0	0	6	4	1	12	16	8	6	1	10	3	7	2	9	16	12	7	13	5	6	2	24	6	15	5	10	13	16	14	16	18	35	18	26	2	19	11	5	5	23	3	6	10	14	9	7	17	41	11	12	5	36	12	
1772_A/chicken/Eastern_Ch 12	10	12	2	24	9	7	14	7	10	0	0	6	4	1	12	17	7	7	1	10	4	6	2	8	16	12	7	13	5	6	3	25	6	16	7	9	13	15	12	15	18	35	17	26	2	19	11	4	5	23	3	6	10	14	9	8	17	46	11	13	5	31	12	
1773_A/chicken/Fujian/1/2 12	10	12	2	23	9	7	14	7	11	0	0	7	3	1	12	17	7	6	1	10	5	7	2	9	17	13	7	12	4	5	3	24	8	17	6	9	11	14	14	16	17	35	17	26	2	20	10	6	5	22	3	4	10	15	8	8	18	47	12	13	4	30	11	
1774_A/chicken/Fujian/11. 13	9	11	2	23	10	8	14	4	11	0	0	10	3	1	12	18	7	5	2	8	5	8	0	10	12	12	7	11	9	6	4	24	6	18	8	8	10	14	13	17	20	31	17	24	3	22	12	6	8	20	3	5	7	21	7	6	20	42	11	15	2	29	13	
1775_A/chicken/GY/a451/20 19	9	11	3	19	11	8	13	7	12	0	0	9	2	1	12	16	6	6	2	10	3	7	1	6	18	13	2	12	4	5	5	24	7	17	10	11	10	16	6	15	14	36	20	26	3	21	11	6	8	21	3	4	7	15	5	5	19	52	16	13	5	27	12	
1776_A/chicken/Gansu/5/20 11	11	12	3	24	9	8	13	6	10	0	0	10	1	1	12	16	5	5	1	11	6	8	1	11	14	13	6	9	7	6	3	25	10	12	6	5	10	19	13	15	21	32	20	26	0	19	13	5	4	20	4	5	10	18	10	5	19	50	9	15	5	26	13	
1777_A/chicken/Gansu/6/20 12	11	13	3	23	9	7	13	7	11	0	0	10	1	1	12	16	6	5	1	11	6	8	1	10	13	13	7	9	7	6	2	25	10	13	6	5	10	18	13	16	21	32	21	26	0	19	12	5	4	20	4	5	10	18	10	4	17	50	9	15	6	26	13	
1778_A/chicken/Ganzhou/GZ 13	9	12	2	23	10	7	14	5	10	0	0	9	4	1	12	18	8	5	1	8	4	8	2	12	15	13	7	9	6	5	3	23	6	16	7	8	10	15	12	17	20	30	16	26	2	24	13	7	7	22	3	6	9	18	9	4	20	42	10	14	3	30	13	
1779_A/chicken/Guangdong/ 17	10	11	4	19	12	8	12	4	9	0	0	10	3	1	12	15	6	6	1	12	5	7	2	5	13	12	5	16	7	6	5	24	7	11	12	9	13	20	7	13	15	34	18	25	3	20	10	5	5	24	3	5	10	13	7	6	21	48	17	14	5	30	8	
1780_A/chicken/Guangdong/ 17	10	12	4	19	11	7	13	4	10	0	0	8	2	1	12	14	5	5	2	11	7	8	3	11	13	7	5	15	8	11	3	18	8	13	4	15	10	22	11	15	17	31	21	25	2	19	11	4	6	18	4	6	10	17	7	5	19	54	11	15	3	24	14	
1781_A/chicken/Guangxi/16 15	8	12	2	21	11	7	14	6	11	0	0	10	3	1	12	17	8	5	1	9	5	8	1	10	14	13	8	10	6	5	4	23	7	16	7	8	10	13	15	17	18	31	16	26	3	22	13	8	8	23	3	5	8	17	9	4	21	43	8	14	1	29	14	
1782_A/chicken/Guangxi/S2 12	9	13	2	24	10	7	14	8	11	0	0	8	3	1	12	18	7	6	1	7	5	7	2	9	17	13	7	11	4	5	3	24	7	12	6	8	9	17	14	17	20	31	17	26	3	22	12	6	6	22	3	4	10	15	9	5	20	49	13	14	2	28	10	
1783_A/chicken/Guizhou/7/ 12	10	13	4	22	8	8	12	6	11	0	0	9	3	1	12	15	7	6	1	9	6	7	2	9	16	11	7	12	6	7	6	21	6	19	6	11	12	16	14	16	18	34	18	27	1	18	10	6	4	21	5	5	9	15	8	4	19	47	10	15	4	28	12	
1784_A/chicken/Hebei/1102 13	10	11	4	23	10	8	13	5	10	0	0	9	3	1	13	16	5	5	1	10	6	8	3	11	16	9	6	13	7	9	3	18	7	13	5	14	13	21	10	15	16	28	17	23	5	25	14	5	5	21	2	6	9	14	8	6	17	56	11	12	5	24	11	
1785_A/chicken/Hebei/1102 13	10	11	4	23	10	8	13	5	10	0	0	9	3	1	13	16	5	5	1	10	6	8	3	11	16	9	6	13	7	9	3	18	7	13	5	14	13	21	10	14	16	28	17	23	5	25	14	5	5	21	2	6	9	14	8	7	17	56	11	12	5	24	11	
1786_A/chicken/Hebei/3/20 15	9	11	4	22	11	8	13	6	10	0	0	7	3	1	12	14	5	3	1	10	6	10	3	12	15	9	5	13	6	9	4	19	8	16	4	15	13	20	11	14	15	34	16	24	5	19	14	5	6	20	5	5	7	14	8	7	18	55	10	14	4	24	11	
1787_A/chicken/Hebei/A-8/ 13	11	13	4	23	9	6	12	6	9	0	0	8	3	1	12	16	5	6	1	9	7	7	2	12	13	13	6	10	8	6	4	24	8	10	5	7	12	21	13	17	20	30	22	26	0	21	11	4	4	18	5	6	10	22	8	4	20	45	11	14	4	28	12	
1788_A/chicken/Heilongjia 13	9	14	2	23	10	5	14	5	10	0	0	9	4	1	12	17	8	5	1	8	5	8	2	11	14	13	7	10	6	5	4	24	7	16	8	8	9	14	12	17	20	29	16	26	3	24	12	7	7	22	4	5	9	18	9	5	20	45	9	14	2	28	13	
1789_A/chicken/Henan/A-7/ 13	11	13	2	23	8	6	14	5	8	0	0	9	5	1	12	15	6	6	1	10	7	8	2	10	14	14	6	11	6	6	4	24	7	9	5	6	12	22	12	16	19	35	21	26	1	19	10	5	6	19	4	6	10	18	9	5	19	43	10	14	5	31	13	
1790_A/chicken/Henan/Q7/2 15	9	11	4	22	11	8	13	5	10	0	0	9	3	1	12	14	6	4	1	10	5	9	3	11	15	10	6	13	6	8	3	19	7	14	4	15	13	21	11	14	15	35	15	24	5	19	14	5	5	21	5	5	9	14	8	7	18	55	10	13	5	24	11	
1791_A/chicken/Henan/YB05 17	10	12	4	19	11	7	13	4	10	0	0	8	2	1	12	13	5	5	2	12	7	8	3	11	13	7	5	15	8	11	3	18	8	13	5	16	10	21	10	15	17	31	21	25	2	19	11	4	6	18	4	5	11	17	7	4	19	54	13	16	3	25	11	
1792_A/chicken/Hsinchu/16 13	9	12	3	24	12	7	13	5	7	0	0	9	5	1	12	13	4	5	1	10	6	8	2	11	14	11	6	11	8	7	4	24	8	11	7	11	7	19	12	17	21	30	18	25	1	23	11	6	2	21	2	5	15	17	11	4	17	47	12	14	5	29	12	
1793_A/chicken/Huadong/4/ 13	12	13	3	23	8	6	13	6	9	0	0	8	3	1	11	15	5	5	1	10	7	8	2	11	13	13	6	11	8	6	4	24	9	11	5	6	11	21	13	18	19	33	21	26	0	20	10	6	3	20	4	6	11	18	9	4	18	46	10	13	6	29	13	
1794_A/chicken/Hubei/2856 12	10	13	3	24	9	6	13	8	11	0	0	7	3	1	12	16	6	5	1	10	6	8	2	8	15	13	8	12	6	5	2	20	6	14	6	12	10	17	13	16	19	36	16	24	4	18	12	7	5	22	4	3	10	15	9	8	17	48	12	13	6	29	11	
1795_A/chicken/Hubei/ZYSJ 17	10	12	4	19	11	7	13	4	10	0	0	8	2	1	12	13	5	5	2	12	7	8	3	11	13	7	5	15	8	11	3	18	8	13	5	15	10	22	10	15	17	32	20	25	2	19	11	4	6	18	4	6	10	17	7	5	19	54	12	15	3	25	12	
1796_A/chicken/Hubei/ZYSJ 17	10	12	4	19	11	7	13	4	10	0	0	8	2	1	12	13	5	5	2	12	7	8	3	11	13	7	5	15	8	11	3	18	8	13	5	15	10	22	10	15	17	32	20	25	2	19	11	4	6	18	4	6	10	17	7	5	19	54	12	15	3	25	12	
1797_A/chicken/Hubei/ZYSJ 17	10	12	4	19	11	7	13	4	10	0	0	8	2	1	12	13	5	5	2	12	7	8	3	11	13	7	5	15	8	11	3	18	8	13	5	15	10	22	10	15	17	32	20	25	2	19	11	4	6	18	4	6	10	17	7	5	19	54	12	15	3	25	12	
1798_A/chicken/Hunan/02.0 15	8	12	2	21	11	7	14	7	9	0	0	8	5	1	12	19	9	5	1	7	5	8	2	10	13	13	3	10	6	5	6	23	6	15	8	7	10	15	12	18	18	28	20	26	5	24	11	6	9	22	4	6	8	18	8	3	19	42	9	16	2	31	14	
1799_A/chicken/Hunan/03.0 16	10	12	2	20	12	7	14	4	8	0	0	11	3	1	12	12	6	4	1	11	6	9	2	8	12	9	6	15	8	9	4	22	7	14	9	12	10	18	9	17	19	30	20	25	1	22	10	4	5	23	6	6	12	13	6	6	16	48	13	13	6	30	11	
1800_A/chicken/Hunan/12.2 15	8	12	2	21	11	7	14	5	11	0	0	10	3	1	12	18	8	5	1	8	5	8	1	11	13	13	8	10	7	5	4	23	6	16	5	8	10	16	14	17	19	31	16	26	3	23	12	7	10	23	3	5	8	17	9	6	18	43	10	13	2	28	13	
1801_A/chicken/Hunan/12.2 14	9	11	2	22	10	8	14	6	11	0	0	9	3	1	12	18	7	6	1	7	5	8	2	12	14	11	8	9	6	7	3	24	6	14	8	7	10	16	12	17	19	29	18	26	4	23	11	6	7	23	3	6	9	15	11	5	20	46	9	14	2	28	13	
1802_A/chicken/Hunan/1793 17	10	11	4	19	12	8	12	3	10	1	0	12	3	0	12	14	6	5	1	12	5	8	2	8	12	12	5	12	7	6	5	25	6	12	11	9	13	18	8	14	16	34	18	26	2	21	9	5	6	24	3	4	11	13	8	5	17	47	16	15	7	31	9	
1803_A/chicken/Hunan/21/2 13	10	13	3	23	10	6	13	8	11	0	0	7	3	1	12	17	7	5	1	9	4	8	2	8	15	13	7	12	6	5	3	23	7	16	5	12	9	16	13	16	18	34	18	26	2	20	10	6	5	22	3	4	10	15	9	6	18	49	11	14	5	28	12	
1804_A/chicken/Hunan/3/20 12	9	13	2	24	10	6	14	7	11	0	0	7	3	1	12	17	6	5	1	9	6	8	2	10	16	12	8	11	5	5	3	24	7	17	7	9	10	15	12	16	19	35	18	26	3	19	11	6	5	21	3	4	9	15	9	5	22	49	14	14	2	28	8	
1805_A/chicken/Hunan/3157 12	10	13	3	24	9	6	13	8	10	0	0	8	3	1	12	17	8	5	1	9	4	8	2	8	16	13	8	11	6	5	2	22	6	15	6	11	10	16	13	18	19	33	17	25	2	22	11	6	5	22	3	4	9	16	10	5	18	47	11	14	5	29	12	
1806_A/chicken/Hunan/8/20 13	10	12	3	23	10	7	13	5	10	0	0	10	3	1	12	15	5	5	1	11	6	8	2	9	14	11	8	12	7	7	2	23	6	10	7	9	9	21	11	17	22	29	21	25	0	23	9	6	8	19	3	4	7	19	10	6	19	50	10	14	5	27	13	
1807_A/chicken/Jiangsu/10 14	12	10	5	22	9	9	12	7	10	0	0	9	2	1	12	14	5	4	1	10	7	9	3	10	15	9	6	13	6	9	3	18	7	16	4	17	13	19	11	13	15	35	15	25	4	17	15	5	5	20	4	5	9	14	8	6	19	53	13	14	5	25	10	
1808_A/chicken/Jiangsu/18 13	12	13	3	23	8	6	13	6	9	0	0	8	3	1	12	16	5	5	1	9	7	8	2	11	13	13	6	11	8	6	4	23	8	9	5	7	11	23	13	17	20	33	21	26	0	19	11	7	4	20	4	6	11	18	9	4	18	46	10	12	6	28	13	
1809_A/chicken/Jiangsu/24 13	10	12	3	23	8	7	13	8	12	0	0	7	3	1	12	18	7	5	1	7	6	8	2	12	18	12	7	9	3	6	4	25	8	15	5	7	8	17	14	17	20	32	16	26	3	20	13	5	6	21	4	5	10	15	8	5	19	49	13	14	2	27	11	
1810_A/chicken/Jiangsu/92 13	11	12	2	23	9	7	14	7	12	0	0	9	3	1	12	18	7	5	1	7	5	8	2	11	18	12	8	9	3	6	3	25	6	15	5	7	9	17	14	17	20	32	15	26	3	20	14	5	6	21	3	5	10	15	9	4	18	50	12	15	3	27	11	
1811_A/chicken/Jiangsu/XZ 14	9	11	4	22	11	8	13	5	10	0	0	8	3	1	12	15	6	4	1	11	5	9	3	11	15	9	6	14	6	9	3	18	8	14	4	15	12	20	12	14	15	34	16	24	5	20	14	5	5	21	5	5	9	13	9	8	18	51	10	12	5	27	11	
1812_A/chicken/Jiangsu/YB 13	9	11	5	23	12	8	10	5	11	0	0	10	3	1	12	15	4	5	1	12	6	8	2	10	12	11	6	11	8	7	3	23	6	14	5	7	9	17	13	19	23	30	19	24	1	24	10	6	7	18	5	5	7	19	9	6	18	48	11	13	5	29	13	
1813_A/chicken/Jiangsu/k0 13	10	12	4	23	10	7	12	5	10	0	0	10	3	1	12	14	5	5	1	12	6	8	2	9	14	11	8	12	7	7	2	23	6	11	7	9	8	19	12	17	23	29	20	25	0	23	10	7	7	19	4	3	8	18	9	6	19	49	11	14	5	28	13	
1814_A/chicken/Jiangxi/25 12	9	13	3	24	10	6	13	6	11	0	0	8	3	1	12	18	9	5	1	8	4	8	2	11	15	13	7	10	5	6	3	24	6	16	7	8	10	14	13	16	20	33	17	26	3	20	12	6	7	21	4	4	9	15	9	7	20	50	11	14	2	26	11	
1815_A/chicken/Jiangxi/NC 14	10	13	2	22	9	6	14	6	11	0	0	9	3	1	12	18	8	5	1	8	5	8	2	11	14	12	7	9	6	6	4	24	6	16	8	7	10	14	12	18	18	29	16	25	5	24	12	7	7	22	3	5	9	18	9	5	20	44	10	14	2	29	13	
1816_A/chicken/Jiangxi/NC 14	10	13	2	22	9	6	14	6	11	0	0	9	3	1	12	18	8	5	1	8	5	8	2	11	15	12	7	9	5	6	4	24	6	16	8	8	10	14	12	17	19	29	16	26	4	24	12	7	7	22	3	4	9	18	9	5	20	44	10	14	2	29	13	
1817_A/chicken/Jiangyin/J 16	9	12	2	20	12	7	14	7	9	0	0	9	4	1	12	12	6	4	1	11	6	9	2	8	13	9	7	15	7	9	3	21	7	13	10	12	10	19	9	15	19	35	15	25	2	19	12	4	5	21	5	7	12	15	6	7	15	47	12	13	6	31	12	
1818_A/chicken/Kaohsiung/ 14	12	14	4	23	10	5	12	8	11	0	0	10	4	1	12	16	7	5	1	11	5	9	1	8	15	13	6	8	5	5	3	22	7	20	5	11	10	13	13	14	21	30	20	26	3	23	11	8	5	23	5	3	7	14	8	8	18	43	11	12	3	31	11	
1819_A/chicken/Kaohsiung/ 14	11	14	4	23	10	5	12	8	11	0	0	10	4	1	12	16	8	5	1	11	4	8	2	8	15	13	6	8	5	5	3	22	7	20	5	11	9	13	13	14	22	31	19	26	3	23	11	8	6	23	5	3	7	14	7	8	18	44	11	12	3	30	12	
1820_A/chicken/Kaohsiung/ 14	11	14	4	23	10	5	12	8	11	0	0	10	4	1	12	15	8	5	1	12	4	8	2	8	15	14	6	8	5	4	3	21	7	20	5	11	9	12	13	15	22	32	18	26	3	23	12	8	6	23	5	3	7	14	7	8	18	44	11	12	3	30	12	
1821_A/chicken/Kaohsiung/ 14	11	14	4	23	10	5	12	8	11	0	0	10	4	1	12	15	8	5	1	12	4	8	2	8	16	13	6	8	4	5	3	21	7	20	5	12	9	12	13	14	22	32	18	25	3	23	12	8	6	24	5	3	7	13	7	8	18	44	11	13	3	30	12	
1822_A/chicken/Kaohsiung/ 14	10	14	4	23	11	5	12	8	11	0	0	10	4	1	12	16	8	5	1	11	4	8	2	8	15	13	5	8	5	5	4	21	7	20	5	11	9	13	13	15	21	30	17	25	3	24	13	9	6	23	5	3	7	14	7	8	18	42	11	13	3	32	12	
1823_A/chicken/Kaohsiung/ 14	11	14	4	23	10	5	12	8	11	0	0	10	4	1	12	15	8	5	1	12	4	8	2	8	15	14	6	8	5	4	3	21	7	20	5	11	9	12	13	15	22	32	18	26	3	23	12	8	6	23	5	3	7	14	7	8	18	44	11	12	3	30	12	
1824_A/chicken/Kaohsiung/ 14	11	15	4	23	10	4	12	8	11	0	0	10	4	1	12	16	8	5	2	11	4	8	1	8	15	13	6	8	5	5	3	20	7	20	5	12	9	13	12	14	21	32	17	26	4	20	15	9	6	23	5	3	7	14	8	8	18	43	12	12	3	31	11	
1825_A/chicken/Kaohsiung/ 13	11	12	3	24	10	7	13	5	7	0	0	9	5	1	12	13	4	5	2	10	6	8	2	11	14	11	5	11	8	7	4	24	8	11	7	11	7	19	12	17	21	29	19	25	1	24	11	6	2	21	3	5	15	17	10	4	17	48	12	14	5	28	11	
1826_A/chicken/Kaohsiung/ 13	11	12	2	24	10	7	14	4	7	0	0	10	5	1	12	13	4	5	2	10	6	9	2	11	14	11	4	11	8	7	5	24	9	11	7	10	6	18	12	18	21	29	19	25	1	24	10	6	4	21	3	5	14	17	10	4	17	46	12	14	4	30	12	
1827_A/chicken/Kaohsiung/ 14	10	12	5	22	11	7	11	6	9	0	0	10	3	1	12	15	5	6	2	11	6	7	1	7	14	10	7	12	7	8	3	25	6	12	7	7	10	19	11	17	21	32	21	26	0	21	8	6	5	20	4	4	11	17	9	5	17	47	12	15	6	30	12	
1828_A/chicken/Kaohsiung/ 14	10	12	5	22	11	7	11	6	9	0	0	10	3	1	12	15	4	6	2	11	7	7	1	7	14	10	7	12	7	8	3	25	6	12	7	7	10	19	11	17	21	32	21	26	0	21	8	6	5	20	4	4	11	17	9	5	17	47	12	15	6	30	12	
1829_A/chicken/Liaoning/2 17	10	11	4	19	12	8	12	4	9	0	0	12	3	1	12	16	7	6	1	11	5	7	2	5	13	12	4	14	6	6	6	24	6	10	12	9	13	21	7	14	15	35	19	25	4	18	10	5	5	24	4	5	10	13	5	5	20	49	17	15	5	29	9	
1830_A/chicken/Liaoning/A 13	11	13	2	23	9	6	14	5	9	0	0	10	3	1	12	15	6	5	2	11	7	8	1	10	13	13	6	11	8	6	3	23	7	10	6	8	11	21	12	15	19	32	21	26	1	21	11	5	5	19	4	6	10	19	9	4	18	43	11	14	6	32	12	
1831_A/chicken/Liaoning/S 11	11	14	3	24	9	6	13	6	10	0	0	9	1	1	12	16	5	5	1	11	6	8	1	11	14	14	6	10	7	5	3	24	9	12	6	6	11	19	13	16	20	35	18	26	0	19	12	5	5	21	4	5	9	17	10	4	19	48	9	15	6	28	13	
1832_A/chicken/Miaoli/150 15	11	14	4	22	10	5	12	10	11	0	0	9	4	1	12	16	8	5	1	11	4	8	2	8	15	13	6	7	5	5	3	22	7	20	4	11	10	13	14	14	19	31	18	26	4	22	13	7	6	23	5	4	7	14	8	8	19	43	10	12	3	31	12	
1833_A/chicken/Nantou/161 14	11	13	4	23	10	7	12	8	12	0	0	10	3	1	12	15	7	5	1	12	5	7	2	8	15	13	6	8	5	5	3	21	7	21	5	11	9	11	13	15	22	32	19	25	3	23	11	8	6	23	5	3	7	14	7	8	18	44	11	13	3	30	12	
1834_A/chicken/New_Taipei 14	11	15	4	23	10	4	12	9	11	0	0	9	4	1	12	16	8	5	2	11	4	8	1	8	15	13	6	8	5	5	3	20	7	20	5	12	9	13	12	14	21	31	16	26	4	23	14	9	6	23	5	3	7	14	8	8	18	44	12	12	3	30	11	
1835_A/chicken/New_Taipei 14	11	15	4	23	10	4	12	9	11	0	0	9	4	1	12	16	8	5	1	11	4	8	2	8	15	13	6	8	5	5	3	19	7	20	5	13	9	13	12	14	21	31	17	26	4	23	13	10	6	23	5	3	7	14	8	8	18	43	12	11	3	31	11	
1836_A/chicken/New_Taipei 13	10	12	3	24	10	7	13	5	8	0	0	9	5	1	12	13	3	5	2	10	7	8	2	11	14	11	5	11	8	7	4	24	8	11	7	11	7	19	12	17	21	29	19	25	1	24	10	6	2	20	3	5	15	18	10	4	17	47	12	14	5	29	12	
1837_A/chicken/New_Taipei 14	11	14	4	23	10	5	12	9	11	0	0	9	4	1	12	15	8	5	1	11	4	8	2	8	14	14	6	8	6	4	3	24	7	19	5	10	9	14	13	14	22	30	18	26	3	24	12	8	6	22	6	3	7	15	7	8	16	44	11	12	5	30	11	
1838_A/chicken/New_Taipei 14	11	14	4	23	10	5	12	9	11	0	0	9	4	1	12	15	8	5	1	11	4	8	2	8	14	14	6	8	6	4	3	24	7	18	5	10	9	15	13	14	22	29	19	26	3	24	11	8	6	22	6	3	7	15	7	8	16	45	12	12	5	30	10	
1839_A/chicken/New_Taipei 14	11	15	4	23	10	4	12	9	11	0	0	9	4	1	12	15	8	5	1	11	4	8	2	8	14	14	6	8	6	4	3	24	7	19	5	10	9	14	13	14	22	30	19	26	3	24	11	8	6	22	6	3	7	15	7	8	16	44	12	12	5	31	9	
1840_A/chicken/New_Taipei 14	11	14	4	23	10	5	12	9	11	0	0	9	4	1	12	15	8	5	1	11	4	8	2	8	14	14	6	8	6	4	3	24	7	19	5	10	9	14	13	14	22	30	19	26	3	24	11	8	6	22	6	3	7	15	7	8	16	44	12	12	5	30	10	
1841_A/chicken/New_Taipei 13	11	12	4	24	10	7	12	5	7	0	0	9	5	1	12	13	4	5	2	10	6	8	2	11	14	11	4	11	8	7	5	24	8	11	8	10	7	19	11	18	21	31	19	25	1	22	10	6	2	21	3	4	16	17	10	4	17	46	12	14	5	30	12	
1842_A/chicken/Ningxia/2/ 11	11	12	3	24	9	8	13	6	10	0	0	10	1	1	12	16	5	5	1	11	6	8	1	12	14	13	6	8	7	6	3	25	10	12	6	5	10	19	13	15	21	32	20	26	0	19	13	5	4	20	4	5	10	18	10	5	19	50	9	15	5	26	13	
1843_A/chicken/Ningxia/22 11	11	12	3	24	9	8	13	6	10	0	0	10	1	1	12	16	5	5	1	11	6	8	1	12	14	13	6	8	7	6	3	25	10	12	6	5	10	19	13	15	21	32	20	26	0	19	13	5	4	20	4	5	10	18	10	5	19	50	9	15	5	26	13	
1844_A/chicken/Ningxia/24 13	11	13	2	23	8	6	14	5	11	0	0	9	3	1	12	14	6	5	1	10	7	8	2	9	13	14	6	12	7	6	4	24	7	11	5	6	13	20	14	17	18	35	21	26	1	18	10	5	4	20	4	6	12	18	8	5	17	45	10	14	5	30	13	
1845_A/chicken/North_Chin 13	10	12	3	23	9	7	13	8	10	0	0	6	4	1	12	16	8	6	1	9	4	7	2	10	17	12	7	13	4	6	2	25	6	14	6	9	12	17	13	15	19	36	16	26	3	19	11	4	5	23	3	6	10	14	9	7	17	41	11	13	5	35	12	
1846_A/chicken/PH/A2821/2 14	10	11	2	22	10	8	14	7	12	0	0	10	2	1	12	17	7	8	2	10	3	5	1	8	18	13	2	10	3	5	6	25	8	15	9	8	9	17	8	16	14	34	22	26	3	21	10	7	8	21	3	5	7	16	5	4	19	50	16	13	5	28	12	
1847_A/chicken/PT/a158/20 17	9	11	3	19	11	8	13	7	12	0	0	9	2	1	12	18	6	6	2	9	3	7	1	7	19	13	2	11	3	5	5	25	7	17	10	11	10	16	6	15	13	35	20	26	3	21	11	6	8	21	3	4	7	15	5	5	20	53	16	13	5	27	12	
1848_A/chicken/Pingtung/1 13	10	12	3	24	11	7	13	5	7	0	0	10	5	1	12	14	5	5	1	10	6	8	2	11	14	11	6	10	7	7	4	22	9	11	7	12	8	20	11	16	19	28	19	25	1	25	10	5	2	21	2	5	14	17	11	5	19	46	12	14	5	30	12	
1849_A/chicken/Pingtung/1 13	10	12	3	24	10	7	13	5	8	0	0	10	5	1	12	14	5	5	1	10	6	8	2	10	14	11	6	11	7	7	4	22	8	11	7	11	9	19	12	17	20	28	19	25	1	25	10	6	2	20	2	5	13	18	11	5	18	45	13	14	5	30	12	
1850_A/chicken/Pingtung/1 13	11	12	4	24	10	7	12	5	7	0	0	9	5	1	12	14	4	4	2	10	5	9	2	11	14	11	5	11	8	7	4	24	8	11	7	11	7	19	12	17	21	29	20	25	1	24	10	6	2	20	3	5	14	18	10	3	18	47	12	15	5	29	11	
1851_A/chicken/Pingtung/1 13	11	12	3	24	10	7	13	5	7	0	0	9	5	1	12	13	4	5	2	10	6	8	2	11	14	11	4	11	8	7	5	24	8	11	8	10	7	19	11	18	20	31	19	25	1	22	10	6	2	21	3	4	16	17	10	4	18	46	12	14	5	30	12	
1852_A/chicken/Qingdao/1/ 14	9	10	4	22	11	8	13	5	10	0	0	8	3	1	12	14	6	4	1	11	5	9	3	12	15	9	6	13	6	9	3	18	8	15	4	15	12	21	11	14	15	33	16	24	5	20	14	5	4	21	4	5	11	14	9	8	18	53	10	12	5	26	11	
1853_A/chicken/SC/a688/20 17	10	11	3	19	11	8	13	8	11	0	0	9	2	1	12	18	6	6	1	9	3	7	2	7	19	14	2	11	4	4	5	25	7	17	10	11	10	16	6	14	13	36	20	26	3	21	11	6	8	21	3	4	7	15	5	5	19	52	17	13	5	27	11	
1854_A/chicken/Shandong/A 13	11	13	3	23	9	6	14	5	9	0	0	9	3	1	12	16	5	5	1	9	8	8	2	10	14	12	5	11	7	7	4	23	8	10	5	8	12	20	12	17	18	33	25	26	1	20	6	5	5	20	4	4	11	17	8	6	19	47	10	14	5	29	14	
1855_A/chicken/Shandong/S 14	9	11	4	22	11	8	13	5	10	0	0	8	3	1	12	14	6	4	1	11	5	9	3	12	15	9	6	13	6	9	3	18	8	14	4	15	12	21	11	14	15	33	16	24	5	20	14	5	4	21	4	5	11	14	9	8	18	52	11	12	5	26	11	
1856_A/chicken/Shantou/37 13	11	14	3	23	9	5	13	5	10	0	0	9	3	1	12	15	5	5	1	11	6	8	2	10	14	13	6	11	7	6	3	22	7	10	5	9	11	22	13	15	18	35	20	26	2	20	9	6	4	19	3	5	12	18	10	5	19	44	10	14	5	32	13	
1857_A/chicken/Shanxi/04. 14	9	12	2	22	10	7	14	5	11	0	0	10	3	1	12	17	8	6	1	7	5	7	1	12	14	13	6	10	6	5	5	22	6	15	8	9	10	15	12	17	18	30	17	26	5	23	13	7	8	22	3	5	8	18	9	5	20	42	10	14	2	29	14	
1858_A/chicken/Shanxi/10/ 13	11	13	3	23	9	6	13	5	9	0	0	9	3	1	12	16	6	5	1	10	7	8	2	11	13	14	6	11	7	6	4	23	7	8	5	7	12	23	13	16	19	33	23	27	1	20	8	5	5	19	4	6	10	19	9	4	18	42	10	14	6	31	13	
1859_A/chicken/Shanxi/12. 15	9	12	2	21	10	7	14	6	10	0	0	9	4	1	12	17	8	5	1	9	5	8	1	11	14	13	8	10	6	5	4	23	7	15	8	8	9	16	13	17	19	30	16	26	3	24	12	7	8	22	3	5	8	17	9	5	21	42	9	14	1	30	13	
1860_A/chicken/Sheny/0606 13	11	13	3	23	9	6	13	6	9	0	0	9	3	1	12	13	5	5	1	12	7	8	2	9	13	14	6	12	8	5	3	23	8	10	5	7	11	19	14	16	18	35	23	26	1	19	8	6	5	20	4	5	10	17	10	6	20	43	9	13	5	33	14	
1861_A/chicken/Shenzhen/1 13	10	13	2	23	10	6	14	6	11	0	0	9	3	1	12	18	7	5	1	8	5	8	2	11	14	13	7	9	6	5	3	24	6	16	8	7	10	14	12	17	20	29	16	26	3	24	13	7	7	21	3	5	9	18	9	5	20	45	10	14	2	29	13	
1862_A/chicken/Shenzhen/1 14	10	12	2	22	9	7	14	6	11	0	0	9	3	1	12	17	9	5	1	9	4	8	2	11	14	13	7	9	6	5	3	23	6	15	9	8	10	15	11	17	20	29	16	26	3	25	12	7	7	20	3	5	9	17	9	5	19	50	10	14	3	26	13	
1863_A/chicken/Shenzhen/2 13	9	13	2	23	10	6	14	6	10	0	0	9	4	1	12	18	8	5	1	8	5	8	1	11	14	13	7	9	6	5	5	24	6	16	8	7	10	14	12	17	20	29	16	26	3	24	12	7	7	23	3	5	9	17	9	5	20	42	10	14	2	31	13	
1864_A/chicken/Shenzhen/2 11	9	13	2	23	10	6	14	7	10	0	0	9	4	1	12	19	8	5	1	8	5	8	2	11	14	13	7	9	6	5	4	24	6	16	8	7	10	14	12	18	19	30	16	26	3	23	12	7	7	22	3	5	9	18	9	5	20	43	10	14	2	30	13	
1865_A/chicken/Shenzhen/2 13	9	13	2	23	10	6	14	6	10	0	0	9	4	1	12	18	8	5	1	8	5	8	2	11	14	13	7	9	6	5	4	24	6	16	8	7	10	14	12	16	20	30	16	26	3	23	12	7	7	22	3	5	9	18	9	6	20	43	10	14	2	30	13	
1866_A/chicken/Shenzhen/4 14	9	12	2	22	10	7	14	6	11	0	0	9	3	1	12	18	8	5	1	8	5	8	2	11	14	13	7	9	6	5	4	24	6	16	8	7	10	14	12	17	20	29	16	26	3	24	12	7	7	22	3	5	9	18	10	5	20	44	10	14	2	29	12	
1867_A/chicken/Shenzhen/5 13	9	13	2	23	10	6	14	6	10	0	0	9	4	1	12	18	8	5	1	8	5	8	2	12	14	13	7	8	6	5	4	24	6	16	8	7	10	14	12	17	20	30	16	26	3	23	12	7	7	22	3	5	9	18	9	5	20	43	10	14	2	30	13	
1868_A/chicken/Shenzhen/7 14	9	12	2	22	10	7	14	6	11	0	0	9	3	1	12	18	8	5	1	8	5	8	2	11	14	13	7	9	6	5	4	24	6	16	8	7	10	14	12	17	20	29	16	26	3	24	12	7	7	22	3	5	9	18	10	5	20	44	10	14	2	29	12	
1869_A/chicken/Shijiazhua 15	9	11	5	22	11	8	12	5	10	0	0	7	3	1	12	14	6	4	2	10	5	9	2	11	15	9	6	15	6	9	3	21	8	12	6	14	12	21	11	15	15	35	16	24	5	19	13	3	5	21	5	6	9	14	8	6	18	55	11	13	5	24	10	
1870_A/chicken/Sichuan/81 13	10	13	3	22	9	6	13	9	11	0	0	7	3	1	12	17	7	5	1	9	5	8	2	8	15	13	8	12	6	5	2	22	6	15	6	11	10	16	13	17	19	32	17	26	2	22	11	6	5	23	3	4	10	15	8	5	18	48	12	14	5	29	12	
1871_A/chicken/Sichuan/NC 13	10	12	2	23	9	7	14	6	11	0	0	8	3	1	12	17	8	5	1	9	5	8	2	11	14	13	7	10	6	5	3	23	6	15	9	8	10	15	11	17	20	29	16	26	3	25	12	6	8	20	3	5	9	17	9	5	19	49	10	14	3	27	13	
1872_A/chicken/Sichuan/k1 13	8	12	3	23	11	7	13	8	8	0	0	8	5	1	12	18	8	5	1	8	5	8	2	10	13	13	6	9	7	5	5	23	5	15	8	9	11	15	12	16	19	30	18	25	5	23	12	6	8	22	4	6	9	17	9	5	19	43	9	14	2	29	14	
1873_A/chicken/TC/a504/20 17	9	11	3	19	11	8	13	7	12	0	0	9	2	1	12	18	6	6	2	9	3	7	1	7	18	13	2	11	4	5	5	25	7	17	10	11	10	16	6	15	14	36	20	26	3	21	11	6	8	22	3	4	7	14	5	5	19	52	15	13	5	27	13	
1874_A/chicken/TY/a665/20 18	9	11	3	18	11	8	13	7	12	0	0	9	2	1	12	18	6	6	2	9	3	7	1	7	18	13	2	11	4	5	5	25	7	17	10	11	10	16	6	15	15	36	20	26	2	21	11	6	8	21	3	4	7	15	5	5	19	52	15	13	5	27	13	
1875_A/chicken/Taichung/1 13	10	12	3	24	11	7	13	5	7	0	0	10	5	1	12	14	5	5	1	10	6	8	2	11	14	11	6	10	7	7	4	23	8	11	7	12	8	20	11	16	20	29	19	25	1	24	10	5	2	21	2	5	14	16	11	5	18	47	12	14	5	30	12	
1876_A/chicken/Taichung/1 15	8	12	3	22	12	7	14	5	8	0	0	10	5	1	12	14	4	5	1	10	7	8	1	11	14	11	6	10	7	7	4	22	9	12	7	10	7	19	12	17	20	30	18	25	1	24	10	5	3	20	2	6	14	17	11	5	18	48	12	14	5	28	12	
1877_A/chicken/Taichung/1 15	9	12	3	22	12	7	13	5	7	0	0	10	5	1	12	14	4	5	1	10	7	8	2	11	14	11	6	10	7	7	4	25	8	12	7	9	8	19	12	17	20	30	18	25	1	24	10	4	2	20	2	6	14	17	11	5	18	48	12	14	5	28	12	
1878_A/chicken/Taichung/1 13	8	11	3	23	11	8	13	3	11	0	0	11	3	1	12	15	5	6	1	10	8	7	2	12	17	14	7	11	3	5	2	21	9	12	5	10	8	19	13	17	19	30	18	25	2	24	11	7	7	21	3	3	8	17	10	6	18	47	11	14	5	29	12	
1879_A/chicken/Tainan/150 14	11	14	4	23	10	5	12	9	11	0	0	10	4	1	12	16	8	5	1	11	4	8	2	7	15	13	6	8	5	5	3	22	7	20	4	11	10	13	14	13	20	31	18	27	4	22	13	7	6	23	5	4	7	14	8	8	18	43	10	12	3	31	12	
1880_A/chicken/Tainan/160 13	10	12	3	24	11	7	13	4	7	0	0	11	5	1	12	14	5	5	1	10	6	8	2	11	14	10	6	11	6	8	4	23	9	12	7	12	8	18	12	18	20	27	19	24	1	25	11	6	1	21	2	5	14	17	11	4	18	46	12	13	5	30	12	
1881_A/chicken/Tainan/170 14	11	13	4	23	10	5	12	8	11	0	0	10	4	1	12	16	9	6	1	11	4	8	2	8	15	13	6	8	4	5	3	22	6	21	5	11	10	12	13	14	21	31	20	26	4	22	11	8	6	24	5	3	7	13	7	8	18	44	12	12	3	30	11	
1882_A/chicken/Taipei_Cit 14	11	14	4	23	10	5	12	9	11	0	0	9	4	1	12	15	8	5	1	11	4	8	2	8	14	14	6	8	6	4	3	24	7	19	5	10	9	14	13	14	22	30	19	26	3	24	11	8	6	22	6	3	7	15	7	8	16	44	12	12	5	30	10	
1883_A/chicken/Taipei_Cit 13	11	12	3	24	10	7	13	5	7	0	0	9	5	1	12	13	4	5	2	9	6	9	2	11	14	10	4	11	8	8	5	24	8	11	7	9	7	19	12	19	20	29	19	25	2	24	10	6	3	21	3	5	15	17	10	4	16	45	12	14	5	31	12	
1884_A/chicken/Taipei_Cit 13	11	12	2	24	10	7	14	5	7	0	0	9	5	1	12	13	4	5	2	10	6	8	2	11	14	11	3	11	8	7	5	24	9	11	7	10	6	19	12	18	21	29	21	25	1	23	10	6	3	20	3	5	15	18	10	4	17	47	12	14	4	29	12	
1885_A/chicken/Taipei/160 14	11	14	4	23	10	5	12	8	11	0	0	10	4	1	12	15	8	5	1	12	4	8	2	8	15	13	5	8	5	5	4	20	7	20	5	13	9	12	13	14	22	31	18	25	3	24	12	8	6	23	5	3	7	14	7	9	17	44	11	13	3	30	12	
1886_A/chicken/Taipei/160 14	11	14	4	23	10	5	12	8	11	0	0	10	4	1	12	15	8	5	1	12	4	8	2	8	15	13	5	8	5	5	4	20	7	20	5	13	9	12	13	14	22	31	18	25	3	24	12	8	6	23	5	3	7	14	7	8	18	44	11	13	3	30	12	
1887_A/chicken/Taipei/161 14	10	14	4	23	12	5	12	9	10	0	0	10	4	1	12	16	8	5	1	11	4	8	2	7	15	13	6	8	5	5	3	21	8	19	6	10	9	13	13	16	22	30	16	25	3	24	14	9	5	23	5	3	7	14	7	7	18	44	11	13	3	30	12	
1888_A/chicken/Taipei/170 14	11	14	4	23	10	5	12	9	11	0	0	9	4	1	12	15	8	5	1	11	4	8	2	8	14	14	6	8	6	4	3	23	7	19	5	10	9	14	13	14	22	30	19	26	3	24	11	9	6	22	6	3	7	15	7	8	16	44	11	12	5	30	11	
1889_A/chicken/Taipei/170 14	11	14	4	23	10	5	12	9	11	0	0	9	4	1	12	15	8	5	1	11	4	8	2	8	14	14	6	8	6	4	3	24	7	17	5	10	9	15	13	14	22	31	19	27	3	24	11	8	6	22	6	3	7	15	7	8	16	44	11	11	5	30	11	
1890_A/chicken/Taipei/170 14	11	14	4	23	10	5	12	9	11	0	0	9	4	1	12	15	8	5	1	11	4	8	2	8	14	14	6	8	6	4	3	24	7	19	5	10	9	14	13	14	22	30	19	26	3	24	11	8	6	22	6	3	7	15	7	8	16	44	11	12	5	30	11	
1891_A/chicken/Taishun/TS 15	10	13	7	21	11	6	10	5	11	0	0	8	2	1	12	14	5	5	1	11	6	8	2	11	14	8	5	14	8	10	4	20	7	15	6	14	13	19	9	15	16	35	17	24	3	17	13	3	5	20	4	6	9	16	7	5	18	55	12	16	3	24	13	
1892_A/chicken/Taishun/TS 16	10	12	4	20	10	7	13	4	10	0	0	7	2	1	12	13	6	5	2	12	7	8	3	11	13	6	5	16	8	12	3	19	8	13	5	14	12	22	10	15	16	32	21	25	2	18	11	4	6	20	4	5	10	15	6	4	20	56	13	15	3	23	12	
1893_A/chicken/Taiwan/010 13	10	11	3	23	9	9	12	8	14	0	0	9	1	1	12	16	6	6	2	9	3	7	1	8	19	13	2	13	3	5	5	26	6	15	9	11	9	18	8	13	16	32	20	25	2	23	13	6	6	21	2	4	9	16	6	6	20	52	16	12	4	26	12	
1894_A/chicken/Taiwan/011 14	11	14	4	23	10	5	12	10	11	0	0	9	4	1	12	16	8	5	1	11	4	8	2	7	15	13	6	8	5	5	3	22	7	20	4	11	10	13	14	14	19	31	18	26	4	22	13	7	6	23	5	4	7	14	8	8	19	43	10	12	3	31	12	
1895_A/chicken/Taiwan/050 14	8	11	2	22	12	8	14	7	13	0	0	11	2	1	12	17	6	5	2	10	3	8	1	8	19	13	2	9	3	6	5	25	7	15	10	9	10	17	7	15	14	36	21	26	3	20	11	6	8	20	3	5	7	16	5	5	18	50	16	13	5	28	12	
1896_A/chicken/Taiwan/168 15	8	13	5	21	10	8	11	6	13	0	0	9	1	1	12	17	4	5	3	9	5	8	0	10	16	13	5	11	7	5	4	23	5	15	10	7	15	16	7	14	16	30	22	25	1	23	10	9	6	21	3	4	5	15	8	8	23	50	12	12	5	29	13	
1897_A/chicken/Taiwan/169 15	8	13	5	21	10	8	11	6	13	0	0	9	1	1	12	17	4	4	4	9	5	8	0	10	16	13	5	11	7	5	4	23	5	15	10	7	15	16	7	14	16	30	22	25	1	23	10	9	6	21	3	4	5	15	8	8	23	50	12	12	5	29	13	
1898_A/chicken/Taiwan/170 15	9	13	5	21	9	8	11	6	13	0	0	9	1	1	12	17	4	4	4	9	5	8	0	10	16	13	5	11	7	5	4	23	5	15	10	7	15	16	7	14	16	30	22	25	1	23	10	9	6	21	3	4	5	15	8	8	23	50	12	12	5	29	13	
1899_A/chicken/Taiwan/171 15	8	13	5	21	10	8	11	6	13	0	0	9	1	1	12	17	4	4	4	9	5	8	0	10	16	13	5	11	7	5	4	23	5	15	10	7	15	16	7	14	16	30	22	25	1	23	10	9	6	21	3	4	5	15	8	8	23	50	12	12	5	29	13	
1900_A/chicken/Taiwan/259 17	9	11	2	19	11	8	14	7	12	0	0	10	2	1	12	18	6	6	2	10	3	7	1	7	19	13	2	10	3	5	5	25	7	16	10	9	10	16	7	15	14	36	20	26	3	21	11	6	8	20	3	5	7	16	5	6	19	51	17	12	5	28	11	
1901_A/chicken/Taiwan/294 17	9	11	3	19	11	8	13	7	12	0	0	10	2	1	12	18	6	6	2	10	3	7	1	7	19	13	2	10	3	5	5	25	7	16	10	9	10	16	7	15	14	36	20	26	3	21	11	6	8	21	3	5	7	15	5	6	19	52	17	12	5	27	11	
1902_A/chicken/Taiwan/444 17	9	11	2	19	11	8	14	7	12	0	0	10	2	1	12	18	6	6	2	10	3	7	1	6	19	13	2	11	3	5	5	25	7	16	10	9	10	16	7	15	14	35	21	26	3	21	11	6	8	20	3	5	7	16	5	5	19	51	17	12	6	28	11	
1903_A/chicken/Taiwan/683 17	9	11	2	18	11	8	14	7	12	0	0	10	2	1	12	18	6	7	2	11	3	6	1	7	19	13	2	10	3	5	5	26	8	16	10	8	10	16	7	15	13	35	20	26	3	22	11	6	8	20	3	5	7	16	5	6	20	51	16	12	4	28	12	
1904_A/chicken/Taiwan/735 17	9	11	2	19	11	8	14	7	12	0	0	10	2	1	12	18	6	6	2	10	3	7	1	7	19	13	2	10	3	5	5	25	7	16	10	9	10	16	7	15	14	35	22	26	3	21	10	6	8	20	3	5	7	16	5	5	19	51	17	13	5	28	11	
1905_A/chicken/Taiwan/898 17	9	11	2	19	11	8	14	7	12	0	0	10	2	1	12	17	6	6	2	11	3	7	1	7	19	13	2	10	3	5	5	24	8	16	10	9	11	15	7	15	14	35	21	26	3	21	11	6	8	19	3	5	7	17	5	6	19	52	17	12	5	27	11	
1906_A/chicken/Taiwan/899 17	9	11	2	19	11	8	14	7	12	0	0	10	2	1	12	17	6	6	2	11	3	7	1	7	19	13	2	10	3	5	5	24	8	16	10	9	11	15	7	15	14	35	21	26	3	21	11	6	8	19	3	5	7	17	5	6	19	52	17	12	5	27	11	
1907_A/chicken/Taiwan/899 17	9	11	2	19	11	8	14	7	12	0	0	10	2	1	12	17	6	6	2	11	3	7	1	7	19	13	2	10	3	5	5	24	8	16	10	9	11	15	7	15	14	35	21	26	3	21	11	6	8	19	3	5	7	17	5	6	19	52	17	12	5	27	11	
1908_A/chicken/Taiwan/A1/ 16	10	12	4	20	10	7	12	5	14	0	0	11	1	1	12	20	6	6	2	10	3	7	1	9	18	13	2	8	3	5	5	24	7	17	9	10	9	15	8	13	15	33	22	26	3	22	11	7	7	23	3	5	7	14	5	6	21	49	18	13	3	29	10	
1909_A/chicken/Taiwan/A19 16	9	10	4	21	11	9	12	7	12	1	0	9	1	0	12	16	7	5	2	11	5	10	1	7	16	9	2	12	4	8	4	23	7	14	10	8	11	17	7	19	13	33	19	24	3	23	13	8	8	24	4	3	8	14	8	5	19	55	12	13	5	22	12	
1910_A/chicken/Taiwan/D2/ 14	9	12	5	22	13	7	11	5	9	0	0	11	2	1	12	15	5	6	2	11	6	7	1	7	14	10	7	12	7	8	3	25	6	11	7	7	10	19	11	17	21	33	21	26	0	20	8	6	5	22	3	4	11	17	9	5	17	47	12	15	6	30	12	
1911_A/chicken/Taiwan/D9/ 14	9	12	5	22	13	7	11	5	9	0	0	11	2	1	12	15	5	6	2	11	6	7	1	7	14	10	7	12	7	8	3	25	6	11	7	7	10	20	11	17	21	33	21	26	0	20	8	6	5	21	3	4	11	17	9	5	17	47	12	15	6	30	12	
1912_A/chicken/Tibet/LZ01 13	9	10	5	23	11	9	12	5	10	0	0	8	3	1	12	15	5	6	2	10	8	7	2	12	14	9	5	13	6	9	3	19	8	14	3	14	11	22	12	15	16	33	18	24	4	18	14	6	5	20	4	6	9	15	9	4	17	52	14	14	6	26	8	
1913_A/chicken/Wuhan/HAQL 13	9	11	5	23	12	8	10	5	10	1	0	10	4	0	12	15	5	5	1	12	5	8	2	9	12	11	6	12	8	7	3	23	6	13	5	7	8	18	13	19	24	30	19	24	1	24	10	6	7	18	5	5	7	19	9	6	18	48	11	13	5	29	13	
1914_A/chicken/Wuhan/HAQL 13	9	11	5	23	12	8	10	5	10	0	0	10	4	1	12	15	5	5	1	12	5	8	2	9	12	11	6	12	8	7	3	23	6	13	5	7	8	18	13	19	24	30	19	24	1	24	10	6	7	18	5	5	7	19	9	6	18	48	11	13	5	29	13	
1915_A/chicken/Wuhan/WHJF 17	11	13	5	20	9	6	11	5	10	0	0	7	2	1	12	16	7	5	1	10	6	8	2	11	12	12	7	12	7	6	3	23	7	15	7	9	9	16	12	17	19	31	19	26	2	22	10	7	5	22	3	3	10	15	10	6	19	48	10	14	5	30	12	
1916_A/chicken/Wuhan/WHYJ 13	8	12	3	23	11	7	13	6	10	0	0	8	4	1	12	18	8	5	1	8	5	8	2	12	13	13	6	8	7	5	5	23	6	18	8	8	10	12	12	17	20	30	17	27	3	22	12	7	8	22	3	5	9	18	9	6	19	43	9	13	2	30	14	
1917_A/chicken/Wuxi/WX-32 13	11	12	2	23	9	7	14	8	12	0	0	8	3	1	12	18	7	5	1	7	5	7	2	11	18	12	7	9	3	6	4	25	6	13	6	7	9	19	14	17	20	31	17	26	3	20	13	5	6	21	3	5	10	15	9	5	20	48	12	14	1	29	11	
1918_A/chicken/Wuxi/WX-33 13	11	12	2	23	9	7	14	8	12	0	0	8	3	1	12	18	7	5	1	7	5	8	2	11	18	12	7	9	3	6	4	25	6	13	6	7	8	19	14	17	20	32	16	26	3	20	13	5	6	21	3	5	10	15	9	5	20	48	12	14	1	29	11	
1919_A/chicken/Xinjiang/1 13	11	14	3	23	9	5	13	7	10	0	0	8	3	1	12	15	5	5	1	11	7	8	2	9	12	13	6	11	8	6	4	22	6	9	5	9	10	23	13	16	19	36	19	26	3	17	12	6	4	19	3	5	13	19	10	4	19	47	10	14	3	28	13	
1920_A/chicken/Xinjiang/2 13	11	14	3	23	9	6	13	5	10	0	0	6	3	1	12	15	5	5	1	11	7	7	2	10	12	13	6	13	8	6	4	21	7	9	5	9	10	23	13	16	22	34	22	28	0	19	8	6	4	20	3	5	12	18	10	4	19	43	11	14	5	31	12	
1921_A/chicken/Xinjiang/5 13	11	14	3	23	8	6	13	5	11	0	0	8	3	1	12	14	5	5	1	12	7	7	2	10	12	13	6	12	8	6	3	22	7	9	5	9	10	22	13	16	21	34	22	26	0	19	9	6	4	19	3	5	12	19	10	4	19	45	11	14	5	31	12	
1922_A/chicken/Xinjiang/5 13	11	14	3	23	9	5	13	6	10	0	0	8	3	1	12	14	5	5	1	12	7	8	2	10	12	13	5	11	8	6	3	22	6	11	5	9	10	22	13	16	19	35	20	26	3	19	11	6	4	18	2	5	12	19	11	4	19	47	10	14	4	29	13	
1923_A/chicken/Xinjiang/6 13	11	14	3	23	9	6	13	5	10	0	0	8	3	1	12	14	5	5	1	12	7	7	2	9	12	13	6	14	8	6	3	22	7	9	5	9	10	22	13	16	21	34	22	25	0	19	9	6	4	19	3	5	12	19	10	4	19	45	11	14	5	31	12	
1924_A/chicken/Xinjiang/6 13	11	14	3	23	9	5	13	6	10	0	0	8	3	1	12	14	5	5	1	12	7	8	2	10	12	13	7	11	8	6	2	22	6	10	5	9	10	23	13	16	19	34	20	26	2	19	11	6	4	18	3	5	12	19	10	4	20	45	10	14	4	31	13	
1925_A/chicken/Xuzhou/XZ6 14	9	12	3	22	10	7	13	6	11	0	0	8	3	1	12	19	8	5	2	8	4	8	1	12	15	12	7	8	6	6	4	23	6	16	7	8	10	14	13	17	19	31	16	25	4	24	11	6	7	22	3	5	9	18	9	5	20	45	10	16	2	27	13	
1926_A/chicken/YL/A3190/2 15	9	11	2	21	12	8	14	7	12	0	0	9	2	1	12	18	5	4	2	9	3	9	1	8	20	12	2	11	2	6	6	25	6	15	10	9	11	17	7	15	13	34	23	26	4	20	10	6	8	18	3	5	7	19	5	4	20	50	17	14	4	28	11	
1927_A/chicken/Yangzhou/Y 13	9	13	2	23	10	6	14	6	11	0	0	9	3	1	12	18	8	6	1	8	5	7	2	11	14	13	7	9	6	5	4	25	6	16	8	7	10	14	12	16	20	29	16	27	3	24	12	6	7	22	3	5	9	18	9	5	20	46	11	14	2	27	12	
1928_A/chicken/Yuhang/1/2 13	12	12	4	23	9	7	13	5	10	0	0	11	3	1	12	16	2	5	1	10	7	8	2	9	16	11	8	11	6	7	2	22	5	11	7	10	9	20	10	18	22	27	18	25	0	24	13	6	5	19	3	4	9	19	9	5	20	49	11	14	6	28	13	
1929_A/chicken/Yuhang/2/2 13	12	12	4	23	9	7	13	5	10	0	0	11	3	1	12	16	2	5	1	10	7	8	2	9	16	11	8	11	6	7	2	22	5	11	7	10	9	20	10	18	22	27	18	25	0	24	13	6	5	19	3	4	9	19	9	5	20	49	11	14	6	28	13	
1930_A/chicken/Yunlin/150 13	10	12	3	24	11	7	13	5	7	0	0	10	5	1	12	14	5	5	1	10	6	8	2	11	14	11	6	10	7	7	4	24	8	11	7	11	8	20	11	16	20	29	19	25	1	24	10	5	2	21	2	5	14	17	11	5	18	46	12	14	5	30	12	
1931_A/chicken/Yunlin/150 14	10	12	3	23	11	7	13	5	7	0	0	10	5	1	12	14	5	5	1	10	6	9	2	11	13	11	5	10	8	6	5	23	8	12	7	12	8	19	11	16	20	27	20	25	1	25	10	6	2	21	2	4	14	17	11	5	18	46	12	14	5	30	12	
1932_A/chicken/Yunlin/150 14	10	12	3	23	11	7	13	5	7	0	0	9	5	1	12	14	5	5	1	10	6	8	2	11	14	11	5	11	7	7	5	24	8	12	7	11	8	19	11	16	20	28	19	25	1	25	10	5	2	21	2	5	14	17	11	5	18	45	13	14	5	30	12	
1933_A/chicken/Yunlin/150 15	11	14	4	22	10	5	12	10	11	0	0	9	4	1	12	16	8	5	1	11	4	8	2	7	15	13	6	8	5	5	3	23	7	20	4	11	10	13	14	14	19	31	18	25	4	22	13	7	6	23	5	4	7	14	8	8	19	43	10	12	3	31	12	
1934_A/chicken/Yunlin/150 14	10	12	3	23	11	7	13	5	7	0	0	10	5	1	12	14	5	5	1	10	6	8	2	11	14	11	5	10	7	7	5	24	8	11	6	11	8	20	12	16	20	28	19	25	1	25	10	5	2	21	2	5	14	17	11	5	18	45	13	14	5	30	12	
1935_A/chicken/Yunlin/150 14	10	11	3	23	11	7	13	5	7	0	0	9	5	1	12	14	5	6	1	10	6	8	2	11	14	11	5	11	7	7	5	24	8	11	7	11	8	20	11	16	20	28	19	25	1	25	10	5	2	21	2	5	14	17	11	5	18	45	13	14	5	30	12	
1936_A/chicken/Yunlin/150 14	10	12	3	23	11	7	13	5	7	0	0	9	5	1	12	14	5	5	1	10	6	8	2	11	14	11	5	11	7	7	5	24	8	12	7	11	8	18	12	16	20	28	19	25	1	25	10	6	1	21	2	5	14	17	11	5	18	45	13	14	5	30	12	
1937_A/chicken/Yunlin/150 14	10	12	3	23	11	7	13	5	7	0	0	10	5	1	12	14	5	5	1	10	6	8	2	11	14	11	6	10	7	7	4	24	8	12	7	10	8	19	12	16	20	28	19	25	1	25	10	5	2	20	2	6	14	17	11	5	18	48	12	14	5	28	12	
1938_A/chicken/Yunlin/160 13	10	12	3	24	11	7	13	5	7	0	0	9	5	1	12	13	4	5	1	10	6	8	2	11	14	11	6	11	8	7	4	24	9	11	7	11	8	18	12	17	20	29	19	26	0	24	10	6	2	19	2	5	15	19	11	4	17	46	12	14	5	30	12	
1939_A/chicken/Yunlin/160 13	10	12	3	24	11	7	13	5	7	0	0	10	5	1	12	14	6	5	1	10	4	9	2	11	14	10	6	10	7	8	4	23	8	12	7	12	8	18	11	16	20	30	18	25	1	23	11	5	2	22	2	5	14	16	12	5	18	45	12	14	5	30	13	
1940_A/chicken/Yunlin/160 14	11	14	5	23	10	5	11	9	11	0	0	10	4	1	12	16	7	5	1	11	4	8	2	7	16	13	6	8	5	5	3	22	6	19	4	10	11	15	14	16	19	31	18	25	4	22	13	7	6	22	4	3	8	14	9	8	19	43	10	12	3	31	12	
1941_A/chicken/Yunlin/160 15	8	12	3	22	12	7	14	5	8	0	0	10	5	1	12	14	4	5	1	10	7	8	1	11	14	11	6	10	7	7	4	22	9	12	7	10	7	19	12	17	20	30	18	25	1	24	10	5	3	21	2	6	14	16	11	5	18	48	12	14	5	28	12	
1942_A/chicken/Yunlin/170 14	11	14	4	23	10	5	12	8	11	0	0	11	4	1	12	16	7	6	1	11	4	8	2	7	16	12	6	8	5	5	3	22	6	21	4	11	11	14	14	15	18	28	20	26	4	24	13	7	6	24	5	3	7	12	8	6	18	43	9	13	4	31	13	
1943_A/chicken/Yunlin/170 14	11	12	3	22	10	8	13	5	7	0	0	9	5	1	12	13	3	5	2	10	7	8	2	11	14	11	4	11	8	7	5	24	8	11	7	11	7	19	12	17	21	29	19	25	1	24	10	6	2	21	3	5	15	17	10	4	17	47	12	14	5	29	12	
1944_A/chicken/Yunlin/170 13	11	12	3	24	10	7	13	5	7	0	0	9	5	1	12	13	4	5	2	10	6	8	2	11	14	11	5	11	8	7	4	24	8	11	8	11	7	19	11	17	21	29	19	25	1	24	10	6	2	21	3	5	15	17	9	5	17	46	13	14	5	29	12	
1945_A/chicken/Yunlin/170 13	9	12	3	24	12	7	13	5	7	0	0	9	5	1	12	13	4	5	1	10	6	8	2	11	14	11	6	11	8	7	4	25	7	11	7	10	7	19	12	17	21	30	19	25	2	22	11	6	2	20	4	5	15	17	11	4	17	47	13	14	5	29	10	
1946_A/chicken/Yunlin/170 13	11	12	4	24	10	7	12	5	7	0	0	9	5	1	12	13	4	3	3	10	6	9	2	11	14	11	4	11	8	7	5	24	8	11	7	10	7	19	12	17	21	29	19	25	1	24	10	6	2	20	3	6	15	18	10	4	17	47	11	14	5	29	13	
1947_A/chicken/Yunlin/170 13	11	12	3	23	10	7	13	5	7	0	0	10	5	1	12	14	4	5	2	10	6	8	2	11	14	11	7	11	8	7	2	24	8	11	9	10	7	19	10	17	20	29	20	24	1	24	9	6	2	21	3	6	15	17	10	4	18	46	12	14	5	30	12	
1948_A/chicken/Yunlin/170 13	10	12	3	24	10	7	13	5	8	0	0	9	5	1	12	13	3	5	2	10	7	8	2	11	14	11	5	11	8	7	4	24	8	11	7	11	7	19	12	17	21	29	19	25	1	24	10	6	2	20	3	5	15	18	10	4	17	47	12	14	5	29	12	
1949_A/chicken/Yunlin/170 13	10	12	3	24	11	7	13	5	7	0	0	9	5	1	12	13	4	3	3	10	6	9	2	11	14	11	5	11	8	7	4	22	8	11	7	12	7	19	12	18	21	29	19	25	1	24	10	6	2	21	3	5	15	17	9	4	17	47	13	14	5	29	12	
1950_A/chicken/Yunlin/170 13	11	12	3	24	10	7	13	5	7	0	0	10	5	1	12	13	4	5	2	10	6	7	2	11	14	12	5	10	8	7	4	24	8	11	7	11	7	20	12	17	21	29	19	25	1	24	10	6	2	21	3	5	15	16	10	5	17	47	12	14	5	28	12	
1951_A/chicken/Yunlin/170 13	10	12	3	24	11	7	13	5	7	0	0	9	5	1	12	13	4	3	3	10	6	9	2	11	14	11	5	11	8	7	4	23	8	11	7	11	7	19	12	18	21	29	19	24	1	24	10	6	2	21	3	5	15	17	10	4	17	47	12	15	5	29	12	
1952_A/chicken/Yunlin/170 13	9	12	3	24	12	7	13	5	7	0	0	9	5	1	12	13	4	5	1	10	6	8	2	12	14	11	6	10	8	7	4	24	7	11	7	10	7	19	12	17	21	31	19	25	2	22	10	6	2	19	3	6	15	19	10	4	17	47	14	14	5	29	10	
1953_A/chicken/Yunlin/170 13	11	12	3	24	10	7	13	5	7	0	0	9	5	1	12	14	4	5	2	10	6	8	2	10	14	11	6	12	8	7	3	23	8	11	7	12	7	19	11	17	21	30	19	25	1	23	10	6	2	21	3	4	15	17	11	4	17	47	10	14	5	29	14	
1954_A/chicken/Yunlin/170 13	12	11	3	24	9	8	13	5	7	0	0	9	5	1	12	14	4	5	2	9	6	8	2	11	14	11	7	11	8	7	2	24	8	11	8	11	7	19	11	16	20	29	20	25	1	24	9	6	2	22	3	6	15	16	10	3	19	47	12	14	5	29	12	
1955_A/chicken/Yunlin/170 14	11	12	4	23	10	7	12	5	7	0	0	9	5	1	12	13	4	3	3	10	6	9	2	11	14	11	4	11	8	7	5	24	8	12	7	10	7	18	12	17	21	29	19	25	1	24	10	6	3	20	3	6	15	18	10	3	17	47	12	15	4	29	12	
1956_A/chicken/Yunlin/170 14	11	12	4	23	9	7	12	5	8	0	0	9	5	1	12	13	4	3	3	10	6	9	2	11	14	11	4	11	8	7	5	24	8	12	7	10	7	18	12	17	21	29	19	25	1	24	10	6	2	20	3	6	15	18	10	4	17	47	12	14	5	29	12	
1957_A/chicken/Yunlin/170 13	11	12	3	24	10	7	13	5	7	0	0	9	5	1	12	13	4	6	2	10	5	7	2	11	15	11	4	11	8	7	5	24	6	11	7	10	9	19	12	18	21	29	19	25	1	24	10	6	2	21	3	5	15	18	10	4	17	45	12	14	5	30	12	
1958_A/chicken/Yunlin/170 13	11	12	3	24	9	7	13	5	7	0	0	10	4	1	12	13	4	5	2	10	7	8	2	11	14	11	4	11	8	7	5	24	8	11	7	10	7	19	12	18	20	29	20	25	1	25	9	6	2	21	3	5	15	17	10	4	17	46	12	14	5	30	12	
1959_A/chicken/Yunlin/180 13	10	12	3	24	11	7	13	5	7	0	0	9	5	1	12	13	4	5	2	10	6	8	2	11	14	11	4	11	8	7	5	25	8	11	7	9	7	19	12	17	22	28	19	26	1	25	10	6	2	21	3	5	16	17	10	5	15	44	11	13	5	32	13	
1960_A/chicken/Yunlin/180 13	11	12	3	24	10	7	13	5	7	0	0	9	5	1	12	13	4	5	2	10	6	8	2	11	14	11	4	11	8	7	5	24	9	11	7	11	7	19	11	19	20	29	19	25	1	24	10	6	2	21	3	5	15	17	10	4	17	46	12	13	5	30	12	
1961_A/chicken/Yunlin/180 13	11	12	2	24	10	7	14	5	7	0	0	9	5	1	12	14	4	5	2	10	6	8	2	11	14	11	4	11	8	7	5	23	9	11	7	10	7	19	12	19	20	29	20	25	1	24	9	6	2	22	3	5	15	16	10	3	17	46	12	14	5	30	12	
1962_A/chicken/Yunlin/180 13	11	12	2	24	10	7	14	5	7	0	0	9	5	1	12	14	4	5	2	10	6	8	2	11	14	11	4	11	8	7	5	23	9	11	7	10	7	19	12	19	20	29	20	25	1	24	9	6	2	22	3	5	15	15	10	3	17	47	12	14	5	30	12	
1963_A/chicken/Yunlin/180 13	11	12	2	24	10	7	14	5	7	0	0	9	5	1	12	14	4	5	2	10	6	8	2	11	14	11	4	11	8	7	5	23	9	11	7	10	7	19	12	19	20	29	20	25	1	24	9	6	2	21	3	5	15	17	10	3	17	46	12	14	5	30	12	
1964_A/chicken/Yunlin/180 13	11	12	2	24	10	7	14	5	7	0	0	9	5	1	12	13	4	5	2	10	6	8	2	11	14	11	4	11	8	7	5	24	9	11	7	10	7	19	12	19	20	29	19	25	1	24	10	6	2	21	4	5	15	17	10	4	17	47	12	13	5	29	11	
1965_A/chicken/Yunlin/180 13	11	12	2	24	10	7	14	5	7	0	0	9	5	1	12	14	4	5	2	10	6	8	2	11	14	11	4	11	8	7	5	23	9	11	7	10	7	19	12	19	20	29	20	25	1	24	9	6	2	22	3	5	15	16	10	3	17	45	13	14	5	30	12	
1966_A/chicken/Yunlin/180 13	11	12	2	24	10	7	14	5	7	0	0	9	5	1	12	14	4	5	2	10	6	8	2	11	14	11	4	10	8	7	5	23	9	12	7	10	7	18	12	19	19	29	20	26	1	24	9	6	2	22	3	5	15	16	10	3	18	46	11	14	5	31	12	
1967_A/chicken/Yunlin/180 12	11	12	2	25	10	7	14	5	7	0	0	9	5	1	12	14	4	5	2	10	6	8	2	11	14	11	4	10	8	7	5	23	10	12	7	10	6	18	12	19	19	29	20	26	1	24	9	6	2	22	3	5	15	16	10	3	18	46	11	14	5	31	12	
1968_A/chicken/Yunlin/180 13	12	12	3	24	10	7	13	6	6	0	0	10	5	1	12	13	4	5	2	10	6	8	2	10	13	11	4	10	9	7	5	23	8	11	7	9	7	19	12	21	21	28	19	25	1	25	10	6	2	21	3	5	15	17	10	4	16	43	12	14	5	33	12	
1969_A/chicken/Yunnan/1/2 13	8	13	2	23	11	6	14	6	11	0	0	9	3	1	12	18	7	5	1	8	5	8	2	11	14	12	7	9	7	6	3	25	6	16	8	7	9	14	12	17	20	26	15	25	4	26	14	7	7	20	3	5	10	19	9	5	21	47	10	14	1	27	13	
1970_A/chicken/Yunnan/207 17	9	11	4	19	13	8	12	7	9	0	0	9	3	1	12	17	6	5	2	10	5	8	1	5	14	12	5	14	7	6	5	25	7	12	11	8	13	20	8	15	15	37	18	25	3	17	10	5	5	23	4	5	11	13	6	5	17	46	18	15	5	32	7	
1971_A/chicken/Yunnan/568 17	9	11	4	19	13	8	12	7	9	0	0	9	3	1	12	17	6	5	2	10	5	8	1	5	14	12	5	14	7	6	5	25	7	12	11	8	13	20	8	14	16	37	18	25	2	17	10	6	5	23	4	5	11	13	6	5	18	45	17	14	5	33	8	
1972_A/chicken/Yunnan/679 17	9	11	4	19	13	8	12	7	9	0	0	9	3	1	12	17	6	5	2	10	5	8	1	5	14	12	5	14	7	6	5	25	8	12	11	8	13	20	8	14	16	37	18	25	1	17	10	5	5	23	4	5	11	13	6	5	18	45	16	15	5	33	9	
1973_A/chicken/Yunnan/688 17	9	11	4	19	13	8	12	7	9	0	0	9	3	1	12	17	6	5	2	10	5	8	1	5	14	12	5	14	7	6	5	25	7	12	11	8	13	20	8	14	16	37	18	25	2	17	10	5	5	23	4	5	11	13	6	5	18	45	18	15	5	33	7	
1974_A/chicken/Zhejiang/1 14	9	12	3	22	9	7	13	5	11	0	0	10	3	1	12	18	8	5	2	7	6	8	1	12	14	12	6	9	6	6	4	22	6	15	8	9	10	15	12	17	18	29	18	26	5	23	12	7	8	22	3	5	8	18	9	5	20	44	9	14	2	29	14	
1975_A/chicken/Zhejiang/1 16	10	11	5	20	11	7	12	3	10	0	0	7	2	1	12	14	4	6	2	11	7	8	3	12	13	7	5	17	8	11	3	18	6	13	5	15	13	22	10	14	17	34	20	24	2	17	11	5	6	19	4	4	10	16	7	6	18	52	12	15	5	27	12	
1976_A/chicken/Zhejiang/1 9	10	11	5	27	9	8	11	6	9	0	0	9	5	1	12	16	6	7	3	8	7	7	4	9	12	9	5	12	8	8	0	19	5	16	5	13	12	16	10	19	21	34	18	26	0	19	13	7	8	24	5	5	7	14	7	4	20	46	20	13	2	31	5	
1977_A/chicken/Zhejiang/2 12	12	12	3	24	9	8	13	5	9	0	0	12	3	1	12	16	6	5	2	8	4	7	3	8	14	8	5	13	8	10	1	21	3	15	7	12	14	17	9	15	20	35	18	25	0	18	13	7	7	25	6	4	7	13	7	7	24	51	14	13	1	26	10	
1978_A/chicken/Zhejiang/2 9	10	11	5	27	9	8	11	6	9	0	0	9	5	1	12	16	6	7	3	8	7	7	4	9	12	9	5	12	8	8	0	19	5	16	5	13	12	16	10	19	21	34	18	26	0	19	13	7	8	24	5	5	7	14	7	4	20	46	20	13	2	31	5	
1979_A/chicken/Zhejiang/2 13	11	13	3	23	10	7	13	5	9	0	0	12	3	1	12	17	5	6	2	8	5	7	3	8	14	7	5	12	8	11	1	21	3	13	8	12	15	18	8	15	19	35	19	25	0	18	12	7	7	25	5	4	7	13	8	7	24	50	14	13	1	27	10	
1980_A/chicken/Zhejiang/5 12	10	13	2	25	11	6	14	3	11	0	0	8	2	1	12	15	4	4	4	10	7	9	0	9	14	9	7	16	6	9	3	22	6	12	5	12	11	19	13	16	19	34	19	25	1	18	11	4	7	25	4	6	9	14	8	5	17	51	16	14	5	25	8	
1981_A/chicken/Zhejiang/5 14	9	12	2	22	10	8	14	5	11	0	0	10	3	1	12	18	8	5	2	7	5	7	1	12	14	12	6	9	6	6	4	22	6	15	8	9	10	16	12	17	18	29	18	26	5	22	12	8	8	21	3	5	8	18	9	5	20	44	9	14	2	29	14	
1982_A/chicken/Zhejiang/6 18	10	12	4	18	11	7	13	4	10	0	0	8	2	1	12	13	5	5	2	12	7	8	3	11	13	7	5	15	8	11	2	18	7	14	5	14	11	21	10	14	17	31	22	25	2	19	11	4	6	18	4	7	10	17	7	5	19	54	12	16	3	25	12	
1983_A/chicken/Zhejiang/6 13	10	12	2	23	9	7	14	6	11	0	0	9	3	1	12	17	9	5	1	9	4	8	2	11	14	13	8	9	6	5	3	23	6	15	9	8	10	15	11	17	20	29	16	26	3	25	11	7	7	20	3	5	9	17	9	5	19	49	11	14	3	27	12	
1984_A/chicken/Zhejiang/7 13	9	14	2	23	10	5	14	5	10	0	0	10	4	1	12	17	8	5	1	8	5	8	2	11	14	13	7	9	6	5	4	24	7	16	8	8	9	14	12	17	20	29	16	26	3	24	12	7	7	22	4	5	9	18	9	5	20	44	9	14	2	29	13	
1985_A/chicken/Zhejiang/7 13	9	14	2	23	10	5	14	5	10	0	0	10	4	1	12	17	8	5	1	8	5	8	2	11	14	13	7	9	6	5	4	24	7	16	8	8	9	14	12	17	20	29	16	26	3	24	12	7	7	22	4	5	9	18	9	5	20	44	10	14	2	29	12	
1986_A/chicken/Zhejiang/7 16	10	12	5	20	11	7	12	3	10	0	0	7	2	1	12	14	5	5	1	11	7	9	3	12	13	6	6	16	8	11	3	19	7	14	5	14	14	21	9	15	16	34	20	25	2	17	11	4	5	20	4	5	10	15	7	5	18	53	12	15	5	26	12	
1987_A/chicken/Zhejiang/7 13	9	14	2	23	10	5	14	5	10	0	0	10	4	1	12	17	8	5	1	8	5	8	2	11	14	13	7	9	6	5	4	23	7	16	8	8	9	14	12	17	20	29	16	26	3	24	12	8	7	22	4	5	9	18	9	5	20	43	9	14	2	30	13	
1988_A/chicken/Zhejiang/7 11	10	14	2	25	10	5	14	4	10	0	0	11	2	1	12	16	8	6	1	9	5	7	2	11	13	13	7	10	7	5	4	23	7	16	6	8	9	15	13	18	20	29	19	25	3	25	8	4	7	23	3	9	10	17	9	3	18	44	10	15	4	29	13	
1989_A/chicken/Zhejiang/7 17	11	14	2	20	10	6	14	6	9	0	0	13	3	1	12	15	6	5	2	9	3	7	1	7	14	9	6	11	8	9	3	23	5	14	8	10	12	18	8	17	18	33	20	25	2	19	14	8	7	23	5	3	9	14	8	7	20	51	13	12	2	25	11	
1990_A/chicken/Zhejiang/8 17	11	14	2	20	10	6	14	6	9	0	0	13	3	1	12	15	7	5	2	9	3	7	1	7	14	10	5	11	8	8	3	23	5	14	8	10	12	18	8	17	18	33	20	25	2	18	15	8	7	23	5	3	9	14	8	7	20	50	11	12	2	26	13	
1991_A/common_mallard/Nin 15	9	11	4	21	11	8	12	6	11	0	0	7	2	1	12	17	6	5	1	9	6	8	2	12	14	12	5	10	6	6	4	23	8	9	7	8	8	21	10	18	21	27	20	25	1	24	12	6	5	21	4	4	12	16	11	5	18	51	10	16	4	27	12	
1992_A/condor/Guangdong/1 16	9	11	3	20	11	8	13	3	8	0	0	12	4	1	12	16	7	6	1	11	5	7	2	9	14	12	4	11	7	6	5	23	7	11	11	11	12	20	8	17	16	36	18	25	3	19	11	6	10	22	4	4	6	14	6	5	20	45	14	11	4	32	12	
1993_A/domestic_green-win 13	11	13	4	23	9	6	12	7	10	0	0	6	3	1	12	16	6	5	1	10	6	8	2	9	13	11	7	14	7	7	3	23	7	11	8	9	10	20	10	16	19	33	17	25	3	19	13	6	4	23	3	4	12	15	10	6	19	45	12	13	4	32	11	
1994_A/duck/Anhui/56/2005 17	10	11	4	19	12	8	12	4	9	0	0	11	3	1	12	14	6	5	1	13	5	8	2	6	13	13	5	14	7	5	5	26	5	10	11	9	13	21	8	14	15	34	18	25	3	21	9	5	6	24	4	4	11	13	6	5	18	46	16	15	6	32	9	
1995_A/duck/Anhui/S4/2016 14	9	13	2	22	9	6	14	6	12	0	0	9	2	1	12	19	8	5	1	7	6	8	2	11	14	12	7	9	6	6	4	24	6	16	8	7	10	14	12	17	19	29	16	26	4	24	12	7	7	22	4	4	9	17	9	7	20	42	10	13	2	31	13	
1996_A/duck/Changhua/15A0 14	10	12	3	24	11	7	13	5	7	0	0	10	5	1	12	13	5	5	1	10	6	8	2	11	14	11	6	10	7	7	4	23	8	11	7	12	8	20	11	16	20	29	19	25	1	24	10	5	2	21	2	5	14	17	11	5	18	44	12	14	5	32	12	
1997_A/duck/Changhua/15A0 13	10	12	4	24	11	7	12	4	7	0	0	12	5	1	12	15	5	5	1	10	6	8	2	11	14	11	6	8	7	7	4	23	8	11	7	12	8	20	11	16	20	28	19	25	1	25	10	5	2	21	2	5	14	17	11	5	19	45	13	14	4	30	12	
1998_A/duck/Chiayi/150800 14	11	14	4	23	10	5	12	9	11	0	0	10	4	1	12	16	8	5	1	11	4	8	2	7	15	13	6	8	5	5	3	22	7	20	4	11	10	15	14	14	19	30	18	26	4	23	13	7	6	23	5	3	8	12	8	8	19	45	10	12	3	29	12	
1999_A/duck/China/0935/20 14	10	12	2	22	8	7	14	8	12	0	0	7	2	1	12	18	7	5	1	7	5	8	2	12	19	12	7	9	3	6	4	24	6	16	5	8	10	17	14	17	19	32	16	26	3	21	13	5	8	20	2	5	8	14	9	5	21	49	13	14	2	28	11	
2000_A/duck/China/0936/20 14	7	12	2	22	11	7	14	5	11	0	0	8	4	1	12	18	8	4	1	8	5	9	2	11	13	13	8	11	7	5	3	26	6	16	8	6	10	15	12	16	20	26	17	26	3	27	12	6	8	21	4	6	9	19	7	3	19	44	9	16	2	28	14	
2001_A/duck/China/0938/20 14	10	12	2	22	8	7	14	8	12	0	0	7	2	1	12	18	7	5	1	7	5	8	2	12	19	12	7	9	3	6	4	24	6	16	5	8	10	17	14	17	19	32	16	26	3	21	13	5	8	20	2	5	8	14	9	5	21	49	13	14	2	28	11	
2002_A/duck/China/1033/20 14	10	12	2	22	8	7	14	8	12	0	0	7	2	1	12	18	7	5	1	7	5	8	2	12	19	12	7	9	3	6	4	24	6	16	5	8	10	17	14	17	19	32	16	26	3	21	13	5	8	20	2	5	8	14	9	5	21	49	13	14	2	28	11	
2003_A/duck/China/E26/201 14	11	12	4	22	10	7	12	5	9	0	0	10	3	1	12	14	5	5	1	12	6	7	2	9	15	11	8	12	6	7	2	22	6	13	7	10	8	18	12	17	23	29	21	24	1	23	9	6	7	19	4	4	8	18	9	6	19	48	11	14	5	29	13	
2004_A/duck/China/E53/201 13	9	13	2	23	10	6	14	8	11	0	0	9	3	1	12	18	7	5	1	7	5	8	2	9	16	13	7	10	5	5	3	24	7	12	7	8	9	19	13	18	20	32	18	26	3	21	11	6	6	21	3	4	10	15	9	4	21	48	13	14	1	29	10	
2005_A/duck/China/YD1516/ 18	11	14	2	19	10	6	14	6	9	0	0	13	3	1	12	15	6	6	1	8	4	7	1	7	14	9	6	11	8	9	3	23	5	13	8	11	12	18	8	17	18	33	20	25	2	19	14	8	7	23	5	3	9	14	8	8	20	50	12	11	2	26	12	
2006_A/duck/Chongqing/S43 13	8	11	5	23	10	8	11	6	8	0	0	11	5	1	12	15	8	7	1	11	6	5	2	6	13	10	9	13	7	8	1	23	7	13	6	9	10	18	12	19	18	30	14	26	2	24	12	7	4	24	4	3	12	14	10	6	16	50	10	14	6	28	12	
2007_A/duck/Dongguan/2685 14	9	12	2	22	10	7	14	6	11	0	0	9	3	1	12	18	8	5	1	8	5	8	2	11	14	13	7	9	6	5	4	24	6	16	8	7	10	14	12	17	20	29	16	26	3	24	12	7	8	22	3	5	9	18	9	5	19	45	9	14	2	28	14	
2008_A/duck/Eastern_China 13	10	11	4	23	10	8	12	5	9	0	0	11	4	1	12	16	5	5	1	8	6	8	2	9	14	10	8	12	7	8	2	22	8	12	6	11	7	19	12	17	22	27	18	25	0	25	12	7	6	23	3	4	9	15	10	6	19	45	11	13	5	32	12	
2009_A/duck/Eastern_China 15	10	13	3	22	9	6	13	9	11	0	0	6	3	1	12	15	8	5	1	10	5	8	2	9	14	13	7	11	6	5	2	21	8	16	6	13	10	16	13	12	20	30	19	27	2	21	13	6	6	22	5	4	8	15	7	6	19	47	12	15	4	29	11	
2010_A/duck/Eastern_China 12	11	12	2	24	8	8	13	7	11	0	0	7	3	1	12	16	7	5	2	10	4	7	2	8	16	13	7	12	5	5	3	25	6	16	5	10	13	15	14	15	18	34	17	26	2	20	11	5	5	24	4	5	10	14	8	8	18	46	12	13	4	30	11	
2011_A/duck/Eastern_China 15	10	13	3	22	9	6	13	9	11	0	0	6	3	1	12	16	8	5	1	8	5	8	2	10	15	13	7	11	5	5	2	22	7	17	5	12	10	16	13	12	20	30	19	27	2	22	12	6	6	23	5	3	10	14	7	6	19	47	12	15	4	29	11	
2012_A/duck/Eastern_China 15	11	14	4	22	8	5	13	8	11	0	0	7	3	1	11	18	8	5	1	9	5	8	2	10	15	13	7	9	5	5	2	22	7	19	5	11	10	14	13	12	18	32	18	27	4	21	13	7	6	22	6	4	9	15	8	6	19	46	11	14	4	28	11	
2013_A/duck/Eastern_China 16	11	14	3	21	9	5	13	6	10	0	0	9	2	1	12	17	6	6	2	9	3	7	2	8	18	10	7	12	5	8	2	24	6	10	8	8	10	22	10	16	22	28	19	24	3	24	11	7	5	23	3	3	9	15	8	6	19	47	13	14	5	30	11	
2014_A/duck/Eastern_China 15	10	14	4	22	9	5	12	8	12	0	0	8	2	1	12	15	8	5	1	10	5	8	2	9	15	13	8	9	5	5	2	22	9	17	4	12	10	15	14	13	18	31	18	26	1	21	13	5	9	24	6	5	6	13	6	6	21	43	14	17	3	32	9	
2015_A/duck/Eastern_China 15	11	11	4	22	8	8	12	9	11	0	0	6	3	1	12	16	8	5	1	9	5	8	2	9	15	13	7	11	5	5	2	22	7	17	5	10	10	15	13	13	19	30	20	27	3	22	11	6	6	22	7	6	9	16	6	8	19	44	11	12	4	31	12	
2016_A/duck/Eastern_China 15	10	15	4	22	8	4	12	8	12	0	0	7	3	1	12	17	8	5	1	9	5	8	2	9	15	13	6	10	5	5	2	22	6	19	5	12	10	14	13	12	18	32	19	27	5	21	13	7	6	22	6	4	9	15	7	6	19	46	10	14	4	29	12	
2017_A/duck/Eastern_China 15	10	14	4	22	9	5	12	8	12	0	0	8	2	1	12	17	8	5	1	9	5	8	2	10	15	13	8	8	5	5	2	22	8	17	5	12	10	16	13	12	19	31	18	27	1	22	12	6	8	25	5	4	6	13	7	6	20	42	12	15	5	32	11	
2018_A/duck/Eastern_China 16	10	14	4	21	9	5	12	8	12	0	0	9	2	1	12	16	8	5	1	9	5	8	2	10	15	13	8	8	5	5	2	22	8	17	5	12	10	16	13	12	19	31	18	27	1	22	12	6	8	25	5	4	6	13	7	6	20	41	13	15	5	32	11	
2019_A/duck/Eastern_China 16	10	14	4	21	9	5	12	8	12	0	0	9	2	1	12	16	8	5	1	9	5	8	2	10	15	13	8	8	5	5	2	22	8	16	5	12	10	17	12	12	19	30	19	27	1	22	12	6	8	25	5	4	6	13	8	6	20	42	12	15	5	32	11	
2020_A/duck/Eastern_China 16	10	14	4	21	9	5	12	8	12	0	0	9	2	1	12	16	8	5	1	9	5	8	2	10	15	13	8	8	5	5	2	22	9	17	5	12	9	16	13	12	19	31	18	27	1	22	12	6	8	25	5	4	6	13	7	6	20	42	12	15	5	32	11	
2021_A/duck/Eastern_China 13	8	12	4	23	12	7	12	6	10	0	0	10	3	1	12	17	6	5	1	10	7	8	2	9	15	14	6	9	5	4	3	23	8	16	5	11	9	17	12	13	20	31	18	27	1	22	13	6	7	23	5	4	8	15	8	6	19	46	15	15	4	27	9	
2022_A/duck/Eastern_China 16	10	14	4	21	9	5	12	8	12	0	0	8	2	1	12	15	8	5	1	10	5	8	2	10	15	13	7	9	5	5	2	22	9	16	5	12	10	16	13	13	19	31	19	26	2	21	13	6	8	24	5	4	6	13	7	6	22	44	12	15	2	31	11	
2023_A/duck/Eastern_China 16	11	14	2	21	10	6	14	6	9	0	0	12	3	1	12	15	7	5	1	9	3	7	1	8	13	10	6	11	9	8	3	23	5	13	9	10	12	18	8	17	18	33	19	25	2	19	14	8	7	23	6	3	9	14	7	8	20	48	14	11	2	27	12	
2024_A/duck/Eastern_China 12	10	12	4	24	8	7	12	7	11	0	0	10	3	1	12	17	11	5	1	9	3	8	2	9	16	13	6	9	4	5	3	23	7	15	6	10	11	16	12	12	18	30	17	26	4	24	13	7	7	23	5	6	8	13	7	6	21	50	15	16	1	25	9	
2025_A/duck/Eastern_China 14	10	14	4	23	10	5	12	7	13	0	0	11	2	1	12	15	7	5	1	10	5	8	2	11	16	13	8	6	5	5	2	23	9	16	5	12	9	15	13	12	19	31	18	25	2	21	13	5	9	24	5	5	6	14	8	6	18	42	14	16	4	32	9	
2026_A/duck/Eastern_China 13	9	12	2	23	10	7	14	6	11	0	0	9	3	1	12	18	8	5	1	8	5	8	2	11	14	13	7	9	6	5	3	24	6	16	8	8	10	14	12	15	20	29	16	26	3	25	12	7	7	19	3	5	9	20	9	5	20	44	10	14	3	29	14	
2027_A/duck/Eastern_China 14	10	14	4	24	8	6	12	8	10	0	0	5	5	1	12	18	8	6	1	8	5	6	2	12	15	13	7	9	5	5	2	23	7	20	5	10	11	12	14	11	19	32	17	28	3	23	13	7	7	22	6	4	9	14	8	8	18	45	11	13	3	28	11	
2028_A/duck/Eastern_China 12	10	13	2	23	9	6	14	7	11	0	0	9	2	1	12	18	9	5	1	8	4	8	2	12	14	13	7	8	6	5	3	24	6	16	8	7	10	13	13	17	20	28	16	26	4	25	13	8	8	21	3	4	8	18	9	5	20	44	11	14	2	29	13	
2029_A/duck/Eastern_China 14	10	14	4	23	10	5	12	7	13	0	0	11	2	1	12	15	7	5	1	10	5	8	2	11	16	13	8	6	5	5	2	23	9	16	5	12	9	16	13	12	20	32	18	25	1	20	13	5	9	24	5	5	5	13	8	6	19	44	13	16	4	31	9	
2030_A/duck/Eastern_China 15	10	14	4	22	9	5	12	8	12	0	0	8	2	1	12	14	8	5	1	11	5	8	2	10	15	13	8	9	5	5	2	22	9	16	4	12	10	17	13	11	18	33	17	25	2	20	13	6	9	24	5	5	6	13	7	7	21	42	15	16	3	32	9	
2031_A/duck/Fujian/1.17_F 13	10	12	2	23	11	7	14	5	10	0	0	10	3	1	12	18	7	6	1	8	6	7	2	10	14	11	5	10	6	7	4	22	7	16	6	10	10	14	14	16	17	32	16	27	4	23	13	6	5	23	3	6	10	17	8	4	20	52	12	16	1	21	11	
2032_A/duck/Fujian/10.26_ 14	9	11	2	22	10	8	14	5	11	0	0	10	3	1	12	18	8	5	1	8	5	8	1	10	13	12	6	11	7	6	5	24	6	17	8	8	10	14	13	17	20	31	17	24	3	24	11	6	8	19	3	5	7	21	8	6	20	42	10	14	3	29	13	
2033_A/duck/Fujian/10.26_ 14	9	11	2	22	10	8	14	5	11	0	0	10	3	1	12	18	8	5	1	8	5	8	1	10	13	12	7	11	7	6	4	24	6	17	8	8	10	14	13	17	20	31	17	24	3	23	12	6	7	20	3	5	8	20	8	6	21	42	10	14	2	29	13	
2034_A/duck/Fujian/11.23_ 16	11	11	3	20	9	8	13	4	10	0	0	8	3	1	12	19	10	5	3	7	4	8	1	10	12	11	6	14	7	7	2	25	6	14	10	9	11	17	10	15	20	33	15	25	2	20	15	6	8	22	3	5	7	16	9	3	19	46	10	15	4	30	12	
2035_A/duck/Fujian/11.23_ 15	9	12	3	21	11	7	13	5	10	0	0	9	2	1	12	19	8	4	1	7	5	9	1	9	13	13	7	14	7	5	4	22	7	18	9	10	9	14	11	16	20	34	20	23	3	19	10	5	7	20	3	6	8	18	7	8	23	40	12	13	1	34	11	
2036_A/duck/Fujian/11.23_ 13	9	11	2	23	10	8	14	5	11	0	0	11	3	1	12	18	8	5	1	8	5	8	1	9	12	12	7	11	8	6	4	24	6	17	8	8	10	14	13	17	20	31	17	24	3	23	12	6	8	19	3	5	7	21	8	6	21	42	10	14	2	29	13	
2037_A/duck/Fujian/11.3_F 14	9	12	2	22	10	7	14	4	11	0	0	10	3	1	12	17	8	5	1	9	5	8	1	11	14	13	8	10	6	5	4	23	7	15	8	8	9	15	13	18	19	30	16	26	3	24	12	7	8	24	3	5	8	16	9	5	21	43	9	14	1	29	13	
2038_A/duck/Fujian/11.3_F 14	10	12	2	22	9	7	14	5	11	0	0	10	3	1	12	17	8	5	1	9	5	8	1	11	14	13	8	10	6	5	4	23	7	15	8	8	9	15	13	17	19	30	15	26	3	24	13	7	8	23	3	5	8	17	9	5	21	43	8	14	1	29	14	
2039_A/duck/Fujian/12.7_F 15	9	12	2	21	11	7	14	5	10	0	0	9	3	1	12	17	7	5	1	9	6	8	1	11	13	11	8	10	7	7	2	23	6	15	7	8	10	15	14	17	17	31	15	27	5	24	14	6	6	22	3	6	10	17	8	4	21	48	11	15	1	25	12	
2040_A/duck/Fujian/12.7_F 14	9	12	2	22	10	7	14	5	11	0	0	10	3	1	12	17	8	5	1	9	5	8	1	11	14	13	8	10	6	5	4	23	7	16	7	8	9	15	13	18	19	30	16	26	3	24	12	7	8	23	3	5	8	17	9	4	21	43	8	14	1	29	14	
2041_A/duck/Fujian/12.7_F 14	9	12	2	22	10	7	14	5	11	0	0	10	3	1	12	17	8	5	1	9	5	8	1	11	14	13	8	10	6	5	4	23	7	16	7	8	9	15	13	18	19	30	16	26	3	24	12	7	8	23	3	5	8	17	9	4	21	43	8	14	1	29	14	
2042_A/duck/Fujian/12.7_F 14	9	12	2	22	10	7	14	5	11	0	0	10	3	1	12	17	8	5	1	9	5	8	1	11	14	13	8	10	6	5	4	23	7	16	7	8	9	15	13	18	19	30	16	26	3	24	12	7	8	23	3	5	8	17	9	4	21	43	8	14	1	29	14	
2043_A/duck/Guangdong/11. 14	9	12	2	22	10	7	14	6	11	0	0	10	3	1	12	18	7	5	1	8	6	8	1	10	13	11	8	10	7	7	4	23	6	16	7	8	10	15	13	17	19	30	17	25	4	24	11	8	7	24	3	5	9	16	9	5	19	43	9	13	3	29	13	
2044_A/duck/Guangdong/11. 14	9	12	2	22	10	7	14	6	11	0	0	10	3	1	12	18	7	5	1	8	6	8	1	10	13	11	8	10	7	7	4	23	6	16	7	8	10	15	13	17	19	30	17	25	4	24	11	8	7	24	3	5	9	16	9	5	19	43	9	13	3	29	13	
2045_A/duck/Guangdong/11. 14	9	12	2	22	10	7	14	6	11	0	0	10	3	1	12	18	8	5	1	8	5	8	1	10	13	11	8	10	7	7	4	23	6	16	7	8	10	15	13	17	19	30	17	25	4	24	11	8	7	24	3	5	9	16	9	5	19	42	10	13	3	29	13	
2046_A/duck/Guangdong/23/ 17	10	11	4	15	14	9	14	4	8	0	0	12	3	1	12	14	9	6	1	11	5	8	2	6	16	11	6	14	6	5	6	21	7	11	11	8	16	17	8	16	16	38	15	28	3	16	11	7	5	22	5	4	10	17	6	5	18	42	15	14	3	32	10	
2047_A/duck/Guangdong/GD0 13	9	13	2	23	10	6	14	6	10	0	0	9	4	1	12	18	8	6	1	8	5	7	2	11	14	13	7	9	6	5	4	25	6	16	8	7	10	14	12	16	20	29	15	26	3	23	14	7	7	23	3	5	9	17	9	7	20	45	10	12	2	28	13	
2048_A/duck/Guangdong/s14 16	11	14	5	21	8	5	11	8	12	0	0	8	2	1	12	16	8	5	1	9	5	8	2	10	15	13	8	9	5	5	2	22	9	16	5	12	10	16	13	14	19	32	18	25	1	20	13	6	8	22	5	4	6	15	7	6	22	45	12	15	3	30	11	
2049_A/duck/Guangdong/wy1 15	10	13	4	22	9	6	12	8	11	0	0	7	3	1	12	16	8	5	1	9	5	8	2	9	15	11	9	11	5	6	2	22	7	17	5	12	10	16	13	13	20	31	18	27	2	21	12	5	7	23	5	4	9	14	6	5	18	45	13	15	5	31	11	
2050_A/duck/Guangdong/wy1 15	10	14	4	22	9	5	12	8	11	0	0	7	3	1	11	16	8	5	1	9	5	8	2	9	15	12	8	12	4	6	3	22	7	17	5	12	10	15	14	12	19	31	18	27	2	20	13	6	7	23	5	4	8	14	7	6	19	45	12	15	5	30	12	
2051_A/duck/Guangdong/wy2 15	10	14	3	22	9	4	14	8	11	0	0	7	3	1	12	16	8	5	1	9	5	8	2	9	15	12	7	11	5	6	2	22	7	18	4	12	10	15	13	12	19	32	18	27	4	21	11	6	6	23	5	4	10	14	8	6	18	49	11	15	4	27	12	
2052_A/duck/Guangzhou/018 13	9	13	2	23	10	6	14	6	11	0	0	9	3	1	12	18	8	5	1	8	5	8	2	11	14	13	7	9	6	5	3	24	6	16	8	7	10	14	12	17	20	29	16	26	3	24	13	7	7	22	3	5	9	18	9	5	20	44	10	14	2	29	13	
2053_A/duck/Guangzhou/021 13	9	13	2	23	10	6	14	6	11	0	0	9	3	1	12	18	8	5	1	8	5	8	2	11	14	13	7	9	6	5	4	24	6	16	8	7	10	14	12	17	20	29	15	26	3	24	13	7	7	22	3	5	9	18	9	5	20	44	10	14	2	29	13	
2054_A/duck/Guangzhou/412 13	9	13	2	23	10	6	14	7	10	0	0	9	4	1	12	19	9	5	1	7	5	8	2	9	13	13	7	10	6	5	4	24	6	16	8	7	10	15	12	17	20	29	15	26	3	25	12	7	8	22	3	5	8	17	9	6	20	42	10	13	2	31	13	
2055_A/duck/Guizhou/7.27_ 15	8	13	2	21	11	7	14	7	9	0	0	8	5	1	12	18	7	5	1	8	5	8	2	12	14	13	4	8	7	5	6	23	6	15	7	8	10	15	12	17	18	26	20	26	5	25	11	6	8	21	5	6	9	18	8	4	19	43	9	15	2	30	14	
2056_A/duck/Guizhou/8.26_ 13	9	12	3	23	10	7	13	6	9	0	0	9	5	1	12	19	8	5	1	7	5	8	2	11	14	13	3	9	6	5	6	22	6	15	8	9	11	15	12	17	19	29	21	26	4	22	11	6	7	21	4	6	9	19	8	4	19	41	10	15	2	32	13	
2057_A/duck/Guizhou/8.26_ 14	8	12	2	22	11	7	14	6	9	0	0	9	5	1	12	18	8	5	1	8	5	8	2	11	14	13	3	9	6	5	6	23	5	15	7	8	11	15	12	17	18	26	21	26	5	25	11	6	8	22	5	6	9	18	8	4	19	42	9	15	2	31	14	
2058_A/duck/Hainan/12.29_ 15	8	12	2	21	11	7	14	7	9	0	0	8	5	1	12	19	8	5	1	7	5	8	2	10	14	13	4	10	6	5	6	23	6	15	8	8	10	15	12	17	19	27	20	26	4	24	11	6	8	22	4	6	9	18	8	4	19	42	9	15	2	31	14	
2059_A/duck/Hebei/0908/20 13	10	12	3	23	10	7	13	5	9	0	0	10	4	1	12	17	5	5	1	8	6	8	2	9	13	11	8	13	8	7	2	23	6	11	5	8	9	20	13	17	22	30	19	25	0	23	10	6	6	21	4	5	9	17	9	6	20	48	11	14	4	29	12	
2060_A/duck/Hong_Kong/342 13	12	12	3	23	7	7	13	4	10	0	0	10	3	1	12	16	6	4	1	11	6	9	3	7	13	9	3	15	8	9	5	22	6	14	9	11	12	17	9	17	16	32	16	24	3	23	13	4	7	21	4	6	9	16	9	5	20	46	13	14	3	31	10	
2061_A/duck/Hsinchu/15020 14	10	12	3	23	11	7	13	5	7	0	0	10	5	1	12	14	5	5	1	10	6	8	2	12	14	10	5	10	7	7	5	23	8	11	7	12	8	20	11	16	20	29	19	25	1	24	10	5	2	21	2	5	14	17	11	5	18	46	12	14	5	30	12	
2062_A/duck/HuBei/03/2010 13	10	13	3	23	9	6	13	6	11	0	0	10	3	1	12	17	6	5	1	9	6	8	2	9	15	13	7	10	6	5	3	22	7	16	6	12	9	16	12	15	19	32	17	27	2	21	12	6	5	23	5	4	10	15	7	5	18	47	10	15	5	29	13	
2063_A/duck/Hubei/2911/20 12	11	13	3	24	8	6	13	7	11	0	0	9	3	1	12	17	8	6	1	9	4	7	2	8	15	13	8	11	6	5	2	20	6	16	6	11	10	15	13	18	19	31	17	26	2	23	11	7	5	22	3	4	10	16	9	5	18	48	12	14	5	28	12	
2064_A/duck/Hubei/49/2005 12	10	13	3	24	8	6	13	8	12	0	0	7	2	1	12	17	7	5	1	9	6	8	2	8	15	13	8	12	6	5	2	22	6	15	6	11	10	16	13	16	18	34	17	26	3	20	11	6	5	23	3	4	10	15	9	6	18	48	12	14	5	29	11	
2065_A/duck/Hubei/SZY250/ 15	10	13	3	21	11	6	13	6	9	0	0	14	3	1	12	15	7	5	1	9	3	7	1	7	14	10	6	11	8	8	3	23	5	14	9	10	12	19	8	17	18	33	20	25	2	19	14	8	7	25	4	3	9	12	9	8	20	51	11	11	2	24	13	
2066_A/duck/Hubei/xn/2007 13	9	12	3	23	11	7	13	6	10	1	0	11	3	0	12	15	5	5	2	11	6	8	1	8	14	12	8	11	6	7	2	24	6	10	7	8	10	21	11	18	22	29	20	25	0	23	9	6	7	21	3	4	7	17	10	6	19	49	10	14	5	27	14	
2067_A/duck/Hunan/01.12_Y 17	10	12	2	19	12	7	14	4	8	0	0	11	3	1	12	12	5	4	1	11	6	9	2	8	13	10	6	15	8	8	4	23	7	13	9	11	10	19	9	17	18	33	19	25	2	20	10	3	6	22	6	6	12	14	6	6	16	48	13	13	6	30	11	
2068_A/duck/Hunan/03.07_Y 12	8	13	2	22	11	6	13	7	9	0	0	9	5	1	12	18	9	5	1	7	5	8	2	10	13	12	2	9	5	5	6	24	6	14	7	6	10	15	12	17	18	28	20	24	4	23	11	6	9	23	4	5	7	17	8	3	20	40	9	15	1	30	14	
2069_A/duck/Hunan/03.07_Y 14	9	13	3	22	10	6	13	5	11	0	0	9	3	1	12	18	8	5	1	7	5	8	1	11	14	13	7	10	6	5	4	24	6	16	7	8	10	15	12	17	19	29	18	27	5	23	12	6	8	23	3	5	8	17	9	5	20	43	10	13	2	30	13	
2070_A/duck/Hunan/03.24_Y 14	9	12	2	22	10	7	14	6	11	0	0	7	3	1	12	19	8	5	1	7	5	8	2	11	13	12	7	10	7	6	4	25	6	16	8	7	10	14	12	15	19	29	16	26	4	24	12	7	7	23	3	3	9	17	9	8	20	40	12	15	2	33	11	
2071_A/duck/Hunan/03.24_Y 14	9	12	2	22	10	7	14	6	11	0	0	7	3	1	12	19	8	5	1	7	5	8	2	11	13	12	7	10	7	6	4	25	6	16	8	7	10	14	12	15	19	29	16	26	4	24	12	7	7	23	3	3	9	17	9	8	20	40	12	15	2	33	11	
2072_A/duck/Hunan/03.24_Y 14	9	11	2	22	10	7	14	6	11	0	0	7	3	1	12	19	8	6	1	7	5	8	1	11	13	12	8	10	7	6	4	25	6	16	8	7	10	14	12	15	19	29	16	26	4	24	12	7	7	23	3	3	9	17	9	8	20	40	12	15	2	33	11	
2073_A/duck/Hunan/03.24_Y 14	9	12	2	22	10	7	14	6	11	0	0	7	3	1	12	19	8	5	1	7	5	8	2	11	13	12	7	10	7	6	4	25	6	16	8	7	10	14	12	15	19	29	16	26	4	24	12	7	7	23	3	3	9	17	9	8	20	40	12	15	2	33	11	
2074_A/duck/Hunan/1.12_YY 16	8	12	2	20	11	7	14	7	9	0	0	8	5	1	12	19	8	5	2	7	5	8	1	11	15	13	4	10	5	5	6	23	6	15	8	8	10	15	12	17	19	27	20	25	4	24	11	6	8	22	4	6	9	18	8	4	19	43	9	15	2	30	14	
2075_A/duck/Hunan/1.12_YY 16	8	12	2	20	11	7	14	7	9	0	0	8	5	1	12	19	8	5	2	7	5	8	1	11	15	13	4	10	5	5	6	23	6	15	7	8	10	15	12	17	18	27	20	25	4	24	11	6	8	23	4	6	9	18	8	4	20	43	9	15	2	30	14	
2076_A/duck/Hunan/1.12_YY 17	10	12	2	19	12	7	14	4	8	0	0	11	3	1	12	12	5	4	1	11	6	9	2	8	13	10	6	15	8	8	4	23	7	13	9	11	10	19	9	17	18	33	19	25	2	20	10	3	6	22	6	6	12	14	6	6	16	48	13	13	6	30	11	
2077_A/duck/Hunan/1.17_YY 15	10	11	2	21	9	8	14	6	11	0	0	9	3	1	12	18	7	6	1	7	5	8	1	12	14	13	9	9	6	5	3	24	6	16	9	7	10	14	11	17	19	28	17	26	4	24	12	6	8	23	3	5	8	15	11	6	20	43	9	14	2	31	13	
2078_A/duck/Hunan/11.30_Y 14	9	11	2	22	10	8	14	5	11	0	0	10	3	1	12	18	8	5	1	8	5	8	1	10	13	12	7	11	7	6	4	24	6	17	8	8	10	14	13	17	20	31	16	24	3	23	13	6	8	20	3	4	7	20	8	7	21	42	10	14	2	29	13	
2079_A/duck/Hunan/11.30_Y 15	8	12	2	21	11	7	14	7	9	0	0	7	5	1	12	19	9	5	1	7	5	8	2	11	13	13	4	10	6	5	6	23	6	16	8	7	10	14	12	18	18	27	20	26	5	25	10	6	8	22	3	6	9	18	9	4	19	42	9	15	2	31	14	
2080_A/duck/Hunan/11.30_Y 15	8	12	2	21	11	7	14	7	9	0	0	7	5	1	12	19	9	5	1	7	5	8	2	11	13	13	4	10	6	5	6	23	6	16	8	7	10	14	12	18	18	27	20	26	5	25	10	6	8	22	3	6	9	18	9	4	19	42	9	15	2	31	14	
2081_A/duck/Hunan/11.30_Y 13	10	12	4	23	10	7	13	6	8	0	0	10	5	1	12	15	7	6	1	9	3	8	2	11	13	12	9	12	9	6	2	24	5	13	5	8	11	18	11	18	19	33	14	23	2	20	14	5	5	20	3	5	9	18	10	8	20	43	11	12	5	33	13	
2082_A/duck/Hunan/11.30_Y 12	10	12	4	22	10	7	12	6	8	0	0	10	5	1	12	15	7	6	1	9	3	8	2	11	12	11	8	12	9	6	2	23	5	12	5	9	11	18	11	19	19	33	14	22	2	20	14	5	5	20	3	5	9	17	10	8	19	42	11	11	5	33	13	
2083_A/duck/Hunan/12.27_Y 14	9	11	2	22	10	8	14	6	11	0	0	9	3	1	12	18	8	5	1	7	5	8	1	12	14	13	9	9	6	5	3	24	6	15	8	7	10	15	12	17	19	29	16	26	4	24	12	6	8	23	3	6	8	15	11	5	20	44	9	14	2	30	13	
2084_A/duck/Hunan/12.27_Y 15	8	12	2	21	11	7	14	5	11	0	0	10	3	1	12	18	8	5	1	8	6	8	1	11	12	13	8	10	7	5	4	23	6	15	6	8	10	16	14	17	19	31	16	26	3	23	12	7	10	23	3	5	8	17	9	6	18	43	10	13	2	28	13	
2085_A/duck/Hunan/12.27_Y 14	9	11	2	22	10	8	14	6	11	0	0	9	3	1	12	18	8	5	1	7	5	8	1	12	14	13	9	9	6	5	3	24	6	15	8	7	10	15	12	17	19	29	16	26	4	24	12	6	8	23	3	6	8	15	11	5	20	44	9	14	2	30	13	
2086_A/duck/Hunan/12.27_Y 15	8	12	2	21	11	7	14	5	11	0	0	10	3	1	12	18	8	5	1	8	5	8	1	11	13	13	8	10	7	5	4	23	6	15	6	8	10	16	14	17	19	31	16	26	3	23	12	7	10	23	3	5	8	17	9	6	18	43	10	13	2	28	13	
2087_A/duck/Hunan/12.27_Y 14	9	11	2	22	10	8	14	6	11	0	0	9	3	1	12	18	8	5	1	7	5	8	1	12	14	13	9	9	6	5	3	24	6	15	8	7	10	15	12	17	19	29	16	26	4	24	12	6	8	23	3	6	8	15	11	5	20	44	9	14	2	30	13	
2088_A/duck/Hunan/12.27_Y 15	8	12	2	21	11	7	14	5	11	0	0	10	3	1	12	18	8	5	1	8	6	8	1	11	12	13	8	10	7	5	4	23	6	15	6	8	10	16	14	17	19	31	16	26	3	23	12	7	10	23	3	5	8	17	9	6	18	43	10	13	2	28	13	
2089_A/duck/Hunan/12.27_Y 14	9	11	2	22	10	8	14	6	11	0	0	9	3	1	12	18	8	5	1	7	5	8	1	12	14	13	9	9	6	5	3	24	6	15	8	7	10	15	12	17	19	29	16	26	4	24	12	6	8	23	3	6	8	15	11	5	20	44	9	14	2	30	13	
2090_A/duck/Hunan/12.27_Y 14	9	11	2	22	10	8	14	6	11	0	0	9	3	1	12	18	8	5	1	7	5	8	1	12	14	13	9	9	6	5	3	24	6	15	8	7	10	15	12	17	19	29	16	26	4	24	12	6	8	23	3	6	8	15	11	5	20	44	9	14	2	30	13	
2091_A/duck/Hunan/12.27_Y 14	9	11	2	22	10	8	14	6	11	0	0	9	3	1	12	18	8	5	1	7	5	8	1	12	14	13	9	9	6	5	3	24	6	15	8	7	10	15	12	17	19	29	16	26	4	24	12	6	8	23	3	6	8	15	11	5	20	44	9	14	2	30	13	
2092_A/duck/Hunan/12.27_Y 14	9	11	2	22	10	8	14	6	11	0	0	9	3	1	12	18	8	5	1	7	5	8	1	12	14	13	9	9	6	5	3	24	6	15	8	7	10	15	12	17	19	29	16	26	4	24	12	6	8	23	3	6	8	15	10	5	20	44	10	14	2	30	13	
2093_A/duck/Hunan/12.27_Y 14	9	11	2	22	10	8	14	6	11	0	0	9	3	1	12	18	8	5	1	7	5	8	1	12	14	13	9	9	6	5	3	24	6	15	8	7	10	15	12	17	19	29	16	26	4	24	12	6	8	22	3	6	8	16	11	5	20	44	9	14	2	30	13	
2094_A/duck/Hunan/12.27_Y 14	9	11	2	22	10	8	14	6	11	0	0	9	3	1	12	18	8	5	1	7	5	8	1	12	14	13	9	9	6	5	3	24	6	15	8	7	10	15	12	17	19	29	16	26	4	24	12	6	8	23	3	6	8	15	11	5	20	44	9	14	2	30	13	
2095_A/duck/Hunan/2.06_YY 15	8	12	2	21	11	7	14	7	9	0	0	8	5	1	12	19	9	5	2	7	5	8	2	11	14	12	2	9	5	6	6	24	6	15	7	6	10	15	12	18	17	28	20	26	5	24	11	6	9	23	4	6	8	18	8	3	20	42	9	16	2	31	14	
2096_A/duck/Hunan/2.06_YY 15	8	12	2	21	11	7	14	7	9	0	0	8	5	1	12	19	8	5	1	7	5	8	2	11	14	13	4	9	6	5	6	23	6	15	8	8	10	15	12	17	19	27	20	26	4	24	11	6	8	22	4	6	9	18	8	4	19	43	9	15	2	30	14	
2097_A/duck/Hunan/2.06_YY 15	8	12	2	21	11	7	14	7	9	0	0	8	5	1	12	19	9	5	1	7	5	8	2	10	13	13	3	10	6	5	6	23	6	15	8	7	10	15	12	18	18	28	20	26	5	24	11	6	9	22	4	6	8	18	8	3	19	42	9	16	2	31	14	
2098_A/duck/Hunan/2.06_YY 15	8	12	2	21	11	7	14	7	9	0	0	8	5	1	12	19	9	5	1	7	5	8	2	10	13	13	3	10	6	5	6	23	6	15	8	7	10	15	12	18	18	28	20	26	5	24	11	6	9	22	4	6	8	18	8	3	19	42	9	16	2	31	14	
2099_A/duck/Hunan/3/2007_ 12	9	13	2	23	10	6	14	7	11	0	0	7	3	1	12	17	6	5	1	10	6	8	2	9	16	13	7	12	5	5	3	24	7	17	7	9	10	14	13	16	19	34	19	26	3	19	10	6	5	20	4	4	9	15	9	5	22	49	14	14	2	28	9	
2100_A/duck/Hunan/316/200 13	10	12	4	23	8	6	13	7	12	0	0	8	3	1	12	17	6	5	1	9	6	8	2	9	15	13	7	11	6	5	3	22	6	16	6	11	10	16	13	15	18	32	18	27	3	21	11	6	5	22	5	4	10	15	7	5	18	47	11	15	5	30	12	
2101_A/duck/Hunan/3315/20 12	10	13	3	24	9	6	13	8	11	0	0	8	3	1	12	16	8	4	1	10	4	8	2	8	15	13	8	11	6	6	2	21	6	15	6	11	10	16	13	17	20	30	17	26	2	24	11	6	5	22	3	4	10	17	8	5	18	48	11	14	5	29	12	
2102_A/duck/Hunan/689/200 12	10	13	3	24	7	6	13	8	11	0	0	8	3	1	12	17	8	5	1	9	6	8	2	8	15	13	8	11	6	5	2	21	6	16	6	11	10	15	13	18	19	31	17	26	2	23	11	6	5	22	3	4	10	16	9	5	18	48	11	14	5	29	12	
2103_A/duck/Hunan/7.21_YY 14	9	12	2	22	10	7	14	5	12	0	0	10	2	1	12	18	8	5	1	7	5	8	1	12	14	12	9	9	6	5	4	22	6	15	8	9	10	15	12	17	18	28	17	25	5	24	12	7	8	22	4	5	8	18	8	5	19	43	10	15	3	30	13	
2104_A/duck/Hunan/733/200 16	9	11	4	20	13	7	12	4	9	0	0	11	3	1	12	14	6	6	1	13	5	8	2	5	13	12	5	15	7	6	5	25	6	11	11	8	13	21	7	14	15	35	18	24	3	20	9	4	7	24	4	6	11	13	6	5	18	45	16	16	5	33	9	
2105_A/duck/Hunan/8/2008_ 13	9	13	3	23	10	6	13	4	8	0	0	10	5	1	12	17	5	5	1	9	7	8	2	9	14	12	7	13	7	6	2	25	5	10	6	6	12	20	12	16	20	34	19	25	2	19	11	7	4	22	3	4	12	16	10	5	19	48	13	15	4	29	10	
2106_A/duck/Hunan/S4020/2 12	7	12	3	23	12	7	13	6	12	0	0	9	4	1	12	18	6	5	2	8	6	8	1	9	16	13	7	11	5	5	2	24	7	15	7	9	10	16	12	17	17	34	18	25	3	20	11	8	4	23	3	4	10	14	9	4	22	49	13	14	2	28	10	
2107_A/duck/Hunan/S4030/2 12	9	12	2	22	10	8	14	8	12	0	0	8	3	1	12	19	7	5	1	8	5	8	2	9	17	12	6	10	4	6	5	25	7	13	6	7	9	17	14	17	20	34	18	26	3	18	11	5	6	20	4	5	9	16	9	5	20	47	15	14	2	29	9	
2108_A/duck/Hunan/S4101/2 16	11	13	4	20	11	6	12	5	9	0	0	11	2	1	12	16	4	5	1	11	5	8	2	10	15	11	6	10	7	7	4	24	8	13	11	9	10	18	6	15	17	33	18	25	3	20	11	9	6	23	3	3	12	13	10	4	16	52	9	15	5	27	14	
2109_A/duck/Hunan/S4120/2 17	11	13	4	20	11	6	12	5	9	0	0	11	2	1	12	15	4	5	1	11	5	8	2	10	15	11	6	10	7	7	4	24	8	13	11	9	10	18	6	15	17	33	17	25	3	20	12	9	6	23	3	3	12	13	10	4	16	52	9	15	5	27	14	
2110_A/duck/Hunan/S4150/2 13	10	11	4	23	12	8	12	5	10	0	0	10	3	1	12	14	5	5	1	12	5	8	2	9	13	11	7	12	8	7	3	23	6	12	7	7	8	19	10	18	22	30	19	25	0	23	10	6	7	19	5	5	8	18	9	6	19	48	11	14	5	29	13	
2111_A/duck/Hunan/S4220/2 12	9	13	2	24	10	6	14	6	12	0	0	8	2	1	12	18	9	5	1	8	4	8	2	11	15	13	7	10	5	5	3	23	6	15	7	8	10	15	13	17	20	31	17	26	3	22	12	7	7	21	3	5	9	17	9	5	20	49	11	14	2	26	12	
2112_A/duck/Jiangsu/m234/ 16	10	14	4	21	9	5	12	8	12	0	0	8	2	1	12	18	8	5	1	9	5	8	2	10	15	13	8	8	5	5	2	20	8	19	5	13	10	14	13	13	19	32	18	27	1	23	11	6	8	24	6	4	6	13	7	5	20	42	12	15	5	31	11	
2113_A/duck/Jiangxi/01.11 13	8	12	2	23	11	7	14	5	8	0	0	10	6	1	12	20	8	5	1	6	5	8	2	11	13	13	4	9	7	5	6	23	6	15	8	8	10	15	12	16	19	28	18	27	4	25	11	6	8	22	4	6	9	18	8	4	19	43	9	15	2	30	14	
2114_A/duck/Jiangxi/10160 13	10	12	2	23	9	7	14	6	11	0	0	9	3	1	12	17	9	5	1	8	4	8	2	11	14	13	7	9	6	5	3	23	6	15	9	9	10	16	10	17	20	29	17	26	3	25	11	7	7	20	3	5	9	17	8	5	19	49	12	14	3	27	12	
2115_A/duck/Jiangxi/11.17 14	10	12	3	22	9	7	13	6	11	0	0	7	3	1	12	18	8	5	1	7	5	8	1	11	14	14	9	12	6	4	3	23	6	15	7	8	10	15	12	17	19	29	17	26	4	22	13	7	8	22	4	5	8	18	9	6	20	43	10	13	2	30	13	
2116_A/duck/Jiangxi/11.17 14	10	12	3	22	9	7	13	6	11	0	0	7	3	1	12	18	8	5	1	7	5	8	1	11	14	14	9	12	6	4	3	23	6	15	7	8	9	15	13	17	19	29	17	26	4	22	13	7	8	22	4	5	8	18	9	6	20	43	10	13	2	30	13	
2117_A/duck/Jiangxi/11.29 14	7	12	3	22	12	7	13	5	10	0	0	9	4	1	12	18	8	5	1	8	5	8	2	12	13	13	8	9	7	5	3	23	6	16	6	7	10	15	14	17	20	27	17	26	3	25	12	8	9	20	4	6	8	19	8	3	19	44	9	15	2	29	14	
2118_A/duck/Jiangxi/11.29 15	9	12	2	21	11	7	14	5	11	0	0	11	3	1	12	19	7	5	1	8	5	8	1	11	13	13	8	9	7	5	4	23	6	15	6	8	10	15	15	17	18	31	16	26	3	23	12	7	9	24	3	5	8	16	9	7	19	45	11	12	2	26	12	
2119_A/duck/Jiangxi/11.29 13	8	12	2	23	11	7	14	7	9	0	0	9	5	1	12	21	8	5	1	5	5	8	2	10	13	13	4	9	7	5	6	23	7	15	9	8	10	15	11	17	21	28	18	26	1	25	11	5	9	22	4	7	8	18	8	4	19	42	9	15	2	31	14	
2120_A/duck/Jiangxi/120/2 13	10	12	4	23	9	7	12	7	10	0	0	6	4	1	12	17	8	6	1	9	3	7	2	9	16	12	7	13	5	6	2	22	7	14	4	11	13	17	15	16	18	35	18	26	2	19	11	4	5	23	4	6	10	14	8	7	17	42	11	13	5	35	12	
2121_A/duck/Jiangxi/130/2 13	10	12	4	23	11	7	12	5	10	0	0	9	3	1	12	14	5	5	1	12	5	8	2	9	13	11	7	14	7	7	3	23	6	11	6	8	8	20	11	18	23	29	19	25	0	24	10	6	8	19	5	4	7	17	9	6	19	49	11	14	5	29	13	
2122_A/duck/Jiangxi/13469 13	10	12	2	23	9	7	14	6	11	0	0	9	3	1	12	17	9	5	1	9	4	8	2	11	14	13	7	9	6	5	3	22	6	15	9	8	10	15	11	16	20	29	17	26	3	25	11	8	8	19	3	5	9	18	9	5	19	48	10	14	3	28	13	
2123_A/duck/Jiangxi/13475 13	10	12	2	23	9	7	14	6	11	0	0	9	3	1	12	17	9	5	1	9	4	8	2	11	14	13	7	9	6	5	3	22	6	15	9	8	10	15	11	16	20	29	17	26	3	25	11	8	7	19	3	5	9	18	9	5	20	48	10	14	3	28	13	
2124_A/duck/Jiangxi/13484 13	10	12	2	23	9	7	14	6	11	0	0	9	3	1	12	17	9	5	1	9	4	8	2	11	14	13	7	9	6	5	3	22	6	15	9	8	10	15	11	16	20	29	17	26	3	25	11	8	7	19	3	5	9	18	9	5	20	48	10	14	3	28	13	
2125_A/duck/Jiangxi/2.28N 15	8	12	2	21	11	7	14	6	9	0	0	9	5	1	12	19	9	5	1	7	5	8	2	11	13	13	4	10	6	5	6	23	6	15	8	7	10	15	12	18	18	27	20	25	5	25	10	6	8	22	3	6	9	18	9	4	19	42	9	15	2	31	14	
2126_A/duck/Jiangxi/2.28_ 15	8	12	2	21	11	7	14	6	9	0	0	9	5	1	12	19	9	5	1	7	5	8	2	11	13	13	4	10	6	5	6	23	6	15	8	7	10	15	12	18	18	27	20	25	5	25	10	6	8	22	3	6	9	18	9	4	19	42	9	15	2	31	14	
2127_A/duck/Jiangxi/34/20 12	9	13	3	24	10	6	13	6	11	0	0	8	3	1	12	18	9	5	1	8	4	8	2	11	15	13	7	10	5	5	3	24	6	16	7	8	10	14	13	16	20	33	17	26	3	20	12	6	7	21	4	4	9	15	10	7	20	49	11	14	2	27	11	
2128_A/duck/Jiangxi/35/20 12	9	13	3	24	11	6	13	6	10	0	0	8	3	1	12	18	9	5	1	8	4	8	2	11	15	12	7	10	5	6	3	26	6	15	7	7	10	15	13	15	20	33	18	26	3	20	11	6	7	21	4	5	9	15	10	6	20	49	12	14	2	26	11	
2129_A/duck/Jiangxi/44/20 8	11	11	5	27	9	8	11	7	9	0	0	8	5	1	12	14	5	7	4	9	7	7	4	11	13	9	5	11	8	8	0	20	5	14	8	12	11	17	8	19	21	31	19	25	1	21	13	7	6	22	4	5	8	16	8	4	22	47	19	14	2	29	5	
2130_A/duck/Jiangxi/5.26_ 13	8	12	2	23	11	7	14	7	9	0	0	8	5	1	12	20	8	5	1	6	5	8	2	11	13	13	4	9	7	5	6	23	7	15	8	8	10	16	11	17	20	28	18	26	2	25	11	5	8	22	4	7	9	18	8	4	19	42	9	15	2	31	14	
2131_A/duck/Jiangxi/80/20 13	8	14	3	23	10	6	13	7	12	0	0	8	3	1	12	18	6	5	1	8	5	8	2	9	15	13	7	11	6	5	4	22	5	15	7	11	9	17	13	16	19	34	17	27	3	20	11	6	5	22	5	4	10	15	7	6	18	47	11	13	5	29	12	
2132_A/duck/Jilin/JL-SIV/ 12	9	14	3	24	10	6	13	8	11	0	0	7	2	1	12	17	8	5	0	9	4	7	3	8	15	12	7	12	6	6	2	22	7	15	7	12	12	17	12	15	18	32	19	27	2	21	11	6	4	21	3	3	9	15	9	7	19	49	12	14	4	29	11	
2133_A/duck/Kaohsiung/150 13	9	12	3	24	11	7	13	5	7	0	0	10	6	1	12	14	5	5	1	10	6	8	2	11	14	11	6	10	7	7	4	23	8	11	7	12	8	19	12	16	20	28	19	25	1	25	10	5	2	21	2	5	14	17	11	5	18	46	12	14	5	30	12	
2134_A/duck/Kaohsiung/15W 14	11	13	5	22	9	6	11	4	11	0	0	11	2	1	12	16	6	6	1	10	6	7	2	11	11	11	8	10	9	7	2	23	7	13	6	8	9	19	12	18	20	31	18	25	1	22	11	7	4	21	4	3	11	15	9	6	19	49	11	14	5	29	12	
2135_A/duck/Kaohsiung/20W 15	9	12	2	21	11	7	14	4	8	0	0	10	5	1	12	18	5	6	1	7	6	7	2	10	14	12	9	13	7	6	2	23	5	13	7	8	13	19	11	18	18	34	15	25	1	19	13	5	4	20	2	5	11	17	11	7	18	46	12	13	6	31	11	
2136_A/duck/Liaoning/LN/2 15	10	13	3	22	10	6	13	9	10	0	0	6	3	1	12	16	9	5	1	10	4	8	2	9	14	13	7	11	6	5	2	21	7	17	5	12	10	15	13	12	20	32	20	26	2	21	11	6	6	22	5	4	8	15	7	7	20	46	12	15	4	30	11	
2137_A/duck/Nanchang/9789 13	10	13	2	23	9	6	14	6	12	0	0	8	2	1	12	18	8	5	1	8	5	8	2	11	14	13	7	10	6	5	3	21	6	15	8	9	10	15	12	17	20	31	17	27	2	22	12	8	7	21	3	4	9	17	9	6	20	47	11	14	2	28	12	
2138_A/duck/Nantou/15A343 13	10	12	4	24	11	7	12	4	7	0	0	12	5	1	12	15	5	5	1	10	6	8	2	11	14	11	6	8	7	7	4	23	8	11	7	12	8	20	11	16	20	28	19	25	1	25	10	5	2	21	2	5	14	17	11	5	19	45	13	14	4	30	12	
2139_A/duck/Nantou/17A024 13	11	12	3	24	10	7	13	5	7	0	0	9	5	1	12	13	4	5	2	10	6	8	2	11	14	11	5	11	8	7	4	24	8	11	7	11	7	19	12	17	21	28	19	25	1	25	11	6	2	20	3	5	15	18	10	4	17	48	12	14	5	28	11	
2140_A/duck/Pingtung/1501 14	11	14	4	23	10	5	12	9	11	0	0	10	4	1	12	16	8	5	1	11	4	8	2	7	15	13	6	8	5	5	3	22	7	20	4	11	10	13	14	14	19	31	18	26	4	22	13	7	6	23	5	4	7	14	8	8	19	43	10	12	3	31	12	
2141_A/duck/Pingtung/1501 13	10	12	3	24	11	7	13	5	7	0	0	10	5	1	12	14	5	5	1	10	6	8	2	10	14	11	6	11	7	7	4	23	8	11	7	12	8	20	12	16	20	28	19	25	1	25	10	5	2	21	2	5	14	16	11	5	18	46	12	14	5	30	12	
2142_A/duck/Pingtung/17A0 13	10	12	3	24	11	7	13	5	7	0	0	9	5	1	12	13	4	5	2	10	6	8	2	11	14	11	5	11	8	7	4	24	8	11	7	11	7	19	12	17	21	30	19	25	1	23	11	6	2	20	3	5	15	18	10	5	17	48	12	13	5	28	11	
2143_A/duck/Pingtung/18A0 13	11	12	3	24	10	7	13	5	7	0	0	9	5	1	12	13	4	4	2	11	5	9	2	11	14	11	5	11	8	7	4	24	8	11	6	11	6	19	13	17	22	29	20	25	1	24	10	6	2	20	3	5	15	18	10	3	17	48	12	15	5	28	11	
2144_A/duck/Pingtung/18A0 13	11	12	3	24	10	7	13	5	8	0	0	9	4	1	12	12	4	5	2	11	6	8	2	10	14	11	5	13	7	7	3	24	8	12	8	11	7	18	11	17	21	28	21	25	1	23	11	6	2	21	3	5	15	17	10	5	17	48	10	13	5	28	14	
2145_A/duck/Pingtung/18X0 15	9	13	5	22	11	7	11	6	9	0	0	10	2	1	12	15	5	6	2	11	6	7	1	7	14	10	7	12	7	8	3	26	6	12	7	6	10	19	11	17	21	32	21	26	0	21	8	6	5	21	4	4	11	17	9	5	17	47	12	15	6	29	12	
2146_A/duck/Shandong/009/ 13	10	10	4	23	11	9	13	4	9	0	0	9	3	1	12	15	4	5	1	11	9	8	3	11	13	9	6	13	7	9	2	20	8	15	4	14	12	20	11	15	16	32	19	22	3	19	13	4	6	20	3	6	8	16	9	5	17	51	16	16	6	27	7	
2147_A/duck/Shandong/Q1/2 16	10	14	4	21	9	5	12	8	12	0	0	8	2	1	12	16	7	5	1	9	6	8	2	10	15	13	8	9	5	5	2	22	9	16	5	12	10	16	13	13	19	31	18	26	1	21	13	6	8	23	5	4	6	14	7	6	20	44	12	15	5	31	11	
2148_A/duck/Shandong/SD02 15	10	10	5	21	9	9	11	4	11	0	0	9	3	1	12	18	7	6	1	9	6	7	2	10	13	12	8	12	6	6	2	23	7	11	7	6	9	21	10	17	20	24	19	26	2	27	12	5	7	21	5	4	11	16	9	6	17	51	10	16	4	27	12	
2149_A/duck/Shandong/SD02 15	10	10	5	21	9	9	11	4	11	0	0	9	3	1	12	18	7	6	1	9	6	7	2	10	13	12	8	12	6	6	2	23	7	11	7	6	9	21	10	17	20	24	19	26	2	27	12	5	7	21	5	4	11	16	9	6	17	51	10	16	4	27	12	
2150_A/duck/Sichuan/NCXJ1 13	10	12	2	23	9	7	14	6	11	0	0	8	3	1	12	17	8	5	1	9	5	8	2	11	14	13	7	10	6	5	3	23	6	15	9	8	10	15	11	17	20	29	16	26	3	25	12	6	8	20	3	5	9	17	9	6	19	49	10	13	3	27	13	
2151_A/duck/Sichuan/NCXJ1 13	10	12	2	23	9	7	14	6	11	0	0	8	3	1	12	16	8	5	1	10	5	8	2	11	14	13	7	10	6	5	3	23	6	15	9	8	10	15	11	17	20	29	16	26	3	25	12	6	8	20	3	5	9	17	9	5	19	49	10	14	3	27	13	
2152_A/duck/Sichuan/NCXN1 12	9	13	2	24	10	6	14	6	12	0	0	8	2	1	12	18	9	5	1	8	4	8	2	11	15	13	7	10	5	5	3	23	6	15	7	8	10	15	13	17	20	31	17	26	3	22	12	7	7	21	3	5	9	17	9	5	20	49	11	14	2	26	12	
2153_A/duck/Sichuan/NCXN1 13	9	14	2	23	10	5	14	6	10	0	0	9	4	1	12	18	7	5	1	8	5	8	2	10	15	13	7	10	6	5	3	24	6	16	7	7	10	14	13	17	20	30	16	26	3	23	13	7	7	21	3	5	9	17	10	5	21	46	9	14	1	29	13	
2154_A/duck/Sichuan/SC482 14	9	13	4	22	9	6	12	5	10	0	0	8	3	1	12	18	6	8	1	8	7	5	2	10	13	11	6	13	6	7	4	22	9	13	7	10	8	16	13	16	20	32	23	25	1	19	8	5	6	21	4	7	11	17	9	8	19	50	12	11	5	27	10	
2155_A/duck/Sichuan/SC569 14	9	13	4	22	9	6	12	5	10	0	0	8	3	1	12	18	6	8	1	8	7	5	2	10	13	11	6	13	6	7	4	22	9	13	7	10	9	16	12	16	19	33	22	25	1	19	8	5	6	21	4	7	11	17	10	8	19	50	12	11	5	27	10	
2156_A/duck/Taichung/1501 13	10	12	3	24	11	7	13	5	7	0	0	10	5	1	12	14	5	5	1	10	6	8	2	11	14	11	6	10	7	7	4	23	8	11	7	12	8	20	11	16	20	29	19	25	1	24	10	5	2	21	3	5	14	16	10	5	18	47	12	14	5	30	12	
2157_A/duck/Tainan/150104 14	11	14	4	23	10	5	12	9	11	0	0	10	4	1	12	15	8	5	1	11	4	8	2	7	15	13	6	8	5	5	3	23	7	20	4	11	10	13	14	14	19	31	18	26	4	22	13	7	6	23	5	4	7	14	8	8	19	43	10	12	3	31	12	
2158_A/duck/Tainan/160100 13	10	12	3	24	11	7	13	4	7	0	0	12	5	1	12	14	5	5	1	10	6	8	2	11	14	11	7	9	7	7	4	23	8	12	7	10	9	18	12	17	19	28	18	25	1	25	10	5	2	20	2	6	14	18	11	5	18	48	12	14	5	29	11	
2159_A/duck/Tainan/16WB34 13	9	11	5	23	10	8	11	5	8	0	0	12	5	1	12	15	7	7	1	11	6	6	2	6	13	10	8	13	7	8	2	24	7	12	8	9	9	18	10	17	20	29	16	25	1	25	12	7	4	21	4	3	12	16	10	6	18	50	10	14	5	28	12	
2160_A/duck/Taipei/05WB83 13	10	13	3	23	11	6	13	4	7	0	0	10	5	1	12	16	5	5	1	11	6	8	2	9	15	12	6	13	6	6	4	22	10	10	6	10	7	21	12	16	20	32	18	24	1	21	11	6	4	21	2	4	12	17	11	5	18	49	11	15	5	28	12	
2161_A/duck/Taipei/18WB01 13	9	9	5	22	10	10	11	4	10	0	0	12	3	1	12	15	6	5	1	11	6	8	2	7	13	10	6	13	8	8	3	25	5	12	7	8	10	18	11	16	19	32	18	25	3	21	12	5	4	19	3	5	12	17	11	7	17	49	9	15	6	29	14	
2162_A/duck/Taipei/19WB02 15	9	11	3	21	11	8	13	3	10	0	0	11	3	1	12	18	5	6	1	8	6	7	2	12	13	13	10	10	8	5	1	27	5	11	7	7	12	20	11	15	18	35	17	25	2	17	12	6	4	21	2	5	11	17	11	6	19	44	10	13	5	33	13	
2163_A/duck/Taiwan/01006/ 13	10	12	3	24	11	7	13	5	7	0	0	10	5	1	12	14	5	5	1	10	6	8	2	11	14	10	7	10	7	7	4	23	8	11	7	11	9	19	12	16	20	28	19	25	1	25	10	5	2	21	2	5	14	17	11	5	18	46	12	14	5	30	12	
2164_A/duck/Taiwan/11213/ 12	10	13	4	24	9	6	12	5	12	0	0	7	2	1	12	18	5	5	1	9	7	8	1	9	13	10	5	15	7	8	5	21	7	13	5	12	11	19	13	16	17	28	15	25	2	25	14	5	6	25	3	5	9	11	9	4	18	43	13	16	6	34	12	
2165_A/duck/Taiwan/11254/ 12	10	13	4	24	9	6	12	5	12	0	0	7	1	1	12	18	5	5	1	9	7	8	1	9	13	10	5	15	8	8	5	21	7	13	5	12	11	19	13	16	17	28	15	25	2	25	14	5	6	25	3	5	9	11	9	4	18	42	12	16	6	35	13	
2166_A/duck/Taiwan/A3400/ 14	11	14	4	23	10	5	12	9	11	0	0	10	4	1	12	16	9	5	1	11	3	8	2	7	15	13	6	8	5	5	3	22	7	20	5	11	10	13	13	15	19	31	18	25	4	22	13	7	6	23	5	4	7	14	8	8	19	43	10	12	3	31	12	
2167_A/duck/Taiwan/DV1238 15	10	12	3	21	10	7	13	4	8	0	0	11	5	1	12	15	7	5	1	10	5	8	2	10	13	11	7	12	7	7	3	23	6	10	5	9	9	21	13	17	21	28	18	25	1	25	11	4	7	21	4	6	9	17	9	6	19	47	11	14	4	30	12	
2168_A/duck/Taiwan/DV1241 15	10	12	3	21	10	7	13	4	8	0	0	11	5	1	12	15	7	5	1	10	5	8	2	10	13	11	7	12	7	7	3	23	6	10	5	9	9	21	13	17	21	28	18	25	1	25	11	4	7	21	4	6	9	17	9	6	19	47	11	14	4	30	12	
2169_A/duck/Taiwan/DV1242 15	10	12	3	21	10	7	13	4	8	0	0	11	5	1	12	15	7	5	1	10	5	8	2	10	13	11	7	12	7	7	3	23	6	10	5	9	9	21	13	17	21	28	18	25	1	25	11	4	7	21	4	6	9	17	9	6	19	47	11	14	4	30	12	
2170_A/duck/Taoyuan/16010 13	10	12	3	24	12	7	13	6	7	0	0	9	5	1	12	14	5	6	1	10	5	8	2	11	14	11	6	10	7	6	4	23	8	13	7	10	8	19	12	17	20	26	19	25	1	26	11	5	2	19	2	6	14	17	11	5	18	48	12	14	5	28	12	
2171_A/duck/Wenzhou/YJYF3 13	8	12	5	23	13	7	10	6	11	0	0	9	3	1	12	15	5	5	1	12	5	8	2	9	12	11	6	12	8	7	3	23	6	13	5	7	8	18	13	19	24	30	19	23	1	24	10	7	7	18	5	4	7	19	9	6	18	46	11	14	5	31	13	
2172_A/duck/Wuhan/JXYFB22 14	9	13	2	22	10	6	14	7	11	0	0	9	3	1	12	19	8	5	1	8	5	8	2	10	14	12	7	9	6	6	4	24	6	16	8	7	10	14	12	16	19	29	16	26	4	24	12	7	7	22	3	5	9	18	9	5	20	44	9	14	2	29	14	
2173_A/duck/Wuhan/WHYF02/ 13	9	12	2	23	10	7	14	6	10	0	0	8	4	1	12	19	8	5	1	7	5	8	2	12	14	13	7	8	6	5	4	24	6	17	8	7	10	13	12	17	20	30	16	27	3	23	12	7	8	22	3	5	8	18	9	5	20	42	10	14	2	31	13	
2174_A/duck/Xinjiang/12.1 14	10	12	3	22	10	7	13	5	8	0	0	11	5	1	12	15	6	6	1	10	3	8	2	10	14	12	9	12	9	6	2	24	5	13	5	8	11	18	12	17	18	32	14	24	3	21	14	5	6	22	3	5	10	16	10	8	18	42	12	12	5	34	12	
2175_A/duck/Yilan/17A0092 13	11	12	3	24	10	7	13	5	7	0	0	9	5	1	12	13	4	5	2	10	6	8	2	11	14	11	5	11	8	7	4	24	8	11	7	11	7	19	12	17	21	29	19	25	1	24	10	7	2	21	3	4	15	17	10	4	17	47	12	14	5	29	12	
2176_A/duck/Yunlin/150102 13	10	12	3	24	11	7	13	5	8	0	0	10	5	1	12	14	5	5	1	10	6	8	2	11	14	11	6	10	7	7	4	23	8	11	7	12	8	20	11	16	19	29	19	25	1	24	10	5	2	21	2	5	14	17	11	5	18	46	12	14	5	30	12	
2177_A/duck/Yunlin/150102 15	11	14	4	22	10	5	12	10	11	0	0	9	4	1	12	16	8	5	1	11	4	8	2	7	15	13	6	8	5	5	3	22	7	20	4	11	10	13	14	14	19	31	18	26	4	22	13	7	6	23	5	4	7	14	8	8	19	43	10	12	3	31	12	
2178_A/duck/Yunlin/150103 13	10	12	3	24	11	7	13	5	7	0	0	10	5	1	12	14	5	5	1	10	6	8	2	11	14	11	6	10	7	7	4	23	8	11	7	12	8	20	11	16	20	29	19	25	1	24	10	5	2	21	2	5	14	17	11	5	17	46	12	14	6	30	12	
2179_A/duck/Yunlin/150103 13	10	12	3	24	11	7	13	5	7	0	0	10	5	1	12	14	5	5	1	10	6	8	2	11	14	11	6	10	7	7	4	23	8	11	7	13	8	20	11	16	20	28	19	25	1	25	10	5	2	21	2	4	14	17	11	5	18	46	12	14	5	30	12	
2180_A/duck/Yunlin/150103 13	10	12	3	24	11	7	13	5	7	0	0	10	5	1	12	14	5	5	1	10	6	8	2	11	14	11	6	10	7	7	4	23	8	11	7	12	8	20	11	16	20	29	19	25	1	24	10	5	2	21	2	5	14	17	11	5	18	46	12	14	5	30	12	
2181_A/duck/Yunlin/150104 15	11	14	4	22	10	5	12	10	11	0	0	9	4	1	12	16	8	5	1	11	4	8	2	7	15	13	6	8	5	5	3	22	7	20	4	11	10	13	14	14	19	31	18	26	4	22	13	7	6	23	5	4	7	14	8	8	19	43	10	12	3	31	12	
2182_A/duck/Yunlin/150700 12	10	12	3	25	11	7	13	5	7	0	0	10	5	1	12	14	5	5	1	10	6	8	3	11	14	11	5	10	7	7	4	23	8	13	7	10	8	20	12	17	20	28	18	25	1	25	11	5	2	19	2	6	14	16	11	5	18	46	12	14	5	30	12	
2183_A/duck/Yunlin/15A501 12	10	12	4	25	11	7	12	5	7	0	0	10	5	1	12	14	5	5	1	10	6	8	3	10	14	11	5	11	6	7	4	23	8	14	7	11	8	18	12	17	20	29	19	25	2	24	10	4	3	19	2	6	14	17	11	5	18	47	12	14	4	29	12	
2184_A/duck/Yunlin/171100 13	11	12	3	24	10	7	13	6	7	0	0	9	5	1	12	13	4	5	2	10	6	8	2	10	13	11	4	11	9	7	5	24	8	11	7	9	7	19	12	19	21	29	19	25	1	24	10	6	2	21	4	5	15	17	9	5	16	44	12	14	5	32	12	
2185_A/duck/Yunlin/17A008 13	11	12	3	24	10	7	13	5	7	0	0	9	5	1	12	13	4	5	2	10	6	8	2	11	14	11	5	11	8	7	4	24	8	11	7	11	7	19	12	16	21	29	19	26	1	24	10	6	2	21	3	5	15	17	10	5	17	46	12	14	5	29	12	
2186_A/duck/Yunlin/17A068 13	11	12	2	24	10	7	14	4	7	0	0	10	5	1	12	13	4	5	2	10	6	8	2	11	14	11	4	11	8	7	5	24	9	11	7	10	6	19	12	18	21	29	19	25	1	24	10	6	3	21	3	5	15	17	10	4	17	46	12	14	4	30	12	
2187_A/duck/Yunlin/180600 13	12	12	3	24	10	7	13	6	6	0	0	10	5	1	12	13	4	5	2	10	6	8	1	10	13	11	5	10	9	7	5	23	8	11	6	9	7	19	13	20	21	28	19	25	1	25	10	6	2	20	4	5	15	17	10	5	16	44	12	14	5	32	12	
2188_A/duck/Yunlin/18X000 13	7	11	5	23	13	8	11	7	7	0	0	12	5	1	12	16	7	8	1	10	5	6	2	7	14	10	8	11	6	8	2	25	7	13	7	8	9	17	11	16	20	29	16	24	1	25	12	7	4	21	4	3	12	16	10	7	19	51	12	14	4	27	10	
2189_A/duck/Yunnan/4072/2 17	9	11	4	19	13	8	12	4	9	0	0	12	3	1	12	16	6	5	1	11	5	8	2	5	14	12	5	14	7	6	5	25	7	12	11	8	13	20	8	14	16	37	18	25	2	17	10	5	5	23	4	5	11	13	6	5	18	46	17	15	5	32	8	
2190_A/duck/Yunnan/426/20 17	9	11	4	19	13	8	12	7	9	0	0	9	3	1	12	17	6	5	2	10	5	8	1	5	14	12	5	14	7	6	5	25	7	12	11	8	13	20	8	14	16	37	18	25	2	17	10	5	5	23	4	5	11	13	6	5	18	44	17	15	5	34	8	
2191_A/duck/Yunnan/4645/2 17	9	11	4	19	13	8	12	5	9	0	0	11	3	1	12	16	6	5	1	11	5	8	2	5	14	12	5	14	7	6	5	25	7	12	11	8	13	20	8	14	16	37	18	25	2	17	10	5	5	23	4	5	11	13	6	5	18	46	17	15	5	32	8	
2192_A/duck/Yunnan/47/200 12	12	13	2	23	9	6	14	7	11	0	0	7	3	1	12	18	7	5	1	7	6	8	2	10	15	14	7	11	5	4	4	22	6	15	6	11	10	15	15	17	21	33	18	26	2	21	10	7	5	23	3	4	11	15	7	5	20	45	14	14	2	28	10	
2193_A/duck/Yunnan/485/20 17	9	11	4	19	13	8	12	7	9	0	0	9	3	1	12	17	6	5	2	10	5	8	1	5	14	12	5	14	7	6	5	25	7	12	11	8	13	20	8	15	15	37	18	25	3	17	10	5	5	23	4	5	11	13	6	5	17	46	18	15	5	32	7	
2194_A/duck/Yunnan/4873/2 12	10	13	2	24	9	6	14	7	11	0	0	7	3	1	12	17	7	5	1	9	5	8	2	9	15	14	7	12	6	4	3	24	5	17	5	9	11	14	15	17	19	34	17	25	3	19	11	6	6	22	4	4	9	15	8	6	19	48	13	14	4	29	10	
2195_A/duck/Yunnan/5090/2 17	9	11	4	19	13	8	12	6	9	0	0	10	3	1	12	16	6	5	1	11	5	8	2	5	14	12	5	14	7	6	5	25	7	12	11	8	13	20	8	14	16	38	18	25	2	16	10	5	5	23	4	5	11	13	6	5	18	46	17	15	5	32	8	
2196_A/duck/Yunnan/5169/2 17	9	11	4	19	13	8	12	6	9	0	0	10	3	1	12	16	6	5	1	11	5	8	2	5	14	12	5	14	7	6	5	25	7	12	11	8	13	20	8	14	16	38	18	25	2	16	10	5	5	23	4	5	11	13	6	5	18	46	17	15	5	32	8	
2197_A/duck/Yunnan/522/20 17	9	11	4	19	13	8	12	7	9	0	0	9	3	1	12	17	6	5	2	10	5	8	1	5	14	12	5	14	7	6	5	25	7	12	11	8	13	20	8	14	16	37	18	25	2	17	10	5	5	23	4	5	11	13	6	5	18	44	17	15	5	34	8	
2198_A/duck/Yunnan/5310/2 12	10	11	3	24	9	8	13	8	11	0	0	7	3	1	12	17	7	5	1	9	5	8	2	8	15	13	8	12	6	5	2	22	7	15	6	12	9	16	13	17	20	32	17	26	1	22	12	6	6	23	3	3	10	15	8	5	18	48	13	14	4	28	11	
2199_A/duck/Yunnan/5948/2 17	9	11	4	19	13	8	12	7	9	0	0	9	3	1	12	17	6	5	1	10	5	8	2	5	14	12	5	14	7	6	5	25	7	12	11	8	13	20	8	14	16	37	18	25	2	17	10	5	5	23	4	5	11	13	6	5	18	46	17	15	5	32	8	
2200_A/duck/Yunnan/6080/2 17	9	11	4	19	13	8	12	7	9	0	0	9	3	1	12	17	6	5	2	10	5	8	1	5	14	12	5	14	7	6	5	25	7	12	11	8	13	20	8	14	16	37	18	25	2	17	10	5	5	23	4	5	11	13	6	5	18	45	17	15	5	33	8	
2201_A/duck/Yunnan/6603/2 17	9	11	4	19	13	8	12	7	9	0	0	9	3	1	12	17	6	5	2	10	5	8	1	5	14	12	5	14	7	6	5	25	7	12	11	8	13	20	8	14	16	38	18	25	2	17	10	5	5	23	4	5	11	13	6	5	18	44	18	15	5	33	7	
2202_A/duck/Zhejiang/1026 17	11	14	2	20	10	6	14	6	9	0	0	13	3	1	12	15	5	5	3	9	4	7	1	7	14	9	5	11	8	9	3	23	5	14	8	10	12	18	8	17	18	33	21	25	2	18	14	8	7	23	5	3	9	14	8	7	20	51	12	12	2	25	12	
2203_A/duck/Zhejiang/1220 13	10	12	2	23	8	7	14	8	12	0	0	7	3	1	12	18	7	5	1	7	5	8	2	12	19	12	7	9	3	6	4	25	6	15	5	7	10	17	14	17	20	32	16	26	3	20	13	5	6	21	3	5	10	15	9	5	19	49	13	14	2	27	11	
2204_A/duck/Zhejiang/213/ 12	9	13	2	24	10	6	14	6	12	0	0	8	3	1	12	18	8	5	1	8	4	8	2	11	15	13	7	10	5	5	3	22	7	14	8	8	9	16	13	17	20	32	16	26	3	22	12	8	7	21	3	4	9	16	9	6	20	50	12	14	2	25	11	
2205_A/duck/Zhejiang/224/ 12	9	14	2	24	10	5	14	6	11	0	0	8	3	1	12	18	9	5	1	8	4	8	2	11	15	13	7	10	5	5	3	24	6	15	7	8	10	15	13	17	20	33	17	27	2	20	12	7	7	21	4	3	9	16	9	6	20	50	11	14	2	26	11	
2206_A/duck/Zhejiang/2242 12	9	14	2	24	10	5	14	6	11	0	0	8	3	1	12	18	9	5	1	8	4	8	2	11	15	13	7	10	5	5	3	24	6	15	7	8	10	15	13	17	20	33	17	27	2	20	12	7	7	21	4	3	9	16	9	6	20	50	11	14	2	26	11	
2207_A/duck/Zhejiang/2243 12	9	14	2	24	10	5	14	6	11	0	0	8	3	1	12	18	9	5	1	8	4	8	2	11	15	13	7	10	5	5	3	24	6	15	7	8	10	15	13	17	20	33	17	27	2	20	12	7	7	21	4	3	9	16	9	6	20	50	11	14	2	26	11	
2208_A/duck/Zhejiang/2244 12	9	14	2	24	10	5	14	6	11	0	0	8	3	1	12	18	9	5	1	8	4	8	2	11	15	13	7	10	5	5	3	24	6	15	7	8	10	15	13	17	20	33	17	27	2	20	12	7	7	21	4	3	9	16	9	6	20	50	11	14	2	26	11	
2209_A/duck/Zhejiang/2245 13	10	12	3	23	10	7	13	6	8	0	0	9	5	1	12	16	6	5	1	9	6	8	2	9	13	11	8	13	7	7	2	24	6	11	5	9	9	20	13	17	22	31	19	25	0	23	9	5	6	22	4	4	9	16	8	6	20	46	12	14	4	31	12	
2210_A/duck/Zhejiang/2248 12	9	14	2	24	10	5	14	6	11	0	0	8	3	1	12	18	9	5	1	8	4	8	2	11	15	13	7	10	5	5	3	24	6	15	7	8	10	15	13	17	20	33	17	27	2	20	12	7	7	21	4	3	9	16	9	6	20	50	11	14	2	26	11	
2211_A/duck/Zhejiang/6D18 15	10	13	4	22	9	6	12	8	11	0	0	8	3	1	12	15	8	6	1	10	5	8	2	10	14	12	8	9	6	5	2	22	9	16	4	12	10	16	14	12	17	31	19	25	3	20	13	6	9	24	5	5	6	13	7	6	21	43	14	16	3	32	9	
2212_A/duck/Zhejiang/6D2/ 13	10	12	2	23	9	7	14	6	12	0	0	9	3	1	12	17	9	5	1	9	4	8	2	11	13	13	8	9	6	5	3	23	6	15	9	8	10	15	11	17	20	29	16	26	3	25	11	7	7	20	3	5	9	17	9	5	19	49	11	14	3	27	12	
2213_A/duck/Zhejiang/6DK1 15	10	12	2	21	9	7	14	7	12	0	0	8	3	1	12	17	7	5	1	9	6	8	3	10	13	13	7	10	6	5	2	22	6	16	9	10	10	15	10	16	20	28	17	26	2	26	11	7	7	21	5	4	9	17	8	7	19	47	14	12	3	29	9	
2214_A/duck/Zhejiang/7270 14	11	12	2	22	9	7	14	6	10	0	0	9	3	1	12	18	8	5	1	8	5	8	2	11	14	12	8	9	6	6	3	23	6	16	8	7	10	14	12	17	17	30	16	25	4	25	11	8	7	22	4	5	9	18	9	5	21	45	9	15	2	28	13	
2215_A/duck/Zhejiang/7271 13	9	14	1	23	10	5	15	5	10	0	0	10	4	1	12	17	8	5	1	8	5	8	2	11	14	13	7	9	6	5	4	24	7	16	8	8	9	14	12	17	20	29	16	26	3	24	12	7	7	22	4	5	9	18	9	5	20	43	9	14	2	30	13	
2216_A/duck/Zhejiang/7713 13	9	13	2	23	10	6	14	6	11	0	0	10	3	1	12	18	9	5	1	8	4	8	2	11	13	13	7	8	7	5	3	24	6	15	6	8	10	15	14	17	20	31	18	26	3	22	11	6	7	20	3	5	9	18	9	5	20	48	11	14	2	27	12	
2217_A/duck/Zhejiang/9250 14	9	14	4	23	9	5	12	7	12	0	0	9	3	1	12	15	8	5	1	10	5	8	2	10	15	13	8	9	5	5	2	23	9	16	4	11	10	16	14	12	19	29	17	24	1	23	14	6	10	23	5	5	6	13	7	6	20	46	13	17	3	30	10	
2218_A/duck/Zhejiang/9251 14	9	14	4	23	9	5	12	7	12	0	0	9	3	1	12	15	8	5	1	10	6	8	2	10	15	13	8	9	5	5	2	23	8	15	4	11	10	17	14	12	19	29	17	24	1	23	14	6	10	24	5	5	6	13	7	6	20	45	13	17	3	30	10	
2219_A/duck/Zhejiang/W24/ 15	10	14	4	22	9	5	12	8	12	0	0	8	2	1	12	15	8	5	1	10	5	8	2	10	15	13	8	9	5	5	2	23	8	17	4	11	11	15	14	12	18	31	18	25	2	21	13	6	9	24	5	5	6	13	7	6	21	44	14	16	3	31	9	
2220_A/egret/Zhejiang/W15 15	9	12	2	22	10	7	14	5	11	0	0	10	3	1	12	17	8	5	1	8	5	8	1	11	14	13	8	10	6	5	4	24	6	16	7	8	9	15	13	17	19	30	16	25	3	24	12	7	8	21	4	5	8	18	9	5	21	43	9	15	1	29	13	
2221_A/egret/Zhejiang/W18 18	10	12	4	18	11	7	13	4	10	0	0	8	2	1	12	13	5	5	2	12	7	8	3	11	13	7	5	15	8	11	2	18	7	14	5	15	11	21	10	14	17	31	22	25	2	19	11	4	6	18	4	6	10	17	7	5	19	54	12	16	3	25	12	
2222_A/equine/China/61/20 12	10	13	2	24	9	6	14	7	11	0	0	7	3	1	12	16	7	5	1	10	5	8	2	9	15	13	7	12	6	5	3	23	6	16	6	10	11	15	13	16	19	34	18	26	2	20	10	6	5	22	3	4	10	15	9	6	19	48	12	14	4	29	11	
2223_A/equine/China/67/20 12	9	13	2	24	10	6	14	7	11	0	0	7	3	1	12	17	7	5	1	9	5	8	2	9	15	13	7	12	6	5	3	23	6	16	6	10	11	15	13	16	19	34	18	26	2	20	10	6	5	21	3	5	9	16	9	6	19	48	12	14	4	29	11	
2224_A/equine/China/68/20 12	10	13	2	23	9	6	14	7	11	0	0	7	3	1	12	16	7	5	1	11	5	8	2	9	15	13	7	12	6	5	3	23	6	16	6	10	11	15	13	16	19	33	18	26	2	21	10	6	5	22	3	4	10	15	9	6	19	48	12	14	4	29	11	
2225_A/eurasian_coot/Shan 15	10	10	5	21	9	9	11	4	11	0	0	9	3	1	12	18	7	6	1	9	6	7	2	10	12	11	7	12	7	7	3	23	7	12	7	7	9	20	10	17	20	24	19	25	2	27	12	5	7	20	4	4	11	18	10	6	17	51	10	16	4	26	12	
2226_A/eurasian_coot/Shan 15	10	10	5	21	9	9	11	4	11	0	0	9	3	1	12	18	7	6	1	9	6	7	2	10	12	11	7	12	7	7	3	23	7	12	7	7	9	20	10	17	20	24	19	25	2	27	12	5	7	20	4	4	11	18	10	6	17	51	10	16	4	26	12	
2227_A/eurasian_coot/Shan 15	10	10	5	21	9	9	11	4	11	0	0	9	3	1	12	18	7	6	1	9	6	7	2	10	12	11	7	12	7	7	3	23	7	12	7	7	9	20	10	17	20	24	19	25	2	27	12	5	7	20	4	4	11	18	10	6	17	51	10	16	4	26	12	
2228_A/eurasian_coot/Shan 15	10	10	5	21	9	9	11	4	11	0	0	9	3	1	12	18	7	6	1	9	6	7	2	10	12	11	7	12	7	7	3	23	7	12	7	7	9	20	10	17	20	24	19	25	2	27	12	5	7	20	4	4	11	18	10	6	17	51	10	16	4	26	12	
2229_A/feline/Guangdong/2 13	9	13	2	23	10	6	14	7	10	0	0	9	4	1	12	19	9	5	1	7	5	8	2	9	14	13	7	10	5	5	4	24	6	16	8	7	10	15	12	17	20	27	17	26	3	25	12	7	8	22	3	5	8	17	9	5	20	42	11	14	2	31	12	
2230_A/gadwall/Ningxia/YG 15	10	11	4	21	10	8	12	5	8	0	0	7	5	1	12	16	7	5	1	9	5	8	2	12	14	12	6	13	6	6	3	22	8	10	8	9	9	20	10	18	20	26	20	25	1	26	11	5	4	22	3	5	13	15	10	5	18	49	9	15	4	29	14	
2231_A/goose/Changhua/150 13	10	12	3	24	11	7	13	5	7	0	0	10	5	1	12	14	5	5	1	10	6	8	2	11	14	11	6	10	7	7	4	23	8	11	7	12	8	20	11	16	20	29	19	25	1	24	10	5	2	22	3	5	14	15	10	5	18	48	12	14	5	29	12	
2232_A/goose/Chiayi/15010 13	10	12	3	24	11	7	13	5	7	0	0	10	5	1	12	13	5	5	1	11	6	8	2	11	14	11	6	10	7	7	4	23	8	12	7	12	8	19	11	16	20	28	19	25	1	25	10	5	2	21	2	5	14	17	11	5	18	46	12	14	5	30	12	
2233_A/goose/Chiayi/15010 13	10	12	3	24	11	7	13	5	7	0	0	10	5	1	12	14	5	5	1	10	6	8	2	11	14	11	6	10	7	7	4	23	8	11	7	12	8	19	12	16	19	28	19	25	2	25	10	5	2	21	2	5	14	17	11	5	18	46	12	14	5	30	12	
2234_A/goose/Chiayi/15020 15	11	14	4	22	10	5	12	10	11	0	0	9	4	1	12	16	8	5	1	11	4	8	2	7	15	13	6	8	5	5	3	22	8	20	4	11	9	13	14	14	19	31	18	26	4	22	13	7	6	23	5	4	7	14	8	8	19	43	10	12	3	31	12	
2235_A/goose/Chiayi/16010 13	10	12	3	24	11	7	13	4	7	0	0	12	5	1	12	14	5	5	1	10	6	8	2	11	14	11	7	9	7	7	4	23	8	12	7	10	9	18	12	17	19	28	18	25	1	25	10	5	2	20	2	6	14	18	11	5	18	48	12	14	5	28	12	
2236_A/goose/Chiayi/16040 15	10	13	3	22	11	6	13	5	7	0	0	10	5	1	12	14	4	6	1	10	7	7	2	11	14	11	6	10	7	7	4	23	8	12	7	10	8	18	12	16	21	29	19	25	1	24	10	5	2	19	2	6	14	19	11	5	18	48	12	14	5	28	12	
2237_A/goose/Chiayi/16040 15	10	13	3	22	11	6	13	5	7	0	0	10	5	1	12	14	4	6	1	10	7	7	2	11	14	11	6	10	7	7	4	23	8	12	7	10	8	18	12	16	21	29	19	25	1	24	10	5	2	19	2	6	14	19	11	5	18	48	12	14	5	28	12	
2238_A/goose/Chiayi/17020 13	11	12	3	24	10	7	13	5	7	0	0	9	5	1	12	13	4	5	2	10	6	8	2	11	14	11	5	11	8	7	4	24	8	11	7	11	7	19	12	17	21	29	19	25	1	25	9	6	2	20	3	5	15	18	9	4	17	47	13	14	5	29	12	
2239_A/goose/Chiayi/17040 13	10	12	2	24	11	7	14	5	8	0	0	11	5	1	12	15	5	6	1	10	6	7	2	11	13	9	6	8	8	9	4	24	9	11	8	11	7	18	11	17	20	27	21	25	1	26	9	5	3	21	2	4	14	19	10	4	17	45	10	14	5	30	14	
2240_A/goose/Chiayi/18010 13	11	11	4	25	9	8	12	6	6	0	0	9	6	1	12	13	4	5	2	10	6	8	2	10	13	11	4	11	9	7	5	25	8	11	7	9	7	19	12	19	21	29	19	25	1	24	10	5	2	21	3	5	15	17	10	5	16	44	12	14	5	32	12	
2241_A/goose/Chiayi/18020 13	11	12	3	24	10	7	13	6	7	0	0	9	5	1	12	13	4	6	2	10	6	8	2	11	13	11	4	10	9	6	5	24	8	11	7	9	7	19	12	19	22	29	19	25	1	24	10	6	2	21	3	5	15	17	10	5	15	44	12	14	5	32	12	
2242_A/goose/Chiayi/18020 13	11	12	3	24	10	7	13	6	7	0	0	9	5	1	12	13	4	6	2	10	6	8	2	11	13	11	4	10	9	6	5	24	8	11	7	9	7	19	12	19	21	29	19	25	1	24	10	6	2	21	3	5	15	17	10	5	16	44	12	14	5	32	12	
2243_A/goose/China/0701/2 15	9	12	2	21	10	7	14	7	9	0	0	8	5	1	12	19	9	5	1	7	5	8	2	11	13	13	4	9	6	5	6	23	6	15	8	7	11	15	12	19	17	27	20	25	5	25	10	6	10	21	2	6	8	18	9	4	19	42	10	15	2	30	15	
2244_A/goose/China/1/2021 15	10	10	5	21	9	9	11	5	11	0	0	8	3	1	12	18	7	6	1	9	6	8	1	10	13	11	7	12	6	7	3	23	7	11	6	7	9	21	11	17	21	25	18	25	2	27	12	5	7	19	4	4	11	18	10	6	17	51	9	16	4	26	13	
2245_A/goose/China/1106/2 16	11	14	2	21	10	6	14	6	10	0	0	13	2	1	12	15	7	5	1	9	3	7	1	7	15	9	6	11	7	9	3	23	6	15	7	10	11	17	9	16	18	32	20	25	2	21	13	8	7	23	4	3	9	14	9	9	20	49	12	11	2	27	12	
2246_A/goose/China/E43/20 13	9	13	2	23	10	6	14	6	11	0	0	8	3	1	12	18	9	6	1	8	4	8	2	10	16	13	7	11	4	5	3	24	7	15	7	8	10	14	13	17	19	32	17	26	2	21	12	6	7	21	4	4	9	16	9	6	21	49	12	14	2	26	11	
2247_A/goose/China/M14/20 17	11	12	4	19	10	7	13	5	10	0	0	8	2	1	12	13	5	5	2	12	7	8	3	10	13	7	5	15	8	11	3	18	8	13	5	15	10	21	11	15	17	31	21	25	2	19	11	4	6	18	4	6	10	17	7	4	19	54	12	16	3	25	12	
2248_A/goose/Eastern_Chin 15	11	11	4	22	8	8	12	9	11	0	0	6	3	1	12	16	8	5	1	9	5	8	2	9	15	13	7	11	5	5	2	22	7	17	5	11	10	15	13	13	19	30	20	27	3	22	11	6	6	22	7	5	9	16	6	7	19	46	10	13	4	30	12	
2249_A/goose/Eastern_Chin 12	10	12	2	24	9	7	14	7	11	0	0	7	3	1	12	16	7	6	1	11	3	7	2	8	16	13	7	13	4	5	4	25	6	16	5	10	13	15	14	15	18	34	17	27	1	20	10	5	5	22	4	5	10	15	8	8	18	46	12	13	4	31	11	
2250_A/goose/Eastern_Chin 15	10	14	4	22	9	5	12	8	12	0	0	8	2	1	12	15	8	5	1	10	5	8	2	10	15	13	7	9	5	5	3	23	9	16	4	11	10	16	14	12	18	31	18	25	2	21	13	6	9	24	4	5	6	13	8	6	21	44	14	16	3	31	9	
2251_A/goose/Eastern_Chin 16	10	14	4	21	10	5	12	8	12	0	0	8	2	1	12	16	8	5	1	9	5	8	2	10	15	13	8	9	5	5	2	22	9	16	5	12	10	16	13	13	19	31	18	26	1	21	13	6	8	24	5	4	5	13	7	6	22	43	13	15	3	31	11	
2252_A/goose/Eastern_Chin 16	10	14	4	21	9	5	12	7	12	0	0	8	2	1	12	17	8	5	1	9	5	8	2	11	15	13	8	8	5	5	2	23	8	18	7	11	10	14	12	12	19	32	18	26	1	21	12	6	8	25	5	4	6	13	7	7	20	43	13	15	5	30	11	
2253_A/goose/Eastern_Chin 16	10	13	4	21	9	6	12	7	12	0	0	8	2	1	12	15	8	5	1	10	5	8	2	11	14	13	8	9	6	5	2	22	10	16	4	12	10	16	14	12	17	31	18	25	2	21	13	6	9	25	5	5	6	12	7	6	21	42	15	16	3	32	9	
2254_A/goose/Eastern_Chin 16	9	14	2	21	10	5	14	7	12	0	0	7	2	1	12	15	7	5	1	10	6	8	2	12	14	13	8	9	6	5	4	23	8	16	8	8	9	15	12	16	20	31	16	25	1	21	12	6	9	23	3	5	7	16	9	6	19	41	12	14	4	33	12	
2255_A/goose/Fujian/10.11 14	10	12	2	22	9	7	14	5	11	0	0	10	3	1	12	17	8	5	1	9	5	8	1	11	14	13	8	10	6	5	4	23	7	15	8	8	9	15	13	17	19	31	15	26	3	23	13	7	8	23	3	5	8	17	9	5	21	43	8	14	1	29	14	
2256_A/goose/Fujian/10.26 14	9	11	2	22	10	8	14	5	11	0	0	10	3	1	12	18	8	5	1	8	5	8	1	10	12	12	7	11	8	6	4	24	6	17	8	8	10	14	13	17	20	31	17	24	3	23	12	6	8	20	3	5	7	20	8	6	21	42	11	14	2	29	12	
2257_A/goose/Fujian/10.26 14	9	11	2	22	10	8	14	5	11	0	0	10	3	1	12	18	8	5	1	8	5	8	1	10	12	12	7	11	8	6	4	24	6	17	8	8	10	14	13	17	20	31	17	24	3	23	12	6	8	20	3	5	7	20	8	6	21	42	11	14	2	29	12	
2258_A/goose/Fujian/10.26 14	9	11	2	22	10	8	14	5	11	0	0	10	3	1	12	18	8	5	1	8	5	8	1	10	12	12	7	11	8	6	4	24	6	17	8	8	10	14	13	17	20	31	17	24	3	23	12	6	8	20	3	5	7	20	8	6	20	42	11	14	3	29	12	
2259_A/goose/Fujian/10.26 14	9	11	2	22	10	8	14	5	11	0	0	10	3	1	12	18	8	5	1	8	5	8	1	10	12	12	7	11	8	6	4	24	6	17	8	8	10	14	13	17	20	31	17	24	3	23	12	6	8	20	3	5	7	20	8	6	20	42	11	14	3	29	12	
2260_A/goose/Fujian/10.26 14	9	11	2	22	10	8	14	5	11	0	0	10	3	1	12	18	8	5	1	8	5	8	1	10	12	12	7	11	8	6	4	24	6	17	8	8	10	14	13	17	20	31	17	24	3	23	12	6	8	20	3	5	7	20	8	6	20	42	11	14	3	29	12	
2261_A/goose/Fujian/10.26 14	9	11	2	22	10	8	14	5	11	0	0	10	3	1	12	18	8	5	1	8	5	8	1	10	12	12	7	11	8	6	4	24	6	17	8	8	10	14	13	17	20	31	17	24	3	23	12	6	8	20	3	5	7	20	8	6	20	42	11	14	3	29	12	
2262_A/goose/Fujian/10.26 14	9	11	2	22	10	8	14	5	11	0	0	10	3	1	12	18	8	5	1	8	5	8	1	10	12	12	7	11	8	6	4	24	6	17	8	8	10	14	13	17	20	31	17	24	3	23	12	6	8	20	3	5	7	20	8	6	21	42	11	14	2	29	12	
2263_A/goose/Fujian/10.26 14	9	11	2	22	10	8	14	5	11	0	0	10	3	1	12	18	8	5	1	8	5	8	1	10	12	12	7	11	8	6	4	24	6	17	8	8	10	14	13	17	20	31	17	24	3	23	12	6	8	20	3	5	7	20	8	6	20	42	11	14	3	29	12	
2264_A/goose/Fujian/10.26 14	9	11	2	22	10	8	14	5	11	0	0	10	3	1	12	18	8	5	1	8	5	8	1	10	12	12	7	11	8	6	4	24	6	17	8	8	10	14	13	17	20	31	17	24	3	23	12	6	8	20	3	5	7	20	8	6	21	42	11	14	2	29	12	
2265_A/goose/Fujian/11.3_ 14	10	12	2	22	9	7	14	5	11	0	0	10	3	1	12	17	8	5	1	9	5	8	1	11	14	13	8	10	6	5	4	23	7	15	8	8	9	15	13	17	19	30	15	26	3	24	13	7	8	23	3	5	8	17	9	5	21	43	8	14	1	29	14	
2266_A/goose/Fujian/3.15_ 14	8	11	2	20	11	8	13	7	9	0	0	8	5	1	12	19	8	5	1	7	5	8	2	11	13	12	3	9	6	5	6	23	6	14	8	8	9	15	12	17	20	26	20	25	4	25	11	6	8	22	4	6	9	17	8	4	19	42	9	14	2	30	14	
2267_A/goose/Fujian/3.15_ 14	8	11	2	20	11	8	13	7	9	0	0	8	5	1	12	19	8	5	1	7	5	8	2	11	13	12	3	9	6	5	6	23	6	14	8	8	9	15	12	17	20	26	19	25	4	25	12	6	8	22	4	6	9	17	8	4	19	42	9	14	2	30	14	
2268_A/goose/Fujian/3.15_ 15	8	12	2	19	11	7	13	6	9	0	0	9	5	1	12	19	9	5	2	7	5	8	1	11	13	12	3	10	5	5	6	23	6	14	8	8	10	15	12	17	19	27	20	24	4	24	11	6	8	22	4	6	9	17	8	4	19	42	9	14	2	30	14	
2269_A/goose/Fujian/3.15_ 14	9	12	3	22	10	7	13	7	9	0	0	8	5	1	12	19	9	5	1	7	5	8	2	11	13	13	5	9	6	5	5	23	6	15	8	7	11	15	12	18	20	27	19	26	3	25	11	6	8	21	4	6	8	19	7	4	19	42	9	15	2	31	15	
2270_A/goose/Fujian/3.15_ 15	8	13	2	21	11	6	14	7	9	0	0	8	5	1	12	19	8	5	1	7	5	8	2	11	14	13	4	9	6	5	6	23	6	15	8	8	10	15	12	17	18	27	20	26	5	24	11	6	8	22	4	6	9	18	8	4	19	42	9	15	2	31	14	
2271_A/goose/GuangDong/11 15	12	10	4	22	9	9	12	3	10	0	0	12	3	1	12	12	5	7	3	10	7	7	4	16	15	9	4	8	5	8	3	19	7	16	7	7	10	16	9	20	20	30	23	26	1	22	7	5	7	24	7	6	6	13	4	8	20	48	18	13	4	29	8	
2272_A/goose/Guangdong/7. 15	8	13	2	21	11	6	14	7	9	0	0	8	5	1	12	19	8	5	1	7	5	8	2	11	13	13	4	9	7	5	6	23	7	16	7	8	10	15	12	17	19	27	19	26	3	24	12	6	8	21	4	6	9	19	8	4	19	41	9	15	2	32	14	
2273_A/goose/Guangdong/72 17	10	11	4	19	11	8	12	4	9	0	0	12	4	1	12	15	6	6	1	12	5	7	2	5	13	11	5	14	7	6	7	24	6	9	10	8	13	19	9	13	16	33	17	26	2	21	10	5	5	24	6	5	11	14	7	5	20	43	19	15	5	32	9	
2274_A/goose/Guangdong/QY 14	8	11	2	22	11	8	14	7	9	0	0	8	5	1	12	18	8	5	1	8	5	8	2	11	13	13	5	9	7	5	6	24	6	15	8	8	10	15	12	17	20	27	19	26	3	24	11	6	9	22	4	6	9	17	8	3	19	43	9	15	2	29	15	
2275_A/goose/Guangdong/k0 15	9	12	3	22	10	7	13	10	11	0	0	5	3	1	12	16	8	5	1	9	5	8	2	10	15	13	6	11	5	5	3	22	7	18	5	12	10	15	13	12	20	29	19	26	2	23	12	5	7	23	5	4	10	14	7	7	17	46	12	14	5	30	11	
2276_A/goose/Guangdong/s1 16	11	14	5	21	8	5	11	8	12	0	0	8	2	1	12	16	8	5	1	9	5	8	2	10	15	13	8	9	5	5	2	22	9	16	5	12	10	16	13	14	19	32	18	25	1	20	13	6	8	22	5	4	6	15	7	6	22	45	12	15	3	30	11	
2277_A/goose/Hebei/HG12/2 15	10	10	5	21	9	9	11	4	11	0	0	9	3	1	12	18	7	5	1	9	6	8	2	10	13	11	7	12	6	7	3	23	7	11	7	7	9	21	10	16	20	24	18	25	2	27	12	5	7	20	4	4	11	17	10	7	17	52	11	16	4	26	12	
2278_A/goose/Henan/01.01_ 15	9	12	2	21	10	7	14	5	9	0	0	10	5	1	12	17	8	5	1	9	5	8	1	11	14	13	8	10	6	5	4	23	7	15	7	8	9	15	13	17	19	30	17	26	3	23	11	7	8	23	3	5	8	17	10	5	20	45	9	14	2	28	13	
2279_A/goose/Hong_Kong/23 15	12	12	3	21	7	7	13	5	10	0	0	9	3	1	12	16	6	4	1	11	6	9	3	6	12	8	3	16	9	10	5	22	4	13	10	10	14	19	7	16	16	34	17	25	3	20	13	4	7	22	4	7	9	15	9	5	20	40	12	14	3	38	10	
2280_A/goose/Hubei/65/200 12	10	13	3	24	9	6	13	8	11	0	0	7	3	1	12	17	7	5	1	9	5	8	2	8	15	13	8	12	6	5	2	22	6	15	6	11	10	17	13	16	18	33	16	26	3	22	11	6	5	22	3	4	10	15	9	6	18	48	12	14	5	29	11	
2281_A/goose/Inner_Mongol 13	11	13	3	23	9	5	13	5	7	0	0	10	5	1	12	16	6	6	1	11	5	8	2	9	15	12	6	12	6	6	4	24	10	11	6	9	7	20	12	16	20	32	17	25	0	21	12	6	4	21	2	4	12	17	10	6	18	49	12	14	5	28	12	
2282_A/goose/Jiangsu/QD5/ 15	9	14	4	22	9	5	12	8	13	0	0	8	2	1	12	15	8	5	1	10	4	8	2	11	16	13	8	8	5	5	2	23	9	16	4	11	10	16	14	12	18	31	18	25	2	21	13	6	9	24	5	5	6	13	7	6	21	43	14	16	3	32	9	
2283_A/goose/Jiangsu/k040 13	10	12	3	23	10	7	13	7	10	1	0	10	3	0	12	15	5	6	1	11	6	7	2	8	13	12	8	11	7	7	2	24	6	10	7	8	11	21	11	18	21	30	20	25	0	23	9	5	7	21	3	4	9	17	10	6	18	48	10	14	5	29	12	
2284_A/goose/Pingtung/150 13	10	12	3	24	11	7	13	5	7	0	0	10	5	1	12	14	5	5	1	10	6	8	2	11	14	11	6	10	7	7	4	23	8	11	7	12	8	19	12	16	20	28	19	25	1	25	10	5	2	21	2	5	14	17	11	5	18	46	12	14	5	30	12	
2285_A/goose/Pingtung/150 13	10	12	3	24	11	7	13	5	7	0	0	10	5	1	12	14	5	5	1	10	6	8	2	11	14	11	6	10	7	7	4	23	8	11	7	12	8	19	12	16	20	27	19	25	1	26	10	5	2	21	2	5	14	17	11	5	18	46	12	14	5	30	12	
2286_A/goose/Pingtung/150 14	11	14	4	23	10	5	12	9	11	0	0	10	4	1	12	16	8	5	1	11	4	8	2	7	15	13	6	8	5	5	3	22	7	20	4	11	10	13	14	14	20	31	18	26	4	22	13	7	6	23	5	4	7	14	8	8	18	44	10	12	3	30	12	
2287_A/goose/Pingtung/160 14	10	14	4	23	11	5	12	8	11	0	0	11	4	1	12	16	7	6	1	11	5	7	2	8	15	13	6	7	5	5	3	22	7	20	5	11	9	13	13	14	22	30	19	26	3	23	12	8	6	23	5	3	7	14	8	8	18	44	10	12	3	30	12	
2288_A/goose/Shantou/1763 13	9	13	2	23	10	6	14	5	10	0	0	10	4	1	12	18	8	5	1	8	4	8	2	11	15	13	7	9	6	5	4	24	5	16	8	7	11	14	12	17	20	30	16	26	2	25	12	7	7	22	3	5	9	18	9	5	20	42	10	14	3	29	13	
2289_A/goose/Tainan/16040 14	11	14	4	23	10	5	12	7	11	0	0	11	4	1	12	16	8	6	1	11	4	7	2	8	15	13	6	8	5	5	3	22	7	20	5	11	9	13	13	14	22	31	18	26	3	22	13	8	6	23	5	3	7	14	7	8	18	44	11	12	3	30	12	
2290_A/goose/Tainan/16070 14	11	14	4	23	10	5	12	8	11	0	0	10	4	1	12	17	8	6	1	10	4	7	2	8	15	13	6	8	5	5	3	22	7	21	5	11	9	12	13	14	22	31	18	26	3	22	13	8	6	23	5	3	7	14	7	8	18	44	11	12	3	30	12	
2291_A/goose/Tainan/17030 13	11	12	3	24	10	7	13	4	7	0	0	10	5	1	12	13	4	5	2	10	6	8	2	11	14	10	5	11	8	8	4	24	8	11	7	11	8	19	12	17	21	31	17	25	1	24	11	6	2	21	3	5	14	17	10	4	17	46	12	14	5	29	12	
2292_A/goose/Tainan/17030 13	10	12	3	23	10	7	13	5	7	0	0	9	5	1	12	14	5	5	2	11	6	8	2	11	15	11	5	9	7	7	4	24	8	11	7	11	7	19	12	17	21	29	19	26	1	24	10	6	2	21	3	5	15	17	10	4	17	48	11	14	5	28	13	
2293_A/goose/Tainan/18010 13	11	12	3	24	10	7	13	5	7	0	0	9	5	1	12	13	4	5	2	10	6	8	2	11	14	10	4	11	8	8	5	24	8	11	7	8	7	19	12	19	21	29	18	25	1	24	11	6	2	21	3	6	15	17	10	4	17	44	12	14	5	32	12	
2294_A/goose/Tainan/18050 13	11	12	2	24	11	7	14	5	7	0	0	9	4	1	12	13	4	4	2	10	6	9	2	11	14	11	4	11	8	7	5	23	9	11	6	11	6	20	12	18	21	30	18	24	2	24	11	6	2	21	3	5	15	17	10	4	17	46	13	14	4	30	11	
2295_A/goose/Taiwan/01019 15	10	15	4	22	10	5	12	9	11	0	0	10	4	1	12	16	8	5	1	12	4	8	2	7	15	13	6	8	5	5	3	22	7	19	4	11	10	13	14	14	19	31	18	26	4	22	13	7	6	23	5	4	7	14	8	8	19	42	10	12	3	32	12	
2296_A/goose/Taiwan/01022 13	10	12	3	24	11	7	13	5	7	0	0	10	5	1	12	14	5	5	1	10	6	8	2	11	14	11	6	10	7	7	4	23	8	11	7	12	8	19	12	16	20	30	19	25	1	23	10	5	2	21	2	5	14	17	11	4	18	46	12	15	5	29	13	
2297_A/goose/Taiwan/01023 13	10	12	3	24	11	7	13	5	7	0	0	10	5	1	12	14	5	5	1	10	6	8	2	11	14	11	6	10	7	7	4	23	8	11	7	12	8	19	12	15	20	28	19	25	2	25	10	5	2	21	2	4	14	17	11	5	19	46	12	14	5	30	12	
2298_A/goose/Taiwan/01031 13	10	12	3	24	11	7	13	5	7	0	0	10	5	1	12	13	5	6	1	10	6	8	2	11	14	11	6	10	7	7	4	23	8	11	7	12	8	19	12	16	20	28	19	25	1	25	10	5	2	21	2	5	14	17	11	5	18	46	12	14	5	30	12	
2299_A/goose/Taiwan/01038 14	11	14	4	22	11	5	12	8	11	0	0	10	4	1	12	16	8	5	1	11	4	8	2	8	15	13	6	8	5	5	3	22	7	20	4	11	10	13	14	14	19	31	18	26	4	22	13	7	6	23	5	4	7	14	8	9	19	41	11	11	3	32	12	
2300_A/goose/Taiwan/01039 13	12	14	4	23	10	5	12	9	11	0	0	10	4	1	12	16	8	5	1	11	4	8	2	7	15	13	6	8	5	5	3	22	7	20	4	11	10	13	14	14	20	31	18	26	3	22	13	7	6	23	5	4	7	14	8	8	19	43	10	12	3	31	12	
2301_A/goose/Taiwan/01040 13	10	12	3	24	11	7	13	5	7	0	0	10	5	1	12	14	5	5	1	10	6	9	2	11	14	11	6	10	7	7	4	22	8	11	7	13	8	19	11	15	21	27	20	25	1	25	10	5	2	21	2	5	14	17	11	5	18	46	12	14	5	30	12	
2302_A/goose/Taiwan/TNC1/ 15	11	14	4	22	10	5	12	9	11	0	0	10	4	1	12	16	8	5	1	11	4	8	2	7	15	13	6	8	5	5	3	22	7	21	4	11	10	12	14	14	19	31	18	26	4	22	13	7	6	23	5	4	7	14	8	8	19	43	10	12	3	31	12	
2303_A/goose/Taiwan/TNC10 15	11	14	4	22	10	5	12	9	11	0	0	10	4	1	12	16	8	5	1	11	4	8	2	7	15	13	6	8	5	5	3	22	7	21	4	11	10	12	14	14	19	31	18	26	4	22	13	7	6	23	5	4	7	14	8	8	19	43	10	12	3	31	12	
2304_A/goose/Taiwan/TNC11 14	11	14	4	23	10	5	12	9	11	0	0	10	4	1	12	16	8	5	1	11	4	8	2	7	15	13	6	8	5	5	3	22	7	20	4	11	10	13	14	14	19	31	18	26	4	22	13	7	6	23	5	4	7	14	8	8	19	43	10	12	3	31	12	
2305_A/goose/Taiwan/TNC12 15	11	14	4	22	10	5	12	9	11	0	0	10	4	1	12	16	8	5	1	11	4	8	2	7	15	13	6	8	5	5	3	22	7	21	4	11	10	12	14	14	19	31	18	26	4	22	13	7	6	23	5	4	7	14	8	8	19	43	10	12	3	31	12	
2306_A/goose/Taiwan/TNC14 15	11	14	4	22	10	5	12	9	11	0	0	10	4	1	12	16	8	5	1	11	4	8	2	7	15	13	6	8	5	5	3	22	7	21	4	11	10	12	14	14	19	31	18	26	4	22	13	7	6	23	5	4	7	14	8	8	19	43	10	12	3	31	12	
2307_A/goose/Taiwan/TNC3/ 15	11	14	4	22	10	5	12	9	11	0	0	10	4	1	12	16	8	5	1	11	4	8	2	7	15	13	6	8	5	5	3	22	7	20	4	11	10	13	14	14	19	31	18	26	4	22	13	7	6	23	5	4	7	14	8	8	19	43	10	12	3	31	12	
2308_A/goose/Taiwan/TNC7/ 15	11	14	4	22	10	5	12	9	11	0	0	10	4	1	12	16	8	5	1	11	4	8	2	7	15	13	6	8	5	5	3	22	7	21	4	11	10	12	14	14	19	31	18	26	4	22	13	7	6	23	5	4	7	14	8	8	19	43	10	12	3	31	12	
2309_A/goose/Taiwan/TNC9/ 15	11	14	4	22	10	5	12	9	11	0	0	10	4	1	12	16	8	5	1	11	4	8	2	7	15	13	6	8	5	5	3	22	7	20	4	11	10	13	14	14	19	31	18	26	4	22	13	7	6	23	5	4	7	14	8	8	19	43	10	12	3	31	12	
2310_A/goose/Taiwan/TNO15 13	11	14	4	23	10	5	12	9	11	0	0	10	4	1	12	17	8	5	1	11	4	8	2	7	15	13	6	8	5	5	3	22	7	20	4	11	10	13	14	14	19	31	18	26	4	22	13	7	6	23	5	4	7	14	8	8	19	43	10	12	3	31	12	
2311_A/goose/Taiwan/TNO3/ 14	11	14	4	23	10	5	12	9	10	0	0	10	5	1	12	16	8	5	1	11	4	8	2	7	15	13	6	8	5	5	3	22	7	20	4	11	10	13	14	14	19	31	18	26	4	22	13	7	6	23	5	4	7	14	8	8	19	43	10	12	3	31	12	
2312_A/goose/Taiwan/TNO9/ 14	11	14	4	23	10	5	12	9	11	0	0	10	4	1	12	16	8	5	1	11	4	8	2	7	15	13	6	8	5	5	3	22	7	20	4	11	10	13	14	14	19	31	18	26	4	22	13	7	6	23	5	4	7	14	8	8	19	43	10	12	3	31	12	
2313_A/goose/Taoyuan/1501 15	11	14	4	22	10	5	12	10	11	0	0	9	4	1	12	16	8	5	1	11	4	8	2	8	15	13	6	7	5	5	3	22	7	20	4	11	10	13	14	14	19	31	18	26	4	22	13	7	6	23	5	4	7	14	8	8	19	43	10	12	3	31	12	
2314_A/goose/Taoyuan/1812 14	7	11	5	23	11	8	11	5	8	0	0	11	5	1	12	15	8	6	0	10	5	7	3	7	13	10	8	12	7	8	2	24	7	13	7	9	9	17	10	16	19	31	15	26	2	24	13	7	4	20	4	4	12	17	11	5	19	48	11	16	4	29	11	
2315_A/goose/Xinjiang/12. 12	10	13	3	24	9	6	13	6	9	0	0	9	4	1	12	17	7	5	1	9	6	8	1	12	14	13	6	8	6	5	5	25	9	17	8	7	9	14	11	17	17	29	15	26	4	24	14	6	7	22	3	5	9	17	9	5	21	41	13	14	2	32	11	
2316_A/goose/Xinjiang/12. 12	10	13	3	24	9	6	13	6	9	0	0	9	4	1	12	17	7	5	1	9	6	8	1	12	14	13	6	8	6	5	5	25	9	17	8	7	9	14	11	17	17	29	15	26	4	24	14	6	7	22	3	5	9	17	9	5	21	41	13	14	2	32	11	
2317_A/goose/Xinjiang/12. 14	10	12	3	22	10	7	13	5	8	0	0	11	5	1	12	15	6	6	1	10	3	8	2	10	14	12	9	12	9	6	2	24	5	13	5	8	11	18	12	17	18	32	14	24	3	21	14	5	5	22	3	5	10	17	10	8	19	42	12	12	5	33	12	
2318_A/goose/Xinjiang/12. 14	10	12	3	22	10	7	13	5	8	0	0	11	5	1	12	15	6	6	1	10	3	8	2	10	14	12	9	12	9	6	2	24	5	13	5	8	11	18	12	17	18	32	14	24	3	21	14	5	5	21	3	5	10	17	10	8	19	42	12	12	5	34	12	
2319_A/goose/Xinjiang/12. 14	10	12	3	22	10	7	13	5	8	0	0	11	5	1	12	15	6	6	1	10	3	8	2	10	14	12	9	12	9	6	2	24	5	13	5	8	11	18	12	17	18	32	14	24	3	21	14	5	5	21	3	5	10	17	10	8	19	42	12	12	5	34	12	
2320_A/goose/Xinjiang/12. 14	10	12	3	22	10	7	13	5	8	0	0	11	5	1	12	15	6	6	1	10	3	8	2	10	14	12	9	12	9	6	2	24	5	13	5	8	11	18	12	17	18	32	14	24	3	21	14	5	5	21	3	5	10	17	10	8	19	42	12	12	5	34	12	
2321_A/goose/Yangzhou/042 15	10	14	4	22	9	5	12	8	12	0	0	8	2	1	12	15	8	5	1	10	5	8	2	11	15	12	8	8	5	6	2	22	9	16	4	12	10	16	14	12	17	32	18	25	2	21	13	6	9	25	5	5	6	13	8	6	21	44	14	16	3	30	8	
2322_A/goose/Yangzhou/YZ5 14	9	12	2	22	10	7	14	5	11	0	0	10	3	1	12	18	8	5	1	7	5	8	1	12	14	13	7	9	6	5	4	22	6	16	8	9	10	14	12	17	18	29	18	26	5	23	12	7	8	22	3	5	8	18	9	5	20	44	9	14	2	29	14	
2323_A/goose/Yunlin/15010 13	10	12	3	24	11	7	13	5	7	0	0	10	5	1	12	14	5	5	1	10	6	8	2	11	14	11	6	10	7	7	4	23	8	11	7	12	8	20	11	16	20	28	19	25	1	25	10	5	2	21	2	5	14	17	11	5	18	47	12	14	5	29	12	
2324_A/goose/Yunlin/15010 13	10	12	3	24	11	7	13	5	7	0	0	10	5	1	12	14	5	5	1	10	6	8	2	11	14	11	6	10	7	7	4	23	8	11	7	12	8	20	11	16	20	28	19	25	1	25	10	5	2	21	2	5	14	17	11	5	18	46	12	14	5	30	12	
2325_A/goose/Yunlin/15010 13	10	12	3	24	11	7	13	5	7	0	0	10	5	1	12	14	5	5	1	10	6	8	2	11	14	11	6	10	7	7	4	23	8	11	7	12	8	20	11	16	20	28	19	25	1	25	10	5	2	21	2	5	14	17	11	5	18	46	12	14	5	30	12	
2326_A/goose/Yunlin/15010 13	10	12	3	24	11	7	13	5	7	0	0	10	5	1	12	14	5	5	1	10	6	8	2	11	14	11	6	10	7	7	4	23	8	11	7	12	8	20	11	16	20	28	19	25	1	25	10	5	2	21	2	5	14	17	11	5	18	46	12	14	5	30	12	
2327_A/goose/Yunlin/15010 13	10	12	3	24	11	7	13	5	7	0	0	10	5	1	12	14	5	5	1	10	6	8	2	11	14	11	6	10	7	7	4	23	8	11	7	12	8	20	11	16	20	28	19	25	1	25	10	5	2	21	2	5	14	17	11	5	18	46	12	14	5	30	12	
2328_A/goose/Yunlin/15040 14	11	14	4	23	10	5	12	9	11	0	0	10	4	1	12	16	8	5	1	11	4	8	2	7	15	13	6	8	5	5	3	22	7	20	4	11	10	14	14	14	19	30	19	26	4	22	13	6	6	23	5	5	7	13	8	8	19	43	10	12	3	31	12	
2329_A/goose/Yunlin/16020 15	9	12	3	22	12	7	13	5	7	0	0	10	5	1	12	14	4	5	1	10	7	8	2	11	14	11	6	10	7	7	4	24	8	12	7	9	8	19	12	17	20	30	18	25	1	24	10	5	2	20	2	6	14	17	11	5	18	48	12	14	5	28	12	
2330_A/goose/Yunlin/16020 14	10	12	3	23	11	7	13	5	7	0	0	10	5	1	12	14	4	5	1	10	7	8	2	11	14	11	6	10	7	7	4	23	8	14	7	10	8	18	11	16	20	31	18	25	1	23	10	5	2	20	2	6	14	17	11	6	18	48	12	14	5	28	12	
2331_A/goose/Yunlin/16040 15	8	12	3	22	12	7	13	5	8	0	0	10	5	1	12	14	4	5	1	10	7	8	2	11	14	11	6	10	7	7	4	23	9	12	7	10	7	19	12	17	20	30	18	25	1	24	10	4	3	20	2	6	14	17	11	5	18	48	12	14	5	28	12	
2332_A/goose/Yunlin/17100 13	11	12	3	24	10	7	13	6	7	0	0	9	5	1	12	13	3	5	2	10	6	8	2	11	15	11	5	10	8	7	5	24	8	11	7	11	7	19	13	17	21	29	19	25	1	24	9	6	2	20	3	5	15	18	9	4	17	46	12	14	5	30	12	
2333_A/goose/Yunlin/18030 13	11	12	3	24	10	7	13	5	7	0	0	9	5	1	12	14	3	5	2	9	6	8	1	10	14	11	7	12	9	7	3	24	8	11	8	11	7	18	13	17	21	33	20	25	1	20	9	6	2	21	3	5	15	17	9	5	17	48	12	13	5	28	12	
2334_A/goose/Yunlin/18030 13	11	12	3	24	10	7	13	5	7	0	0	9	5	1	12	14	3	5	2	9	6	8	1	10	14	11	7	12	9	7	3	24	8	11	8	11	7	18	13	17	21	33	20	25	1	20	9	6	2	21	3	5	15	17	9	5	17	48	12	13	5	28	12	
2335_A/goose/Yunlin/18040 13	11	12	3	24	10	7	13	6	7	0	0	9	5	1	12	13	3	5	2	10	6	8	2	10	14	11	4	11	9	7	5	26	7	11	7	8	9	19	12	18	20	29	18	25	1	24	11	6	3	21	3	5	13	17	10	4	18	45	12	14	5	31	12	
2336_A/goose/Yunlin/18040 13	10	12	2	24	11	7	14	5	7	0	0	9	5	1	12	13	4	4	2	10	6	9	2	11	14	11	4	11	8	7	5	23	9	12	6	11	6	19	12	18	21	30	18	25	1	24	11	6	2	21	3	5	15	17	10	4	17	44	13	14	5	31	11	
2337_A/goose/Yunlin/18090 13	9	12	2	24	11	7	14	6	8	0	0	8	5	1	12	13	4	5	2	10	6	8	2	11	14	11	4	11	8	7	5	23	9	13	6	11	6	18	12	18	21	30	18	25	1	24	11	6	2	21	3	5	15	17	10	4	17	44	13	14	5	31	11	
2338_A/goose/Yunlin/18090 13	10	12	5	23	11	8	11	5	9	0	0	11	3	1	12	15	5	6	2	11	6	7	0	7	14	10	7	13	7	8	3	25	6	12	7	7	10	19	11	16	21	31	21	25	0	22	8	6	5	21	4	4	11	16	10	6	17	46	12	15	5	31	12	
2339_A/goose/Yunlin/18110 14	7	11	5	23	11	8	11	5	8	0	0	11	5	1	12	15	8	6	0	9	6	7	3	7	13	10	8	12	7	8	2	24	7	13	7	8	9	17	10	16	19	30	15	26	2	24	13	7	4	20	4	5	12	17	11	5	19	49	10	16	4	29	12	
2340_A/goose/Yunnan/3798/ 14	10	13	2	22	9	6	14	7	11	0	0	7	3	1	12	18	7	5	1	8	5	8	2	11	15	13	7	11	6	5	3	22	6	17	6	10	10	13	15	16	20	34	18	26	1	21	10	7	5	22	3	4	10	15	8	6	19	48	13	14	4	28	10	
2341_A/goose/Yunnan/4371/ 12	10	13	2	24	9	6	14	7	11	0	0	7	3	1	12	17	7	5	1	9	5	8	2	9	15	14	7	12	6	4	3	24	5	16	5	9	11	14	15	16	19	34	17	26	3	20	11	6	6	22	4	4	9	15	8	6	19	48	12	14	4	29	11	
2342_A/goose/Yunnan/4389/ 12	10	13	2	24	9	6	14	7	11	0	0	7	3	1	12	17	7	5	1	9	5	8	2	9	15	14	7	12	6	4	3	24	5	16	5	9	11	14	15	16	19	34	17	26	3	20	11	6	6	22	4	4	9	15	8	6	19	48	12	14	4	29	11	
2343_A/goose/Yunnan/4985/ 12	10	13	2	24	9	6	14	7	11	0	0	7	3	1	12	17	7	5	1	9	5	8	2	9	15	14	7	12	6	4	3	24	5	17	5	9	11	14	15	16	19	34	17	26	3	19	11	6	6	22	4	5	8	15	8	6	18	48	13	14	5	29	10	
2344_A/goose/Yunnan/5141/ 12	10	12	2	24	9	7	14	7	12	0	0	6	2	1	12	17	7	5	1	8	5	8	2	11	17	12	7	12	4	6	3	25	6	16	6	8	11	15	14	16	19	36	18	26	2	19	10	5	5	22	3	5	10	15	8	7	18	46	12	14	4	30	11	
2345_A/goose/Yunnan/5769/ 12	9	11	3	24	10	8	13	8	11	0	0	7	3	1	12	17	7	5	1	9	5	8	2	8	15	13	8	12	6	5	2	22	7	15	6	12	9	16	12	17	20	32	17	26	1	22	12	6	6	23	4	3	10	15	8	5	17	48	13	14	5	28	11	
2346_A/goose/Yunnan/5979/ 12	9	11	3	24	10	8	13	8	11	0	0	7	3	1	12	17	7	5	1	9	5	8	2	8	15	13	8	12	6	5	2	22	7	15	6	12	9	16	12	17	20	32	17	26	1	22	12	6	6	23	4	3	10	15	8	5	18	48	13	14	4	28	11	
2347_A/goose/Yunnan/6193/ 13	10	13	2	23	9	6	14	6	11	0	0	7	3	1	12	17	7	5	1	9	5	8	2	10	15	13	7	12	6	5	3	23	6	16	6	10	11	15	13	17	19	34	18	26	2	20	10	6	5	22	3	4	10	15	9	5	19	48	12	14	4	29	11	
2348_A/goose/Zhejiang/112 13	11	12	2	23	8	7	14	6	11	0	0	9	3	1	12	17	9	5	1	9	4	8	2	11	15	14	7	8	6	5	3	23	6	15	9	8	10	15	11	17	18	29	16	27	3	25	11	6	7	20	4	6	9	17	9	5	20	48	9	14	3	28	13	
2349_A/goose/Zhejiang/112 13	9	13	3	23	9	6	13	8	12	0	0	6	4	1	12	20	6	5	1	6	5	8	2	13	19	12	7	9	3	6	4	25	7	14	5	6	10	18	14	18	18	32	15	26	3	20	14	5	7	21	3	5	10	14	10	5	18	48	13	14	2	28	11	
2350_A/goose/Zhejiang/112 13	12	12	2	23	7	7	14	6	11	0	0	9	3	1	12	17	9	5	1	9	4	8	2	11	14	14	7	8	6	5	3	23	6	15	10	8	10	15	10	17	19	29	15	27	3	25	12	6	7	21	3	6	10	17	8	5	18	48	13	14	4	27	11	
2351_A/goose/Zhejiang/727 13	9	14	2	23	10	5	14	5	10	0	0	10	4	1	12	17	8	5	1	8	5	8	2	11	14	13	7	9	6	5	4	24	7	16	8	8	9	14	12	17	20	29	16	26	3	24	12	7	7	22	4	5	9	18	9	5	20	44	9	14	2	29	13	
2352_A/goose/Zhejiang/727 15	11	12	2	22	9	7	14	7	12	0	0	9	3	1	12	18	7	5	1	7	5	8	2	10	18	12	8	9	3	6	3	25	6	15	5	7	9	17	14	17	20	33	16	26	3	18	14	5	5	21	3	5	11	15	9	4	19	47	12	15	2	30	11	
2353_A/goose/Zhejiang/727 13	9	14	2	23	10	5	15	5	10	0	0	10	4	1	12	17	8	5	1	8	5	8	2	11	14	13	7	9	6	5	4	24	6	16	8	8	10	14	11	17	21	29	16	26	3	24	12	7	7	22	4	5	9	18	9	5	19	44	10	14	2	29	12	
2354_A/goose/Zhejiang/771 13	9	13	2	23	10	6	14	6	11	0	0	10	3	1	12	18	9	5	1	9	4	8	2	11	13	13	7	7	7	5	3	24	6	15	6	8	10	15	14	17	20	31	18	26	3	22	11	6	7	20	3	5	9	18	9	5	20	48	11	14	2	27	12	
2355_A/goose/Zhejiang/771 13	9	13	2	22	11	6	14	6	11	0	0	10	3	1	12	17	9	5	1	8	2	8	2	12	14	13	7	8	7	5	3	24	7	15	6	8	10	15	14	17	20	31	18	26	3	22	11	6	7	20	3	5	10	19	8	5	20	48	11	14	2	26	12	
2356_A/goose/Zhejiang/771 13	9	13	2	22	11	6	14	6	11	0	0	10	3	1	12	17	9	5	1	8	2	8	2	12	14	13	7	8	7	5	3	24	7	15	6	8	10	15	14	17	20	31	18	26	3	22	11	6	7	20	3	5	10	19	8	5	20	48	11	14	2	26	12	
2357_A/goose/Zhejiang/925 14	9	13	2	22	10	6	14	6	11	0	0	9	2	1	12	17	8	6	2	10	4	8	2	11	14	12	7	9	6	6	3	24	6	15	8	7	10	14	12	17	18	31	16	25	4	22	12	7	7	22	2	5	9	18	8	5	21	44	9	15	3	29	16	
2358_A/goose/Zhejiang/925 15	10	12	2	22	9	7	14	3	11	0	0	10	2	1	13	15	6	5	2	9	7	8	1	10	16	12	9	14	5	6	2	24	9	13	5	9	10	19	13	16	17	31	21	24	1	20	9	4	7	25	3	6	9	13	8	4	19	49	12	15	5	28	11	
2359_A/goose/Zhejiang/925 15	9	14	4	22	9	5	12	8	12	0	0	9	2	1	13	16	8	6	1	9	5	9	2	10	15	12	7	9	5	5	3	22	9	16	4	11	10	16	14	12	17	33	18	25	2	20	13	6	9	23	5	6	6	13	7	5	21	45	13	16	3	31	9	
2360_A/goose/Zhejiang/925 13	10	12	2	23	9	7	14	6	11	0	0	9	3	1	12	18	9	5	1	8	4	8	2	11	14	13	7	9	6	5	3	23	6	15	9	8	10	15	11	18	19	30	15	26	2	25	12	7	7	20	3	5	9	17	9	4	20	48	11	14	4	28	12	
2361_A/goose/Zhejiang/925 15	9	14	4	22	9	5	12	8	12	0	0	9	2	1	12	16	8	6	1	9	5	9	2	10	15	12	7	9	5	5	3	23	9	16	4	11	10	16	14	11	19	33	16	25	2	20	15	6	9	23	5	6	6	13	7	5	20	45	13	16	3	30	10	
2362_A/goose/Zhejiang/925 13	10	12	2	23	9	7	14	6	11	0	0	9	3	1	12	18	9	5	1	8	4	8	2	11	14	13	7	9	6	5	3	23	6	15	9	8	10	15	11	18	19	30	15	26	2	25	12	7	7	20	3	5	9	17	9	4	20	48	11	14	4	28	12	
2363_A/great_black-headed 13	10	12	3	23	10	7	13	5	10	1	0	11	3	0	11	15	6	5	1	11	5	8	2	9	13	12	8	12	7	7	2	23	5	10	7	9	9	21	11	17	20	32	20	26	1	22	9	6	7	20	4	4	8	18	10	5	19	50	10	14	5	27	13	
2364_A/great_crested-greb 13	10	12	3	23	10	7	13	5	10	1	0	10	3	0	12	15	6	5	1	11	5	8	2	9	13	12	8	11	7	8	1	23	5	10	7	9	10	21	11	17	21	32	21	26	0	20	9	7	7	20	3	4	8	18	10	5	19	51	10	15	5	26	13	
2365_A/great_egret/Hong_K 12	9	13	2	24	9	6	14	8	11	0	0	9	3	1	12	17	7	5	1	9	6	8	2	7	16	13	7	11	5	5	3	23	7	16	6	9	10	15	13	17	20	32	17	26	2	21	12	6	6	22	3	4	9	15	9	6	20	50	13	13	3	27	10	
2366_A/great_tit/Panjing/ 14	10	10	4	22	10	9	13	6	11	0	0	8	2	1	12	15	4	5	1	10	8	8	3	10	12	9	6	13	9	9	2	20	7	13	4	13	14	21	11	16	17	36	15	24	1	17	15	4	5	21	5	5	10	15	8	7	18	55	13	13	4	24	10	
2367_A/green-winged_teal/ 15	11	12	2	21	11	7	14	4	8	0	0	12	3	1	12	13	7	4	1	13	5	9	2	6	12	10	6	14	8	8	4	24	5	11	10	9	13	20	8	16	16	34	16	25	3	19	13	6	5	23	4	5	11	14	8	5	18	46	15	14	5	32	9	
2368_A/grey_heron/Hong_Ko 12	9	13	2	24	10	6	14	8	11	0	0	8	3	1	12	17	7	5	1	9	5	8	2	8	16	13	7	11	5	5	3	24	7	15	7	8	10	15	13	17	20	32	17	26	2	21	12	6	6	22	3	4	9	15	9	5	20	50	13	14	3	27	10	
2369_A/grey_heron/Hong_Ko 12	9	13	2	24	10	6	14	8	11	0	0	8	3	1	12	17	7	5	1	9	5	8	2	8	16	13	7	11	5	5	3	23	7	16	6	9	10	15	13	17	20	32	17	26	2	22	11	6	6	21	3	4	9	16	9	5	20	50	13	14	3	27	10	
2370_A/heron/Kaohsiung/15 15	10	12	3	21	10	7	13	4	8	0	0	11	5	1	12	15	6	7	1	10	5	6	2	11	13	13	9	12	7	5	2	24	5	12	6	10	11	19	12	16	19	31	15	25	2	22	13	4	4	20	3	5	11	18	10	7	19	46	12	13	5	31	11	
2371_A/heron/Yilan/17DB00 13	11	12	3	24	10	7	12	5	7	0	0	9	5	1	12	13	4	5	2	10	6	8	3	10	14	11	6	12	8	7	3	24	8	10	7	11	7	20	12	17	21	29	19	25	1	24	10	6	2	20	3	5	15	18	10	4	16	47	12	14	6	29	12	
2372_A/hill_myna/Heilongj 13	10	12	2	23	9	7	14	8	11	0	0	8	3	1	12	18	7	5	1	7	5	8	2	11	18	12	7	9	3	6	4	25	7	15	5	7	9	17	14	17	21	31	16	26	3	21	13	5	6	19	4	5	10	16	9	6	19	49	12	13	2	28	11	
2373_A/lesser_kestrel/Hei 12	10	13	3	24	9	6	13	7	11	1	0	9	3	0	12	17	8	5	1	9	4	8	2	8	15	13	8	11	6	5	2	21	6	16	6	11	10	15	13	18	19	30	17	25	3	23	11	6	5	22	3	4	10	16	9	5	18	48	12	14	5	29	12	
2374_A/lion/Hubei/1-2/201 12	9	12	6	24	12	7	9	5	11	0	0	10	3	1	12	14	5	5	1	12	5	8	2	10	12	11	6	12	8	7	3	23	6	14	6	7	8	18	12	19	24	29	19	23	1	24	10	6	7	19	5	5	7	18	9	6	18	50	11	14	5	26	14	
2375_A/little_egret/Hong_ 11	11	13	2	25	9	6	14	7	10	0	0	7	4	1	12	17	7	5	1	9	4	8	2	9	17	13	7	12	4	5	3	24	7	15	6	9	10	16	13	15	20	34	18	26	2	20	10	5	5	22	4	5	10	15	8	5	21	48	13	14	3	29	10	
2376_A/little_grebe/Xiang 15	11	12	3	21	11	7	13	5	8	1	0	12	3	0	12	13	7	4	1	13	5	9	2	5	12	9	4	14	8	9	6	22	7	11	11	11	11	20	7	16	17	34	18	25	2	19	11	5	5	23	4	5	11	14	8	6	18	46	15	13	5	33	9	
2377_A/magpie_robin/Hong_ 12	9	13	2	24	10	6	14	8	11	0	0	8	3	1	12	17	7	5	1	9	5	8	2	8	16	13	7	11	5	5	3	24	7	16	5	8	10	15	13	17	20	31	17	26	2	23	11	6	6	22	4	4	9	15	9	5	21	49	13	14	2	28	10	
2378_A/magpie_robin/Hong_ 12	9	13	2	24	10	6	14	8	11	0	0	8	3	1	12	17	7	5	1	9	5	8	2	8	16	13	7	11	5	5	3	24	7	16	5	8	10	15	13	17	20	31	17	26	2	23	11	6	6	22	4	4	9	15	9	5	21	49	13	14	2	28	10	
2379_A/mallard/Shanghai/S 15	10	14	4	22	9	5	12	8	12	0	0	8	2	1	12	15	8	5	1	10	5	8	2	10	15	13	8	9	5	5	2	23	9	16	4	11	10	16	14	12	18	31	18	25	1	21	13	6	9	24	6	5	6	13	6	6	21	43	14	16	4	32	9	
2380_A/meerkat/Shanghai/S 12	10	12	2	23	9	7	14	7	12	0	0	9	3	1	12	19	7	5	1	7	5	8	2	10	17	12	7	10	4	6	4	25	7	15	6	7	9	17	13	17	20	32	15	26	3	20	13	5	6	21	3	5	10	15	9	5	18	49	12	14	3	28	12	
2381_A/migratory_waterfow 13	10	12	2	23	9	7	14	6	11	0	0	9	3	1	12	16	9	5	1	10	4	8	2	11	14	13	7	9	6	5	3	23	6	14	9	9	10	16	11	17	20	28	17	26	3	25	12	7	7	20	3	4	9	17	9	5	19	48	10	14	3	28	13	
2382_A/migratory_waterfow 13	10	12	2	23	9	7	14	6	11	0	0	9	3	1	12	16	9	5	1	10	4	8	2	11	14	13	7	9	6	5	3	23	6	14	9	9	10	16	11	17	20	28	17	26	3	25	12	7	7	20	3	4	9	17	9	5	19	48	10	14	3	28	13	
2383_A/mink/China/181/201 15	8	12	2	21	11	7	14	7	9	0	0	8	5	1	12	17	10	5	1	8	5	8	2	11	12	13	4	10	6	5	6	23	6	14	8	8	10	15	12	18	19	28	20	25	4	25	10	6	9	21	3	7	9	18	9	3	19	42	10	15	2	30	14	
2384_A/mink/China/183/201 17	9	12	2	20	10	7	14	7	8	0	0	7	6	1	12	18	9	5	1	7	5	8	2	11	13	13	3	10	6	5	7	24	6	14	8	7	10	16	12	18	18	29	20	25	5	24	9	5	8	22	3	6	9	18	9	3	19	41	9	17	2	32	14	
2385_A/mink/China/191/201 16	9	12	2	20	10	7	14	7	8	0	0	7	6	1	12	19	9	5	1	7	5	8	2	11	13	13	3	10	6	5	7	24	6	14	8	7	10	16	12	17	18	29	20	25	5	24	9	5	9	22	3	6	9	17	9	4	19	41	9	17	2	31	15	
2386_A/mink/China/456/201 16	10	12	2	19	12	7	14	4	8	0	0	11	3	1	12	12	6	4	1	12	6	9	2	8	12	10	6	15	8	8	4	22	7	14	9	11	11	17	9	16	18	34	17	25	2	21	11	4	5	21	5	6	12	15	7	7	16	47	12	13	6	31	12	
2387_A/mink/China/G/2015_ 12	9	13	2	24	10	6	14	7	11	0	0	7	3	1	12	17	9	5	1	8	4	8	2	10	15	13	7	12	5	5	3	22	6	15	7	8	9	15	13	17	21	32	17	26	3	21	12	8	7	22	3	4	9	15	9	6	20	50	12	14	2	26	11	
2388_A/mink/China/XB/2015 11	9	11	5	24	11	8	10	5	11	0	0	10	3	1	12	14	5	5	1	13	5	8	2	10	12	11	6	12	8	7	3	23	6	13	6	7	8	18	12	19	24	30	19	23	1	24	10	6	8	19	5	5	8	18	9	6	17	47	10	14	5	30	14	
2389_A/mink/Eastern_China 14	10	12	3	22	10	7	13	7	8	0	0	9	5	1	12	15	7	6	1	10	3	8	2	10	13	13	9	12	9	5	2	24	5	13	6	8	11	18	11	17	19	33	14	24	2	21	13	5	5	20	3	5	9	18	10	9	21	44	11	11	4	32	13	
2390_A/mink/Eastern_China 15	12	13	7	21	7	6	9	3	8	0	0	12	4	1	12	18	6	8	1	9	7	6	3	12	16	10	3	7	3	8	5	21	10	15	9	10	8	16	8	18	17	35	16	27	2	20	13	6	6	21	3	6	10	16	7	6	18	50	19	14	3	28	7	
2391_A/mink/Eastern_China 13	8	12	2	23	11	7	14	7	9	0	0	8	5	1	12	20	9	5	1	6	5	8	2	11	13	12	4	9	6	6	6	23	7	15	8	8	10	16	11	17	19	30	18	26	2	25	11	5	8	22	5	7	9	18	7	4	19	42	9	15	2	30	14	
2392_A/mink/Eastern_China 14	10	12	3	22	10	7	13	7	8	0	0	9	5	1	12	15	7	6	1	10	3	8	2	10	13	13	9	12	9	5	2	25	5	13	6	8	11	18	11	17	19	33	14	24	2	21	13	4	5	20	3	5	9	18	11	9	21	44	11	11	4	32	12	
2393_A/mink/Eastern_China 15	8	12	2	21	11	7	14	7	9	0	0	7	5	1	12	19	9	5	1	7	5	8	2	11	13	13	4	10	6	5	6	23	6	16	7	7	11	14	13	19	17	27	20	25	5	25	10	6	8	22	3	6	9	18	8	4	19	43	10	15	2	30	14	
2394_A/mink/Northern_Chin 11	8	12	3	25	12	7	13	3	9	0	0	9	3	1	12	18	6	5	2	7	8	8	2	8	13	12	7	16	6	6	2	21	7	10	5	14	13	21	13	14	17	34	20	26	2	19	9	5	8	26	6	5	7	10	6	8	18	53	13	12	5	25	11	
2395_A/night_heron/Taiwan 13	10	12	3	24	11	7	13	5	7	0	0	10	5	1	12	14	5	5	1	10	6	8	2	11	14	11	6	10	7	7	4	23	8	11	7	12	8	20	11	16	20	28	19	25	1	25	10	5	2	21	2	5	14	17	11	5	18	46	12	14	5	30	12	
2396_A/oriental_magpie_ro 14	10	12	5	22	11	7	12	4	10	0	0	10	2	1	12	15	4	5	1	10	8	8	2	11	16	8	7	13	5	10	3	18	8	14	5	15	12	20	10	14	17	35	18	24	2	17	12	5	5	22	5	6	9	14	6	8	20	59	13	12	4	18	12	
2397_A/ostrich/Suzhou/097 18	10	11	4	19	11	8	12	5	8	0	0	11	4	1	12	15	6	5	1	10	5	8	2	5	12	14	5	15	8	5	5	26	7	11	11	8	12	20	7	14	14	36	17	25	4	18	12	4	7	20	3	5	10	17	8	4	19	48	16	16	5	30	8	
2398_A/parrot/Guangdong/2 17	13	11	3	19	6	8	13	2	9	0	0	8	5	1	12	16	8	7	1	10	3	6	3	10	13	9	4	17	8	9	3	22	7	13	9	11	10	17	9	17	19	35	15	24	1	19	15	6	8	26	4	5	8	12	8	6	19	41	15	12	4	37	9	
2399_A/parrot/Guangdong/C 18	10	11	4	19	12	8	12	4	8	0	0	11	3	1	12	15	6	6	1	12	5	7	2	5	14	12	5	14	7	6	5	23	6	11	11	10	13	19	9	14	15	36	16	25	3	18	12	5	7	23	3	5	10	14	6	5	19	45	19	15	5	32	8	
2400_A/partridge/Shantou/ 15	10	11	3	21	12	8	13	6	8	0	0	11	3	1	12	15	6	5	1	11	5	8	2	4	13	11	6	15	8	7	3	23	4	11	10	10	13	20	9	15	19	37	15	25	2	17	14	6	4	22	2	4	13	15	9	4	18	49	16	15	5	29	8	
2401_A/peacock/Yunnan/1/2 12	10	11	5	24	11	8	10	5	11	0	0	10	3	1	12	15	6	5	1	12	5	8	2	9	11	11	6	12	8	7	3	22	6	13	6	10	8	18	12	17	25	29	19	24	1	25	10	6	7	19	5	4	7	18	9	7	18	48	10	13	4	29	14	
2402_A/peacock/Yunnan/3/2 12	10	11	5	24	11	8	10	5	11	0	0	10	3	1	12	15	5	5	1	12	5	8	2	9	12	11	6	12	8	7	3	22	6	13	6	10	8	18	12	17	25	29	19	24	1	25	10	6	7	19	5	4	7	18	9	7	18	48	10	13	4	29	14	
2403_A/peregrine_falcon/H 12	10	12	2	24	9	7	14	7	11	0	0	7	3	1	12	16	7	7	1	11	4	6	2	8	16	13	6	12	5	5	5	25	6	16	5	9	13	15	14	15	18	34	16	26	2	20	11	5	5	23	4	5	10	14	8	8	19	46	13	13	3	30	11	
2404_A/pheasant/Shantou/3 17	10	12	5	19	13	7	11	5	8	0	0	13	3	1	12	16	6	5	1	10	5	8	2	5	14	12	5	13	7	6	5	25	7	12	11	9	12	19	8	14	16	37	16	25	2	17	12	3	6	23	3	6	10	14	7	5	19	46	17	15	5	32	8	
2405_A/pheasant/Shantou/4 17	10	11	4	19	12	8	12	4	8	0	0	12	3	1	12	15	6	5	1	10	5	8	2	6	15	12	5	14	6	6	5	24	6	12	11	10	13	19	7	14	15	35	17	25	3	18	12	5	6	23	3	5	11	14	8	5	19	48	17	15	5	30	8	
2406_A/pied_megpie/Liaoni 17	10	11	4	19	12	8	12	4	9	0	0	12	3	1	12	16	8	6	1	10	5	7	2	5	13	12	4	14	6	6	7	24	6	10	12	9	13	21	7	14	15	35	19	25	4	18	10	6	5	24	4	4	10	13	5	5	20	49	17	15	5	28	9	
2407_A/pigeon/Fujian/1.17 14	10	12	2	22	9	7	14	5	11	0	0	10	3	1	12	17	8	5	1	9	5	8	1	11	14	13	8	10	6	5	4	23	7	15	8	8	9	15	13	17	19	31	15	26	3	23	13	7	8	23	3	5	8	17	9	5	21	43	8	14	1	29	14	
2408_A/pigeon/Hainan/1.14 14	8	12	2	20	11	7	13	7	9	0	0	7	5	1	12	19	9	5	1	7	5	8	2	10	12	12	3	10	6	5	6	23	6	14	8	7	10	15	12	18	18	27	20	25	5	25	10	6	8	22	3	6	9	17	9	5	19	42	9	14	2	30	14	
2409_A/pigeon/Hubei/RP25/ 12	10	10	2	24	8	8	14	7	11	0	0	7	3	1	12	16	7	8	1	11	5	6	2	8	14	14	7	12	6	4	4	25	7	15	6	10	13	16	13	15	19	35	16	26	2	19	11	4	5	23	3	5	9	14	9	9	19	43	12	13	3	33	11	
2410_A/pigeon/Sichuan/NCX 13	9	14	2	23	10	5	14	6	10	0	0	9	4	1	12	18	7	5	1	8	5	8	2	10	15	13	7	10	6	5	3	24	6	16	7	7	10	14	13	17	20	30	16	26	3	23	13	7	7	21	3	5	9	18	9	5	21	46	9	14	1	29	13	
2411_A/pigeon/Zhejiang/11 13	9	13	3	23	8	6	13	7	12	0	0	6	4	1	12	19	6	5	1	6	7	8	2	13	19	12	7	10	3	6	4	25	7	15	5	7	9	17	14	17	19	32	15	26	3	20	14	5	6	21	3	5	11	15	9	5	18	49	12	14	2	27	12	
2412_A/pigeon/Zhejiang/11 13	10	12	2	23	8	7	14	8	12	0	0	7	3	1	12	18	7	5	1	7	5	8	2	12	19	12	7	9	3	6	4	25	6	15	5	7	10	17	14	17	20	32	16	26	3	20	13	5	6	21	3	5	10	15	9	5	19	49	13	14	2	27	11	
2413_A/pigeon/Zhejiang/72 15	11	12	2	22	9	7	14	7	12	0	0	9	3	1	12	18	7	5	1	7	5	8	2	10	18	12	8	9	3	6	3	25	6	16	5	7	9	16	14	17	20	33	16	26	3	18	14	5	5	21	3	5	11	15	9	4	19	47	12	15	2	30	11	
2414_A/plateau_pika/Qingh 15	10	12	1	21	12	7	15	3	9	0	0	12	3	1	12	17	5	5	1	9	6	8	1	8	12	10	5	12	9	8	5	21	7	15	9	11	12	18	9	17	17	33	18	25	2	18	13	8	5	24	4	3	9	13	9	7	20	44	14	13	3	33	9	
2415_A/quail/Guangxi/11/2 17	10	12	4	19	12	7	12	4	8	0	0	13	3	1	12	16	8	4	1	9	3	9	1	5	12	13	6	14	9	5	5	24	6	14	11	9	12	20	6	16	15	35	15	24	3	19	13	5	6	23	2	6	11	13	9	7	18	46	18	13	5	32	7	
2416_A/quail/Guangxi/12/2 17	10	12	4	19	12	7	12	4	8	0	0	13	3	1	12	16	8	5	1	9	3	9	1	5	12	13	6	14	9	5	5	24	6	13	11	9	12	20	6	16	15	35	15	24	3	19	13	5	6	23	2	6	11	13	9	7	18	46	18	13	5	32	7	
2417_A/quail/Guangxi/13/2 17	10	12	4	19	12	7	12	4	8	0	0	13	3	1	12	16	8	4	1	9	3	9	1	5	12	13	6	14	9	5	5	24	6	14	11	9	12	20	6	16	15	35	15	24	3	19	13	5	6	23	2	6	11	13	9	7	18	46	18	13	5	32	7	
2418_A/quail/Jiangsu/k010 15	10	13	3	22	10	6	13	9	10	0	0	6	3	1	12	16	8	5	1	10	5	8	2	9	14	13	7	11	6	5	2	21	7	18	5	12	10	14	13	12	20	30	21	27	2	22	11	6	6	22	5	4	8	15	7	4	20	48	12	15	4	30	11	
2419_A/quail/Nanchang/663 13	10	13	2	23	9	6	14	6	11	0	0	8	3	1	12	18	9	5	1	8	4	8	2	11	14	13	6	10	6	5	3	21	6	15	8	9	10	15	12	17	20	31	18	27	2	22	12	8	7	21	3	4	9	17	9	6	20	48	11	14	2	27	12	
2420_A/shrike/Tibet/13/20 13	10	13	3	23	9	6	13	8	11	0	0	7	3	1	12	18	5	5	1	8	6	8	2	8	16	13	8	12	6	5	3	22	6	15	6	12	9	16	14	17	19	33	16	26	2	22	11	6	5	23	3	4	10	15	8	5	18	47	13	14	5	28	11	
2421_A/silkie_chicken/Don 13	9	13	2	23	10	6	14	6	11	0	0	9	3	1	12	18	8	5	1	8	5	8	2	11	14	13	7	9	6	5	4	24	6	16	8	7	10	14	12	17	20	29	16	26	3	24	12	7	7	22	2	5	9	18	10	5	20	46	10	14	2	27	13	
2422_A/silky_chicken/Shan 16	11	11	4	20	11	8	12	3	9	0	0	12	3	1	12	15	6	5	1	11	5	8	2	6	12	13	4	15	8	5	6	25	6	12	11	9	13	20	8	15	17	34	18	24	1	21	9	5	6	23	4	4	11	13	6	5	18	46	17	15	6	32	8	
2423_A/spot-billed_duck/N 16	9	11	4	20	11	8	12	5	10	0	0	9	3	1	12	17	6	5	1	9	6	8	2	10	15	12	5	12	5	6	4	23	8	9	8	8	8	21	10	18	21	27	20	25	1	24	12	6	5	21	3	4	12	16	11	5	18	51	10	15	4	27	12	
2424_A/spot-billed_duck/N 15	9	11	4	21	11	8	12	6	11	0	0	8	2	1	12	17	6	5	1	9	6	8	2	11	14	12	5	11	6	6	4	23	8	9	8	8	8	21	10	18	21	27	20	25	1	24	12	6	5	21	3	4	12	16	11	5	18	51	10	15	4	27	12	
2425_A/spot-billed_duck/N 14	10	11	5	22	10	8	11	4	10	0	0	11	3	1	12	16	6	5	1	10	6	8	2	8	13	12	6	13	7	6	4	23	6	11	7	9	9	20	11	17	21	31	18	25	1	21	12	6	4	20	3	4	12	17	11	6	18	50	11	14	5	28	11	
2426_A/spot-billed_duck/X 12	10	12	3	24	10	7	13	5	9	0	0	9	4	1	12	16	5	6	1	10	6	7	2	9	15	10	7	13	6	8	3	24	6	10	7	8	10	21	11	17	20	31	20	25	1	22	9	6	4	22	3	4	12	16	9	5	18	47	13	15	5	30	11	
2427_A/swan_goose/Jilin/J 13	9	13	2	23	9	7	14	6	11	0	0	9	3	1	12	17	9	5	1	9	4	8	2	11	14	13	7	9	6	5	3	23	6	15	9	8	10	15	11	17	19	29	16	26	3	25	13	7	7	20	4	5	9	17	7	5	20	48	12	14	3	28	11	
2428_A/swan/China/ST/2016 14	10	12	3	22	10	7	12	5	8	0	0	11	5	1	13	14	7	6	1	9	3	8	2	11	13	13	9	13	9	5	2	25	5	12	6	8	11	18	11	17	19	33	14	23	2	21	14	5	5	20	3	4	10	18	11	8	20	43	11	12	5	32	13	
2429_A/swan/Shandong/W376 13	10	15	3	23	9	4	13	4	8	0	0	9	6	1	12	16	6	4	1	10	5	9	2	9	15	12	7	12	6	8	3	24	8	14	8	9	7	17	10	16	21	30	17	25	0	20	14	6	4	19	3	4	12	19	10	6	22	48	10	14	3	30	12	
2430_A/swan/Shanghai/10/2 12	8	12	2	23	12	7	14	7	11	0	0	8	3	1	12	17	6	5	2	10	5	8	1	9	16	13	7	10	5	5	3	24	7	14	7	9	10	17	12	16	18	34	18	27	3	20	10	7	4	22	3	4	10	15	9	7	22	48	13	12	2	29	10	
2431_A/swine/China/RZ/201 15	9	12	2	21	10	7	14	7	9	0	0	8	5	1	12	19	9	5	1	7	5	8	2	11	13	13	4	9	6	5	6	23	6	15	8	7	11	15	12	19	17	27	20	25	5	25	10	6	9	21	2	6	8	19	9	4	19	42	10	15	2	31	14	
2432_A/swine/Guangdong/1/ 13	9	13	2	23	10	6	14	6	11	0	0	9	3	1	12	18	8	5	1	8	5	8	2	11	14	13	7	9	6	5	4	23	6	16	8	8	10	14	12	17	20	28	16	26	3	25	12	7	7	22	3	5	9	18	9	5	20	45	10	14	2	28	13	
2433_A/swine/Guangdong/2/ 14	9	13	2	22	10	6	14	6	11	0	0	9	3	1	12	18	8	5	1	8	5	8	2	11	14	13	7	9	6	5	4	23	5	16	8	8	11	14	12	17	20	28	16	26	3	24	13	7	7	22	3	5	9	18	9	5	20	45	10	14	2	28	13	
2434_A/swine/Guangxi/592/ 11	9	13	3	24	10	6	14	6	11	0	0	8	3	1	12	18	9	5	1	8	4	8	2	11	15	13	7	10	5	5	3	24	5	15	7	8	10	15	13	16	20	32	17	27	4	21	12	6	7	21	3	4	9	16	10	5	20	49	12	15	2	26	11	
2435_A/swine/Jiangsu/1/20 13	12	13	3	23	8	6	13	6	9	0	0	8	3	1	12	15	5	5	1	10	7	8	2	11	13	13	5	11	8	6	4	24	10	10	5	6	10	22	13	17	20	33	20	26	0	19	12	6	3	20	4	6	11	18	9	4	18	46	10	13	6	29	13	
2436_A/swine/Jiangsu/2/20 12	8	14	3	24	9	5	13	8	13	0	0	7	3	1	12	18	7	5	1	9	5	8	2	7	14	12	8	12	6	6	2	22	6	16	6	12	12	16	13	16	18	34	17	27	2	21	10	6	5	21	4	3	8	14	9	7	19	49	12	13	5	29	11	
2437_A/swine/Shandong/SD1 18	10	9	3	18	12	10	13	4	8	0	0	12	3	1	12	15	6	5	1	11	5	8	2	6	12	12	5	14	9	6	5	23	6	13	11	10	13	19	7	13	16	34	14	25	3	19	14	5	6	24	2	5	11	14	9	8	18	45	17	13	5	32	8	
2438_A/swine/Zhejiang/SW5 15	11	12	2	22	9	7	14	7	12	0	0	9	3	1	12	18	7	5	1	7	5	8	2	10	18	12	8	9	3	6	3	25	6	15	5	7	9	17	14	17	20	33	16	26	3	18	14	5	5	21	3	5	11	15	9	4	19	47	12	15	2	30	11	
2439_A/thrush/Taipei_City 13	10	12	3	24	11	7	13	5	7	0	0	10	5	1	12	14	6	5	1	10	4	9	2	11	14	10	6	10	7	8	4	23	8	11	7	12	8	19	11	16	20	29	18	25	1	24	11	5	3	22	2	5	13	16	12	5	18	45	13	14	5	30	12	
2440_A/thrush/Taiwan/A234 13	10	12	3	24	11	7	13	5	7	0	0	10	5	1	12	14	5	5	1	10	6	8	2	11	14	11	6	10	7	7	4	23	8	11	8	12	8	19	11	16	20	28	19	25	1	25	10	5	2	21	2	5	14	17	11	5	18	45	13	14	5	30	12	
2441_A/tiger/Yunnan/tig14 13	9	13	2	23	10	6	14	6	11	0	0	9	3	1	12	18	7	5	1	8	5	8	2	11	14	13	7	9	7	5	3	24	6	16	8	7	10	14	12	17	20	29	16	26	3	24	13	7	7	21	3	5	9	18	9	5	21	47	10	14	1	27	13	
2442_A/tiger/Yunnan/tig14 14	9	12	2	22	10	7	14	6	11	0	0	9	3	1	12	18	9	5	1	8	3	8	2	11	15	13	7	9	6	5	3	23	6	14	8	8	11	16	12	18	19	30	17	26	3	23	12	8	7	21	3	4	8	17	9	5	20	49	11	14	2	26	12	
2443_A/tiger/Yunnan/tig15 12	8	11	5	24	11	8	10	5	13	0	0	10	3	1	12	14	5	5	1	12	5	8	2	9	12	11	6	13	8	7	3	23	6	13	7	7	8	18	11	18	24	29	19	24	1	25	10	6	7	19	5	5	7	18	9	6	17	47	11	14	6	30	13	
2444_A/turkey/Changhua/16 14	10	12	3	23	11	7	13	5	7	0	0	10	5	1	12	14	4	5	1	10	7	8	2	11	14	11	6	10	7	7	4	23	8	14	7	10	8	18	11	16	20	30	18	25	1	24	10	5	2	19	2	6	14	18	11	6	18	48	12	14	5	28	12	
2445_A/turkey/Chiayi/1702 13	11	14	4	24	10	5	12	8	12	0	0	10	3	1	12	15	8	5	1	12	4	8	2	8	15	13	7	8	5	5	2	21	7	19	5	11	9	13	13	15	22	31	19	25	3	23	12	8	6	24	4	3	8	13	7	8	17	44	11	13	3	30	13	
2446_A/turkey/Chiayi/1801 13	11	12	3	24	10	7	12	5	7	0	0	9	5	1	12	13	4	5	2	10	6	8	3	11	14	10	4	11	8	8	5	24	8	11	7	9	7	19	12	19	21	29	18	25	1	24	11	6	2	21	3	5	15	17	10	4	17	45	12	14	5	31	12	
2447_A/turkey/Yunlin/1506 14	10	11	4	23	11	7	12	5	7	0	0	9	5	1	12	14	5	6	1	10	6	8	2	11	14	11	5	11	7	7	5	24	8	11	7	11	8	20	11	15	20	28	19	25	2	25	10	5	2	21	2	5	14	17	11	5	18	45	13	14	5	30	12	
2448_A/turkey/Yunlin/1802 13	11	12	3	24	10	7	13	5	7	0	0	9	5	1	12	13	4	5	2	10	6	8	2	11	14	10	4	11	8	8	5	24	8	11	7	9	7	19	12	18	21	28	18	25	1	24	11	6	2	21	3	5	15	17	10	5	17	46	12	14	5	31	12	
2449_A/turkey/Yunlin/1811 13	10	12	2	24	10	7	14	5	7	0	0	9	5	1	12	13	4	4	2	10	6	9	2	11	14	11	4	11	8	7	5	24	9	13	6	9	6	18	12	17	21	30	18	25	1	24	11	7	2	22	3	5	16	16	10	5	17	43	14	14	5	32	10	
2450_A/turkey/Yunlin/1812 14	7	11	5	23	11	8	11	5	8	0	0	11	5	1	12	15	8	6	0	10	5	7	3	7	13	10	8	12	7	8	2	24	7	13	7	8	9	17	10	16	19	29	15	26	2	25	13	7	4	21	4	5	12	16	11	5	19	48	10	16	4	30	12	
2451_A/turtle_dove/Guangd 12	10	12	3	25	9	6	13	8	11	0	0	7	3	1	12	17	7	6	1	8	5	8	2	8	15	13	8	12	6	5	2	22	6	15	6	11	10	16	13	16	18	32	17	26	3	22	11	6	5	23	3	4	10	15	9	6	18	48	12	14	5	29	11	
2452_A/turtledove/Wuhan/H 13	8	12	3	23	11	7	13	6	9	0	0	8	5	1	12	18	8	5	1	8	5	8	2	12	13	13	7	8	7	5	4	24	6	17	8	7	10	13	12	17	20	29	17	27	3	23	12	7	8	22	3	5	9	18	9	5	19	42	9	14	2	31	14	
2453_A/turtledove/Wuhan/W 13	8	12	3	23	11	7	13	6	9	0	0	8	5	1	12	18	8	5	1	8	5	8	2	12	13	13	7	8	7	5	4	24	6	17	8	7	10	13	12	17	20	29	17	27	3	23	12	7	8	22	3	5	9	18	9	5	19	42	9	14	2	31	14	
2454_A/turtledove/Wuhan/W 13	8	12	3	23	11	7	13	6	9	0	0	8	5	1	12	18	8	5	1	8	5	8	2	12	13	13	7	8	7	5	4	24	6	17	8	7	10	13	12	17	20	29	17	27	3	23	12	7	8	22	3	5	9	18	9	5	19	42	9	14	2	31	14	
2455_A/waterfowl/Hong_Kon 17	10	12	3	19	12	7	13	4	8	0	0	13	3	1	12	14	6	4	1	12	5	9	2	6	12	11	5	13	9	7	5	24	6	12	11	9	13	19	7	15	15	35	16	25	3	18	13	5	6	22	3	5	11	15	8	6	18	50	17	14	5	28	8	
2456_A/white-naped_crane/ 14	9	11	2	22	10	8	14	5	11	0	0	10	2	1	12	18	8	5	1	8	5	8	1	10	13	12	7	11	7	6	4	24	6	16	8	8	10	15	13	17	21	31	17	24	3	23	12	6	8	21	3	5	7	19	8	6	21	42	10	14	2	29	13	
2457_A/whooper_swan/Shanx 14	10	12	3	22	10	7	13	5	8	0	0	11	5	1	12	15	7	6	1	10	3	7	2	10	13	14	9	12	9	5	2	24	5	13	6	8	11	18	11	17	19	33	14	24	2	20	14	5	5	20	3	5	9	18	10	8	20	43	11	12	5	33	13	
2458_A/wild_bird/Eastern_ 15	9	12	3	21	11	7	13	4	8	0	0	10	5	1	12	17	5	7	1	8	6	6	2	10	13	13	10	13	8	5	1	25	5	11	5	7	12	20	13	17	18	33	15	25	2	19	13	5	5	21	2	5	10	17	11	7	18	45	11	13	6	33	12	
2459_A/wild_bird/Eastern_ 16	9	12	3	20	11	7	13	4	8	0	0	10	5	1	12	17	5	7	1	8	6	6	2	10	13	13	10	13	8	5	1	25	5	11	5	7	12	20	13	17	18	34	15	25	2	19	13	5	5	21	2	5	10	17	11	7	18	43	12	13	6	33	12	
2460_A/wild_bird/Eastern_ 15	9	12	3	21	11	7	13	4	8	0	0	10	5	1	12	17	5	7	1	8	6	6	2	10	13	13	10	13	8	5	1	25	5	11	5	7	12	20	13	17	18	34	15	25	2	19	13	5	5	21	2	5	10	17	11	7	18	44	11	13	6	33	12	
2461_A/wild_bird/Taipei/0 15	10	11	5	21	10	8	11	6	10	0	0	8	2	1	12	15	5	5	1	11	6	8	2	7	14	11	6	15	7	7	4	24	10	11	11	9	10	19	7	16	15	33	15	24	3	20	14	9	5	23	2	2	11	14	11	5	18	48	11	16	5	30	12	
2462_A/wild_duck/Fujian/1 12	9	13	2	24	10	6	14	6	10	0	0	8	4	1	12	19	10	5	2	8	3	8	1	11	15	12	7	9	5	6	3	22	5	15	7	8	10	15	13	17	19	32	18	26	3	21	12	8	7	21	3	4	10	16	9	6	20	50	12	14	2	26	11	
2463_A/wild_duck/Fujian/2 12	9	13	2	24	10	6	14	6	10	0	0	8	4	1	12	19	10	5	1	8	3	8	3	11	15	12	7	9	5	6	3	22	5	15	7	8	10	14	13	17	19	33	17	25	3	21	12	8	8	21	3	4	9	16	9	7	19	50	12	15	2	26	11	
2464_A/wild_duck/Jilin/HF 13	10	11	4	23	10	8	12	4	10	0	0	11	3	1	12	14	5	5	1	12	7	6	2	9	14	12	7	12	7	7	3	23	6	11	7	8	8	19	12	17	23	29	20	25	0	23	9	7	8	19	4	3	7	18	9	7	19	49	11	14	5	29	13	
2465_A/wild_duck/Jilin/ZF 13	10	12	2	22	10	7	14	4	10	0	0	10	3	1	12	15	5	6	1	12	5	7	1	10	14	11	9	12	7	7	2	23	6	10	6	9	8	21	12	18	23	29	21	24	0	23	9	7	6	19	3	3	10	19	10	6	19	51	10	14	5	26	13	
2466_A/wild_duck/Liaoning 18	10	11	4	19	11	8	11	4	9	0	0	12	3	1	13	16	8	6	1	11	5	7	2	5	16	10	5	14	6	7	6	25	7	10	12	9	13	21	7	13	15	36	19	23	3	15	10	6	5	24	4	4	10	13	6	5	20	49	16	15	5	28	10	
2467_A/wild_duck/Shandong 11	10	13	3	25	10	7	12	6	10	0	0	9	1	1	12	14	6	4	1	11	6	8	2	11	14	13	7	11	7	6	2	25	9	14	6	5	11	18	13	16	21	33	20	25	0	19	12	5	4	20	4	5	10	18	10	4	18	50	9	15	6	26	13	
2468_A/wild_duck/Shandong 13	11	12	4	23	9	7	12	5	11	0	0	10	2	1	12	14	5	5	1	12	6	8	2	9	14	11	8	12	7	7	2	23	6	13	7	9	8	17	12	17	23	31	19	25	0	22	10	7	7	19	4	3	8	18	9	6	19	47	11	14	5	30	13	
2469_A/wild_duck/Shandong 16	10	14	4	21	9	6	12	8	12	0	0	8	2	1	12	17	8	5	1	10	5	6	2	9	15	12	8	8	5	6	2	22	8	18	5	12	10	13	13	13	19	32	17	27	1	22	13	5	8	25	5	5	6	14	7	6	20	43	12	14	6	31	11	
2470_A/wild_duck/Shandong 15	10	10	5	21	9	9	11	4	11	0	0	9	3	1	12	18	7	6	1	9	6	7	2	10	13	12	7	12	6	6	3	23	8	11	7	7	10	20	10	17	19	25	19	25	2	26	12	5	8	20	4	4	10	17	10	6	17	51	10	16	4	27	12	
2471_A/wild_pigeon/Jilin/ 13	9	14	2	23	10	5	14	5	10	0	0	10	4	1	12	17	8	5	1	8	5	8	2	11	14	12	7	9	6	6	4	24	7	15	8	8	9	15	12	15	20	29	16	26	4	24	12	7	7	22	5	5	9	18	8	6	20	45	9	14	2	28	13	
2472_A/Eurasian_Wigeon/Ni 12	9	12	2	24	9	7	14	6	10	0	0	8	4	1	12	17	8	5	1	9	6	8	1	12	14	13	6	9	6	5	6	23	7	18	9	8	10	12	11	17	19	29	16	26	3	24	12	7	7	22	3	5	9	18	9	5	20	43	12	14	2	30	11	
