title                    	T3s	C3s	A3s	G3s	CAI	CBI	Fop	Nc	GC3s	GC	L_sym	L_aa	Gravy	Aromo	
A/Indonesia/5/2005       	0.3043	0.3043	0.4118	0.2917	0.203	-0.041	0.402	53.23	0.443	0.440	679	716	-0.479330	0.093575	
A/Hong_Kong/483/1997     	0.2828	0.3258	0.4107	0.2942	0.196	-0.009	0.419	51.25	0.461	0.444	677	716	-0.476257	0.094972	
A/Hong_Kong/482/97       	0.2865	0.3127	0.4149	0.2981	0.198	-0.000	0.423	51.50	0.454	0.444	678	716	-0.478492	0.093575	
A/Chicken/HongKong/FY150/	0.2981	0.3151	0.4034	0.2938	0.200	-0.028	0.408	53.57	0.454	0.444	679	716	-0.466341	0.093575	
A/Chicken/HongKong/YU822.	0.3038	0.3075	0.4106	0.2881	0.197	-0.030	0.407	53.83	0.444	0.441	678	716	-0.495112	0.094972	
A/Chicken/HongKong/YU562/	0.2981	0.3075	0.4099	0.2965	0.200	-0.030	0.406	53.23	0.449	0.444	679	716	-0.464386	0.093575	
A/Pheasant/Hong_Kong/FY15	0.2981	0.3132	0.4004	0.3013	0.200	-0.021	0.412	53.25	0.457	0.444	679	716	-0.475698	0.093575	
A/Hong_Kong/486/97       	0.2846	0.3146	0.4130	0.3002	0.200	0.005	0.426	51.41	0.457	0.445	678	716	-0.478492	0.093575	
A/Thailand/16/2004       	0.3006	0.3062	0.4118	0.2938	0.205	-0.032	0.406	53.76	0.446	0.442	679	716	-0.485754	0.093575	
A/Hong_Kong/538/97       	0.2871	0.3133	0.4168	0.2960	0.200	-0.001	0.423	51.38	0.453	0.443	678	716	-0.477654	0.093575	
A/chicken/Indonesia/7/200	0.3144	0.2992	0.4087	0.2902	0.204	-0.033	0.407	53.24	0.438	0.439	678	716	-0.487291	0.093575	
A/chicken/Korea/ES/03    	0.2698	0.3340	0.4259	0.2786	0.200	-0.011	0.419	51.98	0.459	0.447	678	716	-0.500419	0.094972	
A/Hong_Kong/156/97       	0.2865	0.3127	0.4130	0.3002	0.198	-0.003	0.422	51.57	0.456	0.445	678	716	-0.477933	0.093575	
A/whooper_swan/Mongolia/2	0.3051	0.3013	0.4202	0.2839	0.203	-0.030	0.408	53.18	0.436	0.438	679	716	-0.483240	0.093575	
A/Vietnam/UT3062/2004    	0.3025	0.3043	0.4118	0.2938	0.204	-0.035	0.405	53.90	0.445	0.442	679	716	-0.483659	0.093575	
A/Anas_crecca/Hubei/Chenh	0.2957	0.3051	0.4297	0.2788	0.189	-0.051	0.395	52.96	0.435	0.437	678	716	-0.473464	0.093575	
A/Anas_crecca/Hubei/Chenh	0.2957	0.3051	0.4297	0.2788	0.189	-0.051	0.395	52.96	0.435	0.437	678	716	-0.473464	0.093575	
A/Anas_platyrhynchos/Chon	0.2750	0.3239	0.4023	0.3117	0.199	-0.044	0.399	53.17	0.473	0.449	679	716	-0.468436	0.093575	
A/Anas_platyrhynchos/Jiuj	0.2750	0.3239	0.4023	0.3117	0.199	-0.044	0.399	53.17	0.473	0.449	679	716	-0.468436	0.093575	
A/Anhui/1/2005|EPI_ISL_24	0.2911	0.3100	0.4400	0.2710	0.198	-0.031	0.407	53.05	0.432	0.436	678	716	-0.479888	0.093575	
A/Anhui/1/2006|EPI_ISL_73	0.2930	0.3081	0.4392	0.2704	0.198	-0.028	0.409	52.04	0.431	0.435	678	716	-0.480726	0.093575	
A/Anhui/2/2005|EPI_ISL_24	0.2925	0.3075	0.4392	0.2725	0.200	-0.026	0.409	52.84	0.432	0.435	679	716	-0.472207	0.093575	
A/Anhui/2021-00011/2020|E	0.3110	0.2905	0.4283	0.2779	0.183	-0.065	0.386	53.08	0.424	0.435	679	716	-0.467318	0.094972	
A/Anhui/33163/2016|EPI_IS	0.2726	0.3289	0.4286	0.2824	0.214	0.038	0.446	53.83	0.456	0.446	680	716	-0.489944	0.092179	
A/Anser_albifrons/Hubei/C	0.2768	0.3202	0.4345	0.2803	0.194	-0.022	0.412	52.56	0.447	0.441	680	716	-0.480866	0.093575	
A/Anser_cygnoides/China/P	0.2959	0.3034	0.4229	0.2851	0.184	-0.066	0.386	52.77	0.440	0.440	678	716	-0.462291	0.093575	
A/Anser_cygnoides/Hubei/F	0.2825	0.3164	0.4175	0.2956	0.197	-0.034	0.405	53.26	0.455	0.445	679	716	-0.461872	0.094972	
A/Anser_fabalis/Hunan/03.	0.2943	0.3094	0.4307	0.2735	0.193	-0.038	0.403	53.22	0.435	0.438	678	716	-0.465084	0.093575	
A/Anser_fabalis/Jiujiang/	0.2750	0.3239	0.4023	0.3117	0.199	-0.044	0.399	53.17	0.473	0.449	679	716	-0.468436	0.093575	
A/bar_headed_goose/Tibet/	0.2932	0.3064	0.4183	0.2923	0.191	-0.046	0.398	53.18	0.446	0.443	679	716	-0.478352	0.093575	
A/Bar-headed_Goose/Qingha	0.2763	0.3139	0.4248	0.2983	0.195	-0.034	0.405	53.67	0.455	0.445	679	716	-0.475279	0.093575	
A/Bar-headed_Goose/Qingha	0.2763	0.3139	0.4248	0.2983	0.195	-0.034	0.405	53.67	0.455	0.445	679	716	-0.475279	0.093575	
A/Bar-headed_Goose/Qingha	0.2763	0.3139	0.4286	0.2941	0.196	-0.034	0.405	53.31	0.452	0.444	679	716	-0.475279	0.093575	
A/Bar-headed_Goose/Qingha	0.2744	0.3158	0.4267	0.2962	0.196	-0.031	0.406	53.23	0.455	0.445	679	716	-0.475279	0.093575	
A/Bar-headed_Goose/Qingha	0.2763	0.3139	0.4267	0.2962	0.195	-0.034	0.405	53.39	0.454	0.444	679	716	-0.475279	0.093575	
A/Bar-headed_Goose/Qingha	0.2763	0.3139	0.4248	0.2983	0.195	-0.034	0.405	53.67	0.455	0.445	679	716	-0.475279	0.093575	
A/Bar-headed_Goose/Qingha	0.2758	0.3152	0.4237	0.2989	0.195	-0.034	0.405	53.67	0.457	0.445	679	716	-0.474721	0.093575	
A/Bar-headed_Goose/Qingha	0.2763	0.3158	0.4183	0.3019	0.194	-0.036	0.404	53.95	0.459	0.447	679	716	-0.469832	0.092179	
A/Bar-headed_Goose/Qingha	0.2763	0.3139	0.4267	0.2962	0.195	-0.034	0.405	53.39	0.454	0.444	679	716	-0.475279	0.093575	
A/Bar-headed_Goose/Qingha	0.2763	0.3139	0.4267	0.2968	0.195	-0.036	0.404	53.27	0.454	0.444	679	716	-0.474860	0.093575	
A/Bar-headed_Goose/Qingha	0.2763	0.3139	0.4267	0.2962	0.195	-0.034	0.405	53.39	0.454	0.444	679	716	-0.475279	0.093575	
A/Bar-headed_Goose/Qingha	0.2763	0.3139	0.4267	0.2962	0.195	-0.034	0.405	53.39	0.454	0.444	679	716	-0.475279	0.093575	
A/Bar-headed_Goose/Qingha	0.2763	0.3139	0.4267	0.2962	0.195	-0.034	0.405	53.39	0.454	0.444	679	716	-0.475279	0.093575	
A/Bar-headed_Goose/Qingha	0.2763	0.3139	0.4267	0.2962	0.195	-0.034	0.405	53.39	0.454	0.444	679	716	-0.475279	0.093575	
A/Bar-headed_Goose/Qingha	0.2763	0.3139	0.4248	0.2983	0.195	-0.034	0.405	53.67	0.455	0.445	679	716	-0.475279	0.093575	
A/Bar-headed_Goose/Qingha	0.2763	0.3139	0.4267	0.2962	0.195	-0.034	0.405	53.39	0.454	0.444	679	716	-0.475279	0.093575	
A/Bar-headed_Goose/Qingha	0.2758	0.3152	0.4190	0.3025	0.192	-0.038	0.402	53.79	0.459	0.447	679	716	-0.472626	0.093575	
A/Bar-headed_Goose/Qingha	0.2758	0.3152	0.4190	0.3025	0.192	-0.038	0.402	53.79	0.459	0.447	679	716	-0.472626	0.093575	
A/Bar-headed_Goose/Qingha	0.2739	0.3152	0.4183	0.3040	0.192	-0.037	0.402	53.77	0.461	0.447	679	716	-0.471229	0.092179	
A/Bar-headed_Goose/Qingha	0.2763	0.3139	0.4267	0.2962	0.195	-0.034	0.405	53.39	0.454	0.444	679	716	-0.475279	0.093575	
A/Bar-headed_Goose/Qingha	0.2763	0.3139	0.4248	0.2983	0.195	-0.034	0.405	53.67	0.455	0.445	679	716	-0.475279	0.093575	
A/Bar-headed_Goose/Qingha	0.2763	0.3139	0.4267	0.2962	0.195	-0.034	0.405	53.39	0.454	0.444	679	716	-0.475279	0.093575	
A/Bar-headed_Goose/Qingha	0.2763	0.3139	0.4248	0.2983	0.195	-0.034	0.405	53.67	0.455	0.445	679	716	-0.475279	0.093575	
A/Bar-headed_Goose/Qingha	0.2844	0.3183	0.4183	0.2926	0.198	-0.032	0.406	52.63	0.454	0.445	679	716	-0.467318	0.093575	
A/Bar-headed_Goose/Qingha	0.2844	0.3183	0.4183	0.2926	0.198	-0.032	0.406	52.63	0.454	0.445	679	716	-0.467318	0.093575	
A/Bar-headed_Goose/Qingha	0.2844	0.3183	0.4183	0.2926	0.198	-0.032	0.406	52.63	0.454	0.445	679	716	-0.467318	0.093575	
A/Bar-headed_Goose/Qingha	0.2844	0.3183	0.4183	0.2926	0.198	-0.032	0.406	52.63	0.454	0.445	679	716	-0.467318	0.093575	
A/Bar-headed_Goose/Qingha	0.2844	0.3183	0.4183	0.2926	0.198	-0.032	0.406	52.63	0.454	0.445	679	716	-0.467318	0.093575	
A/Bar-headed_Goose/Qingha	0.2758	0.3152	0.4190	0.3025	0.192	-0.038	0.402	53.79	0.459	0.447	679	716	-0.472626	0.093575	
A/Bar-headed_Goose/Qingha	0.2763	0.3139	0.4267	0.2962	0.195	-0.034	0.405	53.39	0.454	0.444	679	716	-0.475279	0.093575	
A/Bar-headed_Goose/Qingha	0.2763	0.3139	0.4267	0.2962	0.195	-0.034	0.405	53.39	0.454	0.444	679	716	-0.475279	0.093575	
A/Bar-headed_Goose/Qingha	0.2763	0.3139	0.4248	0.2983	0.195	-0.034	0.405	53.67	0.455	0.445	679	716	-0.475279	0.093575	
A/Bar-headed_Goose/Qingha	0.2763	0.3139	0.4267	0.2962	0.195	-0.034	0.405	53.39	0.454	0.444	679	716	-0.475279	0.093575	
A/Bar-headed_Goose/Qingha	0.2758	0.3152	0.4190	0.3025	0.192	-0.038	0.402	53.79	0.459	0.447	679	716	-0.472626	0.093575	
A/Bar-headed_Goose/Qingha	0.2844	0.3183	0.4183	0.2926	0.198	-0.032	0.406	52.63	0.454	0.445	679	716	-0.467318	0.093575	
A/Bar-headed_Goose/Qingha	0.2763	0.3158	0.4190	0.3025	0.194	-0.039	0.402	53.91	0.459	0.446	679	716	-0.471788	0.093575	
A/Bar-headed_Goose/Qingha	0.2938	0.2994	0.4592	0.2521	0.182	-0.058	0.391	52.44	0.413	0.432	678	716	-0.493855	0.093575	
A/Bar-headed_Goose/Qingha	0.2763	0.3139	0.4267	0.2962	0.195	-0.034	0.405	53.39	0.454	0.444	679	716	-0.475279	0.093575	
A/Bar-headed_Goose/Qingha	0.2763	0.3139	0.4267	0.2962	0.195	-0.034	0.405	53.39	0.454	0.444	679	716	-0.475279	0.093575	
A/Bar-headed_Goose/Qingha	0.2763	0.3158	0.4210	0.3004	0.194	-0.039	0.402	53.99	0.458	0.446	679	716	-0.471788	0.093575	
A/Bar-headed_Goose/Qingha	0.2763	0.3158	0.4210	0.3004	0.194	-0.039	0.402	53.99	0.458	0.446	679	716	-0.471788	0.093575	
A/Bar-headed_Goose/Qingha	0.2763	0.3158	0.4210	0.3004	0.194	-0.039	0.402	53.99	0.458	0.446	679	716	-0.471788	0.093575	
A/Bar-headed_Goose/Qingha	0.2763	0.3158	0.4210	0.3004	0.194	-0.039	0.402	53.99	0.458	0.446	679	716	-0.471788	0.093575	
A/Bar-headed_Goose/Qingha	0.2763	0.3158	0.4190	0.3025	0.194	-0.039	0.402	53.91	0.459	0.446	679	716	-0.471788	0.093575	
A/Bar-headed_Goose/Qingha	0.2763	0.3139	0.4267	0.2962	0.195	-0.034	0.405	53.39	0.454	0.444	679	716	-0.475279	0.093575	
A/Bar-headed_Goose/Qingha	0.2763	0.3139	0.4267	0.2962	0.195	-0.034	0.405	53.39	0.454	0.444	679	716	-0.475279	0.093575	
A/Bar-headed_Goose/Qingha	0.2763	0.3139	0.4248	0.2983	0.195	-0.034	0.405	53.67	0.455	0.445	679	716	-0.475279	0.093575	
A/Bar-headed_Goose/Qingha	0.2763	0.3139	0.4248	0.2983	0.195	-0.034	0.405	53.67	0.455	0.445	679	716	-0.475279	0.093575	
A/Bar-headed_Goose/Qingha	0.2763	0.3139	0.4248	0.2983	0.195	-0.034	0.405	53.67	0.455	0.445	679	716	-0.475279	0.093575	
A/Bar-headed_Goose/Qingha	0.2744	0.3177	0.4190	0.3025	0.193	-0.041	0.401	53.82	0.461	0.447	679	716	-0.471788	0.093575	
A/Bar-headed_Goose/Qingha	0.2744	0.3177	0.4190	0.3025	0.193	-0.041	0.401	53.82	0.461	0.447	679	716	-0.471788	0.093575	
A/Bar-headed_Goose/Qingha	0.2763	0.3139	0.4210	0.3025	0.194	-0.039	0.402	53.68	0.458	0.446	679	716	-0.471788	0.093575	
A/Bar-headed_Goose/Qingha	0.2763	0.3139	0.4210	0.3025	0.194	-0.039	0.402	53.68	0.458	0.446	679	716	-0.471788	0.093575	
A/Bar-headed_Goose/Qingha	0.2763	0.3139	0.4267	0.2962	0.195	-0.034	0.405	53.39	0.454	0.444	679	716	-0.475279	0.093575	
A/Bar-headed_Goose/Qingha	0.2763	0.3139	0.4267	0.2962	0.195	-0.034	0.405	53.39	0.454	0.444	679	716	-0.475279	0.093575	
A/Bar-headed_Goose/Qingha	0.2763	0.3139	0.4248	0.2983	0.195	-0.034	0.405	53.67	0.455	0.445	679	716	-0.475279	0.093575	
A/Bar-headed_Goose/Qingha	0.2763	0.3139	0.4248	0.2983	0.195	-0.034	0.405	53.67	0.455	0.445	679	716	-0.475279	0.093575	
A/Bar-headed_Goose/Qingha	0.2763	0.3158	0.4190	0.3025	0.193	-0.041	0.401	53.87	0.459	0.447	679	716	-0.471229	0.093575	
A/Bar-headed_Goose/Qingha	0.2763	0.3158	0.4190	0.3025	0.193	-0.041	0.401	53.87	0.459	0.447	679	716	-0.471229	0.093575	
A/Bar-headed_Goose/Qingha	0.2763	0.3139	0.4286	0.2941	0.196	-0.034	0.405	53.31	0.452	0.444	679	716	-0.475279	0.093575	
A/Bar-headed_Goose/Qingha	0.2763	0.3139	0.4286	0.2941	0.196	-0.034	0.405	53.31	0.452	0.444	679	716	-0.475279	0.093575	
A/Bar-headed_Goose/Qingha	0.2763	0.3139	0.4248	0.2983	0.195	-0.034	0.405	53.67	0.455	0.445	679	716	-0.475279	0.093575	
A/Bar-headed_Goose/Qingha	0.2763	0.3139	0.4248	0.2983	0.194	-0.034	0.405	53.74	0.455	0.445	679	716	-0.478352	0.093575	
A/Bar-headed_Goose/Qingha	0.2763	0.3139	0.4267	0.2968	0.196	-0.032	0.406	53.44	0.454	0.444	679	716	-0.474302	0.093575	
A/Bar-headed_Goose/Qingha	0.2763	0.3139	0.4278	0.2935	0.195	-0.031	0.406	53.68	0.452	0.444	679	716	-0.477095	0.093575	
A/Bar-headed_Goose/Qingha	0.2782	0.3139	0.4248	0.2962	0.193	-0.036	0.404	53.69	0.454	0.444	679	716	-0.478352	0.093575	
A/Bar-headed_Goose/Qingha	0.2763	0.3139	0.4248	0.2983	0.195	-0.034	0.405	53.67	0.455	0.445	679	716	-0.475279	0.093575	
A/Bar-headed_Goose/Qingha	0.2750	0.3164	0.4183	0.3040	0.194	-0.036	0.404	53.97	0.461	0.447	679	716	-0.472207	0.093575	
A/Bar-headed_Goose/Qingha	0.2763	0.3158	0.4190	0.3025	0.194	-0.039	0.402	53.91	0.459	0.446	679	716	-0.471788	0.093575	
A/Bar-headed_Goose/Qingha	0.2758	0.3133	0.4278	0.2962	0.194	-0.034	0.404	53.45	0.453	0.443	680	716	-0.468575	0.094972	
A/Bar-headed_Goose/Qingha	0.2758	0.3133	0.4278	0.2962	0.194	-0.034	0.404	53.45	0.453	0.443	680	716	-0.468575	0.094972	
A/Bar-headed_Goose/Qingha	0.2763	0.3139	0.4248	0.2983	0.195	-0.034	0.405	53.67	0.455	0.445	679	716	-0.475279	0.093575	
A/Bar-headed_Goose/Qingha	0.2763	0.3139	0.4267	0.2962	0.195	-0.034	0.405	53.39	0.454	0.444	679	716	-0.475279	0.093575	
A/Bar-headed_Goose/Qingha	0.2758	0.3152	0.4190	0.3025	0.192	-0.038	0.402	53.79	0.459	0.447	679	716	-0.472626	0.093575	
A/Bar-headed_Goose/Qingha	0.2758	0.3152	0.4190	0.3025	0.192	-0.038	0.402	53.79	0.459	0.447	679	716	-0.472626	0.093575	
A/Bar-headed_goose/Qingha	0.3077	0.2983	0.4226	0.2800	0.187	-0.063	0.388	52.87	0.431	0.436	677	716	-0.472765	0.093575	
A/Bar-headed_goose/Qingha	0.3058	0.3002	0.4226	0.2800	0.186	-0.063	0.388	52.91	0.433	0.437	677	716	-0.472765	0.093575	
A/Bar-headed_goose/Qingha	0.3021	0.3039	0.4226	0.2800	0.186	-0.060	0.390	53.02	0.436	0.438	677	716	-0.472765	0.093575	
A/Bar-headed_goose/Qingha	0.3077	0.2983	0.4226	0.2800	0.187	-0.063	0.388	52.87	0.431	0.436	677	716	-0.472765	0.093575	
A/Bar-headed_goose/Qingha	0.3058	0.3002	0.4234	0.2806	0.186	-0.063	0.388	52.87	0.433	0.436	677	716	-0.476536	0.093575	
A/Bar-headed_goose/Qingha	0.3058	0.3002	0.4234	0.2806	0.186	-0.063	0.388	52.87	0.433	0.436	677	716	-0.476536	0.093575	
A/Bar-headed_goose/Qingha	0.3077	0.2983	0.4226	0.2800	0.187	-0.063	0.388	52.87	0.431	0.436	677	716	-0.472765	0.093575	
A/Bar-headed_goose/Qingha	0.3077	0.2983	0.4226	0.2800	0.187	-0.063	0.388	52.87	0.431	0.436	677	716	-0.472765	0.093575	
A/Bar-headed_Goose/Qingha	0.2763	0.3139	0.4286	0.2941	0.196	-0.034	0.405	53.31	0.452	0.444	679	716	-0.475279	0.093575	
A/Bar-headed_Goose/Qingha	0.2763	0.3139	0.4286	0.2941	0.196	-0.034	0.405	53.31	0.452	0.444	679	716	-0.475279	0.093575	
A/Bar-headed_Goose/Qingha	0.2763	0.3139	0.4267	0.2962	0.195	-0.034	0.405	53.39	0.454	0.444	679	716	-0.475279	0.093575	
A/Bar-headed_Goose/Qingha	0.2763	0.3139	0.4286	0.2941	0.196	-0.034	0.405	53.31	0.452	0.444	679	716	-0.475279	0.093575	
A/Bar-headed_Goose/Qingha	0.2763	0.3139	0.4248	0.2983	0.195	-0.034	0.405	53.67	0.455	0.445	679	716	-0.475279	0.093575	
A/Bar-headed_Goose/Qingha	0.2758	0.3133	0.4278	0.2962	0.194	-0.034	0.404	53.45	0.453	0.443	680	716	-0.468575	0.094972	
A/Bar-headed_Goose/Qingha	0.2758	0.3133	0.4278	0.2962	0.194	-0.034	0.404	53.45	0.453	0.443	680	716	-0.468575	0.094972	
A/Bar-headed_Goose/Tibet/	0.2914	0.3083	0.4221	0.2881	0.192	-0.043	0.399	53.00	0.445	0.443	679	716	-0.478352	0.093575	
A/Bar-headed_Goose/Tibet/	0.2932	0.3064	0.4183	0.2923	0.191	-0.046	0.398	53.18	0.446	0.443	679	716	-0.478352	0.093575	
A/Bar-headed_Goose/Tibet/	0.2932	0.3064	0.4202	0.2902	0.192	-0.043	0.399	53.15	0.445	0.443	679	716	-0.478352	0.093575	
A/Bar-headed_Goose/Tibet/	0.2914	0.3083	0.4221	0.2881	0.192	-0.043	0.399	53.00	0.445	0.443	679	716	-0.478352	0.093575	
A/Bar-headed_Goose/Tibet/	0.2787	0.3183	0.4118	0.3040	0.194	-0.045	0.399	54.14	0.462	0.445	679	716	-0.466341	0.093575	
A/Bar-headed_Goose/Tibet/	0.2787	0.3183	0.4118	0.3040	0.194	-0.045	0.399	54.14	0.462	0.445	679	716	-0.466341	0.093575	
A/Bar-headed_Goose/Tibet/	0.2932	0.3064	0.4183	0.2923	0.191	-0.046	0.398	53.18	0.446	0.443	679	716	-0.478352	0.093575	
A/Bar-headed_Goose/Tibet/	0.2932	0.3064	0.4183	0.2923	0.191	-0.046	0.398	53.18	0.446	0.443	679	716	-0.478352	0.093575	
A/Bar-headed_Goose/Tibet/	0.2932	0.3064	0.4183	0.2923	0.191	-0.046	0.398	53.18	0.446	0.443	679	716	-0.478352	0.093575	
A/Bar-headed_Goose/Tibet/	0.2932	0.3064	0.4183	0.2923	0.191	-0.046	0.398	53.18	0.446	0.443	679	716	-0.478352	0.093575	
A/Bar-headed_Goose/Tibet/	0.2932	0.3064	0.4183	0.2923	0.191	-0.046	0.398	53.18	0.446	0.443	679	716	-0.478352	0.093575	
A/Bar-headed_Goose/Tibet/	0.2914	0.3083	0.4202	0.2902	0.192	-0.043	0.399	52.95	0.446	0.443	679	716	-0.478352	0.093575	
A/Bar-headed_Goose/Tibet/	0.2914	0.3083	0.4221	0.2881	0.192	-0.043	0.399	53.00	0.445	0.443	679	716	-0.478352	0.093575	
A/Bar-headed_Goose/Tibet/	0.2908	0.3077	0.4221	0.2881	0.190	-0.045	0.398	52.83	0.445	0.443	679	716	-0.479190	0.093575	
A/bean_goose/Hubei/BQ11/2	0.2932	0.3064	0.4221	0.2881	0.192	-0.043	0.399	53.58	0.443	0.443	679	716	-0.485894	0.093575	
A/Bean_Goose/Hubei/chenhu	0.3472	0.2736	0.3977	0.2923	0.207	-0.041	0.401	54.56	0.420	0.436	679	716	-0.467318	0.093575	
A/Bean_goose/Hubei/CH-i11	0.2763	0.3139	0.4248	0.2983	0.195	-0.034	0.405	53.67	0.455	0.445	679	716	-0.475279	0.093575	
A/Bean_goose/Hubei/CH-i12	0.2763	0.3139	0.4248	0.2983	0.195	-0.034	0.405	53.67	0.455	0.445	679	716	-0.475279	0.093575	
A/Bean_goose/Hubei/CH-I22	0.3109	0.2884	0.4210	0.2872	0.185	-0.079	0.379	53.31	0.429	0.437	678	716	-0.465224	0.093575	
A/Bean_goose/Hubei/CH-i32	0.2763	0.3139	0.4240	0.2977	0.193	-0.035	0.404	53.70	0.455	0.446	679	716	-0.480587	0.092179	
A/black_chicken/Jiangxi/1	0.3000	0.3000	0.4373	0.2725	0.189	-0.051	0.395	52.94	0.426	0.434	678	716	-0.471508	0.093575	
A/Black_faced_Spoonbill/A	0.2860	0.3182	0.4297	0.2765	0.196	-0.030	0.407	53.08	0.444	0.443	678	716	-0.485196	0.094972	
A/Black_Faced_Spoonbill/H	0.2838	0.3120	0.4175	0.2965	0.193	-0.032	0.406	54.21	0.454	0.445	679	716	-0.475419	0.093575	
A/Black_Faced_Spoonbill/H	0.2841	0.3182	0.4373	0.2708	0.195	-0.028	0.409	52.57	0.440	0.440	678	716	-0.484218	0.094972	
A/black_swan/Beijing/1/20	0.2932	0.3064	0.4202	0.2902	0.192	-0.046	0.398	53.88	0.445	0.443	679	716	-0.485754	0.093575	
A/black-backed_gull/Shand	0.2914	0.3083	0.4183	0.2929	0.193	-0.041	0.401	53.48	0.448	0.444	679	716	-0.485475	0.093575	
A/Black-necked_Grebe/Inne	0.2927	0.3021	0.4580	0.2547	0.182	-0.056	0.392	52.31	0.416	0.432	678	716	-0.496090	0.094972	
A/Black-necked_Grebe/Inne	0.2938	0.3013	0.4582	0.2526	0.184	-0.058	0.391	51.97	0.414	0.431	678	716	-0.488408	0.093575	
A/Black-necked_Grebe/Inne	0.2925	0.3019	0.4592	0.2516	0.184	-0.055	0.392	51.94	0.414	0.431	678	716	-0.498743	0.092179	
A/Black-necked_Grebe/Inne	0.2938	0.3013	0.4582	0.2526	0.184	-0.058	0.391	51.97	0.414	0.431	678	716	-0.488408	0.093575	
A/Black-necked_Grebe/Inne	0.2938	0.3013	0.4582	0.2526	0.184	-0.058	0.391	51.97	0.414	0.431	678	716	-0.488408	0.093575	
A/Black-necked_Grebe/Inne	0.2938	0.3013	0.4582	0.2526	0.184	-0.058	0.391	51.97	0.414	0.431	678	716	-0.488408	0.093575	
A/Black-necked_Grebe/Inne	0.2925	0.3019	0.4592	0.2516	0.184	-0.055	0.392	51.94	0.414	0.431	678	716	-0.498743	0.092179	
A/Black-necked_Grebe/Inne	0.2925	0.3019	0.4583	0.2510	0.184	-0.056	0.391	52.04	0.414	0.431	678	716	-0.488967	0.092179	
A/Brown-headed_Gull/Qingh	0.2763	0.3139	0.4248	0.2983	0.195	-0.034	0.405	53.67	0.455	0.445	679	716	-0.475279	0.093575	
A/Brown-headed_Gull/Qingh	0.2763	0.3139	0.4248	0.2983	0.195	-0.034	0.405	53.67	0.455	0.445	679	716	-0.475279	0.093575	
A/Brown-headed_Gull/Qingh	0.2763	0.3139	0.4267	0.2962	0.195	-0.034	0.405	53.39	0.454	0.444	679	716	-0.475279	0.093575	
A/Brown-headed_Gull/Qingh	0.2763	0.3139	0.4267	0.2962	0.195	-0.034	0.405	53.39	0.454	0.444	679	716	-0.475279	0.093575	
A/Brown-headed_Gull/Qingh	0.2763	0.3139	0.4267	0.2962	0.195	-0.034	0.405	53.39	0.454	0.444	679	716	-0.475279	0.093575	
A/Brown-headed_Gull/Qingh	0.2763	0.3158	0.4183	0.3019	0.193	-0.039	0.402	53.99	0.459	0.447	679	716	-0.466899	0.093575	
A/Brown-headed_Gull/Qingh	0.2763	0.3158	0.4183	0.3019	0.193	-0.039	0.402	53.99	0.459	0.447	679	716	-0.466899	0.093575	
A/Brown-headed_Gull/Qingh	0.2763	0.3139	0.4267	0.2962	0.195	-0.034	0.405	53.39	0.454	0.444	679	716	-0.475279	0.093575	
A/Brown-headed_Gull/Qingh	0.2763	0.3139	0.4248	0.2983	0.195	-0.034	0.405	53.67	0.455	0.445	679	716	-0.475279	0.093575	
A/brown-headed_gull/Tibet	0.2914	0.3083	0.4183	0.2923	0.192	-0.043	0.399	53.14	0.448	0.444	679	716	-0.478352	0.093575	
A/Brown-headed_Gull/Tibet	0.2914	0.3083	0.4221	0.2881	0.192	-0.043	0.399	53.00	0.445	0.443	679	716	-0.478352	0.093575	
A/Brown-headed_Gull/Tibet	0.2932	0.3064	0.4202	0.2902	0.191	-0.046	0.398	53.19	0.445	0.443	679	716	-0.478352	0.093575	
A/Brown-headed_Gull/Tibet	0.2951	0.3045	0.4202	0.2902	0.191	-0.046	0.398	53.19	0.443	0.442	679	716	-0.478352	0.093575	
A/canine/China/GX30/2023|	0.3062	0.3062	0.4231	0.2767	0.222	0.026	0.439	51.75	0.433	0.438	679	716	-0.486313	0.093575	
A/cat/Sichuan/SC18/2014|E	0.2962	0.3057	0.4326	0.2729	0.191	-0.047	0.398	52.98	0.432	0.439	678	716	-0.475279	0.093575	
A/cat/Zhejiang/C1/2016|EP	0.2768	0.3315	0.4256	0.2782	0.211	0.017	0.433	53.28	0.455	0.445	679	716	-0.495112	0.093575	
A/cat/Zhejiang/C2/2016|EP	0.2750	0.3296	0.4198	0.2887	0.211	0.030	0.440	52.72	0.461	0.447	679	716	-0.491760	0.093575	
A/Changsha/1/2014|EPI_ISL	0.3015	0.3015	0.4321	0.2737	0.186	-0.066	0.386	52.04	0.429	0.435	678	716	-0.464525	0.094972	
A/chicken/Anhui/S1740/202	0.2900	0.3126	0.4171	0.2902	0.194	-0.043	0.400	53.45	0.450	0.446	678	716	-0.488129	0.094972	
A/chicken/Beijing/BJ7/201	0.2736	0.3321	0.4313	0.2794	0.213	0.037	0.446	54.62	0.454	0.440	680	716	-0.498883	0.094972	
A/chicken/CH/a556/2015|EP	0.3225	0.2767	0.4476	0.2716	0.195	-0.050	0.397	52.08	0.404	0.423	678	716	-0.494553	0.093575	
A/chicken/Changhua/150101	0.2650	0.3383	0.4152	0.2954	0.194	-0.033	0.406	52.90	0.471	0.448	679	716	-0.468436	0.094972	
A/chicken/Changhua/150102	0.2674	0.3352	0.4163	0.2947	0.192	-0.038	0.404	52.99	0.468	0.447	679	716	-0.468855	0.094972	
A/chicken/Changhua/150103	0.2669	0.3365	0.4152	0.2954	0.194	-0.035	0.405	52.89	0.470	0.448	679	716	-0.468436	0.094972	
A/chicken/Changhua/150103	0.2669	0.3365	0.4163	0.2920	0.195	-0.032	0.406	53.04	0.468	0.448	679	716	-0.461872	0.096369	
A/chicken/Changhua/150103	0.2669	0.3365	0.4133	0.2975	0.194	-0.035	0.405	53.15	0.471	0.449	679	716	-0.467877	0.094972	
A/chicken/Changhua/150103	0.2669	0.3365	0.4171	0.2932	0.194	-0.033	0.406	52.88	0.468	0.447	679	716	-0.468436	0.094972	
A/chicken/Changhua/150400	0.3159	0.2897	0.4324	0.2710	0.188	-0.068	0.385	53.01	0.418	0.426	680	716	-0.486732	0.094972	
A/chicken/Changhua/150400	0.3202	0.2865	0.4275	0.2746	0.190	-0.067	0.386	53.06	0.418	0.427	679	716	-0.490782	0.094972	
A/chicken/Changhua/150400	0.3184	0.2884	0.4275	0.2752	0.189	-0.072	0.383	53.04	0.420	0.427	679	716	-0.486871	0.094972	
A/chicken/Changhua/150400	0.3184	0.2884	0.4256	0.2773	0.189	-0.075	0.381	53.06	0.421	0.427	679	716	-0.487430	0.094972	
A/chicken/Changhua/150500	0.2688	0.3346	0.4163	0.2926	0.196	-0.028	0.409	52.99	0.467	0.448	679	716	-0.464665	0.094972	
A/chicken/Changhua/150500	0.3114	0.2946	0.4264	0.2773	0.191	-0.065	0.388	53.22	0.426	0.430	678	716	-0.493855	0.094972	
A/chicken/Changhua/150600	0.2650	0.3346	0.4221	0.2905	0.193	-0.030	0.408	52.91	0.465	0.447	679	716	-0.464665	0.094972	
A/chicken/Changhua/150600	0.3121	0.2916	0.4264	0.2773	0.187	-0.072	0.383	52.90	0.425	0.430	678	716	-0.490363	0.094972	
A/chicken/Changhua/150600	0.2688	0.3327	0.4163	0.2947	0.194	-0.030	0.408	52.85	0.467	0.447	679	716	-0.464665	0.094972	
A/chicken/Changhua/151200	0.2674	0.3352	0.4190	0.2905	0.190	-0.037	0.404	53.22	0.466	0.447	678	716	-0.468296	0.094972	
A/chicken/Changhua/160100	0.2669	0.3346	0.4202	0.2918	0.194	-0.026	0.411	52.56	0.465	0.446	679	716	-0.462710	0.094972	
A/chicken/Changhua/170600	0.2726	0.3308	0.4240	0.2848	0.196	-0.025	0.411	52.98	0.458	0.445	679	716	-0.463687	0.094972	
A/chicken/Changhua/180400	0.2637	0.3390	0.4190	0.2939	0.196	-0.015	0.417	52.33	0.470	0.447	679	716	-0.475419	0.094972	
A/chicken/Chiayi/15010287	0.2669	0.3365	0.4152	0.2954	0.194	-0.035	0.405	53.03	0.470	0.448	679	716	-0.468436	0.094972	
A/chicken/Chiayi/15010409	0.2693	0.3333	0.4183	0.2932	0.194	-0.033	0.406	52.91	0.465	0.446	679	716	-0.467458	0.094972	
A/chicken/Chiayi/15010454	0.3133	0.2927	0.4264	0.2773	0.190	-0.066	0.386	53.09	0.425	0.429	678	716	-0.490503	0.094972	
A/chicken/Chiayi/17040009	0.2693	0.3333	0.4163	0.2954	0.196	-0.020	0.414	52.77	0.467	0.447	679	716	-0.468156	0.094972	
A/chicken/Chiayi/18120003	0.2892	0.3138	0.4061	0.3033	0.198	-0.033	0.404	54.42	0.459	0.446	678	716	-0.447207	0.093575	
A/chicken/China/007/2019|	0.2985	0.3060	0.4095	0.2920	0.180	-0.073	0.382	52.35	0.447	0.443	678	716	-0.458240	0.093575	
A/chicken/China/Cangzhou0	0.2755	0.3245	0.4042	0.3096	0.199	-0.041	0.401	53.27	0.471	0.448	679	716	-0.473324	0.093575	
A/chicken/China/E93/2012|	0.2876	0.3158	0.4400	0.2630	0.193	-0.015	0.416	51.34	0.434	0.437	678	716	-0.505866	0.093575	
A/chicken/China/E96/2012|	0.2857	0.3158	0.4381	0.2672	0.193	-0.022	0.412	50.95	0.437	0.439	678	716	-0.502235	0.093575	
A/chicken/Chiping/0321/20	0.2708	0.3371	0.4286	0.2788	0.210	0.015	0.433	55.58	0.458	0.442	679	716	-0.497905	0.093575	
A/chicken/chongqing/H1/20	0.3045	0.3026	0.4430	0.2552	0.196	-0.032	0.406	52.92	0.417	0.435	678	716	-0.466341	0.093575	
A/chicken/Chongqing/SD001	0.3045	0.3008	0.4449	0.2552	0.195	-0.035	0.404	52.69	0.416	0.435	678	716	-0.466341	0.093575	
A/chicken/Dongguan/2690/2	0.3052	0.2978	0.4237	0.2815	0.185	-0.071	0.383	52.93	0.432	0.438	678	716	-0.469553	0.093575	
A/chicken/Dongguan/3363/2	0.3015	0.3015	0.4294	0.2752	0.186	-0.063	0.388	52.73	0.431	0.437	678	716	-0.469553	0.093575	
A/chicken/Dongguan/4259/2	0.3034	0.3015	0.4218	0.2815	0.186	-0.071	0.383	52.61	0.435	0.438	678	716	-0.469553	0.093575	
A/chicken/Fujian/05.07_FZ	0.3096	0.2946	0.4218	0.2836	0.188	-0.064	0.388	53.21	0.431	0.437	678	716	-0.479749	0.093575	
A/chicken/Fujian/09.16_GT	0.3090	0.2959	0.4245	0.2800	0.186	-0.068	0.385	53.36	0.429	0.436	678	716	-0.464525	0.094972	
A/chicken/Fujian/10.08_FZ	0.3065	0.2991	0.4171	0.2830	0.185	-0.065	0.386	53.28	0.435	0.439	678	716	-0.466620	0.093575	
A/chicken/Fujian/11.23_FZ	0.2974	0.2993	0.4207	0.2932	0.190	-0.044	0.399	52.49	0.441	0.439	680	716	-0.470671	0.093575	
A/chicken/Gansu/5/2012|EP	0.2820	0.3195	0.4400	0.2646	0.195	-0.015	0.416	51.09	0.438	0.439	678	716	-0.502654	0.093575	
A/chicken/Gansu/6/2012|EP	0.2895	0.3139	0.4400	0.2630	0.192	-0.020	0.413	51.23	0.432	0.436	678	716	-0.505866	0.093575	
A/chicken/Ganzhou/GZ27/20	0.2978	0.3052	0.4226	0.2842	0.186	-0.061	0.389	52.52	0.440	0.439	678	716	-0.470391	0.093575	
A/chicken/Guangdong/04.15	0.2782	0.3233	0.4552	0.2531	0.210	0.031	0.441	53.53	0.431	0.437	680	716	-0.483659	0.094972	
A/chicken/Guangdong/10.16	0.2795	0.3208	0.4476	0.2615	0.206	0.021	0.435	53.77	0.435	0.439	680	716	-0.487570	0.093575	
A/chicken/Guangdong/GD160	0.2702	0.3321	0.4256	0.2836	0.208	0.030	0.440	53.11	0.459	0.447	679	716	-0.483939	0.093575	
A/chicken/Guangdong/MG170	0.2998	0.3017	0.4137	0.2902	0.188	-0.059	0.390	53.66	0.443	0.440	680	716	-0.456006	0.093575	
A/chicken/Guangdong/MG171	0.2998	0.2998	0.4175	0.2881	0.189	-0.057	0.391	53.44	0.440	0.439	680	716	-0.456006	0.093575	
A/chicken/Guangdong/MG171	0.2998	0.3017	0.4156	0.2881	0.188	-0.059	0.390	53.45	0.441	0.439	680	716	-0.456006	0.093575	
A/chicken/Guangdong/MG171	0.2946	0.3039	0.4183	0.2923	0.190	-0.048	0.396	53.70	0.445	0.444	679	716	-0.487291	0.093575	
A/chicken/Guangdong/MG173	0.3195	0.2820	0.4464	0.2648	0.198	-0.031	0.407	52.91	0.406	0.427	678	716	-0.500978	0.093575	
A/chicken/Guangdong/MG173	0.3025	0.3081	0.4288	0.2725	0.219	0.023	0.437	51.94	0.432	0.438	679	716	-0.473743	0.093575	
A/chicken/Guangxi/04.10_N	0.3065	0.2953	0.4226	0.2881	0.184	-0.064	0.387	52.72	0.433	0.435	679	716	-0.464805	0.093575	
A/chicken/Guangxi/16/2019	0.3047	0.3009	0.4190	0.2809	0.187	-0.057	0.391	52.51	0.435	0.438	678	716	-0.461453	0.093575	
A/chicken/Guangxi/S2039/2	0.2906	0.3057	0.4497	0.2615	0.192	-0.046	0.398	51.45	0.423	0.433	678	716	-0.476816	0.094972	
A/chicken/Guizhou/8.26_ZY	0.2782	0.3158	0.4438	0.2752	0.199	-0.007	0.419	53.49	0.440	0.436	680	716	-0.490363	0.093575	
A/chicken/GY/a451/2015|EP	0.3206	0.2786	0.4493	0.2727	0.198	-0.046	0.400	51.30	0.406	0.422	678	716	-0.497346	0.096369	
A/Chicken/Hangzhou/E1149/	0.2879	0.3125	0.3951	0.3201	0.189	-0.046	0.398	54.99	0.468	0.446	679	716	-0.481704	0.093575	
A/chicken/Hebei/3/2013|EP	0.2736	0.3321	0.4313	0.2794	0.213	0.037	0.446	54.62	0.454	0.440	680	716	-0.498883	0.094972	
A/chicken/Heilongjiang/S7	0.3071	0.2978	0.4218	0.2821	0.188	-0.061	0.389	52.96	0.432	0.438	678	716	-0.468576	0.093575	
A/chicken/Henan/Q7/2013|E	0.2722	0.3346	0.4313	0.2794	0.215	0.034	0.444	55.12	0.456	0.441	680	716	-0.497905	0.094972	
A/chicken/Hsinchu/1608000	0.2650	0.3365	0.4183	0.2932	0.194	-0.025	0.411	52.74	0.468	0.448	679	716	-0.463687	0.094972	
A/chicken/Hubei/03.06__WH	0.2720	0.3314	0.4288	0.2770	0.211	0.033	0.442	52.99	0.454	0.445	669	705	-0.497163	0.090780	
A/chicken/Hubei/03.06__WH	0.2962	0.3075	0.4269	0.2777	0.193	-0.041	0.401	53.09	0.437	0.439	678	716	-0.465084	0.093575	
A/chicken/Hubei/2856/2007	0.2825	0.3145	0.4451	0.2667	0.201	-0.012	0.418	53.82	0.434	0.438	680	716	-0.483240	0.093575	
A/chicken/Hubei/ZYSJF11/2	0.2712	0.3333	0.4275	0.2815	0.210	0.030	0.440	53.52	0.458	0.446	679	716	-0.487430	0.093575	
A/chicken/Hubei/ZYSJF16/2	0.2712	0.3333	0.4275	0.2815	0.210	0.030	0.440	53.52	0.458	0.446	679	716	-0.487430	0.093575	
A/chicken/Hubei/ZYSJF38/2	0.2712	0.3333	0.4275	0.2815	0.210	0.030	0.440	53.52	0.458	0.446	679	716	-0.487430	0.093575	
A/Chicken/Huizhou/16274/2	0.2991	0.3084	0.4111	0.2905	0.186	-0.058	0.391	53.32	0.447	0.442	678	716	-0.474162	0.093575	
A/chicken/Hunan/02.06_YYG	0.3065	0.2972	0.4046	0.3004	0.183	-0.070	0.383	52.32	0.445	0.441	678	716	-0.470391	0.093575	
A/chicken/Hunan/03.07_YYG	0.2863	0.3239	0.4275	0.2773	0.203	-0.001	0.424	54.11	0.447	0.439	680	716	-0.487151	0.093575	
A/chicken/Hunan/03.07_YYG	0.2881	0.3145	0.4099	0.3004	0.198	-0.019	0.414	53.65	0.457	0.444	679	716	-0.472207	0.093575	
A/chicken/Hunan/3.07_YYGK	0.2863	0.3239	0.4275	0.2773	0.203	-0.001	0.424	54.03	0.447	0.439	680	716	-0.487151	0.093575	
A/chicken/Hunan/04.14_YYG	0.3052	0.2978	0.4198	0.2857	0.185	-0.071	0.383	53.48	0.435	0.438	678	716	-0.469553	0.093575	
A/chicken/Hunan/04.14_YYK	0.2989	0.3065	0.4272	0.2722	0.191	-0.046	0.398	53.37	0.433	0.438	668	705	-0.463972	0.092199	
A/chicken/Hunan/04.14_YYX	0.3077	0.2983	0.4226	0.2800	0.187	-0.063	0.388	52.87	0.431	0.436	677	716	-0.472765	0.093575	
A/chicken/Hunan/12.07__YY	0.2962	0.3057	0.4326	0.2735	0.190	-0.046	0.398	53.11	0.432	0.437	678	716	-0.468715	0.093575	
A/chicken/Hunan/12.07_YYG	0.3015	0.3034	0.4368	0.2605	0.189	-0.049	0.396	52.81	0.423	0.435	669	705	-0.469078	0.092199	
A/chicken/Hunan/12.27_YYG	0.2833	0.3152	0.4447	0.2689	0.201	-0.007	0.419	53.03	0.435	0.436	680	716	-0.494832	0.093575	
A/chicken/Hunan/12.27_YYG	0.3028	0.3028	0.4234	0.2806	0.189	-0.047	0.397	53.26	0.435	0.437	678	716	-0.467598	0.093575	
A/chicken/Hunan/12.27_YYG	0.2978	0.3034	0.4286	0.2767	0.188	-0.056	0.392	52.96	0.434	0.439	678	716	-0.468296	0.093575	
A/chicken/Hunan/12.28_YYG	0.3039	0.3002	0.4226	0.2821	0.184	-0.070	0.384	53.01	0.434	0.438	677	716	-0.472765	0.093575	
A/chicken/Hunan/1793/2007	0.3036	0.3074	0.4118	0.2902	0.201	-0.039	0.404	53.66	0.444	0.440	678	716	-0.474860	0.093575	
A/chicken/Hunan/3157/2006	0.2906	0.3094	0.4392	0.2737	0.195	-0.031	0.406	52.62	0.433	0.435	679	716	-0.480587	0.093575	
A/chicken/Hunan/HN40/2015	0.3034	0.2996	0.4218	0.2836	0.185	-0.066	0.386	53.03	0.435	0.439	678	716	-0.469553	0.093575	
A/chicken/Hunan/HN58/2015	0.3052	0.2996	0.4198	0.2836	0.187	-0.058	0.391	53.13	0.435	0.438	678	716	-0.473045	0.093575	
A/chicken/Hunan/HN75/2015	0.3077	0.2964	0.4267	0.2767	0.185	-0.066	0.386	52.03	0.428	0.436	678	716	-0.469553	0.093575	
A/chicken/Hunan/HN158/201	0.3058	0.2964	0.4171	0.2893	0.184	-0.073	0.382	52.75	0.437	0.439	678	716	-0.466062	0.093575	
A/chicken/Hunan/HN244/201	0.3052	0.2996	0.4103	0.2935	0.185	-0.076	0.381	53.05	0.442	0.441	678	716	-0.473324	0.093575	
A/chicken/Hunan/HN245/201	0.3058	0.3002	0.4111	0.2914	0.187	-0.076	0.381	53.22	0.442	0.441	677	716	-0.476955	0.093575	
A/chicken/Hunan/HN247/201	0.3052	0.2978	0.4141	0.2914	0.186	-0.068	0.385	52.98	0.440	0.440	678	716	-0.481983	0.093575	
A/chicken/Hunan/HN248/201	0.3052	0.2996	0.4103	0.2935	0.185	-0.076	0.381	53.05	0.442	0.441	678	716	-0.473324	0.093575	
A/chicken/Hunan/HN249/201	0.3052	0.2996	0.4103	0.2935	0.185	-0.076	0.381	53.05	0.442	0.441	678	716	-0.473324	0.093575	
A/chicken/Hunan/HN250/201	0.3058	0.3002	0.4073	0.2956	0.187	-0.076	0.381	53.09	0.445	0.442	677	716	-0.476955	0.093575	
A/chicken/Hunan/HN251/201	0.3071	0.2978	0.4103	0.2935	0.185	-0.079	0.379	53.14	0.441	0.440	678	716	-0.473324	0.093575	
A/chicken/Hunan/HN252/201	0.3096	0.2964	0.4179	0.2857	0.187	-0.071	0.383	53.11	0.434	0.437	678	716	-0.468715	0.093575	
A/chicken/Hunan/HN254/201	0.3096	0.2964	0.4160	0.2878	0.188	-0.069	0.385	53.27	0.435	0.437	678	716	-0.468715	0.093575	
A/chicken/Hunan/HN255/201	0.3052	0.2996	0.4122	0.2920	0.184	-0.074	0.382	52.94	0.441	0.440	678	716	-0.472905	0.093575	
A/chicken/Hunan/HN263/201	0.3060	0.2929	0.4190	0.2899	0.184	-0.074	0.381	52.70	0.434	0.438	679	716	-0.462151	0.093575	
A/chicken/Hunan/HN264/201	0.3065	0.2935	0.4179	0.2899	0.185	-0.073	0.382	52.52	0.435	0.439	678	716	-0.468436	0.092179	
A/chicken/Hunan/HN265/201	0.3065	0.2935	0.4179	0.2899	0.185	-0.073	0.382	52.69	0.435	0.438	678	716	-0.465782	0.093575	
A/chicken/Hunan/HN266/201	0.3065	0.2935	0.4179	0.2899	0.185	-0.073	0.382	52.69	0.435	0.438	678	716	-0.465782	0.093575	
A/chicken/Hunan/HN301/201	0.2991	0.3047	0.4179	0.2857	0.184	-0.058	0.391	53.36	0.441	0.441	678	716	-0.470391	0.093575	
A/chicken/Hunan/HN302/201	0.2991	0.3047	0.4179	0.2857	0.184	-0.058	0.391	53.36	0.441	0.441	678	716	-0.470391	0.093575	
A/chicken/Hunan/HN303/201	0.3009	0.3028	0.4179	0.2857	0.184	-0.060	0.389	53.26	0.440	0.441	678	716	-0.470391	0.093575	
A/chicken/Hunan/HN304/201	0.2991	0.3047	0.4179	0.2857	0.184	-0.058	0.391	53.36	0.441	0.441	678	716	-0.470391	0.093575	
A/chicken/Hunan/HN305/201	0.2991	0.3047	0.4179	0.2857	0.184	-0.058	0.391	53.36	0.441	0.441	678	716	-0.470391	0.093575	
A/chicken/Hunan/HN306/201	0.2991	0.3047	0.4160	0.2878	0.184	-0.058	0.391	53.48	0.442	0.442	678	716	-0.470391	0.093575	
A/chicken/Hunan/HN307/201	0.3028	0.2991	0.4198	0.2857	0.183	-0.065	0.386	53.07	0.437	0.440	678	716	-0.470391	0.093575	
A/chicken/Hunan/HN308/201	0.2991	0.3047	0.4179	0.2857	0.185	-0.058	0.391	53.43	0.441	0.442	678	716	-0.469832	0.093575	
A/chicken/Hunan/S10029/20	0.3000	0.2962	0.4497	0.2615	0.188	-0.058	0.391	51.27	0.416	0.432	678	716	-0.485196	0.093575	
A/chicken/Jiangsu/03.17_W	0.2830	0.3057	0.4367	0.2848	0.197	-0.025	0.410	53.06	0.440	0.438	680	716	-0.479050	0.093575	
A/chicken/Jiangsu/927/201	0.2919	0.3032	0.4487	0.2642	0.185	-0.048	0.397	51.44	0.423	0.433	678	716	-0.488268	0.093575	
A/chicken/Jiangsu/1001/20	0.2712	0.3333	0.4305	0.2767	0.211	0.034	0.443	54.70	0.455	0.442	679	716	-0.478771	0.093575	
A/chicken/Jiangsu/2477/20	0.2970	0.2970	0.4563	0.2558	0.183	-0.058	0.391	52.03	0.413	0.431	678	716	-0.484916	0.093575	
A/chicken/Jiangsu/k0402/2	0.2782	0.3120	0.4375	0.2797	0.197	-0.018	0.414	52.18	0.442	0.441	679	716	-0.465503	0.093575	
A/chicken/Jiangsu/SE2228/	0.2994	0.2957	0.4582	0.2537	0.187	-0.048	0.397	51.71	0.410	0.430	678	716	-0.482682	0.093575	
A/chicken/Jiangsu/WXBING2	0.3127	0.2921	0.4267	0.2767	0.185	-0.077	0.380	52.46	0.424	0.434	679	716	-0.465503	0.093575	
A/chicken/Jiangsu/WXS7393	0.3109	0.2959	0.4283	0.2737	0.186	-0.074	0.382	52.58	0.425	0.434	678	716	-0.468157	0.093575	
A/chicken/Jiangsu/XZ216/2	0.2717	0.3340	0.4213	0.2854	0.212	0.028	0.440	55.24	0.462	0.445	680	716	-0.490782	0.093575	
A/chicken/Jiangsu/YB7/201	0.2768	0.3145	0.4329	0.2854	0.193	-0.023	0.412	53.37	0.447	0.440	680	716	-0.473743	0.093575	
A/chicken/Jiangxi/01.14_N	0.2720	0.3302	0.4297	0.2809	0.212	0.033	0.442	52.34	0.455	0.445	681	716	-0.487989	0.093575	
A/chicken/Jiangxi/02.05_Y	0.3090	0.2940	0.4237	0.2815	0.187	-0.066	0.386	52.85	0.429	0.437	678	716	-0.469553	0.093575	
A/chicken/Jiangxi/02.05_Y	0.2731	0.3315	0.4313	0.2773	0.213	0.034	0.443	52.84	0.454	0.445	679	716	-0.494274	0.093575	
A/chicken/Jiangxi/04.01__	0.2712	0.3333	0.4313	0.2767	0.212	0.037	0.445	52.97	0.455	0.446	679	716	-0.494693	0.093575	
A/chicken/Jiangxi/04.01__	0.2712	0.3333	0.4294	0.2788	0.212	0.037	0.445	52.96	0.457	0.446	679	716	-0.494693	0.093575	
A/chicken/Jiangxi/04.01__	0.2712	0.3333	0.4313	0.2767	0.212	0.037	0.445	52.97	0.455	0.446	679	716	-0.494693	0.093575	
A/chicken/Jiangxi/04.01__	0.2712	0.3333	0.4313	0.2767	0.212	0.037	0.445	52.97	0.455	0.446	679	716	-0.494693	0.093575	
A/chicken/Jiangxi/04.01__	0.2957	0.3051	0.4288	0.2782	0.189	-0.051	0.395	52.96	0.435	0.438	678	716	-0.469134	0.093575	
A/chicken/Jiangxi/04.01__	0.2750	0.3296	0.4190	0.2914	0.214	0.040	0.447	53.88	0.462	0.447	680	716	-0.497067	0.093575	
A/chicken/Jiangxi/04.01_N	0.2712	0.3333	0.4313	0.2767	0.212	0.037	0.445	52.97	0.455	0.446	679	716	-0.494693	0.093575	
A/chicken/Jiangxi/04.01_N	0.2712	0.3333	0.4313	0.2767	0.212	0.037	0.445	52.97	0.455	0.446	679	716	-0.494693	0.093575	
A/chicken/Jiangxi/04.01_N	0.2712	0.3333	0.4313	0.2767	0.212	0.037	0.445	52.97	0.455	0.446	679	716	-0.494693	0.093575	
A/chicken/Jiangxi/04.01_N	0.2712	0.3333	0.4313	0.2767	0.212	0.037	0.445	53.07	0.455	0.446	679	716	-0.497347	0.092179	
A/chicken/Jiangxi/04.01_N	0.2693	0.3352	0.4313	0.2767	0.213	0.039	0.446	53.10	0.457	0.446	679	716	-0.497347	0.092179	
A/chicken/Jiangxi/04.01_N	0.2712	0.3333	0.4313	0.2767	0.212	0.037	0.445	52.97	0.455	0.446	679	716	-0.494693	0.093575	
A/chicken/Jiangxi/04.01_N	0.2726	0.3308	0.4324	0.2773	0.212	0.033	0.443	52.36	0.453	0.444	680	716	-0.490643	0.093575	
A/chicken/Jiangxi/05.06__	0.2712	0.3315	0.4332	0.2767	0.211	0.034	0.443	52.88	0.454	0.445	679	716	-0.494693	0.093575	
A/chicken/Jiangxi/10.30_N	0.2876	0.3120	0.4400	0.2725	0.197	-0.004	0.421	53.39	0.435	0.436	680	716	-0.484497	0.092179	
A/chicken/Jiangxi/12.05_N	0.2707	0.3327	0.4286	0.2815	0.211	0.031	0.441	52.56	0.457	0.446	680	716	-0.490643	0.093575	
A/chicken/Jiangxi/12.05_N	0.2854	0.3195	0.4387	0.2722	0.199	0.001	0.425	53.62	0.440	0.437	678	716	-0.497626	0.094972	
A/chicken/Jiangxi/12.05_N	0.2707	0.3327	0.4324	0.2773	0.212	0.036	0.444	52.48	0.454	0.445	680	716	-0.490643	0.093575	
A/chicken/Jiangxi/12.05_N	0.3071	0.2978	0.4237	0.2800	0.187	-0.066	0.386	53.08	0.431	0.437	678	716	-0.468576	0.093575	
A/chicken/Jiangxi/12.05_N	0.2854	0.3195	0.4387	0.2722	0.199	0.001	0.425	53.62	0.440	0.437	678	716	-0.497626	0.094972	
A/chicken/Jiangxi/25/2011	0.3038	0.2962	0.4489	0.2562	0.193	-0.043	0.400	52.37	0.413	0.432	678	716	-0.469553	0.093575	
A/Chicken/Jiangxi/45093/2	0.2707	0.3327	0.4256	0.2836	0.208	0.027	0.439	53.08	0.459	0.446	679	716	-0.488268	0.093575	
A/chicken/Jiangxi/S40653/	0.2914	0.3102	0.4163	0.2923	0.192	-0.046	0.398	53.50	0.449	0.445	679	716	-0.485894	0.093575	
A/chicken/Jilin/04.11_CCH	0.3071	0.2978	0.4179	0.2851	0.191	-0.059	0.391	53.40	0.435	0.439	678	716	-0.476257	0.093575	
A/chicken/Jilin/04.12_MHK	0.2908	0.3002	0.4525	0.2642	0.180	-0.066	0.386	51.58	0.421	0.432	679	716	-0.485475	0.093575	
A/chicken/Jilin/04.12_MHK	0.2908	0.3002	0.4516	0.2636	0.180	-0.066	0.386	51.67	0.421	0.433	679	716	-0.481704	0.093575	
A/chicken/Jilin/04.12_MHK	0.2908	0.3002	0.4516	0.2636	0.180	-0.066	0.386	51.67	0.421	0.433	679	716	-0.481704	0.093575	
A/chicken/Jilin/04.12_MHK	0.2908	0.3002	0.4516	0.2636	0.180	-0.066	0.386	51.67	0.421	0.433	679	716	-0.481704	0.093575	
A/chicken/Jilin/04.25_MHK	0.2932	0.2989	0.4506	0.2642	0.180	-0.060	0.389	52.04	0.420	0.433	678	716	-0.484916	0.093575	
A/chicken/Jilin/S1255/201	0.2976	0.3013	0.4516	0.2547	0.186	-0.052	0.394	52.67	0.416	0.432	678	716	-0.479888	0.093575	
A/chicken/Jilin/S1271/201	0.2981	0.3019	0.4516	0.2547	0.188	-0.050	0.395	52.79	0.416	0.432	678	716	-0.479050	0.093575	
A/chicken/Kaohsiung/16MB0	0.3145	0.2863	0.4389	0.2704	0.187	-0.072	0.383	52.61	0.414	0.426	678	716	-0.493715	0.094972	
A/chicken/Kaohsiung/16010	0.3152	0.2908	0.4330	0.2716	0.189	-0.069	0.385	52.19	0.419	0.426	678	716	-0.495810	0.094972	
A/chicken/Kaohsiung/16020	0.3177	0.2857	0.4359	0.2710	0.189	-0.069	0.385	52.55	0.414	0.426	678	716	-0.493156	0.094972	
A/chicken/Kaohsiung/16040	0.3145	0.2863	0.4389	0.2704	0.187	-0.072	0.383	52.61	0.414	0.426	678	716	-0.493715	0.094972	
A/chicken/Kaohsiung/16070	0.3158	0.2857	0.4362	0.2720	0.189	-0.073	0.383	52.47	0.415	0.426	679	716	-0.490503	0.094972	
A/chicken/Kaohsiung/16120	0.3152	0.2871	0.4237	0.2851	0.187	-0.074	0.381	53.07	0.426	0.429	679	716	-0.483101	0.094972	
A/chicken/Kaohsiung/17030	0.3184	0.2828	0.4321	0.2746	0.187	-0.066	0.386	52.99	0.416	0.428	678	716	-0.494693	0.094972	
A/chicken/Kaohsiung/17040	0.2726	0.3308	0.4183	0.2911	0.195	-0.022	0.412	52.83	0.462	0.446	679	716	-0.469413	0.094972	
A/chicken/Kaohsiung/17100	0.2763	0.3271	0.4125	0.2975	0.195	-0.025	0.411	52.48	0.464	0.447	679	716	-0.463268	0.094972	
A/chicken/Kaohsiung/18080	0.2906	0.3094	0.4278	0.2830	0.198	-0.028	0.409	52.64	0.441	0.439	678	716	-0.471090	0.093575	
A/chicken/Kaohsiung/18080	0.2887	0.3113	0.4278	0.2830	0.197	-0.028	0.409	52.59	0.442	0.440	678	716	-0.471090	0.093575	
A/chicken/Liaoning/S4092/	0.2873	0.3176	0.4381	0.2672	0.199	-0.013	0.417	51.24	0.437	0.438	678	716	-0.496229	0.093575	
A/chicken/Liaoning/SD035/	0.2994	0.2994	0.4525	0.2552	0.186	-0.055	0.392	52.79	0.414	0.431	678	716	-0.486732	0.093575	
A/chicken/Miaoli/15010421	0.3152	0.2908	0.4302	0.2731	0.188	-0.072	0.383	53.14	0.420	0.428	678	716	-0.490503	0.094972	
A/chicken/Nantou/16110023	0.3120	0.2876	0.4400	0.2699	0.188	-0.070	0.384	52.72	0.415	0.426	679	716	-0.487849	0.096369	
A/chicken/New_Taipei_City	0.3195	0.2838	0.4321	0.2746	0.190	-0.067	0.386	53.23	0.416	0.427	678	716	-0.493017	0.094972	
A/chicken/New_Taipei_City	0.3177	0.2876	0.4321	0.2725	0.190	-0.064	0.388	53.26	0.417	0.427	678	716	-0.493017	0.094972	
A/chicken/New_Taipei_City	0.2669	0.3346	0.4183	0.2932	0.195	-0.025	0.411	52.81	0.467	0.447	679	716	-0.463687	0.094972	
A/chicken/New_Taipei_City	0.3177	0.2876	0.4302	0.2758	0.191	-0.062	0.389	53.44	0.419	0.426	678	716	-0.492179	0.094972	
A/chicken/New_Taipei_City	0.3158	0.2895	0.4340	0.2716	0.192	-0.060	0.391	53.25	0.417	0.426	678	716	-0.491620	0.094972	
A/chicken/New_Taipei_City	0.3202	0.2863	0.4340	0.2716	0.191	-0.065	0.388	53.05	0.414	0.425	678	716	-0.496509	0.094972	
A/chicken/New_Taipei_City	0.3177	0.2876	0.4340	0.2716	0.191	-0.062	0.389	53.22	0.416	0.426	678	716	-0.492179	0.094972	
A/chicken/New_Taipei_City	0.2763	0.3252	0.4183	0.2932	0.194	-0.031	0.408	52.95	0.459	0.446	679	716	-0.467039	0.094972	
A/chicken/Ningxia/2/2012|	0.2820	0.3195	0.4419	0.2625	0.194	-0.017	0.414	51.06	0.437	0.439	678	716	-0.502654	0.093575	
A/chicken/Ningxia/222/201	0.2820	0.3195	0.4419	0.2625	0.194	-0.017	0.414	51.06	0.437	0.439	678	716	-0.502654	0.093575	
A/chicken/PH/A2821/2013|E	0.3169	0.2808	0.4476	0.2689	0.190	-0.051	0.395	50.63	0.407	0.425	678	716	-0.492877	0.093575	
A/chicken/Pingtung/150500	0.2669	0.3365	0.4152	0.2947	0.195	-0.033	0.406	53.03	0.470	0.449	679	716	-0.472207	0.094972	
A/chicken/Pingtung/160200	0.2645	0.3340	0.4163	0.2962	0.193	-0.032	0.406	53.09	0.470	0.449	679	716	-0.464246	0.094972	
A/chicken/Pingtung/180100	0.2726	0.3289	0.4183	0.2932	0.196	-0.022	0.412	52.28	0.462	0.445	679	716	-0.461871	0.094972	
A/chicken/Pingtung/180200	0.2744	0.3271	0.4183	0.2932	0.195	-0.029	0.409	52.73	0.461	0.446	679	716	-0.463547	0.094972	
A/chicken/PT/a158/2015|EP	0.3225	0.2767	0.4514	0.2679	0.196	-0.050	0.397	50.83	0.401	0.422	678	716	-0.489525	0.093575	
A/chicken/Qingdao/1/2014|	0.2660	0.3396	0.4267	0.2824	0.210	0.024	0.438	55.23	0.463	0.446	680	716	-0.504190	0.092179	
A/chicken/SC/a688/2015|EP	0.3225	0.2786	0.4514	0.2653	0.196	-0.047	0.398	50.87	0.401	0.421	678	716	-0.495810	0.093575	
A/chicken/Shaanxi/SD001/2	0.3002	0.3039	0.4459	0.2547	0.195	-0.030	0.406	53.10	0.418	0.436	679	716	-0.463687	0.093575	
A/chicken/Shandong/12.03_	0.2844	0.3051	0.4310	0.2890	0.196	-0.025	0.410	52.98	0.443	0.439	680	716	-0.474162	0.093575	
A/Chicken/Shandong/J01/20	0.2932	0.3045	0.4542	0.2547	0.188	-0.056	0.391	50.62	0.418	0.432	677	716	-0.475838	0.093575	
A/Chicken/Shandong/J02/20	0.2806	0.3220	0.4400	0.2651	0.196	-0.013	0.417	50.76	0.440	0.440	678	716	-0.488966	0.094972	
A/Chicken/Shandong/J03/20	0.2844	0.3164	0.4400	0.2672	0.196	-0.018	0.414	50.66	0.437	0.439	678	716	-0.501397	0.093575	
A/Chicken/Shandong/J04/20	0.2844	0.3145	0.4381	0.2708	0.193	-0.022	0.412	51.02	0.438	0.439	678	716	-0.498883	0.093575	
A/Chicken/Shandong/J06/20	0.2825	0.3089	0.4383	0.2777	0.195	-0.027	0.409	52.10	0.438	0.441	678	716	-0.465503	0.093575	
A/chicken/Shandong/KD0269	0.3114	0.2908	0.4466	0.2579	0.194	-0.056	0.392	52.08	0.410	0.430	678	716	-0.484497	0.094972	
A/chicken/Shandong/S3/201	0.2655	0.3390	0.4267	0.2824	0.209	0.022	0.437	55.16	0.463	0.446	680	716	-0.496788	0.093575	
A/chicken/Shanghai/S1123/	0.2925	0.3075	0.4544	0.2537	0.189	-0.048	0.397	51.53	0.419	0.432	678	716	-0.487430	0.092179	
A/chicken/Shanghai/S4030/	0.2919	0.2976	0.4564	0.2610	0.185	-0.056	0.392	51.42	0.417	0.432	679	716	-0.486313	0.093575	
A/chicken/Shanxi/04.28_TG	0.2985	0.2966	0.4198	0.2920	0.184	-0.063	0.388	53.21	0.440	0.440	678	716	-0.466620	0.093575	
A/chicken/Shanxi/12.01_TG	0.3034	0.2996	0.4218	0.2836	0.187	-0.065	0.386	52.97	0.435	0.437	678	716	-0.464386	0.093575	
A/chicken/Shenzhen/433/20	0.3034	0.3015	0.4256	0.2773	0.186	-0.066	0.386	52.97	0.432	0.438	678	716	-0.469553	0.093575	
A/chicken/Shenzhen/552/20	0.3034	0.2996	0.4256	0.2794	0.184	-0.071	0.383	52.84	0.432	0.438	678	716	-0.469553	0.093575	
A/chicken/Shenzhen/715/20	0.3034	0.3015	0.4256	0.2773	0.186	-0.066	0.386	52.97	0.432	0.438	678	716	-0.469553	0.093575	
A/chicken/Shenzhen/1061/2	0.3021	0.3002	0.4267	0.2788	0.186	-0.064	0.388	52.45	0.432	0.437	678	716	-0.468436	0.093575	
A/chicken/Shenzhen/1845/2	0.3019	0.3000	0.4326	0.2735	0.189	-0.051	0.395	53.08	0.428	0.435	678	716	-0.468715	0.093575	
A/chicken/Shenzhen/2269/2	0.3052	0.2959	0.4198	0.2878	0.183	-0.079	0.379	52.80	0.435	0.439	678	716	-0.469553	0.093575	
A/chicken/Shenzhen/2396/2	0.3015	0.2996	0.4240	0.2809	0.183	-0.066	0.385	52.87	0.434	0.438	678	716	-0.459497	0.090782	
A/chicken/Shenzhen/2464/2	0.3034	0.2996	0.4237	0.2809	0.186	-0.068	0.385	52.95	0.434	0.439	678	716	-0.469972	0.093575	
A/chicken/Shijiazhuang/12	0.2779	0.3289	0.4316	0.2773	0.215	0.031	0.443	55.04	0.450	0.440	680	716	-0.489525	0.094972	
A/chicken/Sichuan/k141/20	0.2966	0.3078	0.4125	0.2887	0.186	-0.058	0.390	54.02	0.446	0.442	679	716	-0.475419	0.093575	
A/chicken/Sichuan/NCJPL1/	0.2981	0.3038	0.4307	0.2756	0.190	-0.049	0.397	53.14	0.432	0.438	678	716	-0.472067	0.093575	
A/Chicken/Suzhou/j5/2019|	0.3022	0.3022	0.4076	0.2941	0.181	-0.071	0.383	52.39	0.445	0.443	678	716	-0.458240	0.093575	
A/Chicken/Suzhou/j6/2019|	0.3022	0.3022	0.4076	0.2941	0.181	-0.071	0.383	52.39	0.445	0.443	678	716	-0.458240	0.093575	
A/chicken/Taichung/150103	0.2674	0.3352	0.4183	0.2926	0.194	-0.033	0.406	52.86	0.467	0.447	679	716	-0.468436	0.094972	
A/chicken/Taichung/160400	0.2674	0.3333	0.4248	0.2878	0.192	-0.036	0.405	52.89	0.462	0.446	679	716	-0.458240	0.094972	
A/chicken/Taichung/160500	0.2693	0.3333	0.4221	0.2884	0.191	-0.041	0.402	52.84	0.462	0.445	679	716	-0.463827	0.094972	
A/chicken/Taichung/161100	0.2774	0.3208	0.4373	0.2762	0.194	-0.029	0.408	52.31	0.445	0.441	679	716	-0.483938	0.093575	
A/chicken/Tainan/15020214	0.3139	0.2932	0.4253	0.2773	0.191	-0.066	0.387	53.10	0.425	0.429	677	716	-0.497626	0.094972	
A/chicken/Tainan/16040035	0.2697	0.3333	0.4099	0.2996	0.189	-0.036	0.404	52.92	0.471	0.447	680	716	-0.457402	0.094972	
A/chicken/Tainan/17030058	0.3208	0.2833	0.4379	0.2668	0.186	-0.077	0.381	52.48	0.410	0.425	678	716	-0.496648	0.093575	
A/chicken/Taipei_City/170	0.3177	0.2876	0.4340	0.2716	0.191	-0.062	0.389	53.22	0.416	0.426	678	716	-0.492179	0.094972	
A/chicken/Taipei_City/180	0.2744	0.3271	0.4095	0.3044	0.193	-0.029	0.409	53.23	0.468	0.448	679	716	-0.473464	0.094972	
A/chicken/Taipei_City/180	0.2720	0.3302	0.4183	0.2911	0.193	-0.022	0.412	51.78	0.462	0.446	679	716	-0.464525	0.094972	
A/chicken/Taipei/16060022	0.3120	0.2895	0.4305	0.2782	0.190	-0.067	0.386	53.03	0.423	0.428	679	716	-0.487151	0.094972	
A/chicken/Taipei/16060023	0.3120	0.2895	0.4305	0.2782	0.190	-0.067	0.386	52.90	0.423	0.428	679	716	-0.490503	0.094972	
A/chicken/Taipei/16120021	0.3152	0.2871	0.4267	0.2803	0.187	-0.070	0.384	52.93	0.423	0.428	679	716	-0.489665	0.094972	
A/chicken/Taipei/17050005	0.3177	0.2876	0.4321	0.2731	0.191	-0.059	0.391	53.29	0.417	0.426	678	716	-0.492598	0.094972	
A/chicken/Taipei/17050008	0.3151	0.2906	0.4340	0.2716	0.193	-0.057	0.393	53.35	0.418	0.426	677	716	-0.495950	0.094972	
A/chicken/Taipei/17050009	0.3177	0.2876	0.4321	0.2737	0.191	-0.062	0.389	53.24	0.417	0.426	678	716	-0.492179	0.094972	
A/chicken/Taishun/TS2/201	0.2825	0.3164	0.4324	0.2836	0.205	0.007	0.428	53.74	0.446	0.439	680	716	-0.487849	0.093575	
A/chicken/Taishun/TS90/20	0.2763	0.3271	0.4313	0.2773	0.210	0.034	0.443	52.69	0.451	0.445	679	716	-0.499581	0.093575	
A/chicken/Taiwan/0101/201	0.2992	0.2917	0.4552	0.2695	0.195	-0.047	0.398	50.41	0.415	0.426	679	716	-0.499022	0.094972	
A/chicken/Taiwan/0502/201	0.3029	0.2933	0.4506	0.2683	0.192	-0.041	0.401	50.49	0.416	0.426	678	716	-0.495670	0.093575	
A/chicken/Taiwan/683/2012	0.3225	0.2786	0.4478	0.2657	0.192	-0.062	0.389	50.67	0.403	0.423	678	716	-0.489805	0.092179	
A/chicken/Taiwan/01174/20	0.3133	0.2927	0.4283	0.2752	0.190	-0.066	0.386	53.09	0.423	0.429	678	716	-0.490503	0.094972	
A/chicken/Taiwan/1682/201	0.3062	0.2817	0.4525	0.2697	0.197	-0.051	0.395	51.30	0.411	0.431	679	716	-0.500559	0.096369	
A/chicken/Taiwan/1692/201	0.3062	0.2817	0.4516	0.2692	0.197	-0.048	0.396	51.42	0.411	0.432	679	716	-0.502374	0.096369	
A/chicken/Taiwan/1704/201	0.3081	0.2798	0.4516	0.2692	0.198	-0.048	0.396	51.43	0.409	0.431	679	716	-0.502374	0.096369	
A/chicken/Taiwan/1711/201	0.3062	0.2817	0.4516	0.2692	0.197	-0.048	0.396	51.42	0.411	0.432	679	716	-0.502374	0.096369	
A/chicken/Taiwan/2593/201	0.3168	0.2824	0.4525	0.2642	0.193	-0.052	0.395	50.74	0.404	0.423	678	716	-0.491201	0.093575	
A/chicken/Taiwan/2948/201	0.3206	0.2786	0.4544	0.2621	0.193	-0.055	0.394	51.01	0.400	0.421	678	716	-0.491201	0.093575	
A/chicken/Taiwan/4443/201	0.3162	0.2819	0.4487	0.2683	0.193	-0.050	0.397	50.57	0.407	0.425	678	716	-0.495391	0.093575	
A/chicken/Taiwan/7350/201	0.3162	0.2819	0.4525	0.2642	0.192	-0.054	0.394	50.17	0.404	0.423	678	716	-0.492039	0.093575	
A/chicken/Taiwan/8988/201	0.3124	0.2857	0.4535	0.2610	0.193	-0.047	0.398	50.73	0.406	0.425	678	716	-0.495391	0.093575	
A/chicken/Taiwan/8994/201	0.3124	0.2857	0.4535	0.2610	0.193	-0.047	0.398	50.73	0.406	0.425	678	716	-0.495391	0.093575	
A/chicken/Taiwan/8996/201	0.3124	0.2857	0.4535	0.2610	0.193	-0.047	0.398	50.73	0.406	0.425	678	716	-0.495391	0.093575	
A/chicken/Taiwan/A1/2019|	0.3283	0.2713	0.4533	0.2594	0.187	-0.084	0.376	49.94	0.394	0.421	678	716	-0.489805	0.093575	
A/chicken/Taiwan/a174/201	0.3143	0.2914	0.4247	0.2760	0.190	-0.067	0.386	53.15	0.424	0.429	668	705	-0.489787	0.093617	
A/chicken/Taiwan/A1997/20	0.3151	0.2943	0.4351	0.2722	0.202	-0.013	0.418	52.78	0.419	0.429	680	716	-0.478631	0.094972	
A/chicken/Taiwan/D2/2019|	0.2887	0.3132	0.4286	0.2815	0.199	-0.026	0.410	52.18	0.442	0.440	678	716	-0.475419	0.093575	
A/chicken/Taiwan/D9/2019|	0.2868	0.3151	0.4286	0.2815	0.200	-0.023	0.412	52.16	0.444	0.440	678	716	-0.475419	0.093575	
A/chicken/Taiwan/u7/2016|	0.2707	0.3327	0.4183	0.2918	0.194	-0.028	0.409	52.84	0.464	0.446	679	716	-0.456425	0.094972	
A/chicken/Taiwan/x37/2016	0.3149	0.2882	0.4280	0.2737	0.187	-0.072	0.383	52.77	0.420	0.428	669	705	-0.492624	0.092199	
A/chicken/TC/a504/2015|EP	0.3244	0.2748	0.4476	0.2722	0.196	-0.050	0.397	51.17	0.403	0.421	678	716	-0.493575	0.093575	
A/chicken/TY/a665/2015|EP	0.3244	0.2748	0.4495	0.2700	0.196	-0.050	0.397	51.01	0.401	0.421	678	716	-0.493575	0.093575	
A/chicken/Wuxi/7157/2015|	0.3052	0.2921	0.4283	0.2771	0.184	-0.068	0.384	52.39	0.426	0.436	679	716	-0.477933	0.090782	
A/chicken/Wuxi/7765/2016|	0.3039	0.2983	0.4305	0.2746	0.186	-0.058	0.391	52.23	0.428	0.436	678	716	-0.469553	0.093575	
A/chicken/Wuxi/SC7393/201	0.3109	0.2959	0.4283	0.2737	0.186	-0.074	0.382	52.58	0.425	0.434	678	716	-0.468157	0.093575	
A/chicken/Wuxi/WX-32/2013	0.2895	0.3045	0.4516	0.2594	0.185	-0.058	0.391	51.27	0.422	0.433	678	716	-0.485754	0.093575	
A/chicken/Wuxi/WX-33/2013	0.2900	0.3051	0.4525	0.2600	0.186	-0.056	0.392	51.26	0.422	0.432	678	716	-0.488408	0.093575	
A/chicken/Xinjiang/S1016/	0.2925	0.3075	0.4563	0.2516	0.188	-0.051	0.395	51.28	0.417	0.432	678	716	-0.487430	0.092179	
A/chicken/Xinjiang/S1081/	0.2906	0.3094	0.4601	0.2474	0.188	-0.051	0.395	51.21	0.416	0.431	678	716	-0.487430	0.092179	
A/chicken/Xinjiang/S1170/	0.2925	0.3075	0.4563	0.2516	0.188	-0.051	0.395	51.28	0.417	0.432	678	716	-0.487430	0.092179	
A/Chicken/Xuzhou/470/2017	0.3065	0.2972	0.4065	0.2983	0.181	-0.078	0.379	52.58	0.444	0.442	678	716	-0.470391	0.093575	
A/chicken/Xuzhou/XZ6/2016	0.3034	0.2978	0.4305	0.2767	0.189	-0.062	0.389	52.94	0.429	0.436	679	716	-0.466062	0.093575	
A/Chicken/Yangzhou/f6/201	0.3052	0.3015	0.4084	0.2941	0.181	-0.078	0.379	52.80	0.444	0.441	678	716	-0.477793	0.093575	
A/Chicken/Yangzhou/f9/201	0.3102	0.3064	0.4183	0.2741	0.190	-0.043	0.399	52.49	0.433	0.434	679	716	-0.468436	0.094972	
A/Chicken/Yangzhou/f14/20	0.3052	0.3034	0.4084	0.2920	0.181	-0.078	0.379	52.80	0.444	0.441	678	716	-0.477793	0.093575	
A/chicken/Yangzhou/YD1/20	0.3058	0.2983	0.4302	0.2737	0.186	-0.068	0.386	52.72	0.427	0.436	677	716	-0.472765	0.093575	
A/chicken/YL/A3190/2014|E	0.2973	0.2973	0.4514	0.2668	0.193	-0.036	0.404	49.24	0.419	0.429	678	716	-0.492598	0.093575	
A/chicken/Yuhang/1/2013|E	0.2683	0.3171	0.4362	0.2905	0.192	-0.029	0.408	51.77	0.452	0.443	679	716	-0.464804	0.093575	
A/chicken/Yuhang/2/2013|E	0.2683	0.3171	0.4362	0.2905	0.192	-0.029	0.408	51.77	0.452	0.443	679	716	-0.464804	0.093575	
A/chicken/Yunlin/15020048	0.2688	0.3346	0.4171	0.2932	0.194	-0.035	0.405	52.80	0.467	0.447	679	716	-0.468436	0.094972	
A/chicken/Yunlin/15040002	0.2715	0.3315	0.4122	0.2981	0.192	-0.037	0.404	52.80	0.468	0.448	679	716	-0.468855	0.094972	
A/chicken/Yunlin/15040027	0.2720	0.3302	0.4133	0.2975	0.192	-0.043	0.401	52.93	0.467	0.448	679	716	-0.464106	0.094972	
A/chicken/Yunlin/15050012	0.3165	0.2903	0.4275	0.2752	0.190	-0.070	0.384	53.10	0.421	0.428	679	716	-0.486871	0.094972	
A/chicken/Yunlin/15050037	0.2683	0.3340	0.4133	0.2975	0.192	-0.040	0.402	52.78	0.470	0.448	679	716	-0.464106	0.094972	
A/chicken/Yunlin/15050039	0.2702	0.3321	0.4133	0.2975	0.193	-0.040	0.402	52.96	0.468	0.449	679	716	-0.466760	0.093575	
A/chicken/Yunlin/15060014	0.2720	0.3302	0.4125	0.2968	0.192	-0.042	0.401	52.81	0.467	0.448	679	716	-0.456983	0.094972	
A/chicken/Yunlin/15080024	0.2707	0.3327	0.4183	0.2899	0.192	-0.038	0.404	52.88	0.464	0.446	679	716	-0.465084	0.094972	
A/chicken/Yunlin/16010001	0.2655	0.3390	0.4144	0.2932	0.195	-0.022	0.413	52.70	0.471	0.449	678	716	-0.456145	0.094972	
A/chicken/Yunlin/16010008	0.2720	0.3302	0.4133	0.2975	0.194	-0.033	0.406	53.04	0.467	0.448	679	716	-0.462011	0.094972	
A/chicken/Yunlin/16020038	0.3052	0.2959	0.4313	0.2773	0.188	-0.068	0.386	53.02	0.427	0.430	679	716	-0.490223	0.094972	
A/chicken/Yunlin/16050053	0.2693	0.3315	0.4248	0.2878	0.192	-0.039	0.404	52.87	0.461	0.446	679	716	-0.458240	0.094972	
A/chicken/Yunlin/17010001	0.3140	0.2897	0.4165	0.2918	0.185	-0.074	0.382	52.61	0.432	0.431	678	716	-0.506564	0.094972	
A/chicken/Yunlin/17010014	0.2726	0.3308	0.4144	0.2954	0.195	-0.028	0.409	52.86	0.465	0.447	679	716	-0.469413	0.094972	
A/chicken/Yunlin/17020094	0.2739	0.3265	0.4183	0.2932	0.194	-0.032	0.406	52.94	0.461	0.446	679	716	-0.452933	0.094972	
A/chicken/Yunlin/17020095	0.2664	0.3340	0.4213	0.2884	0.193	-0.025	0.411	52.76	0.464	0.447	679	716	-0.460196	0.094972	
A/chicken/Yunlin/17030001	0.2707	0.3327	0.4118	0.2962	0.196	-0.022	0.412	52.99	0.468	0.449	679	716	-0.465922	0.094972	
A/chicken/Yunlin/17030007	0.2777	0.3246	0.4186	0.2893	0.193	-0.037	0.403	52.54	0.457	0.446	680	716	-0.456564	0.093575	
A/chicken/Yunlin/17030010	0.2669	0.3346	0.4183	0.2932	0.195	-0.025	0.411	52.81	0.467	0.447	679	716	-0.463687	0.094972	
A/chicken/Yunlin/17030014	0.2650	0.3346	0.4194	0.2926	0.194	-0.020	0.414	52.76	0.467	0.448	679	716	-0.465503	0.094972	
A/chicken/Yunlin/17030020	0.2726	0.3289	0.4194	0.2905	0.194	-0.030	0.408	52.88	0.461	0.445	679	716	-0.453352	0.094972	
A/chicken/Yunlin/17030021	0.2664	0.3340	0.4167	0.2941	0.195	-0.020	0.413	52.61	0.468	0.448	680	716	-0.462291	0.094972	
A/chicken/Yunlin/17030032	0.2613	0.3383	0.4278	0.2842	0.192	-0.025	0.411	52.68	0.464	0.447	679	716	-0.464106	0.094972	
A/chicken/Yunlin/17030065	0.2726	0.3308	0.4144	0.2954	0.198	-0.018	0.415	52.61	0.465	0.447	679	716	-0.463687	0.094972	
A/chicken/Yunlin/17040003	0.2782	0.3271	0.4202	0.2863	0.197	-0.028	0.409	52.32	0.457	0.446	679	716	-0.463967	0.094972	
A/chicken/Yunlin/17040004	0.2763	0.3289	0.4118	0.2941	0.194	-0.027	0.409	52.90	0.464	0.447	679	716	-0.465922	0.094972	
A/chicken/Yunlin/17040011	0.2744	0.3271	0.4156	0.2941	0.194	-0.030	0.408	53.16	0.462	0.447	679	716	-0.465922	0.094972	
A/chicken/Yunlin/17060019	0.2702	0.3302	0.4152	0.2981	0.194	-0.033	0.406	52.68	0.467	0.447	679	716	-0.463687	0.094972	
A/chicken/Yunlin/17070010	0.2731	0.3296	0.4144	0.2975	0.193	-0.032	0.406	52.59	0.465	0.446	679	716	-0.462849	0.094972	
A/chicken/Yunlin/18010001	0.2731	0.3315	0.4057	0.3038	0.192	-0.040	0.403	52.88	0.472	0.449	678	716	-0.470810	0.094972	
A/chicken/Yunlin/18010003	0.2707	0.3327	0.4057	0.3038	0.191	-0.040	0.403	52.62	0.473	0.450	678	716	-0.475000	0.094972	
A/chicken/Yunlin/18010023	0.2744	0.3289	0.4144	0.2966	0.193	-0.028	0.409	53.19	0.464	0.446	679	716	-0.455866	0.094972	
A/chicken/Yunlin/18020003	0.2744	0.3289	0.4144	0.2954	0.193	-0.028	0.409	52.16	0.464	0.446	679	716	-0.464246	0.094972	
A/chicken/Yunlin/18020004	0.2750	0.3277	0.4156	0.2947	0.193	-0.028	0.409	52.13	0.462	0.446	679	716	-0.464246	0.094972	
A/chicken/Yunlin/18020005	0.2726	0.3308	0.4144	0.2954	0.193	-0.025	0.411	52.18	0.465	0.447	679	716	-0.464246	0.094972	
A/chicken/Yunlin/18020008	0.2744	0.3308	0.4163	0.2918	0.195	-0.021	0.414	52.86	0.462	0.446	679	716	-0.463268	0.094972	
A/chicken/Yunlin/18030002	0.2739	0.3283	0.4144	0.2954	0.191	-0.030	0.408	52.14	0.464	0.447	679	716	-0.459916	0.094972	
A/chicken/Yunlin/18050013	0.2774	0.3283	0.4133	0.2960	0.193	-0.033	0.407	52.29	0.463	0.446	678	716	-0.467737	0.094972	
A/chicken/Yunlin/18060001	0.2774	0.3283	0.4133	0.2960	0.193	-0.030	0.409	52.18	0.463	0.446	678	716	-0.467737	0.094972	
A/chicken/Yunlin/18080006	0.2726	0.3271	0.4068	0.3087	0.188	-0.040	0.402	52.94	0.471	0.447	679	716	-0.459916	0.094972	
A/chicken/Yunnan/1/2014|E	0.2972	0.3028	0.4221	0.2851	0.185	-0.066	0.386	52.51	0.439	0.440	679	716	-0.457961	0.093575	
A/chicken/Yunnan/02.09_DQ	0.2731	0.3296	0.4210	0.2914	0.215	0.040	0.447	53.72	0.462	0.447	680	716	-0.497067	0.093575	
A/chicken/Yunnan/03.15_DQ	0.2996	0.3015	0.4256	0.2815	0.187	-0.058	0.391	53.62	0.435	0.438	678	716	-0.469553	0.093575	
A/chicken/Yunnan/03.16__D	0.2768	0.3277	0.4210	0.2893	0.215	0.040	0.447	53.82	0.459	0.446	680	716	-0.497067	0.093575	
A/chicken/Yunnan/03.16_DQ	0.3077	0.2983	0.4226	0.2800	0.187	-0.063	0.388	52.87	0.431	0.436	677	716	-0.472765	0.093575	
A/chicken/Yunnan/03.16_DQ	0.2736	0.3302	0.4179	0.2935	0.216	0.041	0.448	53.36	0.464	0.448	679	716	-0.500698	0.093575	
A/chicken/Yunnan/03.16_DQ	0.3077	0.2983	0.4226	0.2800	0.187	-0.063	0.388	52.87	0.431	0.436	677	716	-0.472765	0.093575	
A/chicken/Yunnan/07.11_DQ	0.3058	0.2983	0.4226	0.2821	0.185	-0.065	0.387	52.76	0.433	0.436	677	716	-0.472765	0.093575	
A/Chicken/Yunnan/YN-8/201	0.3034	0.2996	0.4275	0.2773	0.191	-0.057	0.392	52.82	0.431	0.438	678	716	-0.475279	0.093575	
A/Chicken/Yunnan/YN-11/20	0.2996	0.3015	0.4294	0.2773	0.186	-0.063	0.388	52.48	0.432	0.437	678	716	-0.476117	0.093575	
A/Chicken/Yunnan/YN-12/20	0.3034	0.2978	0.4305	0.2746	0.191	-0.050	0.395	52.82	0.428	0.437	678	716	-0.465224	0.093575	
A/chicken/Zhejiang/194/20	0.2938	0.3107	0.4436	0.2648	0.198	-0.005	0.422	52.56	0.428	0.433	678	716	-0.490223	0.093575	
A/chicken/Zhejiang/209/20	0.2994	0.2994	0.4438	0.2683	0.213	0.007	0.429	51.27	0.423	0.432	679	716	-0.473743	0.094972	
A/chicken/Zhejiang/217/20	0.2938	0.3107	0.4436	0.2648	0.198	-0.005	0.422	52.56	0.428	0.433	678	716	-0.490223	0.093575	
A/chicken/Zhejiang/232/20	0.2994	0.3032	0.4400	0.2683	0.212	0.002	0.426	51.10	0.426	0.433	679	716	-0.473324	0.094972	
A/chicken/Zhejiang/7450/2	0.3096	0.2852	0.4381	0.2779	0.197	-0.020	0.412	52.39	0.418	0.428	679	716	-0.478631	0.096369	
A/chicken/Zhejiang/81643/	0.3109	0.2846	0.4324	0.2821	0.196	-0.025	0.409	52.24	0.421	0.430	679	716	-0.475419	0.096369	
A/chicken/Zhejiang/514135	0.2795	0.3265	0.4389	0.2658	0.208	0.024	0.439	51.62	0.442	0.441	679	716	-0.482262	0.094972	
A/chicken/Zhejiang/727022	0.3071	0.2978	0.4198	0.2842	0.187	-0.066	0.386	52.98	0.434	0.438	678	716	-0.468576	0.093575	
A/chicken/Zhejiang/727026	0.3071	0.2978	0.4218	0.2821	0.186	-0.066	0.386	53.03	0.432	0.437	678	716	-0.468576	0.093575	
A/chicken/Zhejiang/727079	0.2744	0.3289	0.4264	0.2842	0.210	0.032	0.442	53.38	0.457	0.446	679	716	-0.493715	0.093575	
A/chicken/Zhejiang/727155	0.3071	0.2978	0.4179	0.2857	0.187	-0.066	0.386	53.07	0.435	0.439	678	716	-0.468994	0.093575	
A/chicken/Zhejiang/727159	0.2940	0.3127	0.4179	0.2863	0.187	-0.059	0.390	52.09	0.446	0.441	679	716	-0.465224	0.093575	
A/chickenl/Jiangxi/E84/20	0.3071	0.2959	0.4218	0.2836	0.185	-0.071	0.383	52.97	0.432	0.438	678	716	-0.469553	0.093575	
A/Chlidonias_hybrida/Hube	0.2914	0.3064	0.4240	0.2881	0.193	-0.036	0.404	53.68	0.443	0.443	679	716	-0.485894	0.093575	
A/Commom_Teal/Ningxia/474	0.3034	0.2996	0.4237	0.2809	0.183	-0.073	0.382	53.47	0.434	0.439	678	716	-0.471090	0.093575	
A/common_coot/Shandong/SC	0.2932	0.3045	0.4175	0.2938	0.192	-0.046	0.398	53.83	0.446	0.444	679	716	-0.486173	0.092179	
A/common_crane/Yunnan-Hui	0.3015	0.2996	0.4184	0.2869	0.192	-0.046	0.398	53.73	0.438	0.441	669	705	-0.485107	0.092199	
A/common_pochard/Ningxia/	0.2876	0.3064	0.4288	0.2866	0.190	-0.047	0.398	52.08	0.442	0.444	679	716	-0.485335	0.093575	
A/common_teal/Ningxia/105	0.2951	0.3045	0.4202	0.2902	0.192	-0.046	0.398	53.66	0.443	0.443	679	716	-0.485894	0.093575	
A/common_teal/Ningxia/181	0.2881	0.3070	0.4288	0.2866	0.191	-0.047	0.398	51.93	0.442	0.444	679	716	-0.483939	0.093575	
A/common_teal/Ningxia/189	0.2876	0.3064	0.4288	0.2866	0.190	-0.047	0.398	52.08	0.442	0.444	679	716	-0.485335	0.093575	
A/common_teal/Ningxia/237	0.2884	0.3052	0.4259	0.2893	0.190	-0.046	0.398	52.37	0.443	0.444	679	716	-0.474581	0.093575	
A/common_teal/Ningxia/245	0.2881	0.3070	0.4288	0.2866	0.192	-0.045	0.399	52.18	0.442	0.443	679	716	-0.485056	0.093575	
A/common_teal/Ningxia/253	0.2876	0.3064	0.4288	0.2866	0.190	-0.047	0.398	51.84	0.442	0.444	679	716	-0.485335	0.093575	
A/common_teal/Shaanxi/SXY	0.2951	0.3045	0.4221	0.2881	0.191	-0.048	0.396	53.48	0.442	0.442	679	716	-0.485894	0.093575	
A/condor/Guangdong/139/20	0.3081	0.2987	0.4186	0.2872	0.198	-0.028	0.409	53.95	0.434	0.436	679	716	-0.479190	0.093575	
A/Copsychus_saularis/Guan	0.3009	0.2991	0.4305	0.2767	0.185	-0.064	0.387	52.42	0.430	0.437	679	716	-0.473324	0.093575	
A/Curlew/Hong_Kong/AFCD-H	0.2863	0.3070	0.4213	0.2965	0.192	-0.045	0.399	53.45	0.449	0.443	679	716	-0.474581	0.093575	
A/Cygnus_atratus/Hubei/2Z	0.2814	0.3077	0.4240	0.2998	0.195	-0.034	0.404	53.78	0.451	0.444	680	716	-0.469134	0.093575	
A/Cygnus_atratus/Hubei/HF	0.2795	0.3096	0.4240	0.2998	0.194	-0.037	0.403	53.80	0.453	0.444	680	716	-0.469134	0.093575	
A/Cygnus_columbianus/Hube	0.2951	0.3045	0.4240	0.2860	0.191	-0.048	0.396	53.51	0.440	0.442	679	716	-0.485894	0.093575	
A/Cygnus_columbianus/Hube	0.2932	0.3064	0.4221	0.2881	0.192	-0.046	0.398	53.45	0.443	0.443	679	716	-0.485894	0.093575	
A/Cygnus_columbianus/Hube	0.2914	0.3083	0.4221	0.2881	0.193	-0.041	0.401	53.47	0.445	0.443	679	716	-0.485894	0.093575	
A/Cygnus_columbianus/Hube	0.2951	0.3045	0.4202	0.2902	0.192	-0.043	0.399	53.62	0.443	0.443	679	716	-0.485894	0.093575	
A/Cygnus_columbianus/Hube	0.2932	0.3064	0.4183	0.2923	0.191	-0.048	0.396	53.60	0.446	0.444	679	716	-0.485894	0.093575	
A/Cygnus_columbianus/Hube	0.2951	0.3064	0.4175	0.2896	0.192	-0.043	0.399	53.55	0.445	0.444	679	716	-0.481564	0.093575	
A/Cygnus_columbianus/Hube	0.2932	0.3064	0.4202	0.2902	0.192	-0.046	0.398	53.57	0.445	0.443	679	716	-0.485894	0.093575	
A/Cygnus_columbianus/Hube	0.2917	0.3125	0.4267	0.2812	0.193	-0.048	0.397	53.06	0.442	0.442	678	716	-0.487989	0.094972	
A/Cygnus_columbianus/Hube	0.2860	0.3163	0.4221	0.2875	0.192	-0.048	0.397	53.10	0.450	0.444	678	716	-0.484218	0.094972	
A/Cygnus_columbianus/Hube	0.2917	0.3125	0.4259	0.2807	0.193	-0.048	0.397	53.17	0.442	0.442	678	716	-0.484637	0.094972	
A/Cygnus_columbianus/Hube	0.2898	0.3144	0.4259	0.2807	0.193	-0.048	0.397	53.14	0.444	0.443	678	716	-0.484637	0.094972	
A/domestic_green-winged_t	0.2895	0.3120	0.4259	0.2824	0.198	-0.032	0.406	53.81	0.443	0.442	679	716	-0.487710	0.093575	
A/duck/Anhui/AH328/2015|E	0.3090	0.2921	0.4210	0.2851	0.186	-0.073	0.382	53.32	0.431	0.438	678	716	-0.465224	0.093575	
A/duck/Anhui/S4/2016|EPI_	0.3090	0.2921	0.4229	0.2830	0.185	-0.075	0.381	53.24	0.429	0.438	678	716	-0.466341	0.093575	
A/duck/Changhua/15A03431-	0.2669	0.3365	0.4141	0.2981	0.194	-0.039	0.404	53.00	0.471	0.448	679	716	-0.469832	0.096369	
A/duck/Changhua/15A03473-	0.2702	0.3340	0.4152	0.2932	0.190	-0.048	0.398	52.77	0.467	0.447	679	716	-0.464106	0.094972	
A/duck/Chiayi/15080023/20	0.3133	0.2927	0.4283	0.2752	0.191	-0.065	0.388	53.02	0.423	0.428	678	716	-0.493855	0.094972	
A/duck/China/0936/2017|EP	0.3009	0.3028	0.4111	0.2947	0.185	-0.068	0.385	52.12	0.445	0.442	678	716	-0.475279	0.093575	
A/duck/China/0938/2017|EP	0.2925	0.2981	0.4592	0.2573	0.185	-0.055	0.392	51.25	0.414	0.431	678	716	-0.482682	0.093575	
A/duck/China/DK87/2016|EP	0.3054	0.2961	0.4218	0.2836	0.187	-0.061	0.389	53.24	0.433	0.438	679	716	-0.463687	0.093575	
A/duck/China/E26/2012|EPI	0.2814	0.3096	0.4367	0.2792	0.194	-0.029	0.407	52.35	0.440	0.440	680	716	-0.469553	0.093575	
A/duck/China/E53/2012|EPI	0.2906	0.3057	0.4516	0.2600	0.190	-0.049	0.397	51.15	0.422	0.432	678	716	-0.479469	0.093575	
A/Duck/China/H5N6/2020|EP	0.3140	0.2916	0.3969	0.3067	0.181	-0.086	0.375	52.43	0.445	0.442	678	716	-0.470950	0.093575	
A/duck/China/YD1516/2016|	0.3096	0.2852	0.4362	0.2806	0.197	-0.026	0.409	52.44	0.420	0.429	679	716	-0.473184	0.096369	
A/duck/Chongqing/S4362/20	0.2955	0.3106	0.4087	0.3011	0.199	-0.026	0.409	55.12	0.453	0.441	678	716	-0.449302	0.093575	
A/duck/Dongguan/2685/2013	0.3052	0.2996	0.4237	0.2794	0.186	-0.063	0.388	53.01	0.432	0.438	678	716	-0.469553	0.093575	
A/Duck/Dongting/D76-1/201	0.2623	0.3340	0.4171	0.3004	0.196	-0.025	0.410	53.32	0.472	0.450	678	716	-0.469134	0.093575	
A/duck/Eastern_China/008/	0.2857	0.3083	0.4183	0.3004	0.196	-0.031	0.406	53.26	0.452	0.443	679	716	-0.472626	0.093575	
A/duck/Eastern_China/031/	0.3008	0.3026	0.4359	0.2683	0.197	-0.037	0.403	52.80	0.427	0.435	677	716	-0.494693	0.094972	
A/duck/Eastern_China/108/	0.3051	0.2976	0.4406	0.2668	0.196	-0.049	0.397	52.21	0.421	0.433	677	716	-0.497486	0.094972	
A/duck/Eastern_China/909/	0.3021	0.2889	0.4362	0.2851	0.198	-0.051	0.396	51.52	0.426	0.434	680	716	-0.493575	0.094972	
A/duck/Eastern_China/JY/2	0.3152	0.2889	0.4370	0.2662	0.194	-0.061	0.389	52.03	0.414	0.431	678	716	-0.477095	0.094972	
A/duck/Eastern_China/L023	0.3064	0.2989	0.4368	0.2662	0.195	-0.053	0.394	53.58	0.422	0.434	677	716	-0.490223	0.094972	
A/duck/Eastern_China/L032	0.3164	0.2900	0.4310	0.2731	0.194	-0.058	0.391	52.76	0.419	0.431	677	716	-0.494693	0.094972	
A/duck/Eastern_China/L040	0.3195	0.2876	0.4338	0.2695	0.194	-0.063	0.388	52.45	0.415	0.431	677	716	-0.491201	0.094972	
A/duck/Eastern_China/L042	0.3189	0.2852	0.4338	0.2716	0.192	-0.068	0.386	52.53	0.415	0.431	677	716	-0.486871	0.094972	
A/duck/Eastern_China/L061	0.3171	0.2871	0.4338	0.2716	0.193	-0.065	0.387	52.53	0.417	0.432	677	716	-0.491480	0.094972	
A/duck/Eastern_China/L072	0.3214	0.2838	0.4338	0.2716	0.193	-0.066	0.387	52.60	0.414	0.430	677	716	-0.491201	0.094972	
A/duck/Eastern_China/L102	0.2983	0.3096	0.4368	0.2632	0.192	-0.044	0.399	52.35	0.428	0.435	677	716	-0.481145	0.093575	
A/duck/Eastern_China/L112	0.3152	0.2871	0.4408	0.2642	0.193	-0.064	0.388	51.99	0.412	0.429	678	716	-0.487989	0.094972	
A/duck/Eastern_China/S013	0.3090	0.2846	0.4354	0.2794	0.195	-0.028	0.408	52.56	0.420	0.431	679	716	-0.460754	0.096369	
A/duck/Eastern_China/S021	0.3107	0.2938	0.4383	0.2614	0.195	-0.053	0.392	52.22	0.416	0.432	678	716	-0.468436	0.093575	
A/duck/Eastern_China/S032	0.3103	0.2935	0.4343	0.2678	0.189	-0.064	0.387	52.43	0.420	0.432	679	716	-0.484218	0.094972	
A/duck/Eastern_China/S071	0.2964	0.3077	0.4210	0.2824	0.189	-0.056	0.392	52.82	0.441	0.441	678	716	-0.468157	0.093575	
A/duck/Eastern_China/S080	0.3245	0.2887	0.4330	0.2615	0.193	-0.060	0.391	53.34	0.411	0.429	676	716	-0.482402	0.097765	
A/duck/Eastern_China/S090	0.3071	0.2921	0.4269	0.2777	0.184	-0.067	0.385	52.30	0.426	0.436	678	716	-0.459916	0.092179	
A/duck/Eastern_China/S110	0.3109	0.2921	0.4419	0.2615	0.192	-0.056	0.392	51.95	0.414	0.429	679	716	-0.488548	0.094972	
A/duck/Eastern_China/S121	0.3109	0.2940	0.4389	0.2630	0.197	-0.054	0.393	52.54	0.417	0.432	679	716	-0.480726	0.094972	
A/duck/Fujian/1.17_FZHX01	0.2957	0.3145	0.4283	0.2716	0.195	-0.026	0.409	52.42	0.437	0.436	677	716	-0.470251	0.093575	
A/duck/Fujian/03.18_GTFJ-	0.3071	0.2996	0.4198	0.2815	0.187	-0.057	0.391	53.41	0.434	0.437	678	716	-0.463129	0.093575	
A/duck/Fujian/05.07_FZHMD	0.3109	0.2921	0.4218	0.2836	0.187	-0.066	0.386	53.27	0.429	0.437	678	716	-0.469553	0.093575	
A/duck/Fujian/05.07_FZHMD	0.3109	0.2921	0.4218	0.2836	0.187	-0.066	0.386	53.27	0.429	0.437	678	716	-0.469553	0.093575	
A/duck/Fujian/05.07_FZHMD	0.3109	0.2921	0.4218	0.2836	0.187	-0.066	0.386	53.27	0.429	0.437	678	716	-0.469553	0.093575	
A/duck/Fujian/10.26_FZHX0	0.2966	0.3022	0.4190	0.2920	0.190	-0.047	0.397	53.02	0.443	0.439	680	716	-0.463548	0.093575	
A/duck/Fujian/10.26_FZHX0	0.2961	0.3017	0.4229	0.2878	0.188	-0.054	0.393	52.68	0.440	0.438	680	716	-0.464386	0.093575	
A/duck/Fujian/11.3_FZHX11	0.3052	0.2978	0.4237	0.2821	0.187	-0.065	0.386	52.61	0.432	0.437	678	716	-0.463408	0.093575	
A/duck/Fujian/11.3_FZHX11	0.3052	0.2978	0.4198	0.2857	0.188	-0.062	0.388	52.72	0.435	0.438	678	716	-0.464386	0.093575	
A/duck/Fujian/11.23_FZHX0	0.3233	0.2895	0.4068	0.2914	0.202	-0.023	0.411	52.82	0.432	0.437	679	716	-0.481564	0.093575	
A/duck/Fujian/11.23_FZHX0	0.3022	0.2929	0.4364	0.2756	0.191	-0.061	0.388	51.77	0.424	0.434	681	716	-0.467458	0.093575	
A/duck/Fujian/11.23_FZHX0	0.2942	0.3035	0.4190	0.2920	0.190	-0.044	0.399	52.71	0.444	0.439	680	716	-0.464386	0.093575	
A/duck/Fujian/12.7_FZHX12	0.2938	0.3107	0.4237	0.2815	0.190	-0.047	0.397	52.67	0.442	0.439	677	716	-0.466201	0.093575	
A/duck/Fujian/12.7_FZHX12	0.3034	0.2996	0.4226	0.2848	0.186	-0.063	0.388	52.49	0.435	0.437	678	716	-0.467737	0.093575	
A/duck/Fujian/12.7_FZHX12	0.3034	0.2996	0.4226	0.2848	0.186	-0.063	0.388	52.49	0.435	0.437	678	716	-0.467737	0.093575	
A/duck/Fujian/12.7_FZHX12	0.3034	0.2996	0.4226	0.2848	0.186	-0.063	0.388	52.49	0.435	0.437	678	716	-0.467737	0.093575	
A/duck/Fujian/S1233/2018(	0.2938	0.3032	0.4544	0.2558	0.186	-0.056	0.392	51.53	0.417	0.432	678	716	-0.495112	0.092179	
A/duck/Fujian/S1273/2018(	0.2938	0.3032	0.4544	0.2558	0.186	-0.056	0.392	51.53	0.417	0.432	678	716	-0.495112	0.092179	
A/Duck/Fujian/S4146/2010|	0.2970	0.3008	0.4478	0.2594	0.189	-0.047	0.397	52.07	0.419	0.434	678	716	-0.465922	0.093575	
A/duck/Guangdong/01.01_SZ	0.3009	0.3009	0.4229	0.2830	0.188	-0.058	0.390	53.21	0.436	0.438	679	716	-0.468017	0.093575	
A/duck/Guangdong/01.01_SZ	0.3009	0.3009	0.4248	0.2809	0.188	-0.056	0.392	53.19	0.434	0.438	679	716	-0.468017	0.093575	
A/duck/Guangdong/01.01_SZ	0.2991	0.3028	0.4229	0.2830	0.188	-0.056	0.392	53.23	0.437	0.439	679	716	-0.468017	0.093575	
A/duck/Guangdong/01.01_SZ	0.3009	0.3009	0.4229	0.2830	0.188	-0.058	0.390	53.21	0.436	0.438	679	716	-0.468017	0.093575	
A/duck/Guangdong/01.01_SZ	0.3009	0.3009	0.4229	0.2830	0.188	-0.058	0.390	53.21	0.436	0.438	679	716	-0.468017	0.093575	
A/duck/Guangdong/01.01_SZ	0.3009	0.3009	0.4248	0.2809	0.188	-0.058	0.390	53.27	0.434	0.438	679	716	-0.468017	0.093575	
A/duck/Guangdong/01.01_SZ	0.3009	0.3009	0.4229	0.2830	0.189	-0.056	0.392	53.12	0.436	0.439	679	716	-0.468017	0.093575	
A/duck/Guangdong/01.01_SZ	0.3009	0.3009	0.4229	0.2830	0.188	-0.058	0.390	53.21	0.436	0.438	679	716	-0.468017	0.093575	
A/duck/Guangdong/01.01_SZ	0.3009	0.2972	0.4267	0.2830	0.186	-0.061	0.389	53.15	0.433	0.437	679	716	-0.468017	0.093575	
A/duck/Guangdong/01.01_SZ	0.3009	0.3009	0.4248	0.2809	0.188	-0.058	0.390	53.27	0.434	0.438	679	716	-0.468017	0.093575	
A/duck/Guangdong/02.11_DG	0.3071	0.2978	0.4160	0.2872	0.187	-0.069	0.385	52.90	0.437	0.439	678	716	-0.473324	0.093575	
A/duck/Guangdong/02.11_DG	0.3034	0.2996	0.4187	0.2884	0.188	-0.063	0.388	52.98	0.438	0.439	678	716	-0.469413	0.093575	
A/duck/Guangdong/02.11_DG	0.3071	0.2978	0.4160	0.2878	0.187	-0.071	0.383	52.77	0.437	0.439	678	716	-0.466062	0.093575	
A/duck/Guangdong/02.11_DG	0.3071	0.2959	0.4179	0.2878	0.186	-0.073	0.382	52.62	0.435	0.438	678	716	-0.466062	0.093575	
A/duck/Guangdong/02.11_DG	0.3071	0.2959	0.4179	0.2878	0.186	-0.073	0.382	52.62	0.435	0.438	678	716	-0.466062	0.093575	
A/duck/Guangdong/02.11_DG	0.3071	0.2959	0.4179	0.2878	0.186	-0.073	0.382	52.62	0.435	0.438	678	716	-0.466062	0.093575	
A/duck/Guangdong/03.26_DG	0.3065	0.3009	0.4122	0.2872	0.183	-0.064	0.386	53.02	0.440	0.441	678	716	-0.464386	0.093575	
A/duck/Guangdong/03.26_DG	0.3065	0.3009	0.4122	0.2872	0.183	-0.064	0.386	53.02	0.440	0.441	678	716	-0.464386	0.093575	
A/duck/Guangdong/03.26_DG	0.3047	0.3009	0.4160	0.2851	0.183	-0.064	0.386	53.19	0.438	0.440	678	716	-0.464386	0.093575	
A/duck/Guangdong/03.26_DG	0.2881	0.3126	0.4379	0.2743	0.198	-0.007	0.420	52.38	0.437	0.437	678	716	-0.488129	0.093575	
A/duck/Guangdong/03.26_DG	0.3047	0.3009	0.4160	0.2851	0.183	-0.064	0.386	53.19	0.438	0.440	678	716	-0.464386	0.093575	
A/duck/Guangdong/03.26_DG	0.3055	0.2998	0.4143	0.2839	0.182	-0.062	0.388	53.29	0.437	0.440	668	705	-0.463262	0.092199	
A/duck/Guangdong/03.26_DG	0.2881	0.3126	0.4379	0.2743	0.198	-0.007	0.420	52.38	0.437	0.437	678	716	-0.488129	0.093575	
A/duck/Guangdong/03.26_DG	0.3041	0.3004	0.4160	0.2851	0.182	-0.064	0.386	53.12	0.438	0.441	678	716	-0.460056	0.093575	
A/duck/Guangdong/03.26_DG	0.3009	0.3028	0.4141	0.2899	0.184	-0.063	0.388	53.54	0.442	0.442	678	716	-0.470391	0.093575	
A/duck/Guangdong/03.26_DG	0.3017	0.3017	0.4123	0.2887	0.183	-0.060	0.389	53.68	0.442	0.442	668	705	-0.469362	0.092199	
A/duck/Guangdong/03.26_DG	0.3055	0.2998	0.4143	0.2839	0.182	-0.062	0.388	53.29	0.437	0.440	668	705	-0.463262	0.092199	
A/duck/Guangdong/03.26_DG	0.3047	0.3009	0.4160	0.2851	0.183	-0.064	0.386	53.19	0.438	0.440	678	716	-0.464386	0.093575	
A/duck/Guangdong/03.26_DG	0.3055	0.2998	0.4143	0.2839	0.182	-0.062	0.388	53.29	0.437	0.440	668	705	-0.463262	0.092199	
A/duck/Guangdong/03.26_DG	0.3055	0.2998	0.4143	0.2839	0.182	-0.062	0.388	53.29	0.437	0.440	668	705	-0.463262	0.092199	
A/duck/Guangdong/03.26_DG	0.3055	0.2998	0.4143	0.2839	0.182	-0.064	0.386	52.89	0.437	0.439	668	705	-0.451489	0.092199	
A/duck/Guangdong/03.26_DG	0.3065	0.3009	0.4141	0.2851	0.183	-0.064	0.386	53.10	0.438	0.440	678	716	-0.464386	0.093575	
A/duck/Guangdong/03.26_DG	0.3065	0.3009	0.4141	0.2851	0.183	-0.064	0.386	53.10	0.438	0.440	678	716	-0.464386	0.093575	
A/duck/Guangdong/03.26_DG	0.3047	0.3009	0.4160	0.2851	0.183	-0.064	0.386	53.19	0.438	0.440	678	716	-0.464386	0.093575	
A/duck/Guangdong/03.26_DG	0.3074	0.2998	0.4123	0.2839	0.183	-0.062	0.388	53.20	0.437	0.440	668	705	-0.463262	0.092199	
A/duck/Guangdong/03.26_DG	0.3047	0.3009	0.4160	0.2851	0.183	-0.064	0.386	53.19	0.438	0.440	678	716	-0.464386	0.093575	
A/duck/Guangdong/03.26_DG	0.3065	0.3009	0.4141	0.2851	0.183	-0.064	0.386	53.10	0.438	0.440	678	716	-0.464386	0.093575	
A/duck/Guangdong/03.27_DG	0.3080	0.2966	0.4104	0.2909	0.186	-0.066	0.386	53.17	0.439	0.439	668	705	-0.464964	0.092199	
A/duck/Guangdong/03.27_DG	0.3090	0.2940	0.4103	0.2968	0.184	-0.081	0.378	52.98	0.440	0.439	678	716	-0.465643	0.093575	
A/duck/Guangdong/03.27_DG	0.3071	0.2978	0.4141	0.2899	0.186	-0.068	0.385	52.98	0.438	0.439	678	716	-0.466062	0.093575	
A/duck/Guangdong/03.27_DG	0.3099	0.2928	0.4085	0.2957	0.184	-0.079	0.379	53.16	0.439	0.438	668	705	-0.464539	0.092199	
A/duck/Guangdong/03.27_DG	0.3071	0.2978	0.4141	0.2899	0.186	-0.068	0.385	52.98	0.438	0.439	678	716	-0.466062	0.093575	
A/duck/Guangdong/04.15_SZ	0.2980	0.3035	0.4245	0.2794	0.182	-0.056	0.391	52.47	0.437	0.441	678	716	-0.469972	0.093575	
A/duck/Guangdong/04.15_SZ	0.3034	0.2978	0.4237	0.2836	0.186	-0.063	0.388	52.86	0.434	0.438	678	716	-0.462011	0.093575	
A/duck/Guangdong/04.15_SZ	0.3023	0.2985	0.4239	0.2803	0.187	-0.055	0.392	53.18	0.433	0.437	668	705	-0.474326	0.092199	
A/duck/Guangdong/04.16_LG	0.3080	0.2928	0.4220	0.2830	0.185	-0.076	0.380	53.17	0.430	0.436	668	705	-0.468085	0.092199	
A/duck/Guangdong/04.16_SZ	0.3017	0.3017	0.4123	0.2887	0.183	-0.060	0.389	53.68	0.442	0.442	668	705	-0.469362	0.092199	
A/duck/Guangdong/04.16_SZ	0.3071	0.2940	0.4237	0.2842	0.185	-0.079	0.379	53.02	0.431	0.437	678	716	-0.469134	0.093575	
A/duck/Guangdong/04.16_SZ	0.3047	0.2991	0.4141	0.2899	0.182	-0.072	0.382	53.10	0.440	0.440	678	716	-0.463966	0.093575	
A/duck/Guangdong/04.16_SZ	0.3071	0.2978	0.4122	0.2920	0.186	-0.071	0.383	52.99	0.440	0.439	678	716	-0.466062	0.093575	
A/duck/Guangdong/04.22_DG	0.3080	0.2966	0.4115	0.2881	0.188	-0.061	0.389	53.06	0.437	0.439	668	705	-0.464681	0.092199	
A/duck/Guangdong/04.22_DG	0.3071	0.2978	0.4133	0.2893	0.188	-0.063	0.388	52.92	0.438	0.439	678	716	-0.465782	0.093575	
A/duck/Guangdong/04.22_DG	0.3071	0.2978	0.4122	0.2920	0.186	-0.068	0.385	53.01	0.440	0.439	678	716	-0.466062	0.093575	
A/duck/Guangdong/04.22_DG	0.3071	0.2978	0.4114	0.2914	0.187	-0.066	0.386	53.13	0.440	0.440	678	716	-0.461732	0.093575	
A/duck/Guangdong/04.22_DG	0.3071	0.2978	0.4122	0.2920	0.186	-0.068	0.385	53.01	0.440	0.439	678	716	-0.466062	0.093575	
A/duck/Guangdong/04.22_DG	0.2792	0.3321	0.4042	0.2958	0.210	0.006	0.429	53.27	0.468	0.449	679	716	-0.487291	0.093575	
A/duck/Guangdong/04.22_DG	0.3071	0.2959	0.4179	0.2878	0.186	-0.070	0.383	52.57	0.435	0.438	678	716	-0.470670	0.093575	
A/duck/Guangdong/04.22_DG	0.3071	0.2959	0.4179	0.2878	0.186	-0.071	0.383	52.66	0.435	0.438	678	716	-0.469553	0.093575	
A/duck/Guangdong/04.22_DG	0.2792	0.3321	0.4061	0.2938	0.210	0.009	0.430	53.25	0.467	0.448	679	716	-0.487291	0.093575	
A/duck/Guangdong/04.22_DG	0.2787	0.3315	0.4042	0.2958	0.208	0.004	0.427	53.09	0.468	0.449	679	716	-0.488129	0.093575	
A/duck/Guangdong/04.23_DG	0.3109	0.2921	0.4122	0.2941	0.185	-0.079	0.379	53.03	0.437	0.438	678	716	-0.466062	0.093575	
A/duck/Guangdong/04.23_DG	0.3090	0.2940	0.4103	0.2968	0.184	-0.081	0.378	52.98	0.440	0.439	678	716	-0.465643	0.093575	
A/duck/Guangdong/04.23_DG	0.2914	0.3064	0.4436	0.2706	0.197	-0.012	0.417	52.35	0.429	0.433	678	716	-0.492039	0.093575	
A/duck/Guangdong/04.23_DG	0.3071	0.2978	0.4141	0.2899	0.186	-0.068	0.385	52.98	0.438	0.439	678	716	-0.466062	0.093575	
A/duck/Guangdong/04.23_DG	0.3074	0.2998	0.4123	0.2839	0.183	-0.062	0.388	53.20	0.437	0.440	668	705	-0.463262	0.092199	
A/duck/Guangdong/04.23_DG	0.3090	0.2959	0.4237	0.2794	0.187	-0.063	0.388	52.83	0.429	0.437	678	716	-0.466062	0.093575	
A/duck/Guangdong/04.23_DG	0.3061	0.2966	0.4123	0.2909	0.187	-0.063	0.388	53.21	0.439	0.439	668	705	-0.464964	0.092199	
A/duck/Guangdong/04.23_DG	0.3071	0.2978	0.4141	0.2899	0.186	-0.068	0.385	52.98	0.438	0.439	678	716	-0.466062	0.093575	
A/duck/Guangdong/04.23_DG	0.3052	0.2978	0.4141	0.2920	0.187	-0.066	0.386	53.04	0.440	0.439	678	716	-0.466062	0.093575	
A/duck/Guangdong/04.23_DG	0.3065	0.2991	0.4198	0.2809	0.183	-0.064	0.386	53.05	0.434	0.439	678	716	-0.464386	0.093575	
A/duck/Guangdong/04.23_DG	0.2972	0.3065	0.4141	0.2893	0.184	-0.060	0.389	53.07	0.445	0.443	678	716	-0.470810	0.093575	
A/duck/Guangdong/04.23_DG	0.3080	0.2966	0.4123	0.2887	0.186	-0.066	0.386	53.14	0.437	0.439	668	705	-0.464964	0.092199	
A/duck/Guangdong/04.23_DG	0.2991	0.3047	0.4141	0.2893	0.184	-0.063	0.388	53.05	0.444	0.443	678	716	-0.470810	0.093575	
A/duck/Guangdong/04.23_DG	0.2991	0.3047	0.4141	0.2893	0.184	-0.063	0.388	53.05	0.444	0.443	678	716	-0.470810	0.093575	
A/duck/Guangdong/04.23_DG	0.3047	0.3009	0.4160	0.2851	0.183	-0.064	0.386	53.19	0.438	0.440	678	716	-0.464386	0.093575	
A/duck/Guangdong/04.23_DG	0.3047	0.3009	0.4160	0.2851	0.183	-0.064	0.386	53.19	0.438	0.440	678	716	-0.464386	0.093575	
A/duck/Guangdong/04.23_DG	0.3055	0.2998	0.4143	0.2839	0.182	-0.062	0.388	53.29	0.437	0.440	668	705	-0.463262	0.092199	
A/duck/Guangdong/04.23_DG	0.3055	0.2998	0.4143	0.2839	0.182	-0.062	0.388	53.29	0.437	0.440	668	705	-0.463262	0.092199	
A/duck/Guangdong/04.23_DG	0.3065	0.2991	0.4160	0.2851	0.182	-0.067	0.385	53.51	0.437	0.440	678	716	-0.464386	0.093575	
A/duck/Guangdong/04.23_DG	0.3034	0.2996	0.4160	0.2899	0.187	-0.068	0.385	52.94	0.440	0.439	678	716	-0.466062	0.093575	
A/duck/Guangdong/04.23_DG	0.3090	0.2940	0.4103	0.2968	0.184	-0.081	0.378	52.98	0.440	0.439	678	716	-0.465643	0.093575	
A/duck/Guangdong/04.23_DG	0.3074	0.2998	0.4123	0.2839	0.183	-0.062	0.388	53.20	0.437	0.440	668	705	-0.463262	0.092199	
A/duck/Guangdong/04.23_DG	0.3074	0.2979	0.4131	0.2872	0.183	-0.073	0.382	52.84	0.437	0.438	668	705	-0.464255	0.093617	
A/duck/Guangdong/04.23_DG	0.3071	0.2978	0.4141	0.2899	0.186	-0.068	0.385	52.98	0.438	0.439	678	716	-0.466062	0.093575	
A/duck/Guangdong/04.23_DG	0.3055	0.2998	0.4115	0.2854	0.182	-0.063	0.386	53.14	0.439	0.441	668	705	-0.452908	0.092199	
A/duck/Guangdong/04.23_DG	0.3071	0.2978	0.4149	0.2905	0.186	-0.068	0.385	52.92	0.438	0.439	678	716	-0.462011	0.093575	
A/duck/Guangdong/04.23_DG	0.3090	0.2940	0.4103	0.2968	0.184	-0.081	0.378	52.98	0.440	0.439	678	716	-0.465643	0.093575	
A/duck/Guangdong/04.23_DG	0.3099	0.2928	0.4085	0.2957	0.184	-0.079	0.379	53.16	0.439	0.438	668	705	-0.464539	0.092199	
A/duck/Guangdong/04.23_DG	0.3047	0.3009	0.4160	0.2851	0.183	-0.064	0.386	53.19	0.438	0.440	678	716	-0.464386	0.093575	
A/duck/Guangdong/04.23_DG	0.3090	0.2940	0.4103	0.2968	0.184	-0.081	0.378	52.98	0.440	0.439	678	716	-0.465643	0.093575	
A/duck/Guangdong/04.23_DG	0.3099	0.2928	0.4085	0.2957	0.184	-0.079	0.379	53.16	0.439	0.438	668	705	-0.464539	0.092199	
A/duck/Guangdong/04.23_DG	0.3065	0.2991	0.4149	0.2884	0.183	-0.075	0.381	52.87	0.438	0.438	678	716	-0.462011	0.094972	
A/duck/Guangdong/04.23_DG	0.3074	0.2979	0.4131	0.2872	0.183	-0.073	0.382	52.84	0.437	0.438	668	705	-0.464255	0.093617	
A/duck/Guangdong/04.23_DG	0.2991	0.3047	0.4141	0.2893	0.184	-0.063	0.388	53.05	0.444	0.443	678	716	-0.470810	0.093575	
A/duck/Guangdong/04.23_DG	0.2991	0.3047	0.4141	0.2893	0.184	-0.063	0.388	53.05	0.444	0.443	678	716	-0.470810	0.093575	
A/duck/Guangdong/04.23_DG	0.2991	0.3047	0.4141	0.2893	0.184	-0.063	0.388	53.05	0.444	0.443	678	716	-0.470810	0.093575	
A/duck/Guangdong/04.23_DG	0.2991	0.3047	0.4141	0.2893	0.184	-0.063	0.388	53.05	0.444	0.443	678	716	-0.470810	0.093575	
A/duck/Guangdong/04.23_DG	0.2991	0.3047	0.4141	0.2893	0.184	-0.063	0.388	53.05	0.444	0.443	678	716	-0.470810	0.093575	
A/duck/Guangdong/04.23_DG	0.2998	0.3036	0.4123	0.2881	0.184	-0.060	0.389	53.16	0.443	0.443	668	705	-0.469787	0.092199	
A/duck/Guangdong/04.23_DG	0.2998	0.3036	0.4123	0.2881	0.184	-0.060	0.389	53.16	0.443	0.443	668	705	-0.469787	0.092199	
A/duck/Guangdong/04.23_DG	0.2998	0.3036	0.4123	0.2881	0.184	-0.060	0.389	53.16	0.443	0.443	668	705	-0.469787	0.092199	
A/duck/Guangdong/04.23_DG	0.3047	0.2991	0.4229	0.2815	0.189	-0.056	0.392	52.14	0.433	0.438	679	716	-0.462430	0.093575	
A/duck/Guangdong/11.18_SZ	0.3028	0.3009	0.4160	0.2899	0.188	-0.053	0.393	53.73	0.440	0.439	679	716	-0.471788	0.093575	
A/duck/Guangdong/11.18_SZ	0.3028	0.3009	0.4160	0.2899	0.188	-0.053	0.393	53.73	0.440	0.439	679	716	-0.471788	0.093575	
A/duck/Guangdong/11.18_SZ	0.3041	0.2985	0.4160	0.2899	0.188	-0.056	0.392	53.69	0.439	0.439	679	716	-0.467458	0.093575	
A/duck/Guangdong/KGZ15783	0.2932	0.3064	0.4221	0.2887	0.189	-0.052	0.395	53.29	0.443	0.441	679	716	-0.484358	0.093575	
A/duck/Guangdong/KGZ16007	0.2998	0.2998	0.4175	0.2881	0.189	-0.057	0.391	53.44	0.440	0.439	680	716	-0.456006	0.093575	
A/duck/Guangdong/KGZ16008	0.2998	0.2998	0.4175	0.2881	0.189	-0.057	0.391	53.44	0.440	0.439	680	716	-0.456006	0.093575	
A/duck/Guangdong/KGZ16009	0.2998	0.2998	0.4175	0.2881	0.189	-0.057	0.391	53.44	0.440	0.439	680	716	-0.456006	0.093575	
A/duck/Guangdong/KGZ16012	0.2998	0.2998	0.4175	0.2881	0.189	-0.057	0.391	53.44	0.440	0.439	680	716	-0.456006	0.093575	
A/duck/Guangdong/KGZ16015	0.3004	0.3022	0.4156	0.2881	0.189	-0.059	0.390	53.75	0.441	0.440	680	716	-0.456285	0.093575	
A/Duck/Guangdong/PO172812	0.3028	0.3009	0.4084	0.2962	0.183	-0.073	0.382	53.40	0.445	0.442	678	716	-0.473883	0.093575	
A/Duck/Guangdong/PO172813	0.3028	0.3009	0.4103	0.2941	0.183	-0.073	0.382	53.25	0.444	0.442	678	716	-0.473883	0.093575	
A/Duck/Guangdong/PO172842	0.2966	0.3022	0.4210	0.2872	0.187	-0.048	0.396	54.00	0.440	0.439	679	716	-0.463687	0.093575	
A/Duck/Guangdong/PO170726	0.3115	0.2917	0.4016	0.2969	0.178	-0.081	0.376	52.85	0.441	0.442	635	670	-0.493582	0.092537	
A/Duck/Guangdong/PY501/20	0.2976	0.3013	0.4288	0.2797	0.186	-0.056	0.392	53.27	0.434	0.438	678	716	-0.466062	0.093575	
A/Duck/Guangdong/PY503/20	0.3000	0.3000	0.4310	0.2744	0.187	-0.050	0.395	53.22	0.429	0.437	678	716	-0.467598	0.092179	
A/duck/Guangdong/S1269/20	0.2927	0.3058	0.4202	0.2902	0.189	-0.050	0.395	53.53	0.445	0.444	679	716	-0.486732	0.093575	
A/duck/Guangdong/S1330/20	0.3028	0.2991	0.4229	0.2830	0.187	-0.061	0.389	52.99	0.434	0.438	679	716	-0.468017	0.093575	
A/duck/Guangdong/S4518/20	0.2790	0.3127	0.4216	0.2979	0.191	-0.050	0.396	53.99	0.455	0.444	682	716	-0.466760	0.093575	
A/duck/Guangdong/S4525/20	0.2801	0.3139	0.4213	0.2952	0.193	-0.048	0.397	54.02	0.454	0.445	680	716	-0.474441	0.093575	
A/duck/Guangdong/S4879/20	0.2927	0.3058	0.4210	0.2908	0.191	-0.048	0.396	53.46	0.445	0.443	679	716	-0.482123	0.093575	
A/duck/Guangdong/s14044/2	0.3165	0.2846	0.4457	0.2600	0.194	-0.054	0.393	52.44	0.406	0.428	679	716	-0.480866	0.094972	
A/duck/Guangdong/SE195/20	0.3017	0.2980	0.4072	0.2979	0.189	-0.053	0.393	54.12	0.446	0.441	680	716	-0.447765	0.092179	
A/Duck/Guangdong/SS1A1/20	0.3013	0.2994	0.4419	0.2636	0.192	-0.041	0.400	52.00	0.421	0.434	677	716	-0.466341	0.093575	
A/duck/Guangdong/wy11/200	0.3064	0.2951	0.4330	0.2758	0.193	-0.051	0.396	53.24	0.425	0.435	677	716	-0.498464	0.094972	
A/duck/Guangdong/wy19/200	0.3090	0.2921	0.4294	0.2762	0.194	-0.048	0.397	53.13	0.425	0.436	678	716	-0.480866	0.093575	
A/duck/Guangdong/wy24/200	0.3075	0.3000	0.4349	0.2689	0.200	-0.039	0.403	52.67	0.424	0.434	677	716	-0.482123	0.093575	
A/Duck/Guangdong/Yangjian	0.3004	0.3022	0.4057	0.2998	0.182	-0.071	0.383	52.59	0.449	0.444	679	716	-0.467179	0.093575	
A/duck/Guangxi/12.25_GLGX	0.3058	0.2964	0.4297	0.2741	0.185	-0.063	0.388	52.26	0.426	0.435	678	716	-0.463129	0.094972	
A/duck/Guangxi/S10099/202	0.2951	0.3083	0.4118	0.2944	0.191	-0.045	0.398	53.99	0.449	0.445	679	716	-0.478212	0.090782	
A/duck/Guangxi/S10263/202	0.2951	0.3083	0.4144	0.2923	0.192	-0.046	0.398	53.89	0.448	0.444	679	716	-0.480587	0.092179	
A/duck/Guangxi/S11043/202	0.2927	0.3058	0.4221	0.2881	0.192	-0.046	0.398	53.43	0.443	0.444	679	716	-0.473184	0.092179	
A/duck/Guangxi/S21194/202	0.2951	0.3064	0.4183	0.2902	0.192	-0.041	0.401	53.51	0.445	0.444	679	716	-0.483659	0.092179	
A/duck/Guangxi/S31116/202	0.2951	0.3045	0.4183	0.2923	0.191	-0.051	0.395	52.93	0.445	0.443	679	716	-0.480587	0.092179	
A/duck/Guangzhou/018/2014	0.3034	0.2996	0.4256	0.2794	0.185	-0.068	0.385	52.49	0.432	0.437	678	716	-0.469553	0.093575	
A/duck/Guangzhou/021/2014	0.3034	0.2996	0.4237	0.2815	0.185	-0.068	0.385	52.84	0.434	0.438	678	716	-0.469553	0.093575	
A/duck/Guizhou/7.27_ZYLJJ	0.2985	0.3022	0.4103	0.2962	0.181	-0.073	0.382	52.94	0.447	0.443	678	716	-0.467598	0.094972	
A/duck/Guizhou/8.26_ZYLJJ	0.2966	0.3060	0.4122	0.2920	0.183	-0.065	0.386	52.53	0.447	0.442	678	716	-0.474721	0.093575	
A/duck/Guizhou/8.26_ZYLJJ	0.2966	0.3060	0.4046	0.3004	0.182	-0.073	0.382	52.46	0.453	0.445	678	716	-0.470670	0.093575	
A/duck/Guizhou/S1321/2022	0.2825	0.3145	0.4213	0.2917	0.193	-0.045	0.399	54.07	0.452	0.444	679	716	-0.475000	0.093575	
A/duck/Guizhou/S1711/2024	0.2962	0.3057	0.4125	0.3011	0.187	-0.067	0.386	53.69	0.449	0.441	679	716	-0.469413	0.093575	
A/duck/Guizhou/S4702/2021	0.2825	0.3164	0.4045	0.3090	0.196	-0.027	0.409	54.62	0.465	0.448	680	716	-0.460056	0.093575	
A/duck/Hainan/12.29_HKPL0	0.3022	0.3004	0.4084	0.2962	0.183	-0.073	0.382	52.59	0.445	0.442	678	716	-0.471229	0.093575	
A/duck/Hebei/3/2011|EPI_I	0.3075	0.2981	0.4417	0.2621	0.197	-0.045	0.399	52.77	0.418	0.431	677	716	-0.494134	0.094972	
A/duck/Hebei/S1070/2021|E	0.2957	0.3051	0.4163	0.2944	0.193	-0.041	0.401	54.12	0.446	0.443	679	716	-0.485056	0.093575	
A/duck/Henan/01.01_LYGL00	0.2895	0.3158	0.4229	0.2845	0.211	0.016	0.432	53.73	0.447	0.442	680	716	-0.486592	0.093575	
A/duck/Henan/S1381/2021|E	0.2927	0.3077	0.4171	0.2929	0.192	-0.043	0.399	53.93	0.448	0.444	679	716	-0.486453	0.093575	
A/duck/Hsinchu/15020216/2	0.2683	0.3340	0.4152	0.2954	0.193	-0.034	0.405	52.99	0.468	0.447	679	716	-0.458240	0.094972	
A/duck/Hubei/03.06__WHWTZ	0.2830	0.3189	0.4267	0.2836	0.202	-0.010	0.419	52.79	0.448	0.442	678	716	-0.475978	0.093575	
A/duck/Hubei/03.06__WHWTZ	0.2943	0.3094	0.4307	0.2735	0.193	-0.038	0.403	53.22	0.435	0.438	678	716	-0.465084	0.093575	
A/duck/Hubei/03.06__WHWTZ	0.2943	0.3094	0.4307	0.2735	0.193	-0.038	0.403	53.22	0.435	0.438	678	716	-0.465084	0.093575	
A/duck/Hubei/03.06__WHWTZ	0.2943	0.3094	0.4307	0.2735	0.193	-0.038	0.403	53.22	0.435	0.438	678	716	-0.465084	0.093575	
A/duck/Hubei/03.06__WHWTZ	0.2943	0.3094	0.4326	0.2714	0.193	-0.038	0.403	52.95	0.434	0.437	678	716	-0.465084	0.093575	
A/duck/Hubei/03.06__WHWTZ	0.2938	0.3089	0.4307	0.2735	0.191	-0.040	0.401	53.04	0.435	0.438	678	716	-0.465922	0.093575	
A/duck/Hubei/03.06__WHWTZ	0.2731	0.3145	0.4375	0.2860	0.195	-0.023	0.412	52.62	0.447	0.439	680	716	-0.464665	0.094972	
A/duck/HuBei/03.06__WHWTZ	0.2943	0.3094	0.4307	0.2735	0.193	-0.038	0.403	53.22	0.435	0.438	678	716	-0.465084	0.093575	
A/duck/Hubei/03.06_WHWTZ0	0.2943	0.3094	0.4307	0.2735	0.193	-0.038	0.403	53.22	0.435	0.438	678	716	-0.465084	0.093575	
A/duck/Hubei/03.06_WHWTZ0	0.2943	0.3094	0.4307	0.2735	0.193	-0.038	0.403	53.22	0.435	0.438	678	716	-0.465084	0.093575	
A/duck/Hubei/46/2009|EPI_	0.2763	0.3233	0.4216	0.2881	0.209	0.024	0.438	53.73	0.456	0.449	680	716	-0.461732	0.093575	
A/duck/Hubei/2911/2007|EP	0.2943	0.3038	0.4381	0.2752	0.193	-0.038	0.403	52.88	0.431	0.435	678	716	-0.475559	0.093575	
A/duck/Hubei/S4465/2021(H	0.2895	0.3120	0.4183	0.2902	0.191	-0.046	0.398	53.38	0.449	0.444	679	716	-0.489525	0.093575	
A/duck/Hubei/SE128/2022(H	0.2895	0.3120	0.4183	0.2902	0.193	-0.041	0.401	53.47	0.449	0.445	679	716	-0.485894	0.093575	
A/duck/Hubei/SE220/2022(H	0.2787	0.3164	0.4213	0.2938	0.193	-0.048	0.398	54.16	0.455	0.445	679	716	-0.469832	0.093575	
A/duck/Hubei/SZY250/2016|	0.3071	0.2865	0.4373	0.2773	0.195	-0.027	0.408	52.34	0.420	0.429	679	716	-0.472486	0.093575	
A/duck/Hubei/xn/2007|EPI_	0.2782	0.3158	0.4392	0.2773	0.197	-0.021	0.412	51.70	0.442	0.439	679	716	-0.462849	0.093575	
A/duck/Hunan/1.12_YYGK68H	0.3054	0.2961	0.4133	0.2914	0.182	-0.075	0.380	52.43	0.439	0.440	679	716	-0.468575	0.093575	
A/duck/Hunan/1.12_YYGK72H	0.3054	0.2961	0.4141	0.2920	0.183	-0.075	0.380	52.39	0.439	0.441	679	716	-0.468855	0.093575	
A/duck/Hunan/1.12_YYGK74H	0.2868	0.3151	0.4156	0.2962	0.200	-0.015	0.417	53.79	0.454	0.443	679	716	-0.474721	0.093575	
A/duck/Hunan/01.12_YYGK82	0.2868	0.3151	0.4156	0.2962	0.200	-0.015	0.417	53.79	0.454	0.443	679	716	-0.474721	0.093575	
A/duck/Hunan/01.16_YYFQH1	0.2943	0.3057	0.4326	0.2756	0.189	-0.051	0.395	53.20	0.434	0.437	678	716	-0.468715	0.093575	
A/duck/Hunan/01.16_YYFQH1	0.2943	0.3057	0.4326	0.2756	0.189	-0.051	0.395	53.20	0.434	0.437	678	716	-0.468715	0.093575	
A/duck/Hunan/01.16_YYFQH2	0.2957	0.3051	0.4288	0.2782	0.189	-0.051	0.395	52.96	0.435	0.438	678	716	-0.469134	0.093575	
A/duck/Hunan/01.16_YYFQH3	0.2957	0.3051	0.4288	0.2782	0.189	-0.051	0.395	52.96	0.435	0.438	678	716	-0.469134	0.093575	
A/duck/Hunan/01.16_YYFQH3	0.2957	0.3051	0.4288	0.2777	0.188	-0.053	0.394	53.02	0.435	0.438	678	716	-0.469553	0.093575	
A/duck/Hunan/01.16_YYFQH3	0.2957	0.3051	0.4288	0.2777	0.188	-0.053	0.394	53.02	0.435	0.438	678	716	-0.469553	0.093575	
A/duck/Hunan/01.16_YYFQH3	0.2957	0.3051	0.4288	0.2777	0.188	-0.053	0.394	53.02	0.435	0.438	678	716	-0.469553	0.093575	
A/duck/Hunan/01.16_YYFQH3	0.2957	0.3051	0.4288	0.2782	0.189	-0.051	0.395	52.96	0.435	0.438	678	716	-0.469134	0.093575	
A/duck/Hunan/01.16_YYFQH3	0.2957	0.3051	0.4288	0.2782	0.189	-0.051	0.395	52.96	0.435	0.438	678	716	-0.469134	0.093575	
A/duck/Hunan/01.16_YYFQH3	0.2957	0.3051	0.4288	0.2782	0.189	-0.051	0.395	52.96	0.435	0.438	678	716	-0.469134	0.093575	
A/duck/Hunan/01.16_YYGK21	0.2957	0.3051	0.4288	0.2777	0.188	-0.053	0.394	53.02	0.435	0.438	678	716	-0.469553	0.093575	
A/duck/Hunan/1.17_YYGKK80	0.3090	0.2884	0.4267	0.2830	0.183	-0.081	0.378	52.84	0.426	0.436	678	716	-0.468296	0.093575	
A/duck/Hunan/01.21_YYFQH0	0.3000	0.3038	0.4261	0.2771	0.190	-0.051	0.395	53.00	0.434	0.438	678	716	-0.457821	0.093575	
A/duck/Hunan/01.21_YYFQH0	0.2981	0.3019	0.4345	0.2729	0.187	-0.053	0.394	53.04	0.429	0.436	678	716	-0.469134	0.093575	
A/duck/Hunan/01.21_YYFQH0	0.3000	0.3038	0.4280	0.2750	0.190	-0.051	0.395	53.00	0.432	0.438	678	716	-0.457821	0.093575	
A/duck/Hunan/01.21_YYFQH0	0.3019	0.3000	0.4307	0.2762	0.192	-0.046	0.398	52.84	0.429	0.436	678	716	-0.464665	0.093575	
A/duck/Hunan/01.21_YYFQH0	0.3000	0.3038	0.4280	0.2750	0.190	-0.051	0.395	53.00	0.432	0.438	678	716	-0.457821	0.093575	
A/duck/Hunan/2.06_YYGK77J	0.3103	0.2953	0.4054	0.2989	0.184	-0.073	0.382	52.19	0.442	0.441	678	716	-0.470671	0.093575	
A/duck/Hunan/2.06_YYGK78J	0.3022	0.3004	0.4122	0.2920	0.182	-0.073	0.382	52.56	0.442	0.441	678	716	-0.471229	0.093575	
A/duck/Hunan/2.06_YYGK84J	0.3065	0.2972	0.4046	0.3004	0.183	-0.070	0.383	52.32	0.445	0.441	678	716	-0.470391	0.093575	
A/duck/Hunan/2.06_YYGK92J	0.3065	0.2972	0.4046	0.3004	0.183	-0.070	0.383	52.32	0.445	0.441	678	716	-0.470391	0.093575	
A/duck/Hunan/02.07__YYFQH	0.3019	0.3000	0.4307	0.2756	0.191	-0.046	0.398	52.72	0.429	0.436	678	716	-0.472067	0.093575	
A/duck/Hunan/02.07__YYFQH	0.3019	0.3000	0.4307	0.2762	0.192	-0.046	0.398	52.84	0.429	0.436	678	716	-0.464665	0.093575	
A/duck/Hunan/02.07_YYFQH0	0.2981	0.3019	0.4345	0.2729	0.187	-0.053	0.394	53.04	0.429	0.436	678	716	-0.469134	0.093575	
A/duck/Hunan/02.07_YYFQH0	0.3019	0.3000	0.4307	0.2762	0.192	-0.046	0.398	52.84	0.429	0.436	678	716	-0.464665	0.093575	
A/duck/Hunan/02.07_YYFQH0	0.2981	0.3019	0.4345	0.2729	0.187	-0.053	0.394	53.04	0.429	0.436	678	716	-0.469134	0.093575	
A/duck/Hunan/02.16_YYGK28	0.2964	0.3040	0.4253	0.2785	0.188	-0.053	0.394	53.16	0.436	0.438	668	705	-0.468511	0.092199	
A/duck/Hunan/02.26__YYFQH	0.2957	0.3051	0.4288	0.2777	0.188	-0.053	0.394	53.02	0.435	0.438	678	716	-0.469553	0.093575	
A/duck/Hunan/02.26__YYFQH	0.2957	0.3051	0.4288	0.2777	0.188	-0.053	0.394	53.02	0.435	0.438	678	716	-0.469553	0.093575	
A/duck/Hunan/02.26__YYGK2	0.2957	0.3051	0.4288	0.2782	0.189	-0.051	0.395	52.96	0.435	0.438	678	716	-0.469134	0.093575	
A/duck/Hunan/02.26__YYGK0	0.2957	0.3051	0.4288	0.2777	0.188	-0.053	0.394	53.02	0.435	0.438	678	716	-0.469553	0.093575	
A/duck/Hunan/02.26_YYFQH2	0.2981	0.3019	0.4326	0.2756	0.188	-0.053	0.394	53.10	0.431	0.436	678	716	-0.468715	0.093575	
A/duck/Hunan/02.26_YYFQH2	0.2957	0.3051	0.4288	0.2782	0.189	-0.051	0.395	52.96	0.435	0.438	678	716	-0.469134	0.093575	
A/duck/Hunan/02.26_YYFQH3	0.2957	0.3051	0.4288	0.2782	0.189	-0.051	0.395	52.96	0.435	0.438	678	716	-0.469134	0.093575	
A/duck/Hunan/02.26_YYFQHY	0.3019	0.3000	0.4307	0.2762	0.192	-0.046	0.398	52.84	0.429	0.436	678	716	-0.464665	0.093575	
A/duck/Hunan/02.26_YYGK25	0.2962	0.3057	0.4326	0.2735	0.190	-0.046	0.398	53.11	0.432	0.437	678	716	-0.468715	0.093575	
A/duck/Hunan/02.26_YYGK25	0.2957	0.3051	0.4288	0.2777	0.188	-0.053	0.394	53.02	0.435	0.438	678	716	-0.469553	0.093575	
A/duck/Hunan/02.26_YYGK26	0.2949	0.3081	0.4326	0.2735	0.191	-0.043	0.400	53.20	0.434	0.437	678	716	-0.473184	0.093575	
A/duck/Hunan/02.26_YYGK26	0.2968	0.3062	0.4326	0.2735	0.191	-0.043	0.400	53.20	0.432	0.436	678	716	-0.473184	0.093575	
A/duck/Hunan/02.26_YYGK27	0.2949	0.3081	0.4326	0.2735	0.191	-0.043	0.400	53.20	0.434	0.437	678	716	-0.473184	0.093575	
A/duck/Hunan/02.26_YYGK27	0.2949	0.3081	0.4326	0.2735	0.191	-0.043	0.400	53.20	0.434	0.437	678	716	-0.473184	0.093575	
A/duck/Hunan/02.26_YYGKY2	0.2957	0.3051	0.4288	0.2782	0.189	-0.051	0.395	52.96	0.435	0.438	678	716	-0.469134	0.093575	
A/duck/Hunan/02.26_YYGQH2	0.2957	0.3051	0.4269	0.2803	0.189	-0.053	0.394	52.97	0.437	0.438	678	716	-0.469134	0.093575	
A/duck/Hunan/03.07_YYGK1L	0.2964	0.3039	0.4474	0.2643	0.198	-0.013	0.417	51.77	0.423	0.432	679	716	-0.485894	0.093575	
A/duck/Hunan/03.07_YYGK4L	0.3071	0.2921	0.4253	0.2854	0.184	-0.074	0.383	52.90	0.430	0.436	677	716	-0.483240	0.093575	
A/duck/Hunan/03.07_YYGK25	0.3084	0.2950	0.4078	0.2959	0.183	-0.073	0.382	51.34	0.441	0.440	660	696	-0.485919	0.093391	
A/duck/Hunan/03.07_YYGK31	0.2881	0.3145	0.4099	0.3004	0.198	-0.019	0.414	53.65	0.457	0.444	679	716	-0.472207	0.093575	
A/duck/Hunan/03.09_YYFQH0	0.2844	0.3168	0.4404	0.2664	0.203	0.006	0.427	53.03	0.436	0.437	670	705	-0.496880	0.092199	
A/duck/Hunan/03.09_YYFQH0	0.3084	0.2953	0.4122	0.2920	0.184	-0.076	0.381	53.02	0.438	0.439	678	716	-0.460056	0.093575	
A/duck/Hunan/03.09_YYFQH0	0.3052	0.2978	0.4297	0.2741	0.186	-0.064	0.387	52.58	0.427	0.436	679	716	-0.457542	0.094972	
A/duck/Hunan/03.24_YYGK18	0.3090	0.2903	0.4198	0.2893	0.189	-0.076	0.381	53.02	0.432	0.439	678	716	-0.472067	0.092179	
A/duck/Hunan/03.24_YYGK21	0.3090	0.2921	0.4179	0.2893	0.190	-0.073	0.382	53.10	0.434	0.439	678	716	-0.469413	0.093575	
A/duck/Hunan/03.24_YYGK17	0.3090	0.2921	0.4179	0.2893	0.190	-0.073	0.382	53.10	0.434	0.439	678	716	-0.469413	0.093575	
A/duck/Hunan/03.24_YYGK17	0.3090	0.2921	0.4179	0.2893	0.190	-0.073	0.382	53.10	0.434	0.439	678	716	-0.469413	0.093575	
A/duck/Hunan/04.14_YYGK06	0.2962	0.3075	0.4326	0.2708	0.191	-0.045	0.398	52.67	0.432	0.437	678	716	-0.465503	0.093575	
A/duck/Hunan/04.14_YYGK04	0.3021	0.3040	0.4338	0.2632	0.190	-0.046	0.398	52.98	0.425	0.435	668	705	-0.471773	0.092199	
A/duck/Hunan/04.14_YYGK45	0.2943	0.3094	0.4288	0.2756	0.194	-0.038	0.403	53.15	0.437	0.439	678	716	-0.465084	0.093575	
A/duck/Hunan/04.14_YYGK46	0.2943	0.3094	0.4269	0.2777	0.194	-0.037	0.403	53.33	0.438	0.439	678	716	-0.461732	0.093575	
A/duck/Hunan/04.14_YYGK46	0.2962	0.3075	0.4326	0.2708	0.191	-0.045	0.398	52.67	0.432	0.437	678	716	-0.465503	0.093575	
A/duck/Hunan/04.14_YYGK46	0.2962	0.3075	0.4326	0.2708	0.191	-0.045	0.398	52.67	0.432	0.437	678	716	-0.465503	0.093575	
A/duck/Hunan/04.14_YYGK47	0.2962	0.3075	0.4326	0.2708	0.191	-0.045	0.398	52.67	0.432	0.437	678	716	-0.465503	0.093575	
A/duck/Hunan/04.14_YYGK08	0.2925	0.3113	0.4288	0.2756	0.194	-0.035	0.404	53.16	0.438	0.439	678	716	-0.465084	0.093575	
A/duck/Hunan/04.14_YYXS87	0.2925	0.3113	0.4288	0.2756	0.194	-0.035	0.404	53.16	0.438	0.439	678	716	-0.465084	0.093575	
A/duck/Hunan/04.22_LDDX03	0.3109	0.2959	0.4141	0.2884	0.185	-0.074	0.382	52.57	0.435	0.437	678	716	-0.469134	0.093575	
A/duck/Hunan/7.21_YYGK41Y	0.2998	0.2961	0.4210	0.2893	0.184	-0.063	0.387	53.42	0.437	0.440	679	716	-0.468575	0.093575	
A/duck/Hunan/11.30_YYGK59	0.2980	0.2980	0.4229	0.2899	0.189	-0.051	0.394	52.74	0.438	0.438	680	716	-0.464386	0.093575	
A/duck/Hunan/11.30_YYGK62	0.3047	0.2991	0.4084	0.2962	0.181	-0.078	0.379	52.66	0.444	0.442	678	716	-0.470391	0.093575	
A/duck/Hunan/11.30_YYGK63	0.3047	0.2991	0.4084	0.2962	0.181	-0.078	0.379	52.66	0.444	0.442	678	716	-0.470391	0.093575	
A/duck/Hunan/11.30_YYGK74	0.2772	0.3090	0.4278	0.3004	0.194	-0.032	0.405	54.12	0.452	0.444	681	716	-0.460894	0.093575	
A/duck/Hunan/11.30_YYGK75	0.2757	0.3099	0.4242	0.3021	0.193	-0.029	0.407	54.49	0.455	0.443	671	705	-0.455887	0.092199	
A/duck/Hunan/12.07__YYGK4	0.2906	0.3057	0.4497	0.2610	0.189	-0.044	0.400	52.36	0.423	0.432	678	716	-0.491341	0.093575	
A/duck/Hunan/12.07__YYGK9	0.2825	0.3126	0.4564	0.2547	0.192	-0.043	0.399	50.41	0.424	0.434	679	716	-0.481983	0.093575	
A/duck/Hunan/12.07__YYGK1	0.3034	0.3015	0.4198	0.2836	0.186	-0.066	0.386	52.96	0.437	0.439	678	716	-0.470112	0.093575	
A/duck/Hunan/12.07__YYGK1	0.3071	0.2940	0.4237	0.2836	0.183	-0.071	0.383	52.78	0.431	0.437	678	716	-0.469553	0.093575	
A/duck/Hunan/12.07__YYGK1	0.2994	0.3013	0.4326	0.2735	0.188	-0.052	0.394	53.16	0.429	0.436	678	716	-0.457961	0.093575	
A/duck/Hunan/12.07_YGK098	0.3034	0.3015	0.4179	0.2857	0.187	-0.066	0.386	53.18	0.438	0.439	678	716	-0.469553	0.093575	
A/duck/Hunan/12.07_YYGK00	0.2825	0.3126	0.4564	0.2547	0.192	-0.043	0.399	50.41	0.424	0.434	679	716	-0.481983	0.093575	
A/duck/Hunan/12.07_YYGK03	0.2962	0.3057	0.4326	0.2735	0.190	-0.048	0.397	53.09	0.432	0.437	678	716	-0.468715	0.093575	
A/duck/Hunan/12.07_YYGK68	0.3000	0.3019	0.4364	0.2693	0.190	-0.048	0.397	52.95	0.426	0.435	678	716	-0.468715	0.093575	
A/duck/Hunan/12.07_YYGK10	0.2895	0.3064	0.4527	0.2557	0.191	-0.036	0.404	52.39	0.421	0.433	679	716	-0.492458	0.093575	
A/duck/Hunan/12.07_YYGK10	0.3034	0.3015	0.4198	0.2836	0.186	-0.066	0.386	52.96	0.437	0.439	678	716	-0.469553	0.093575	
A/duck/Hunan/12.07_YYGK11	0.3052	0.2959	0.4237	0.2836	0.184	-0.068	0.385	52.80	0.432	0.438	678	716	-0.469553	0.093575	
A/duck/Hunan/12.17__YYFQH	0.3071	0.2959	0.4190	0.2851	0.185	-0.071	0.383	52.68	0.434	0.438	678	716	-0.460615	0.093575	
A/duck/Hunan/12.17__YYFQH	0.3090	0.2940	0.4190	0.2851	0.186	-0.071	0.383	52.64	0.432	0.437	678	716	-0.460615	0.093575	
A/duck/Hunan/12.17__YYGK0	0.2943	0.3094	0.4307	0.2735	0.192	-0.035	0.404	53.08	0.435	0.438	678	716	-0.465084	0.093575	
A/duck/Hunan/12.17_YYGK01	0.3057	0.3000	0.4326	0.2687	0.188	-0.056	0.392	52.90	0.425	0.435	678	716	-0.465503	0.093575	
A/duck/Hunan/12.17_YYGK04	0.3057	0.3000	0.4326	0.2687	0.188	-0.055	0.392	52.90	0.425	0.434	678	716	-0.471229	0.093575	
A/duck/Hunan/12.17_YYGK05	0.3058	0.2983	0.4278	0.2741	0.185	-0.066	0.386	52.15	0.428	0.436	678	716	-0.465782	0.093575	
A/duck/Hunan/12.17_YYGK00	0.3019	0.3000	0.4307	0.2762	0.192	-0.046	0.398	52.84	0.429	0.436	678	716	-0.464665	0.093575	
A/duck/Hunan/12.17_YYGK00	0.3057	0.3000	0.4326	0.2687	0.188	-0.056	0.392	52.90	0.425	0.435	678	716	-0.465503	0.093575	
A/duck/Hunan/12.17_YYGK00	0.3071	0.2959	0.4190	0.2851	0.185	-0.071	0.383	52.68	0.434	0.438	678	716	-0.460615	0.093575	
A/duck/Hunan/12.17_YYGK07	0.3038	0.3019	0.4326	0.2682	0.189	-0.054	0.394	52.98	0.426	0.436	678	716	-0.472765	0.093575	
A/duck/Hunan/12.17_YYGK08	0.3058	0.2983	0.4286	0.2746	0.186	-0.063	0.388	52.07	0.428	0.436	678	716	-0.460754	0.094972	
A/duck/Hunan/12.27_YYGK60	0.3028	0.3047	0.4207	0.2800	0.188	-0.047	0.397	53.49	0.437	0.438	678	716	-0.463827	0.093575	
A/duck/Hunan/12.27_YYGK71	0.3021	0.2983	0.4259	0.2803	0.185	-0.068	0.385	52.85	0.432	0.438	678	716	-0.465224	0.093575	
A/duck/Hunan/12.27_YYGK73	0.3028	0.3028	0.4226	0.2800	0.189	-0.047	0.397	53.34	0.435	0.438	678	716	-0.463827	0.093575	
A/duck/Hunan/12.27_YYGK81	0.3021	0.2983	0.4259	0.2803	0.185	-0.068	0.385	52.85	0.432	0.438	678	716	-0.465224	0.093575	
A/duck/Hunan/12.27_YYGK86	0.3028	0.3047	0.4207	0.2800	0.188	-0.047	0.397	53.49	0.437	0.438	678	716	-0.463827	0.093575	
A/duck/Hunan/12.27_YYGK89	0.3021	0.2983	0.4259	0.2803	0.185	-0.068	0.385	52.85	0.432	0.438	678	716	-0.465224	0.093575	
A/duck/Hunan/12.27_YYGK91	0.3021	0.2983	0.4259	0.2803	0.185	-0.068	0.385	52.85	0.432	0.438	678	716	-0.465224	0.093575	
A/duck/Hunan/12.27_YYGK93	0.3021	0.2983	0.4259	0.2803	0.185	-0.068	0.385	52.85	0.432	0.438	678	716	-0.465224	0.093575	
A/duck/Hunan/12.27_YYGK95	0.3021	0.2964	0.4278	0.2803	0.184	-0.071	0.383	52.87	0.431	0.438	678	716	-0.465224	0.093575	
A/duck/Hunan/12.27_YYGK96	0.3002	0.3002	0.4259	0.2803	0.186	-0.066	0.386	52.89	0.434	0.439	678	716	-0.465224	0.093575	
A/duck/Hunan/12.27_YYGK97	0.3021	0.2983	0.4259	0.2803	0.185	-0.068	0.385	52.85	0.432	0.438	678	716	-0.465224	0.093575	
A/duck/Hunan/12.27_YYGK10	0.3021	0.2983	0.4259	0.2803	0.185	-0.068	0.385	52.85	0.432	0.438	678	716	-0.465224	0.093575	
A/duck/Hunan/193/2014|EPI	0.3015	0.3015	0.4190	0.2851	0.186	-0.063	0.388	53.27	0.438	0.440	678	716	-0.465224	0.093575	
A/duck/Hunan/233/2014|EPI	0.3096	0.2908	0.4307	0.2735	0.184	-0.070	0.383	52.24	0.422	0.434	678	716	-0.464386	0.092179	
A/duck/Hunan/316/2005|EPI	0.2949	0.3043	0.4332	0.2794	0.194	-0.042	0.400	53.30	0.434	0.437	677	716	-0.479050	0.092179	
A/duck/Hunan/689/2006|EPI	0.2911	0.3081	0.4381	0.2758	0.191	-0.042	0.400	52.93	0.434	0.436	678	716	-0.481704	0.093575	
A/duck/Hunan/3315/2006|EP	0.2860	0.3125	0.4362	0.2794	0.195	-0.036	0.404	52.81	0.440	0.437	678	716	-0.491480	0.093575	
A/duck/Hunan/HN05/2014|EP	0.3015	0.3015	0.4245	0.2800	0.184	-0.064	0.387	52.68	0.434	0.439	677	716	-0.466760	0.093575	
A/duck/Hunan/HN13/2015|EP	0.3058	0.2964	0.4210	0.2851	0.184	-0.066	0.386	52.88	0.434	0.438	678	716	-0.469693	0.093575	
A/duck/Hunan/HN16/2015|EP	0.3058	0.2964	0.4240	0.2803	0.184	-0.063	0.388	52.52	0.431	0.437	678	716	-0.465782	0.093575	
A/duck/Hunan/HN29/2015|EP	0.3039	0.2983	0.4190	0.2872	0.185	-0.068	0.385	53.17	0.437	0.439	678	716	-0.469553	0.093575	
A/duck/Hunan/HN42/2015|EP	0.3077	0.2964	0.4286	0.2746	0.186	-0.063	0.388	52.32	0.426	0.436	678	716	-0.464246	0.092179	
A/duck/Hunan/HN45/2015|EP	0.3034	0.2996	0.4198	0.2857	0.185	-0.066	0.386	53.16	0.437	0.439	678	716	-0.469553	0.093575	
A/duck/Hunan/HN53/2015|EP	0.3034	0.2996	0.4179	0.2878	0.185	-0.068	0.385	53.19	0.438	0.439	678	716	-0.469553	0.093575	
A/duck/Hunan/HN54/2015|EP	0.3034	0.2996	0.4198	0.2857	0.185	-0.066	0.386	53.16	0.437	0.439	678	716	-0.469553	0.093575	
A/duck/Hunan/HN59/2015|EP	0.3034	0.2996	0.4198	0.2857	0.185	-0.066	0.386	53.16	0.437	0.439	678	716	-0.469553	0.093575	
A/duck/Hunan/HN60/2015|EP	0.3034	0.2996	0.4198	0.2857	0.185	-0.066	0.386	53.16	0.437	0.439	678	716	-0.469553	0.093575	
A/duck/Hunan/HN61/2015|EP	0.3034	0.2996	0.4198	0.2857	0.185	-0.066	0.386	53.16	0.437	0.439	678	716	-0.469553	0.093575	
A/duck/Hunan/HN64/2015|EP	0.3034	0.2996	0.4198	0.2857	0.185	-0.066	0.386	53.16	0.437	0.439	678	716	-0.469553	0.093575	
A/duck/Hunan/HN66/2015|EP	0.3034	0.2996	0.4198	0.2857	0.185	-0.066	0.386	53.16	0.437	0.439	678	716	-0.469553	0.093575	
A/duck/Hunan/HN67/2015|EP	0.3034	0.2996	0.4179	0.2878	0.185	-0.068	0.385	53.19	0.438	0.439	678	716	-0.469553	0.093575	
A/duck/Hunan/HN71/2015|EP	0.3077	0.2964	0.4286	0.2746	0.185	-0.063	0.388	52.02	0.426	0.435	678	716	-0.469553	0.093575	
A/duck/Hunan/HN72/2015|EP	0.3058	0.2964	0.4240	0.2803	0.185	-0.061	0.389	52.64	0.431	0.437	678	716	-0.465782	0.093575	
A/duck/Hunan/HN74/2015|EP	0.3058	0.2964	0.4286	0.2767	0.185	-0.063	0.388	52.12	0.428	0.436	678	716	-0.469553	0.093575	
A/duck/Hunan/HN76/2015|EP	0.3058	0.2964	0.4240	0.2803	0.185	-0.061	0.389	52.64	0.431	0.437	678	716	-0.465782	0.093575	
A/duck/Hunan/HN78/2015|EP	0.3034	0.2996	0.4198	0.2857	0.185	-0.066	0.386	53.18	0.437	0.439	678	716	-0.469553	0.093575	
A/duck/Hunan/HN80/2015|EP	0.3077	0.2964	0.4275	0.2773	0.185	-0.066	0.386	52.01	0.428	0.435	678	716	-0.473883	0.093575	
A/duck/Hunan/HN162/2015|E	0.3052	0.2996	0.4103	0.2935	0.185	-0.076	0.381	53.04	0.442	0.440	678	716	-0.473324	0.093575	
A/duck/Hunan/HN163/2015|E	0.3096	0.2964	0.4160	0.2878	0.188	-0.069	0.385	53.27	0.435	0.437	678	716	-0.468715	0.093575	
A/duck/Hunan/HN167/2015|E	0.3052	0.2996	0.4122	0.2914	0.186	-0.074	0.382	53.03	0.441	0.440	678	716	-0.473324	0.093575	
A/duck/Hunan/HN171/2015|E	0.3047	0.2991	0.4095	0.2950	0.185	-0.078	0.380	53.16	0.443	0.441	679	716	-0.476955	0.093575	
A/duck/Hunan/HN172/2015|E	0.3052	0.2996	0.4103	0.2935	0.185	-0.076	0.381	53.04	0.442	0.440	678	716	-0.473324	0.093575	
A/duck/Hunan/HN174/2015|E	0.3052	0.2996	0.4103	0.2935	0.185	-0.076	0.381	52.96	0.442	0.440	678	716	-0.465782	0.093575	
A/duck/Hunan/HN176/2015|E	0.3052	0.2996	0.4103	0.2935	0.186	-0.077	0.381	52.78	0.442	0.440	678	716	-0.467598	0.093575	
A/duck/Hunan/HN177/2015|E	0.3052	0.2996	0.4103	0.2935	0.185	-0.076	0.381	53.04	0.442	0.440	678	716	-0.473324	0.093575	
A/duck/Hunan/HN178/2015|E	0.3052	0.2996	0.4103	0.2935	0.185	-0.076	0.381	53.04	0.442	0.440	678	716	-0.473324	0.093575	
A/duck/Hunan/HN182/2015|E	0.3052	0.2996	0.4103	0.2935	0.185	-0.076	0.381	53.04	0.442	0.440	678	716	-0.473324	0.093575	
A/duck/Hunan/HN183/2015|E	0.3052	0.2996	0.4122	0.2914	0.187	-0.066	0.386	53.02	0.441	0.440	678	716	-0.476816	0.093575	
A/duck/Hunan/HN186/2015|E	0.3052	0.2996	0.4122	0.2914	0.186	-0.074	0.382	53.04	0.441	0.440	678	716	-0.473324	0.093575	
A/duck/Hunan/HN190/2015|E	0.3052	0.2996	0.4103	0.2935	0.185	-0.076	0.381	53.04	0.442	0.440	678	716	-0.473324	0.093575	
A/duck/Hunan/HN191/2015|E	0.3015	0.3015	0.4084	0.2977	0.184	-0.079	0.379	52.96	0.447	0.442	678	716	-0.473324	0.093575	
A/duck/Hunan/HN192/2015|E	0.3052	0.2996	0.4103	0.2935	0.185	-0.076	0.381	53.04	0.442	0.440	678	716	-0.473324	0.093575	
A/duck/Hunan/HN194/2015|E	0.3052	0.2996	0.4103	0.2935	0.185	-0.076	0.381	53.04	0.442	0.440	678	716	-0.473324	0.093575	
A/duck/Hunan/HN195/2015|E	0.3052	0.2996	0.4103	0.2935	0.185	-0.076	0.381	53.04	0.442	0.440	678	716	-0.473324	0.093575	
A/duck/Hunan/HN197/2015|E	0.3052	0.2996	0.4103	0.2935	0.186	-0.076	0.381	53.20	0.442	0.441	678	716	-0.473324	0.093575	
A/duck/Hunan/HN201/2015|E	0.3096	0.2964	0.4160	0.2878	0.188	-0.069	0.385	53.27	0.435	0.437	678	716	-0.468715	0.093575	
A/duck/Hunan/HN204/2015|E	0.3052	0.2996	0.4103	0.2935	0.185	-0.076	0.381	53.04	0.442	0.440	678	716	-0.473324	0.093575	
A/duck/Hunan/HN205/2015|E	0.3052	0.2996	0.4103	0.2935	0.185	-0.076	0.381	53.04	0.442	0.440	678	716	-0.473324	0.093575	
A/duck/Hunan/HN206/2015|E	0.3052	0.2996	0.4084	0.2956	0.186	-0.076	0.381	53.00	0.444	0.441	678	716	-0.473324	0.093575	
A/duck/Hunan/HN207/2015|E	0.3052	0.2996	0.4103	0.2935	0.186	-0.076	0.381	53.20	0.442	0.441	678	716	-0.473324	0.093575	
A/duck/Hunan/HN208/2015|E	0.3052	0.2996	0.4103	0.2935	0.185	-0.076	0.381	53.05	0.442	0.441	678	716	-0.473324	0.093575	
A/duck/Hunan/HN209/2015|E	0.3071	0.2978	0.4103	0.2935	0.186	-0.074	0.382	53.03	0.441	0.440	678	716	-0.473324	0.093575	
A/duck/Hunan/HN210/2015|E	0.3052	0.2996	0.4103	0.2935	0.185	-0.076	0.381	53.04	0.442	0.440	678	716	-0.473324	0.093575	
A/duck/Hunan/HN212/2015|E	0.3052	0.2996	0.4103	0.2935	0.185	-0.076	0.381	53.04	0.442	0.440	678	716	-0.473324	0.093575	
A/duck/Hunan/HN214/2015|E	0.3009	0.3028	0.4256	0.2779	0.182	-0.073	0.382	52.25	0.434	0.437	678	716	-0.473464	0.093575	
A/duck/Hunan/HN215/2015|E	0.3058	0.3002	0.4076	0.2956	0.186	-0.076	0.381	53.15	0.444	0.440	678	716	-0.475279	0.092179	
A/duck/Hunan/HN216/2015|E	0.3052	0.2996	0.4122	0.2914	0.185	-0.076	0.381	53.04	0.441	0.440	678	716	-0.473324	0.093575	
A/duck/Hunan/HN217/2015|E	0.3052	0.2996	0.4103	0.2935	0.185	-0.076	0.381	53.04	0.442	0.440	678	716	-0.473324	0.093575	
A/duck/Hunan/HN220/2015|E	0.3052	0.2996	0.4122	0.2914	0.186	-0.074	0.382	53.03	0.441	0.440	678	716	-0.473324	0.093575	
A/duck/Hunan/HN221/2015|E	0.3052	0.2996	0.4122	0.2914	0.184	-0.079	0.379	53.03	0.441	0.440	678	716	-0.473324	0.093575	
A/duck/Hunan/HN224/2015|E	0.3052	0.2996	0.4103	0.2935	0.185	-0.076	0.381	53.04	0.442	0.440	678	716	-0.473324	0.093575	
A/duck/Hunan/HN227/2015|E	0.3052	0.2996	0.4103	0.2935	0.185	-0.076	0.381	53.04	0.442	0.440	678	716	-0.473324	0.093575	
A/duck/Hunan/HN230/2015|E	0.3052	0.2996	0.4103	0.2935	0.185	-0.076	0.381	53.04	0.442	0.440	678	716	-0.473324	0.093575	
A/duck/Hunan/HN232/2015|E	0.2795	0.3096	0.4321	0.2869	0.195	-0.026	0.410	53.35	0.445	0.440	681	716	-0.460475	0.093575	
A/duck/Hunan/HN234/2015|E	0.2991	0.3047	0.4256	0.2779	0.183	-0.071	0.383	52.25	0.435	0.437	678	716	-0.473464	0.093575	
A/duck/Hunan/HN236/2015|E	0.2996	0.3052	0.4256	0.2779	0.183	-0.068	0.385	52.33	0.435	0.437	678	716	-0.477933	0.093575	
A/duck/Hunan/HN238/2015|E	0.2991	0.3047	0.4256	0.2779	0.183	-0.071	0.383	52.25	0.435	0.437	678	716	-0.473464	0.093575	
A/duck/Hunan/HN239/2015|E	0.3096	0.2964	0.4160	0.2878	0.188	-0.069	0.385	53.27	0.435	0.437	678	716	-0.468715	0.093575	
A/duck/Hunan/HN240/2015|E	0.2795	0.3096	0.4321	0.2869	0.195	-0.026	0.410	53.35	0.445	0.440	681	716	-0.460475	0.093575	
A/duck/Hunan/HN241/2015|E	0.3034	0.2996	0.4218	0.2836	0.184	-0.073	0.382	52.83	0.435	0.438	678	716	-0.466201	0.093575	
A/duck/Hunan/HN242/2015|E	0.2991	0.3047	0.4248	0.2773	0.183	-0.068	0.385	52.36	0.435	0.438	678	716	-0.469134	0.093575	
A/duck/Hunan/HN278/2015|E	0.3064	0.2951	0.4240	0.2845	0.188	-0.072	0.383	52.44	0.432	0.436	679	716	-0.470531	0.093575	
A/duck/Hunan/HN285/2015|E	0.3039	0.2964	0.4194	0.2908	0.184	-0.075	0.381	52.45	0.437	0.438	680	716	-0.466900	0.093575	
A/duck/Hunan/HN288/2015|E	0.3083	0.2932	0.4221	0.2866	0.187	-0.077	0.380	52.51	0.432	0.436	679	716	-0.470531	0.093575	
A/duck/Hunan/HN333/2015|E	0.3065	0.2953	0.4160	0.2899	0.185	-0.073	0.382	52.87	0.437	0.439	678	716	-0.465782	0.093575	
A/duck/Hunan/HN334/2015|E	0.3065	0.2953	0.4179	0.2878	0.185	-0.071	0.383	52.86	0.435	0.438	678	716	-0.465782	0.093575	
A/duck/Hunan/HN335/2015|E	0.3084	0.2916	0.4256	0.2815	0.187	-0.073	0.382	52.91	0.428	0.436	678	716	-0.465782	0.093575	
A/duck/Hunan/HN336/2015|E	0.3065	0.2953	0.4160	0.2899	0.185	-0.073	0.382	52.87	0.437	0.439	678	716	-0.465782	0.093575	
A/duck/Hunan/HN339/2015|E	0.3065	0.2916	0.4171	0.2914	0.182	-0.075	0.381	52.93	0.435	0.438	678	716	-0.473045	0.092179	
A/duck/Hunan/HN341/2015|E	0.3084	0.2935	0.4160	0.2899	0.184	-0.076	0.381	52.77	0.435	0.438	678	716	-0.465782	0.093575	
A/duck/Hunan/HN342/2015|E	0.3065	0.2953	0.4179	0.2878	0.185	-0.073	0.382	53.06	0.435	0.438	678	716	-0.465782	0.093575	
A/duck/Hunan/HN343/2015|E	0.3065	0.2953	0.4160	0.2899	0.185	-0.073	0.382	52.87	0.437	0.439	678	716	-0.465782	0.093575	
A/duck/Hunan/S4020/2008|E	0.2943	0.3057	0.4489	0.2594	0.193	-0.044	0.399	51.51	0.421	0.432	679	716	-0.477514	0.092179	
A/duck/Hunan/S4030/2011|E	0.2876	0.3064	0.4537	0.2542	0.188	-0.042	0.400	51.50	0.420	0.434	678	716	-0.480028	0.092179	
A/duck/Hunan/S4101/2011|E	0.3157	0.2949	0.4167	0.2833	0.199	-0.028	0.408	53.34	0.430	0.436	679	716	-0.465503	0.093575	
A/duck/Hunan/S4120/2011|E	0.3157	0.2949	0.4156	0.2860	0.199	-0.029	0.408	53.58	0.432	0.436	679	716	-0.466900	0.094972	
A/duck/Hunan/S4150/2011|E	0.2787	0.3126	0.4326	0.2860	0.197	-0.019	0.414	52.92	0.446	0.442	679	716	-0.467318	0.093575	
A/duck/Hunan/S4220/2011|E	0.2970	0.3045	0.4449	0.2594	0.191	-0.043	0.400	51.82	0.422	0.434	678	716	-0.469553	0.093575	
A/duck/Hunan/S40199/2021(	0.2964	0.3021	0.4221	0.2881	0.188	-0.056	0.392	53.20	0.440	0.442	679	716	-0.486732	0.093575	
A/duck/Hunan/S40268/2021(	0.2838	0.3162	0.4072	0.3063	0.196	-0.030	0.408	54.30	0.462	0.447	677	716	-0.472207	0.093575	
A/duck/Jiangsu/m234/2012|	0.3239	0.2844	0.4349	0.2668	0.193	-0.064	0.388	52.46	0.411	0.429	677	716	-0.487151	0.094972	
A/duck/Jiangsu/S4439/2017	0.2925	0.2981	0.4668	0.2490	0.186	-0.050	0.395	51.98	0.409	0.429	678	716	-0.482682	0.093575	
A/duck/Jiangsu/SE1128/201	0.2919	0.2994	0.4563	0.2600	0.185	-0.055	0.392	51.47	0.417	0.432	678	716	-0.482682	0.093575	
A/duck/Jiangxi/01.11_NCNP	0.3021	0.3039	0.4015	0.3025	0.186	-0.062	0.388	52.77	0.452	0.444	677	716	-0.473184	0.093575	
A/duck/Jiangxi/01.14_NCJD	0.2696	0.3365	0.4472	0.2527	0.206	0.014	0.432	52.13	0.441	0.442	669	705	-0.472482	0.092199	
A/duck/Jiangxi/01.14_NCJD	0.3109	0.2921	0.4218	0.2836	0.186	-0.068	0.385	52.98	0.429	0.437	678	716	-0.469553	0.093575	
A/duck/Jiangxi/01.14_NCJD	0.3090	0.2940	0.4198	0.2857	0.187	-0.068	0.385	53.09	0.432	0.438	678	716	-0.469553	0.093575	
A/duck/Jiangxi/02.05_YGYX	0.3109	0.2921	0.4218	0.2836	0.186	-0.068	0.385	52.98	0.429	0.437	678	716	-0.469553	0.093575	
A/duck/Jiangxi/02.06_NCJD	0.3109	0.2921	0.4237	0.2815	0.186	-0.068	0.385	53.02	0.428	0.437	678	716	-0.469553	0.093575	
A/duck/Jiangxi/02.06_NCJD	0.3052	0.2978	0.4264	0.2794	0.188	-0.055	0.392	52.61	0.431	0.437	678	716	-0.464944	0.094972	
A/duck/Jiangxi/2.28_NCNP2	0.3022	0.3004	0.4057	0.2998	0.181	-0.076	0.380	52.69	0.448	0.443	679	716	-0.467737	0.093575	
A/duck/Jiangxi/2.28NCNP23	0.3022	0.3004	0.4057	0.2998	0.181	-0.076	0.380	52.69	0.448	0.443	679	716	-0.467737	0.093575	
A/duck/Jiangxi/03.11_NCHJ	0.3109	0.2940	0.4141	0.2899	0.186	-0.073	0.382	53.36	0.435	0.439	678	716	-0.469553	0.093575	
A/duck/Jiangxi/04.01__NCD	0.2726	0.3308	0.4297	0.2782	0.213	0.029	0.440	52.61	0.454	0.446	680	716	-0.488547	0.092179	
A/duck/Jiangxi/04.01__NCD	0.2726	0.3308	0.4297	0.2782	0.213	0.029	0.440	52.61	0.454	0.446	680	716	-0.488547	0.092179	
A/duck/Jiangxi/04.01_NCDZ	0.2792	0.3264	0.4335	0.2725	0.201	-0.011	0.418	52.30	0.446	0.441	679	716	-0.471927	0.093575	
A/duck/Jiangxi/05.07__NCJ	0.2715	0.3308	0.4308	0.2748	0.210	0.033	0.442	53.02	0.453	0.446	669	705	-0.495461	0.089362	
A/duck/Jiangxi/5.26_NCDZT	0.3015	0.3052	0.4092	0.2947	0.185	-0.066	0.386	52.55	0.447	0.441	678	716	-0.473324	0.093575	
A/duck/Jiangxi/11.17_NCNP	0.3041	0.2929	0.4313	0.2773	0.186	-0.060	0.389	53.10	0.426	0.438	678	716	-0.470670	0.093575	
A/duck/Jiangxi/11.17_NCNP	0.3041	0.2929	0.4313	0.2773	0.186	-0.060	0.389	53.00	0.426	0.438	678	716	-0.470810	0.093575	
A/duck/Jiangxi/11.29_NCDZ	0.2991	0.3065	0.4141	0.2872	0.185	-0.055	0.392	52.90	0.444	0.442	678	716	-0.470810	0.093575	
A/duck/Jiangxi/11.29_NCNP	0.3047	0.3009	0.4294	0.2710	0.188	-0.047	0.397	53.23	0.428	0.435	678	716	-0.452654	0.093575	
A/duck/Jiangxi/11.29_NCNP	0.3071	0.2996	0.4084	0.2941	0.185	-0.066	0.386	52.11	0.442	0.440	678	716	-0.469553	0.093575	
A/duck/Jiangxi/34/2011|EP	0.3032	0.2976	0.4470	0.2562	0.192	-0.045	0.398	52.29	0.414	0.432	678	716	-0.465224	0.093575	
A/duck/Jiangxi/35/2011|EP	0.3045	0.3008	0.4432	0.2542	0.194	-0.040	0.401	52.13	0.416	0.433	678	716	-0.460894	0.093575	
A/duck/Jiangxi/44/2011|EP	0.2828	0.3127	0.4487	0.2632	0.195	-0.015	0.415	52.62	0.430	0.436	679	716	-0.487430	0.092179	
A/duck/Jiangxi/95/2014|EP	0.3071	0.2959	0.4256	0.2794	0.185	-0.068	0.385	52.96	0.429	0.437	678	716	-0.469553	0.093575	
A/duck/Jiangxi/120/2011|E	0.2911	0.3138	0.4278	0.2788	0.200	-0.034	0.406	53.12	0.441	0.438	678	716	-0.478212	0.093575	
A/duck/Jiangxi/130/2011|E	0.2792	0.3094	0.4337	0.2881	0.200	-0.014	0.417	52.51	0.445	0.441	679	716	-0.459218	0.093575	
A/duck/Jiangxi/13469/2014	0.3000	0.3038	0.4288	0.2744	0.192	-0.046	0.398	53.09	0.432	0.438	678	716	-0.472905	0.093575	
A/duck/Jiangxi/13475/2014	0.2981	0.3038	0.4307	0.2744	0.191	-0.048	0.397	52.91	0.432	0.438	678	716	-0.472905	0.093575	
A/duck/Jiangxi/13484/2014	0.2981	0.3038	0.4307	0.2744	0.191	-0.048	0.397	52.91	0.432	0.438	678	716	-0.472905	0.093575	
A/Duck/Jiangxi/50446/2016	0.3028	0.2972	0.4256	0.2815	0.188	-0.058	0.391	52.94	0.432	0.439	678	716	-0.469274	0.093575	
A/Duck/Jiangxi/50455/2016	0.3109	0.2903	0.4179	0.2899	0.186	-0.079	0.379	53.27	0.432	0.438	678	716	-0.469553	0.093575	
A/duck/Jiangxi/E7/2014_(H	0.3071	0.2959	0.4198	0.2857	0.185	-0.071	0.383	53.20	0.434	0.438	678	716	-0.469553	0.093575	
A/duck/Jiangxi/F31/2014(H	0.3080	0.2947	0.4200	0.2824	0.186	-0.066	0.386	53.35	0.431	0.437	668	705	-0.468510	0.092199	
A/duck/Jiangxi/NCDZT1123/	0.3065	0.2953	0.4210	0.2857	0.185	-0.069	0.384	53.41	0.433	0.438	679	716	-0.465922	0.093575	
A/duck/Jiangxi/NCDZT1126/	0.3071	0.2959	0.4237	0.2821	0.186	-0.069	0.385	52.96	0.431	0.437	678	716	-0.469134	0.093575	
A/duck/Jiangxi/S10252/202	0.2970	0.3026	0.4144	0.2965	0.192	-0.046	0.398	53.73	0.446	0.444	679	716	-0.485894	0.093575	
A/duck/Jiangxi/S40833/202	0.2895	0.3120	0.4144	0.2944	0.192	-0.046	0.398	53.54	0.452	0.446	679	716	-0.485894	0.093575	
A/duck/Jilin/04.04_SY002-	0.2957	0.2994	0.4514	0.2605	0.183	-0.063	0.388	51.90	0.418	0.432	677	716	-0.487570	0.093575	
A/duck/Jilin/JL-SIV/2013|	0.2898	0.3125	0.4419	0.2668	0.201	-0.024	0.411	52.19	0.431	0.433	677	716	-0.481285	0.094972	
A/duck/Jilin/S1261/2019(H	0.2976	0.3013	0.4516	0.2547	0.186	-0.052	0.394	52.67	0.416	0.432	678	716	-0.479888	0.093575	
A/duck/Jilin/S4171/2019(H	0.2919	0.3013	0.4563	0.2579	0.185	-0.048	0.397	52.14	0.417	0.431	678	716	-0.482682	0.093575	
A/duck/Kaohsiung/15WB3298	0.2962	0.3000	0.4326	0.2824	0.193	-0.036	0.404	53.38	0.433	0.437	679	716	-0.472765	0.093575	
A/duck/Kaohsiung/20WB0242	0.2768	0.3202	0.4278	0.2872	0.194	-0.023	0.411	53.19	0.452	0.444	679	716	-0.472765	0.093575	
A/duck/Kaohsiung/15010213	0.2650	0.3365	0.4144	0.2968	0.192	-0.038	0.404	52.94	0.471	0.449	679	716	-0.464665	0.094972	
A/duck/Liaoning/LN/2011|E	0.3032	0.2994	0.4408	0.2651	0.199	-0.040	0.401	52.24	0.422	0.433	678	716	-0.492458	0.094972	
A/duck/Nanchang/9789/2013	0.2994	0.3013	0.4419	0.2636	0.191	-0.044	0.399	52.25	0.422	0.435	677	716	-0.466341	0.093575	
A/duck/Nantou/15A3437/201	0.2702	0.3340	0.4152	0.2932	0.190	-0.048	0.398	52.77	0.467	0.447	679	716	-0.464106	0.094972	
A/duck/Nantou/17A0243/201	0.2707	0.3327	0.4163	0.2932	0.195	-0.022	0.412	52.86	0.465	0.446	679	716	-0.469413	0.094972	
A/duck/Ningxia/YG61/2017|	0.2844	0.3126	0.4205	0.2923	0.191	-0.049	0.396	52.66	0.451	0.445	679	716	-0.469693	0.093575	
A/duck/Ningxia/YG71/2017|	0.2838	0.3139	0.4356	0.2735	0.191	-0.038	0.402	52.19	0.439	0.441	679	716	-0.469414	0.093575	
A/duck/Ningxia/YG83/2017|	0.2857	0.3120	0.4299	0.2797	0.191	-0.040	0.401	52.24	0.442	0.441	679	716	-0.470531	0.093575	
A/duck/Pingtung/17A0160/2	0.2688	0.3346	0.4221	0.2869	0.196	-0.017	0.415	53.05	0.462	0.446	679	716	-0.469413	0.094972	
A/duck/Pingtung/18A00003-	0.2669	0.3346	0.4202	0.2911	0.196	-0.017	0.415	51.74	0.465	0.446	679	716	-0.461871	0.094972	
A/duck/Pingtung/18A00076-	0.2734	0.3277	0.4183	0.2911	0.194	-0.027	0.409	52.37	0.461	0.446	679	716	-0.457821	0.094972	
A/duck/Pingtung/18X00077/	0.2957	0.3070	0.4302	0.2806	0.198	-0.033	0.406	52.38	0.437	0.437	678	716	-0.466760	0.096369	
A/duck/Pingtung/15010180/	0.3133	0.2927	0.4264	0.2773	0.190	-0.066	0.386	53.09	0.425	0.429	678	716	-0.490503	0.094972	
A/duck/Pingtung/15010444/	0.2669	0.3365	0.4125	0.2968	0.195	-0.033	0.406	52.82	0.471	0.448	679	716	-0.464665	0.094972	
A/duck/Shandong/009/2008|	0.2654	0.3421	0.4240	0.2809	0.203	0.027	0.438	53.70	0.465	0.446	682	716	-0.487710	0.093575	
A/duck/Shandong/11.14_DL-	0.3165	0.2884	0.4381	0.2630	0.195	-0.056	0.392	52.08	0.412	0.431	679	716	-0.481704	0.094972	
A/duck/Shandong/11.14_RD/	0.3165	0.2884	0.4381	0.2630	0.195	-0.056	0.392	52.08	0.412	0.431	679	716	-0.481704	0.094972	
A/duck/Shandong/Q1/2013|E	0.3133	0.2889	0.4370	0.2683	0.193	-0.053	0.394	52.77	0.416	0.432	678	716	-0.484497	0.094972	
A/duck/Shandong/SD0261/20	0.2976	0.3013	0.4229	0.2881	0.191	-0.050	0.395	53.45	0.440	0.442	678	716	-0.489525	0.093575	
A/duck/Shandong/SD0263/20	0.2976	0.3013	0.4229	0.2881	0.191	-0.050	0.395	53.45	0.440	0.442	678	716	-0.489525	0.093575	
A/Duck/Shandong/Y01/2009|	0.2801	0.3102	0.4413	0.2756	0.198	-0.018	0.414	52.33	0.437	0.440	679	716	-0.465503	0.093575	
A/Duck/Shandong/Y02/2009|	0.2838	0.3064	0.4413	0.2756	0.194	-0.028	0.408	52.20	0.434	0.439	679	716	-0.464944	0.093575	
A/duck/Sichuan/04.27_NBXJ	0.2981	0.3038	0.4326	0.2735	0.190	-0.049	0.397	53.35	0.431	0.437	678	716	-0.472067	0.093575	
A/duck/Sichuan/04.27_NBXJ	0.2962	0.3057	0.4307	0.2756	0.190	-0.049	0.397	53.24	0.434	0.438	678	716	-0.472067	0.093575	
A/duck/Sichuan/04.27_NBXJ	0.2943	0.3075	0.4307	0.2756	0.190	-0.044	0.400	53.45	0.435	0.439	678	716	-0.472067	0.093575	
A/duck/Sichuan/04.27_NBXJ	0.2962	0.3057	0.4307	0.2756	0.190	-0.049	0.397	53.24	0.434	0.438	678	716	-0.472067	0.093575	
A/duck/Sichuan/04.27_NBXJ	0.2981	0.3038	0.4307	0.2756	0.190	-0.049	0.397	53.14	0.432	0.438	678	716	-0.472067	0.093575	
A/duck/Sichuan/04.27_NCXJ	0.2981	0.3038	0.4326	0.2735	0.190	-0.049	0.397	53.35	0.431	0.437	678	716	-0.472067	0.093575	
A/duck/Sichuan/NCXJ15/201	0.2981	0.3038	0.4326	0.2735	0.190	-0.049	0.397	53.35	0.431	0.437	678	716	-0.472067	0.093575	
A/duck/Sichuan/NCXJ24/201	0.2962	0.3057	0.4307	0.2756	0.190	-0.049	0.397	53.24	0.434	0.438	678	716	-0.472067	0.093575	
A/duck/Sichuan/NCXN10/201	0.2970	0.3045	0.4449	0.2594	0.191	-0.043	0.400	51.82	0.422	0.434	678	716	-0.469553	0.093575	
A/duck/Sichuan/NCXN11/201	0.3008	0.3008	0.4278	0.2782	0.188	-0.061	0.389	51.93	0.432	0.437	678	716	-0.469553	0.093575	
A/duck/Sichuan/S1805/2021	0.3021	0.3039	0.4440	0.2547	0.196	-0.030	0.406	53.05	0.418	0.436	679	716	-0.463687	0.093575	
A/duck/Sichuan/SC4822/202	0.3002	0.3039	0.4451	0.2542	0.195	-0.030	0.406	53.01	0.418	0.436	679	716	-0.460475	0.093575	
A/duck/Sichuan/SC5698/202	0.3008	0.3064	0.4432	0.2542	0.197	-0.025	0.409	53.43	0.420	0.437	679	716	-0.459078	0.093575	
A/duck/Sichuan/SD002/2021	0.3021	0.3021	0.4451	0.2542	0.195	-0.033	0.405	53.45	0.417	0.437	679	716	-0.454190	0.093575	
A/duck/Taichung/15010400-	0.2693	0.3333	0.4183	0.2926	0.194	-0.033	0.406	52.98	0.465	0.446	679	716	-0.468436	0.094972	
A/duck/Tainan/16WB3443-15	0.2930	0.3100	0.4091	0.3013	0.199	-0.030	0.406	54.48	0.454	0.443	679	716	-0.461872	0.093575	
A/duck/Tainan/15010403/20	0.3133	0.2927	0.4264	0.2779	0.190	-0.067	0.386	53.12	0.425	0.429	678	716	-0.489525	0.094972	
A/duck/Tainan/16010024-1/	0.2674	0.3371	0.4163	0.2920	0.192	-0.035	0.405	53.33	0.468	0.448	679	716	-0.469414	0.094972	
A/duck/Taipei/05WB830-1-5	0.2763	0.3271	0.4213	0.2860	0.201	-0.009	0.419	52.33	0.457	0.446	680	716	-0.477374	0.093575	
A/duck/Taipei/18WB0120-1-	0.2698	0.3245	0.4094	0.3056	0.200	-0.016	0.414	54.01	0.470	0.450	679	716	-0.456844	0.092179	
A/duck/Taipei/19WB0235-14	0.2838	0.3195	0.4278	0.2788	0.194	-0.036	0.404	52.53	0.446	0.443	679	716	-0.473603	0.093575	
A/duck/Taiwan/01006/2015|	0.2664	0.3358	0.4144	0.2941	0.192	-0.035	0.405	53.10	0.470	0.449	679	716	-0.473324	0.094972	
A/duck/Taiwan/11213/2013|	0.2881	0.3107	0.3947	0.3201	0.197	-0.036	0.404	53.18	0.468	0.449	679	716	-0.456844	0.093575	
A/duck/Taiwan/11254/2013|	0.2881	0.3107	0.3909	0.3243	0.197	-0.035	0.404	53.07	0.471	0.451	679	716	-0.457961	0.093575	
A/duck/Taiwan/a043/2015|E	0.2667	0.3333	0.4127	0.2957	0.191	-0.039	0.402	53.04	0.469	0.448	669	705	-0.461560	0.092199	
A/duck/Taiwan/a068/2015|E	0.3143	0.2914	0.4247	0.2760	0.190	-0.067	0.386	53.15	0.424	0.429	668	705	-0.489787	0.093617	
A/duck/Taiwan/A3400/2015|	0.3165	0.2884	0.4275	0.2773	0.189	-0.070	0.384	53.14	0.421	0.428	679	716	-0.486871	0.094972	
A/duck/Taiwan/DV1238/2009	0.2787	0.3183	0.4183	0.2977	0.196	-0.031	0.406	53.12	0.458	0.445	679	716	-0.472765	0.093575	
A/duck/Taiwan/DV1241/2009	0.2787	0.3183	0.4183	0.2977	0.196	-0.031	0.406	53.12	0.458	0.445	679	716	-0.472765	0.093575	
A/duck/Taiwan/DV1242/2009	0.2787	0.3183	0.4183	0.2977	0.196	-0.031	0.406	53.12	0.458	0.445	679	716	-0.472765	0.093575	
A/duck/Taoyuan/16010023-1	0.2678	0.3333	0.4190	0.2905	0.189	-0.040	0.402	52.88	0.465	0.446	679	716	-0.464386	0.094972	
A/duck/Wuxi/7249/2015|EPI	0.3034	0.2959	0.4226	0.2812	0.183	-0.068	0.384	52.91	0.432	0.439	679	716	-0.469972	0.090782	
A/duck/Xinjiang/12.18_WLM	0.2814	0.3096	0.4163	0.3061	0.194	-0.039	0.401	54.33	0.457	0.446	680	716	-0.469134	0.093575	
A/duck/Xinjiang/S1066/201	0.2925	0.3075	0.4563	0.2516	0.188	-0.051	0.395	51.28	0.417	0.432	678	716	-0.487430	0.092179	
A/duck/Xinjiang/S1126/201	0.2925	0.3075	0.4563	0.2510	0.189	-0.048	0.397	51.38	0.417	0.432	678	716	-0.487849	0.092179	
A/duck/Yilan/17A0092/2017	0.2744	0.3289	0.4163	0.2932	0.196	-0.023	0.412	52.75	0.462	0.446	679	716	-0.463687	0.094972	
A/duck/Yunlin/15A5019/201	0.2688	0.3365	0.4163	0.2905	0.192	-0.036	0.405	53.35	0.467	0.446	679	716	-0.463408	0.094972	
A/duck/Yunlin/17A0086/201	0.2726	0.3308	0.4152	0.2932	0.197	-0.027	0.410	52.90	0.465	0.447	678	716	-0.456564	0.094972	
A/duck/Yunlin/17A0686/201	0.2744	0.3289	0.4125	0.2975	0.194	-0.028	0.409	52.37	0.465	0.447	679	716	-0.463687	0.094972	
A/duck/Yunlin/18X00007-3/	0.2943	0.3094	0.4223	0.2860	0.197	-0.039	0.401	53.85	0.443	0.439	680	716	-0.461872	0.093575	
A/duck/Yunlin/15010244-1/	0.2669	0.3365	0.4171	0.2932	0.194	-0.033	0.406	52.99	0.468	0.447	679	716	-0.468575	0.094972	
A/duck/Yunlin/15010277/20	0.3152	0.2908	0.4283	0.2752	0.190	-0.069	0.385	53.14	0.422	0.428	678	716	-0.490503	0.094972	
A/duck/Yunlin/15010310-4/	0.2669	0.3365	0.4152	0.2954	0.194	-0.030	0.408	53.04	0.470	0.448	679	716	-0.468436	0.094972	
A/duck/Yunlin/15010318-2/	0.2669	0.3365	0.4152	0.2960	0.194	-0.033	0.406	52.81	0.470	0.447	679	716	-0.468017	0.094972	
A/duck/Yunlin/15010369-1/	0.2669	0.3365	0.4171	0.2932	0.194	-0.033	0.406	52.88	0.468	0.447	679	716	-0.468436	0.094972	
A/duck/Yunlin/15010458-1/	0.3152	0.2908	0.4283	0.2752	0.190	-0.069	0.385	53.14	0.422	0.428	678	716	-0.490503	0.094972	
A/duck/Yunlin/15070002-2/	0.2650	0.3383	0.4125	0.2962	0.191	-0.035	0.405	53.18	0.473	0.448	679	716	-0.465084	0.094972	
A/duck/Yunlin/17110001/20	0.2744	0.3252	0.4106	0.3038	0.192	-0.035	0.405	53.18	0.467	0.446	679	716	-0.460335	0.094972	
A/duck/Yunlin/18060007-3/	0.2707	0.3271	0.4099	0.3053	0.189	-0.035	0.405	52.96	0.470	0.447	679	716	-0.456006	0.094972	
A/duck/Yunnan/03.15_DQWGH	0.3077	0.2983	0.4207	0.2821	0.186	-0.065	0.387	52.89	0.433	0.437	677	716	-0.472765	0.093575	
A/duck/Yunnan/03.16_DQXYL	0.3077	0.2983	0.4226	0.2800	0.187	-0.063	0.388	52.87	0.431	0.436	677	716	-0.472765	0.093575	
A/duck/Yunnan/03.16_DQXYL	0.2772	0.3270	0.4173	0.2903	0.214	0.036	0.445	53.98	0.460	0.446	670	705	-0.496454	0.092199	
A/duck/Yunnan/03.16_DQXYL	0.3077	0.2983	0.4226	0.2800	0.187	-0.063	0.388	52.87	0.431	0.436	677	716	-0.472765	0.093575	
A/duck/Yunnan/03.16_DQXYL	0.3058	0.3002	0.4226	0.2800	0.186	-0.063	0.388	52.91	0.433	0.437	677	716	-0.472765	0.093575	
A/duck/Yunnan/07.15_DQNPH	0.3052	0.3015	0.4226	0.2794	0.188	-0.065	0.388	52.61	0.434	0.437	678	716	-0.478212	0.094972	
A/duck/Yunnan/07.15_DQNPH	0.3052	0.2996	0.4218	0.2809	0.187	-0.066	0.386	52.64	0.434	0.437	678	716	-0.476816	0.093575	
A/duck/Yunnan/07.15_DQNPH	0.3052	0.2996	0.4218	0.2809	0.187	-0.066	0.386	52.64	0.434	0.437	678	716	-0.476816	0.093575	
A/duck/Yunnan/07.15_DQNPH	0.3052	0.2996	0.4218	0.2809	0.187	-0.066	0.386	52.64	0.434	0.437	678	716	-0.476816	0.093575	
A/duck/Yunnan/S4318/2021(	0.3021	0.3039	0.4478	0.2505	0.196	-0.027	0.408	52.75	0.415	0.435	679	716	-0.463687	0.093575	
A/Duck/Yunnan/YN-2/2016_(	0.3109	0.2940	0.4210	0.2809	0.186	-0.068	0.385	52.78	0.429	0.436	678	716	-0.465782	0.093575	
A/Duck/Yunnan/YN-4/2015__	0.3109	0.2959	0.4198	0.2815	0.185	-0.068	0.385	52.99	0.431	0.436	678	716	-0.469553	0.093575	
A/Duck/Yunnan/YN-9/2016__	0.3109	0.2940	0.4218	0.2815	0.186	-0.068	0.385	52.82	0.429	0.435	678	716	-0.469553	0.093575	
A/Duck/Zhanjiang/15577/20	0.3071	0.2921	0.4168	0.2947	0.180	-0.081	0.378	51.78	0.437	0.436	678	716	-0.464246	0.094972	
A/duck/Zhejiang/02.28_JHZ	0.3127	0.2903	0.4198	0.2857	0.186	-0.071	0.383	52.98	0.429	0.437	678	716	-0.470112	0.093575	
A/duck/Zhejiang/6D18/2013	0.3116	0.2929	0.4313	0.2699	0.195	-0.051	0.395	53.07	0.421	0.434	679	716	-0.482123	0.094972	
A/duck/Zhejiang/77138/201	0.2951	0.3064	0.4392	0.2662	0.189	-0.045	0.398	52.02	0.428	0.435	678	716	-0.469134	0.093575	
A/duck/Zhejiang/727041/20	0.3096	0.2983	0.4210	0.2803	0.192	-0.054	0.393	53.36	0.432	0.438	679	716	-0.466900	0.093575	
A/duck/Zhejiang/727158/20	0.3052	0.2996	0.4179	0.2863	0.186	-0.066	0.386	52.64	0.437	0.439	678	716	-0.468576	0.093575	
A/duck/Zhejiang/925019/20	0.3109	0.2921	0.4307	0.2723	0.194	-0.054	0.393	52.36	0.422	0.434	680	716	-0.478492	0.094972	
A/duck/Zhejiang/925169/20	0.3084	0.2953	0.4297	0.2729	0.193	-0.056	0.391	52.35	0.425	0.436	680	716	-0.479749	0.094972	
A/duck/Zhejiang/1026109/2	0.3090	0.2865	0.4362	0.2779	0.197	-0.017	0.414	52.35	0.420	0.429	679	716	-0.479469	0.096369	
A/duck/Zhejiang/1220092/2	0.2895	0.3026	0.4582	0.2558	0.184	-0.055	0.392	51.35	0.417	0.432	678	716	-0.484916	0.093575	
A/duck/Zhejiang/S4091/201	0.2938	0.2976	0.4629	0.2542	0.186	-0.053	0.394	51.06	0.412	0.429	678	716	-0.490503	0.093575	
A/duck/Zhejiang/S4854/202	0.2865	0.3131	0.3981	0.3173	0.188	-0.051	0.395	54.90	0.467	0.446	679	716	-0.479469	0.092179	
A/duck/Zhejiang/W24/2013|	0.3146	0.2903	0.4381	0.2630	0.194	-0.059	0.390	52.24	0.414	0.432	679	716	-0.481704	0.094972	
A/egret/Jiangsu/SD021/202	0.2932	0.3064	0.4163	0.2944	0.192	-0.046	0.398	53.73	0.448	0.444	679	716	-0.485894	0.093575	
A/Egret/Shangdong/JN529/2	0.2844	0.3107	0.4094	0.3063	0.193	-0.031	0.406	53.73	0.459	0.447	680	716	-0.461313	0.093575	
A/environment/Hunan/HN261	0.3077	0.2964	0.4267	0.2767	0.185	-0.068	0.385	51.98	0.428	0.436	678	716	-0.468994	0.093575	
A/Environment/Shandong/WS	0.2844	0.3107	0.4113	0.3042	0.193	-0.030	0.407	53.85	0.457	0.447	680	716	-0.467598	0.093575	
A/Environment/Shandong/WS	0.2849	0.3113	0.4121	0.3027	0.193	-0.030	0.406	53.64	0.457	0.447	679	716	-0.461453	0.094972	
A/Environment/Shandong/WS	0.2852	0.3096	0.4102	0.3063	0.190	-0.038	0.402	53.85	0.458	0.447	681	716	-0.470391	0.094972	
A/equine/China/61/2010|EP	0.2892	0.3119	0.4449	0.2642	0.197	-0.031	0.407	52.22	0.429	0.435	678	716	-0.475978	0.093575	
A/equine/China/67/2010|EP	0.2873	0.3138	0.4449	0.2642	0.197	-0.027	0.409	52.22	0.431	0.435	678	716	-0.472626	0.093575	
A/equine/China/68/2010|EP	0.2892	0.3119	0.4421	0.2657	0.196	-0.035	0.404	52.27	0.431	0.436	678	716	-0.474581	0.092179	
A/eurasian_eagle-owl/Hena	0.2951	0.3045	0.4202	0.2902	0.192	-0.046	0.398	53.66	0.443	0.443	679	716	-0.485894	0.093575	
A/Eurasian_Teal/Hong_Kong	0.2827	0.3207	0.4297	0.2786	0.197	-0.038	0.403	53.25	0.447	0.444	678	716	-0.480168	0.094972	
A/Eurasian_Teal/Hong_Kong	0.2822	0.3220	0.4335	0.2723	0.196	-0.033	0.406	53.03	0.444	0.444	678	716	-0.481006	0.094972	
A/Eurasian_Wigeon/Hong_Ko	0.2822	0.3220	0.4335	0.2723	0.196	-0.033	0.406	53.03	0.444	0.444	678	716	-0.481006	0.094972	
A/Eurasian_Wigeon/Hong_Ko	0.2822	0.3220	0.4335	0.2723	0.196	-0.033	0.406	53.03	0.444	0.444	678	716	-0.481006	0.094972	
A/Falcated_Duck/Ningxia/4	0.3034	0.2996	0.4256	0.2794	0.181	-0.073	0.382	53.37	0.432	0.439	678	716	-0.470671	0.093575	
A/Falco_peregrinus/Beijin	0.2898	0.3125	0.4364	0.2708	0.192	-0.044	0.398	52.50	0.435	0.439	678	716	-0.464805	0.094972	
A/feline/Guangdong/2/2014	0.3084	0.2953	0.4179	0.2857	0.184	-0.076	0.381	52.66	0.434	0.438	678	716	-0.470391	0.093575	
A/Fujian/1/2005|EPI_ISL_2	0.3030	0.3087	0.4099	0.2929	0.204	-0.039	0.404	53.51	0.446	0.441	679	716	-0.465084	0.093575	
A/Fujian/1/2007|EPI_ISL_7	0.2992	0.3068	0.4440	0.2594	0.196	-0.037	0.403	52.56	0.422	0.432	678	716	-0.470950	0.092179	
A/Fujian/1/2024(H5N6)|EPI	0.2996	0.2996	0.4267	0.2818	0.190	-0.053	0.393	52.65	0.434	0.442	679	716	-0.487151	0.093575	
A/Fujian/2/2024(H5N6)|EPI	0.2996	0.2996	0.4267	0.2818	0.190	-0.053	0.393	52.59	0.434	0.442	679	716	-0.487151	0.093575	
A/Fujian-Sanyuan/21099/20	0.3377	0.2679	0.4324	0.2752	0.190	-0.087	0.374	50.07	0.402	0.420	679	716	-0.468576	0.094972	
A/Fujian-Sanyuan/21099/20	0.2787	0.3164	0.4042	0.3132	0.196	-0.034	0.405	54.55	0.468	0.449	679	716	-0.479749	0.093575	
A/Gadwall/Ningxia/472-7/2	0.3034	0.2996	0.4256	0.2794	0.181	-0.073	0.382	53.37	0.432	0.439	678	716	-0.470671	0.093575	
A/Gallinago_Stenura/Hong_	0.2822	0.3220	0.4335	0.2723	0.196	-0.033	0.406	53.03	0.444	0.444	678	716	-0.481006	0.094972	
A/Gallinula_chloropus/Gua	0.2998	0.2980	0.4297	0.2788	0.182	-0.073	0.381	52.40	0.431	0.437	680	716	-0.453352	0.093575	
A/Goose/_Guangdong_/JG125	0.3065	0.2991	0.4207	0.2821	0.183	-0.079	0.379	52.96	0.434	0.438	678	716	-0.469553	0.093575	
A/Goose/_Guangdong_/SSLBY	0.3015	0.3015	0.4275	0.2773	0.186	-0.063	0.388	52.92	0.432	0.438	678	716	-0.469134	0.093575	
A/Goose/_Guangdong_/SSZYP	0.3028	0.3009	0.4310	0.2743	0.187	-0.061	0.389	52.08	0.429	0.436	678	716	-0.468017	0.094972	
A/goose/Anhui/AH350/2015|	0.3090	0.2940	0.4141	0.2920	0.185	-0.076	0.381	53.39	0.437	0.439	678	716	-0.466062	0.093575	
A/goose/Changhua/15040008	0.2712	0.3315	0.4202	0.2905	0.194	-0.033	0.406	52.92	0.462	0.446	679	716	-0.468436	0.094972	
A/goose/Chiayi/15010008-3	0.2669	0.3365	0.4152	0.2954	0.193	-0.038	0.404	52.99	0.470	0.448	679	716	-0.468436	0.094972	
A/goose/Chiayi/15010016-1	0.2669	0.3365	0.4125	0.2968	0.193	-0.035	0.405	53.14	0.471	0.449	679	716	-0.464665	0.094972	
A/goose/Chiayi/15020022/2	0.3171	0.2889	0.4283	0.2752	0.190	-0.069	0.385	53.17	0.420	0.428	678	716	-0.490503	0.094972	
A/goose/Chiayi/16010017-2	0.2669	0.3365	0.4163	0.2920	0.191	-0.035	0.405	53.30	0.468	0.448	679	716	-0.465084	0.094972	
A/goose/Chiayi/16040003-1	0.2707	0.3308	0.4221	0.2872	0.191	-0.041	0.402	52.81	0.461	0.446	679	716	-0.472346	0.094972	
A/goose/Chiayi/16040005/2	0.2707	0.3308	0.4221	0.2872	0.191	-0.041	0.402	52.81	0.461	0.446	679	716	-0.472346	0.094972	
A/goose/Chiayi/17020027-1	0.2712	0.3315	0.4183	0.2932	0.196	-0.026	0.411	52.71	0.464	0.446	679	716	-0.462849	0.094972	
A/goose/Chiayi/17040014/2	0.2758	0.3283	0.4057	0.3044	0.190	-0.041	0.402	52.23	0.470	0.447	679	716	-0.476955	0.094972	
A/goose/Chiayi/18010006/2	0.2726	0.3271	0.4095	0.3072	0.191	-0.038	0.404	53.35	0.470	0.446	679	716	-0.454888	0.096369	
A/goose/Chiayi/18020014-2	0.2739	0.3265	0.4133	0.3002	0.190	-0.040	0.402	53.08	0.465	0.446	679	716	-0.459916	0.094972	
A/goose/China/1/2021|EPI_	0.2895	0.3102	0.4210	0.2908	0.195	-0.036	0.404	53.35	0.448	0.443	679	716	-0.479330	0.093575	
A/goose/China/0701/2018|E	0.3035	0.2980	0.4087	0.2956	0.180	-0.074	0.381	52.69	0.443	0.442	679	716	-0.455028	0.093575	
A/goose/China/1106/2016|E	0.3083	0.2876	0.4362	0.2794	0.198	-0.030	0.406	52.12	0.421	0.429	679	716	-0.474162	0.096369	
A/goose/China/E43/2012|EP	0.3045	0.2970	0.4478	0.2552	0.192	-0.045	0.398	51.76	0.413	0.432	678	716	-0.460894	0.093575	
A/goose/Chongqing/SD003/2	0.3021	0.3039	0.4508	0.2458	0.195	-0.028	0.408	53.09	0.412	0.434	679	716	-0.458799	0.093575	
A/goose/Eastern_China/CZ/	0.3127	0.2921	0.4362	0.2651	0.195	-0.056	0.392	52.35	0.417	0.432	679	716	-0.481704	0.094972	
A/goose/Eastern_China/L12	0.3165	0.2846	0.4408	0.2642	0.193	-0.061	0.389	52.02	0.410	0.430	678	716	-0.483799	0.094972	
A/goose/Eastern_China/L12	0.3277	0.2772	0.4398	0.2621	0.191	-0.072	0.383	52.48	0.403	0.428	678	716	-0.479888	0.094972	
A/goose/Eastern_China/S04	0.3159	0.2897	0.4324	0.2672	0.194	-0.056	0.392	52.70	0.417	0.433	679	716	-0.477374	0.094972	
A/goose/Eastern_China/S05	0.3084	0.2935	0.4332	0.2725	0.185	-0.070	0.384	53.21	0.423	0.437	679	716	-0.482682	0.094972	
A/goose/Fujian/3.15_FZHX0	0.3011	0.2992	0.4085	0.2951	0.181	-0.075	0.380	52.60	0.445	0.442	668	705	-0.470213	0.092199	
A/goose/Fujian/3.15_FZHX0	0.3011	0.2992	0.4066	0.2972	0.180	-0.075	0.380	52.80	0.446	0.443	668	705	-0.470213	0.092199	
A/goose/Fujian/3.15_FZHX0	0.3081	0.2949	0.4058	0.2945	0.181	-0.076	0.380	52.62	0.441	0.441	669	705	-0.467518	0.092199	
A/goose/Fujian/3.15_FZHX0	0.3047	0.2972	0.4122	0.2941	0.181	-0.076	0.381	52.77	0.441	0.440	678	716	-0.473883	0.093575	
A/goose/Fujian/3.15_FZHX0	0.3041	0.2985	0.4084	0.2962	0.181	-0.078	0.379	52.67	0.444	0.442	678	716	-0.471229	0.093575	
A/goose/Fujian/10.11_FZHX	0.3052	0.2978	0.4218	0.2836	0.188	-0.060	0.389	52.70	0.434	0.437	678	716	-0.464386	0.093575	
A/goose/Fujian/10.26_FZHX	0.2980	0.2998	0.4229	0.2878	0.189	-0.049	0.396	52.82	0.438	0.438	680	716	-0.464386	0.093575	
A/goose/Fujian/10.26_FZHX	0.2980	0.2998	0.4229	0.2878	0.189	-0.049	0.396	52.82	0.438	0.438	680	716	-0.464386	0.093575	
A/goose/Fujian/10.26_FZHX	0.2980	0.2998	0.4210	0.2899	0.189	-0.046	0.397	53.10	0.440	0.438	680	716	-0.464386	0.093575	
A/goose/Fujian/10.26_FZHX	0.2980	0.2998	0.4210	0.2899	0.189	-0.046	0.397	53.10	0.440	0.438	680	716	-0.464386	0.093575	
A/goose/Fujian/10.26_FZHX	0.2980	0.2998	0.4210	0.2899	0.189	-0.046	0.397	53.10	0.440	0.438	680	716	-0.464386	0.093575	
A/goose/Fujian/10.26_FZHX	0.2980	0.2998	0.4210	0.2899	0.189	-0.046	0.397	53.10	0.440	0.438	680	716	-0.464386	0.093575	
A/goose/Fujian/10.26_FZHX	0.2980	0.2998	0.4229	0.2878	0.189	-0.049	0.396	52.82	0.438	0.438	680	716	-0.464386	0.093575	
A/goose/Fujian/10.26_FZHX	0.2980	0.2998	0.4210	0.2899	0.189	-0.046	0.397	53.10	0.440	0.438	680	716	-0.464386	0.093575	
A/goose/Fujian/10.26_FZHX	0.2980	0.2998	0.4229	0.2878	0.189	-0.049	0.396	52.82	0.438	0.438	680	716	-0.464386	0.093575	
A/goose/Fujian/11.3_FZHX1	0.3052	0.2978	0.4198	0.2857	0.188	-0.062	0.388	52.72	0.435	0.438	678	716	-0.464386	0.093575	
A/goose/Guangdong/03.27_D	0.3074	0.2998	0.4123	0.2839	0.183	-0.062	0.388	53.20	0.437	0.440	668	705	-0.463262	0.092199	
A/goose/Guangdong/04.22_D	0.3080	0.2966	0.4123	0.2881	0.187	-0.066	0.386	53.46	0.437	0.439	668	705	-0.472340	0.092199	
A/goose/Guangdong/04.22_D	0.2792	0.3321	0.4042	0.2958	0.210	0.006	0.429	53.27	0.468	0.449	679	716	-0.487291	0.093575	
A/goose/Guangdong/04.22_D	0.2792	0.3321	0.4061	0.2938	0.210	0.006	0.429	53.44	0.467	0.448	679	716	-0.487291	0.093575	
A/goose/Guangdong/04.22_D	0.2792	0.3321	0.4061	0.2938	0.210	0.009	0.430	53.25	0.467	0.448	679	716	-0.487291	0.093575	
A/goose/Guangdong/04.23_D	0.3080	0.2966	0.4123	0.2887	0.187	-0.063	0.388	53.12	0.437	0.439	668	705	-0.464964	0.092199	
A/goose/Guangdong/04.23_D	0.3071	0.2978	0.4141	0.2899	0.187	-0.066	0.386	52.97	0.438	0.439	678	716	-0.466062	0.093575	
A/goose/Guangdong/04.23_D	0.2991	0.3047	0.4141	0.2893	0.184	-0.063	0.388	53.05	0.444	0.443	678	716	-0.470810	0.093575	
A/goose/Guangdong/04.23_D	0.2981	0.2962	0.4535	0.2621	0.192	-0.033	0.405	52.78	0.415	0.429	679	716	-0.477654	0.093575	
A/goose/Guangdong/7.20_DG	0.3041	0.3004	0.4054	0.2989	0.182	-0.073	0.382	52.76	0.447	0.442	678	716	-0.475000	0.093575	
A/goose/Guangdong/k0103/2	0.3026	0.3026	0.4340	0.2704	0.194	-0.052	0.395	53.07	0.428	0.435	678	716	-0.494832	0.094972	
A/Goose/Guangdong/PO17072	0.3036	0.3017	0.4073	0.2936	0.184	-0.068	0.385	53.08	0.445	0.440	668	705	-0.464255	0.093617	
A/goose/Guangdong/QY01/20	0.2998	0.3035	0.4095	0.2920	0.182	-0.065	0.386	52.82	0.445	0.443	678	716	-0.459078	0.093575	
A/goose/Guangdong/S230/20	0.3050	0.2921	0.4171	0.2914	0.177	-0.086	0.373	51.98	0.436	0.438	681	716	-0.457961	0.094972	
A/goose/Guangdong/S4751/2	0.2964	0.3021	0.4259	0.2839	0.190	-0.050	0.395	53.01	0.437	0.441	679	716	-0.490363	0.093575	
A/goose/Guangdong/s13124/	0.3165	0.2846	0.4457	0.2600	0.194	-0.054	0.393	52.44	0.406	0.428	679	716	-0.480866	0.094972	
A/goose/Guangdong/SH7/201	0.2957	0.3051	0.4326	0.2735	0.188	-0.048	0.397	53.05	0.432	0.437	678	716	-0.470112	0.093575	
A/goose/Guangdong/YJD/201	0.3039	0.3021	0.4179	0.2851	0.187	-0.066	0.386	53.05	0.438	0.440	678	716	-0.465224	0.093575	
A/goose/Guangxi/S20601/20	0.2951	0.3064	0.4202	0.2881	0.193	-0.041	0.401	53.47	0.443	0.443	679	716	-0.483659	0.092179	
A/goose/Guizhou/S1541/202	0.2825	0.3145	0.4231	0.2896	0.193	-0.042	0.401	54.05	0.451	0.444	679	716	-0.475000	0.093575	
A/goose/Henan/01.01_LYGL0	0.3034	0.2996	0.4237	0.2815	0.188	-0.055	0.392	53.06	0.434	0.438	678	716	-0.463268	0.093575	
A/goose/Henan/S1315/2021|	0.2946	0.3077	0.4171	0.2908	0.192	-0.046	0.398	53.88	0.446	0.444	679	716	-0.486453	0.093575	
A/goose/Hubei/113/2014|EP	0.3058	0.2964	0.4278	0.2762	0.185	-0.063	0.388	52.12	0.428	0.436	678	716	-0.474162	0.093575	
A/goose/HuBei/117/2014|EP	0.3052	0.2959	0.4294	0.2773	0.186	-0.061	0.389	52.14	0.428	0.436	678	716	-0.468994	0.093575	
A/goose/Hunan/81/2014|EPI	0.3052	0.2978	0.4198	0.2857	0.184	-0.071	0.383	53.07	0.435	0.439	678	716	-0.472626	0.092179	
A/goose/Hunan/82/2014|EPI	0.3052	0.2978	0.4198	0.2857	0.185	-0.071	0.383	53.11	0.435	0.439	678	716	-0.463827	0.093575	
A/goose/Hunan/107/2014|EP	0.3071	0.2959	0.4313	0.2731	0.186	-0.061	0.389	52.08	0.425	0.435	678	716	-0.469553	0.093575	
A/goose/Hunan/109/2014|EP	0.3058	0.2946	0.4305	0.2767	0.187	-0.061	0.389	51.86	0.426	0.435	678	716	-0.469553	0.093575	
A/goose/Hunan/110/2014|EP	0.3058	0.2964	0.4267	0.2788	0.185	-0.066	0.386	52.14	0.429	0.436	678	716	-0.469553	0.093575	
A/goose/Hunan/111/2014|EP	0.3058	0.2964	0.4286	0.2767	0.186	-0.063	0.388	52.24	0.428	0.436	678	716	-0.468994	0.093575	
A/goose/Hunan/115/2014|EP	0.3071	0.2940	0.4259	0.2803	0.185	-0.069	0.384	52.00	0.429	0.436	679	716	-0.466341	0.093575	
A/goose/Hunan/116/2014|EP	0.3058	0.2964	0.4286	0.2767	0.185	-0.063	0.388	52.12	0.428	0.436	678	716	-0.469553	0.093575	
A/goose/Hunan/155/2014|EP	0.3058	0.3021	0.4215	0.2806	0.185	-0.073	0.383	53.32	0.434	0.438	677	716	-0.471369	0.093575	
A/goose/Hunan/159/2014|EP	0.3052	0.2978	0.4198	0.2857	0.185	-0.071	0.383	53.03	0.435	0.439	678	716	-0.469553	0.093575	
A/goose/Hunan/160/2014|EP	0.3052	0.2978	0.4218	0.2836	0.185	-0.068	0.385	53.03	0.434	0.438	678	716	-0.469553	0.093575	
A/goose/Hunan/161/2014|EP	0.3052	0.2978	0.4218	0.2836	0.185	-0.068	0.385	53.01	0.434	0.438	678	716	-0.469553	0.093575	
A/goose/Hunan/HN11/2015|E	0.3077	0.2946	0.4210	0.2851	0.187	-0.061	0.389	52.72	0.432	0.437	678	716	-0.469553	0.093575	
A/goose/Hunan/HN22/2015|E	0.3052	0.2996	0.4198	0.2836	0.187	-0.063	0.388	53.01	0.435	0.438	678	716	-0.473045	0.093575	
A/goose/Hunan/HN57/2015|E	0.3052	0.2996	0.4218	0.2815	0.187	-0.061	0.389	52.98	0.434	0.438	678	716	-0.473045	0.093575	
A/goose/Hunan/HN88/2015|E	0.3077	0.2964	0.4294	0.2752	0.186	-0.063	0.388	51.94	0.426	0.435	678	716	-0.465503	0.093575	
A/goose/Hunan/HN90/2015|E	0.3077	0.2964	0.4286	0.2746	0.185	-0.063	0.388	52.01	0.426	0.435	678	716	-0.469553	0.093575	
A/goose/Hunan/HN310/2015|	0.3065	0.2935	0.4179	0.2899	0.185	-0.073	0.382	52.69	0.435	0.438	678	716	-0.465782	0.093575	
A/goose/Hunan/HN311/2015|	0.3065	0.2935	0.4179	0.2899	0.185	-0.073	0.382	52.69	0.435	0.438	678	716	-0.465782	0.093575	
A/goose/Hunan/HN314/2015|	0.2996	0.3071	0.4168	0.2842	0.185	-0.055	0.393	53.57	0.442	0.441	677	716	-0.473603	0.093575	
A/goose/Hunan/HN315/2015|	0.2996	0.3071	0.4168	0.2842	0.185	-0.055	0.393	53.57	0.442	0.441	677	716	-0.473603	0.093575	
A/goose/Hunan/HN316/2015|	0.2996	0.3071	0.4168	0.2842	0.185	-0.055	0.393	53.57	0.442	0.441	677	716	-0.473603	0.093575	
A/goose/Hunan/HN317/2015|	0.2996	0.3071	0.4168	0.2842	0.185	-0.055	0.393	53.57	0.442	0.441	677	716	-0.473603	0.093575	
A/goose/Hunan/HN318/2015|	0.3065	0.2953	0.4160	0.2899	0.185	-0.073	0.382	52.87	0.437	0.439	678	716	-0.465782	0.093575	
A/goose/Hunan/HN319/2015|	0.2996	0.3071	0.4168	0.2842	0.185	-0.055	0.393	53.57	0.442	0.441	677	716	-0.473603	0.093575	
A/goose/Hunan/S11288/2021	0.2895	0.3083	0.4175	0.2938	0.190	-0.052	0.395	53.41	0.449	0.445	679	716	-0.493855	0.093575	
A/goose/Hunan/SE284/2022(	0.2817	0.3195	0.4231	0.2881	0.192	-0.044	0.399	52.96	0.452	0.445	679	716	-0.480028	0.093575	
A/goose/Inner_Mongolia/IM	0.2881	0.3145	0.4259	0.2830	0.197	-0.023	0.411	52.50	0.445	0.441	679	716	-0.468994	0.092179	
A/goose/Jiangsu/k0403/201	0.2792	0.3208	0.4354	0.2773	0.198	-0.022	0.412	52.42	0.445	0.439	679	716	-0.475419	0.093575	
A/goose/Jiangsu/QD5/2014|	0.3127	0.2884	0.4419	0.2630	0.193	-0.064	0.387	52.00	0.412	0.431	679	716	-0.481704	0.094972	
A/goose/Jiangsu/S1385/202	0.2895	0.3120	0.4183	0.2902	0.194	-0.038	0.402	53.63	0.449	0.445	679	716	-0.485894	0.093575	
A/goose/Jiangxi/01.09_NFJ	0.3077	0.2946	0.4286	0.2767	0.186	-0.061	0.389	52.11	0.426	0.435	678	716	-0.469553	0.093575	
A/goose/Jilin/04.04_SY003	0.3090	0.2959	0.4198	0.2842	0.188	-0.064	0.388	52.92	0.432	0.437	678	716	-0.472067	0.093575	
A/goose/Jilin/S4034/2019(	0.2957	0.2994	0.4516	0.2578	0.188	-0.055	0.392	52.75	0.417	0.434	678	716	-0.480168	0.093575	
A/goose/Liaoning/S1266/20	0.2970	0.3008	0.4221	0.2902	0.189	-0.053	0.393	53.41	0.440	0.442	679	716	-0.485335	0.093575	
A/goose/Pingtung/15010007	0.2669	0.3365	0.4144	0.2947	0.193	-0.035	0.405	52.86	0.470	0.448	679	716	-0.464665	0.094972	
A/goose/Pingtung/15010037	0.2669	0.3365	0.4125	0.2968	0.193	-0.038	0.404	52.87	0.471	0.449	679	716	-0.464665	0.094972	
A/goose/Pingtung/15050014	0.3133	0.2927	0.4283	0.2752	0.190	-0.064	0.388	53.11	0.423	0.428	678	716	-0.493994	0.094972	
A/goose/Pingtung/16010061	0.3152	0.2889	0.4321	0.2731	0.187	-0.074	0.382	52.76	0.419	0.427	678	716	-0.493994	0.094972	
A/Goose/Qingyuan/16875/20	0.3090	0.2921	0.4168	0.2920	0.187	-0.065	0.386	53.26	0.435	0.438	678	716	-0.475419	0.093575	
A/goose/Shandong/01.01_JY	0.3096	0.2852	0.4362	0.2800	0.197	-0.025	0.409	52.26	0.420	0.429	679	716	-0.474581	0.096369	
A/goose/Shandong/01.07_JQ	0.3077	0.2871	0.4343	0.2821	0.197	-0.020	0.412	52.45	0.423	0.429	679	716	-0.474581	0.096369	
A/goose/Shandong/02.16_YG	0.3058	0.2983	0.4207	0.2842	0.185	-0.067	0.386	52.63	0.434	0.438	677	716	-0.463268	0.094972	
A/goose/Shandong/02.26_GD	0.3034	0.2996	0.4237	0.2815	0.185	-0.068	0.385	52.88	0.434	0.438	678	716	-0.469553	0.093575	
A/goose/Shandong/03.10_HZ	0.2914	0.3008	0.4544	0.2600	0.182	-0.063	0.388	51.41	0.419	0.433	678	716	-0.484916	0.093575	
A/goose/Shandong/03.16_JN	0.3026	0.2989	0.4402	0.2646	0.193	-0.038	0.402	53.10	0.421	0.434	679	716	-0.475140	0.093575	
A/goose/Shandong/04.22_GT	0.3077	0.2871	0.4381	0.2779	0.197	-0.023	0.411	52.23	0.420	0.429	679	716	-0.474581	0.096369	
A/goose/Shandong/05.23_AY	0.3146	0.2903	0.4389	0.2625	0.194	-0.058	0.390	52.50	0.414	0.432	679	716	-0.485894	0.094972	
A/goose/Shandong/05.23_DT	0.3146	0.2903	0.4389	0.2630	0.195	-0.056	0.392	52.47	0.414	0.432	679	716	-0.485475	0.094972	
A/goose/Shandong/06.14_HZ	0.3146	0.2903	0.4362	0.2646	0.194	-0.055	0.392	52.24	0.415	0.433	679	716	-0.483240	0.094972	
A/goose/Shandong/11.02_CQ	0.2981	0.3019	0.4326	0.2750	0.190	-0.053	0.394	53.50	0.431	0.436	678	716	-0.469693	0.093575	
A/goose/Shandong/12.05_YG	0.3058	0.2983	0.4207	0.2842	0.185	-0.067	0.386	52.63	0.434	0.438	677	716	-0.463268	0.094972	
A/goose/Shandong/12.08_YG	0.3099	0.2985	0.4327	0.2627	0.195	-0.051	0.395	52.54	0.420	0.433	669	705	-0.476454	0.093617	
A/Goose/Shandong/21153-3/	0.2900	0.3070	0.4175	0.2958	0.192	-0.046	0.398	53.84	0.449	0.444	679	716	-0.486453	0.093575	
A/goose/Shandong/GD-GS/20	0.3133	0.2927	0.4400	0.2610	0.196	-0.051	0.395	52.34	0.414	0.431	679	716	-0.486033	0.094972	
A/goose/Shandong/GS/2013(	0.2946	0.3002	0.4516	0.2589	0.187	-0.043	0.399	51.66	0.418	0.432	679	716	-0.486313	0.093575	
A/goose/Shandong/LQ01694/	0.3133	0.2889	0.4447	0.2600	0.194	-0.059	0.391	52.14	0.410	0.430	678	716	-0.484497	0.094972	
A/goose/Tainan/16040018-1	0.3189	0.2833	0.4321	0.2752	0.188	-0.072	0.383	52.77	0.416	0.426	678	716	-0.493994	0.094972	
A/goose/Tainan/16070002/2	0.3227	0.2795	0.4340	0.2731	0.187	-0.074	0.382	52.68	0.412	0.425	678	716	-0.493994	0.094972	
A/goose/Tainan/17030022-1	0.2731	0.3315	0.4106	0.2996	0.198	-0.018	0.415	53.34	0.468	0.446	679	716	-0.466899	0.094972	
A/goose/Tainan/17030024-1	0.2750	0.3315	0.4183	0.2869	0.193	-0.034	0.406	52.71	0.460	0.446	678	716	-0.466061	0.093575	
A/goose/Tainan/18010022-1	0.2726	0.3271	0.4087	0.3053	0.191	-0.038	0.404	53.09	0.470	0.449	679	716	-0.464106	0.094972	
A/goose/Tainan/18050014-1	0.2669	0.3365	0.4163	0.2954	0.196	-0.019	0.415	52.41	0.469	0.447	680	716	-0.479050	0.094972	
A/goose/Taiwan/01019/2015	0.3133	0.2927	0.4245	0.2794	0.189	-0.073	0.382	53.12	0.426	0.430	678	716	-0.481005	0.096369	
A/goose/Taiwan/01022/2015	0.2664	0.3358	0.4163	0.2926	0.193	-0.030	0.408	52.56	0.468	0.448	679	716	-0.460335	0.094972	
A/goose/Taiwan/01023/2015	0.2669	0.3346	0.4144	0.2962	0.195	-0.036	0.405	52.86	0.470	0.449	679	716	-0.475279	0.094972	
A/goose/Taiwan/01031/2015	0.2669	0.3365	0.4152	0.2954	0.194	-0.036	0.405	52.96	0.470	0.448	679	716	-0.474441	0.094972	
A/goose/Taiwan/01038/2015	0.3127	0.2921	0.4256	0.2767	0.188	-0.072	0.383	53.19	0.425	0.431	678	716	-0.491201	0.093575	
A/goose/Taiwan/01039/2015	0.3133	0.2927	0.4275	0.2746	0.190	-0.064	0.388	52.81	0.423	0.429	678	716	-0.495531	0.093575	
A/goose/Taiwan/01040/2015	0.2645	0.3377	0.4152	0.2947	0.193	-0.035	0.405	52.62	0.471	0.450	679	716	-0.476117	0.094972	
A/goose/Taiwan/a015/2015|	0.3143	0.2914	0.4247	0.2760	0.190	-0.067	0.386	53.14	0.424	0.428	668	705	-0.489787	0.093617	
A/goose/Taiwan/TNC1/2015|	0.3171	0.2889	0.4264	0.2773	0.189	-0.072	0.383	53.08	0.422	0.428	678	716	-0.490503	0.094972	
A/goose/Taiwan/TNC3/2015|	0.3152	0.2908	0.4264	0.2773	0.190	-0.069	0.385	53.14	0.423	0.429	678	716	-0.490503	0.094972	
A/goose/Taiwan/TNC4/2015|	0.3133	0.2927	0.4264	0.2773	0.190	-0.066	0.386	53.09	0.425	0.429	678	716	-0.490503	0.094972	
A/goose/Taiwan/TNC9/2015|	0.3152	0.2908	0.4264	0.2773	0.190	-0.069	0.385	53.14	0.423	0.429	678	716	-0.490503	0.094972	
A/goose/Taiwan/TNC10/2015	0.3171	0.2889	0.4264	0.2773	0.189	-0.072	0.383	53.08	0.422	0.428	678	716	-0.490503	0.094972	
A/goose/Taiwan/TNC12/2015	0.3171	0.2889	0.4264	0.2773	0.189	-0.072	0.383	53.08	0.422	0.428	678	716	-0.490503	0.094972	
A/goose/Taiwan/TNC14/2015	0.3171	0.2889	0.4264	0.2773	0.189	-0.072	0.383	53.08	0.422	0.428	678	716	-0.490503	0.094972	
A/goose/Taiwan/TNO3/2015|	0.3133	0.2927	0.4245	0.2794	0.190	-0.066	0.386	53.19	0.426	0.430	678	716	-0.490503	0.094972	
A/goose/Taiwan/TNO9/2015|	0.3133	0.2927	0.4264	0.2773	0.190	-0.066	0.386	53.09	0.425	0.429	678	716	-0.490503	0.094972	
A/goose/Taiwan/TNO15/2015	0.3133	0.2927	0.4256	0.2767	0.189	-0.066	0.386	52.99	0.425	0.430	678	716	-0.489106	0.093575	
A/goose/Taiwan/TNO17/2015	0.3171	0.2889	0.4264	0.2773	0.189	-0.072	0.383	53.08	0.422	0.428	678	716	-0.490503	0.094972	
A/goose/Taoyuan/15010041/	0.3152	0.2908	0.4302	0.2731	0.188	-0.072	0.383	53.14	0.420	0.428	678	716	-0.490503	0.094972	
A/goose/Taoyuan/18120002-	0.2879	0.3163	0.4087	0.3019	0.199	-0.033	0.406	54.49	0.459	0.445	678	716	-0.459358	0.094972	
A/goose/Xinjiang/12.18_WL	0.3090	0.2940	0.4160	0.2905	0.180	-0.084	0.376	53.52	0.435	0.438	678	716	-0.464944	0.093575	
A/goose/Xinjiang/12.18_WL	0.3090	0.2940	0.4160	0.2905	0.180	-0.084	0.376	53.52	0.435	0.438	678	716	-0.464944	0.093575	
A/goose/Xinjiang/12.18_WL	0.2790	0.3109	0.4190	0.3046	0.194	-0.039	0.401	54.13	0.457	0.446	680	716	-0.469134	0.093575	
A/goose/Xinjiang/12.18_WL	0.2777	0.3114	0.4183	0.3061	0.194	-0.039	0.401	54.15	0.459	0.446	680	716	-0.469134	0.093575	
A/goose/Xinjiang/12.18_WL	0.2777	0.3114	0.4183	0.3061	0.194	-0.039	0.401	54.15	0.459	0.446	680	716	-0.469134	0.093575	
A/goose/Xinjiang/12.18_WL	0.2777	0.3114	0.4183	0.3061	0.194	-0.039	0.401	54.15	0.459	0.446	680	716	-0.469134	0.093575	
A/goose/Yangzhou/0420/201	0.3146	0.2940	0.4389	0.2594	0.196	-0.049	0.396	52.55	0.414	0.431	679	716	-0.486173	0.094972	
A/goose/Yangzhou/YZ587/20	0.3009	0.2972	0.4237	0.2857	0.184	-0.063	0.388	52.81	0.435	0.439	678	716	-0.470391	0.093575	
A/goose/Yunlin/15010005/2	0.2669	0.3365	0.4171	0.2932	0.194	-0.033	0.406	52.87	0.468	0.447	679	716	-0.468436	0.094972	
A/goose/Yunlin/15010009-1	0.2669	0.3365	0.4152	0.2954	0.194	-0.035	0.405	52.89	0.470	0.448	679	716	-0.468436	0.094972	
A/goose/Yunlin/15010010-2	0.2669	0.3365	0.4152	0.2954	0.194	-0.035	0.405	52.89	0.470	0.448	679	716	-0.468436	0.094972	
A/goose/Yunlin/15010011-1	0.2669	0.3365	0.4152	0.2954	0.194	-0.035	0.405	52.89	0.470	0.448	679	716	-0.468436	0.094972	
A/goose/Yunlin/15040040/2	0.3109	0.2940	0.4264	0.2773	0.188	-0.071	0.383	53.00	0.426	0.430	678	716	-0.491341	0.094972	
A/goose/Yunlin/16020008-4	0.2693	0.3333	0.4221	0.2878	0.191	-0.038	0.404	52.98	0.462	0.446	679	716	-0.464246	0.094972	
A/goose/Yunlin/16020011-1	0.2712	0.3315	0.4248	0.2857	0.193	-0.035	0.405	53.24	0.459	0.445	679	716	-0.468436	0.094972	
A/goose/Yunlin/16040002-2	0.2674	0.3333	0.4240	0.2878	0.191	-0.039	0.404	53.11	0.462	0.446	679	716	-0.467598	0.094972	
A/goose/Yunlin/17100005/2	0.2688	0.3327	0.4183	0.2932	0.195	-0.028	0.409	52.76	0.465	0.446	679	716	-0.464246	0.094972	
A/goose/Yunlin/18030020-2	0.2744	0.3252	0.4307	0.2800	0.198	-0.013	0.418	52.24	0.451	0.442	679	716	-0.460475	0.094972	
A/goose/Yunlin/18030020-3	0.2744	0.3252	0.4307	0.2800	0.198	-0.013	0.418	52.24	0.451	0.442	679	716	-0.460475	0.094972	
A/goose/Yunlin/18040002-3	0.2744	0.3252	0.4106	0.3038	0.195	-0.031	0.408	53.12	0.467	0.447	679	716	-0.463687	0.094972	
A/goose/Yunlin/18040018-2	0.2669	0.3346	0.4133	0.3002	0.194	-0.025	0.411	52.54	0.471	0.448	679	716	-0.468017	0.094972	
A/goose/Yunlin/18090002-3	0.2688	0.3308	0.4171	0.2981	0.192	-0.033	0.406	52.85	0.467	0.446	679	716	-0.468017	0.094972	
A/goose/Yunlin/18090006-1	0.2900	0.3107	0.4221	0.2887	0.199	-0.031	0.406	52.26	0.446	0.441	679	716	-0.467458	0.094972	
A/goose/Yunlin/18110002-3	0.2879	0.3163	0.4068	0.3033	0.198	-0.035	0.404	54.60	0.460	0.446	678	716	-0.466760	0.094972	
A/goose/Yunnan/07.14_DQWC	0.3052	0.2996	0.4218	0.2809	0.187	-0.066	0.386	52.64	0.434	0.437	678	716	-0.476816	0.093575	
A/goose/Yunnan/07.14_DQWC	0.3052	0.2996	0.4218	0.2809	0.187	-0.066	0.386	52.65	0.434	0.437	678	716	-0.477374	0.093575	
A/goose/Zhejiang/77166/20	0.2951	0.3083	0.4392	0.2642	0.188	-0.048	0.397	52.01	0.428	0.435	678	716	-0.469134	0.093575	
A/goose/Zhejiang/77167/20	0.2946	0.3039	0.4430	0.2642	0.190	-0.044	0.400	51.88	0.425	0.434	678	716	-0.469833	0.092179	
A/goose/Zhejiang/77168/20	0.2946	0.3039	0.4430	0.2642	0.190	-0.044	0.400	51.88	0.425	0.434	678	716	-0.469833	0.092179	
A/goose/Zhejiang/112071/2	0.2951	0.2989	0.4516	0.2594	0.182	-0.058	0.391	51.65	0.417	0.433	678	716	-0.473184	0.093575	
A/goose/Zhejiang/112080/2	0.3062	0.2987	0.4324	0.2725	0.187	-0.061	0.390	53.40	0.425	0.435	677	716	-0.466481	0.093575	
A/goose/Zhejiang/727092/2	0.3071	0.2978	0.4198	0.2842	0.187	-0.066	0.386	52.98	0.434	0.438	678	716	-0.468576	0.093575	
A/goose/Zhejiang/727098/2	0.2932	0.3026	0.4476	0.2647	0.184	-0.062	0.389	51.11	0.423	0.433	678	716	-0.490503	0.094972	
A/goose/Zhejiang/727110/2	0.3052	0.2996	0.4226	0.2827	0.186	-0.066	0.386	53.00	0.434	0.437	678	716	-0.467458	0.093575	
A/goose/Zhejiang/925036/2	0.3028	0.2972	0.4229	0.2851	0.188	-0.063	0.387	52.82	0.434	0.439	679	716	-0.451257	0.093575	
A/goose/Zhejiang/925037/2	0.2946	0.3077	0.4389	0.2695	0.197	-0.025	0.409	51.34	0.430	0.439	679	716	-0.490223	0.096369	
A/goose/Zhejiang/925104/2	0.3139	0.2932	0.4359	0.2657	0.196	-0.047	0.397	52.57	0.417	0.432	678	716	-0.490782	0.096369	
A/goose/Zhejiang/925105/2	0.3025	0.3006	0.4307	0.2762	0.190	-0.049	0.397	53.00	0.429	0.436	678	716	-0.460475	0.093575	
A/goose/Zhejiang/925106/2	0.3146	0.2921	0.4313	0.2693	0.195	-0.048	0.396	52.56	0.420	0.432	679	716	-0.489665	0.094972	
A/goose/Zhejiang/925108/2	0.3025	0.3006	0.4307	0.2762	0.190	-0.049	0.397	53.00	0.429	0.436	678	716	-0.460475	0.093575	
A/goose/Zhejiang/1120132/	0.3030	0.3030	0.4297	0.2741	0.191	-0.055	0.393	53.12	0.430	0.437	677	716	-0.467737	0.093575	
A/goose/Zhejiang/S1266/20	0.2932	0.3045	0.4183	0.2950	0.191	-0.049	0.396	53.70	0.446	0.443	679	716	-0.485475	0.093575	
A/Great_black-headed_Gull	0.2938	0.2994	0.4573	0.2542	0.182	-0.060	0.389	52.48	0.414	0.433	678	716	-0.493855	0.093575	
A/Great_Black-headed_Gull	0.2744	0.3177	0.4190	0.3025	0.192	-0.045	0.399	53.87	0.461	0.446	679	716	-0.470670	0.093575	
A/Great_black-headed_Gull	0.2938	0.2994	0.4573	0.2542	0.182	-0.060	0.389	52.48	0.414	0.433	678	716	-0.493855	0.093575	
A/Great_Cormorant/Hubei/c	0.2782	0.3120	0.4283	0.2911	0.198	-0.019	0.414	53.07	0.449	0.441	681	716	-0.470531	0.093575	
A/Great_Cormorant/Hubei/c	0.2763	0.3120	0.4358	0.2848	0.196	-0.016	0.416	52.96	0.445	0.439	681	716	-0.470531	0.093575	
A/Great_Cormorant/Hubei/c	0.2782	0.3102	0.4340	0.2869	0.195	-0.021	0.413	52.98	0.445	0.439	681	716	-0.470531	0.093575	
A/Great_Cormorant/Hubei/c	0.2763	0.3139	0.4283	0.2911	0.198	-0.016	0.416	53.03	0.451	0.441	681	716	-0.470531	0.093575	
A/Great_Cormorant/Hubei/V	0.2782	0.3139	0.4264	0.2911	0.199	-0.016	0.416	53.04	0.451	0.441	681	716	-0.470531	0.093575	
A/Great_Cormorant/Hubei/V	0.2782	0.3139	0.4264	0.2911	0.199	-0.016	0.416	53.04	0.451	0.441	681	716	-0.470531	0.093575	
A/Great_Cormorant/Hubei/V	0.2801	0.3102	0.4302	0.2890	0.196	-0.024	0.411	53.20	0.446	0.440	681	716	-0.470531	0.093575	
A/Great_Cormorant/Qinghai	0.2763	0.3139	0.4267	0.2962	0.195	-0.034	0.405	53.39	0.454	0.444	679	716	-0.475279	0.093575	
A/Great_Cormorant/Qinghai	0.2758	0.3133	0.4248	0.2983	0.195	-0.036	0.404	53.58	0.455	0.445	679	716	-0.467877	0.093575	
A/Great_Cormorant/Qinghai	0.2787	0.3126	0.4218	0.3004	0.198	-0.033	0.406	53.61	0.456	0.445	678	716	-0.478911	0.093575	
A/Great_Crested_Grebe/Qin	0.2844	0.3183	0.4183	0.2926	0.198	-0.032	0.406	52.63	0.454	0.445	679	716	-0.467318	0.093575	
A/grebe/Ningxia/SD001/202	0.2946	0.3058	0.4190	0.2914	0.192	-0.035	0.404	53.77	0.445	0.442	679	716	-0.477514	0.093575	
A/grebe/Shaanxi/SD001/202	0.2946	0.3058	0.4171	0.2941	0.192	-0.033	0.405	53.82	0.446	0.442	679	716	-0.477654	0.093575	
A/grebe/Shandong/SC184/20	0.2951	0.3064	0.4171	0.2929	0.193	-0.042	0.401	53.53	0.446	0.444	679	716	-0.491481	0.093575	
A/green-winged_teal/Guang	0.2951	0.3064	0.4221	0.2854	0.192	-0.041	0.401	53.67	0.442	0.443	679	716	-0.493156	0.093575	
A/Guangdong/1/2006|EPI_IS	0.2911	0.3081	0.4430	0.2683	0.196	-0.029	0.407	52.39	0.429	0.433	678	716	-0.484218	0.094972	
A/Guangdong/1/2008|EPI_IS	0.2892	0.3081	0.4466	0.2679	0.197	-0.027	0.409	52.57	0.428	0.434	677	716	-0.473603	0.094972	
A/Guangdong/2/2006|EPI_IS	0.2949	0.3062	0.4487	0.2600	0.196	-0.038	0.403	51.66	0.422	0.433	678	716	-0.475978	0.093575	
A/Guangdong/18SF020/2018-	0.3060	0.2948	0.4152	0.2914	0.184	-0.074	0.381	51.84	0.437	0.440	679	716	-0.469972	0.094972	
A/Guangdong/12903/2021|EP	0.2927	0.3058	0.4183	0.2923	0.191	-0.045	0.398	53.54	0.446	0.445	679	716	-0.486732	0.093575	
A/Guangdong/lgf/2021|EPI_	0.2946	0.3039	0.4163	0.2944	0.191	-0.045	0.398	53.75	0.446	0.445	679	716	-0.486732	0.093575	
A/Guangxi/1/2005|EPI_ISL_	0.2911	0.3100	0.4457	0.2647	0.198	-0.031	0.407	52.25	0.428	0.434	678	716	-0.477374	0.094972	
A/Guangxi/1/2005|EPI_ISL_	0.2911	0.3100	0.4457	0.2647	0.198	-0.031	0.407	52.25	0.428	0.434	678	716	-0.477374	0.094972	
A/Guangxi/1/2008|EPI_ISL_	0.2925	0.3075	0.4497	0.2573	0.198	-0.035	0.404	52.29	0.422	0.432	678	716	-0.477374	0.092179	
A/Guangxi/32797/2018|EPI_	0.3004	0.3004	0.4065	0.3004	0.179	-0.080	0.378	52.87	0.448	0.442	678	716	-0.468157	0.094972	
A/Guangxi/55726/2016|EPI_	0.3109	0.2921	0.4218	0.2836	0.185	-0.071	0.383	53.42	0.429	0.435	678	716	-0.469553	0.093575	
A/Guangzhou/39715/2014|EP	0.3052	0.2978	0.4198	0.2857	0.184	-0.071	0.383	53.16	0.435	0.439	678	716	-0.468994	0.093575	
A/Guizhou/1/2009|EPI_ISL_	0.2892	0.3100	0.4457	0.2657	0.199	-0.025	0.410	52.70	0.429	0.435	678	716	-0.480307	0.094972	
A/GX-guilin/11151/2021|EP	0.2836	0.3176	0.3977	0.3180	0.195	-0.029	0.407	54.44	0.471	0.448	680	716	-0.472626	0.093575	
A/GX-hechi/01/2021|EPI_IS	0.2827	0.3245	0.4038	0.3027	0.201	-0.013	0.417	54.42	0.465	0.445	679	716	-0.456983	0.093575	
A/Hangzhou/01/2021|EPI_IS	0.2884	0.3131	0.3951	0.3201	0.190	-0.046	0.398	55.15	0.468	0.446	679	716	-0.480866	0.093575	
A/HeFei04171/2024|EPI_ISL	0.2792	0.3245	0.3970	0.3138	0.201	-0.027	0.409	53.34	0.474	0.452	680	716	-0.465084	0.093575	
A/heron/Kaohsiung/15WB328	0.2768	0.3202	0.4240	0.2920	0.193	-0.041	0.401	53.78	0.455	0.444	679	716	-0.464804	0.093575	
A/heron/Taiwan/17DB0001/2	0.2688	0.3346	0.4137	0.2947	0.198	-0.015	0.417	53.14	0.468	0.448	679	716	-0.473464	0.094972	
A/Herring_Gull/Hubei/CH-i	0.2763	0.3139	0.4248	0.2983	0.195	-0.034	0.405	53.56	0.455	0.445	679	716	-0.469553	0.093575	
A/hill_myna/Heilongjiang/	0.2900	0.3051	0.4516	0.2594	0.186	-0.051	0.395	51.94	0.422	0.433	678	716	-0.483659	0.093575	
A/Hong_Kong/5923/2012|EPI	0.3026	0.2989	0.4392	0.2657	0.189	-0.053	0.394	52.76	0.422	0.435	678	716	-0.469553	0.093575	
A/Hubei/29578/2016_x_PR8_	0.3377	0.2679	0.4343	0.2731	0.190	-0.085	0.376	50.06	0.401	0.420	679	716	-0.468576	0.094972	
A/Hubei/29578/2016|EPI_IS	0.2736	0.3264	0.4286	0.2878	0.208	0.007	0.428	53.73	0.456	0.442	680	716	-0.496090	0.093575	
A/Hunan/1/2006|EPI_ISL_79	0.2854	0.3138	0.4459	0.2636	0.197	-0.028	0.409	52.22	0.431	0.436	678	716	-0.472207	0.093575	
A/Hunan/1/2008|EPI_ISL_73	0.3169	0.2941	0.4015	0.3021	0.201	-0.041	0.402	54.33	0.442	0.439	679	716	-0.480726	0.093575	
A/Hunan/2/2009|EPI_ISL_79	0.2917	0.3087	0.4438	0.2678	0.202	-0.025	0.410	52.61	0.429	0.434	678	716	-0.467877	0.094972	
A/Japanese_white-eye/Taoy	0.2900	0.3051	0.4487	0.2642	0.185	-0.056	0.392	51.71	0.425	0.433	678	716	-0.488129	0.093575	
A/Jiangsu/1/2007|EPI_ISL_	0.2917	0.3068	0.4411	0.2737	0.200	-0.028	0.409	52.30	0.431	0.433	678	716	-0.472626	0.093575	
A/Jiangsu/1/2018|EPI_ISL_	0.2887	0.3151	0.4080	0.3013	0.203	-0.014	0.417	54.38	0.458	0.444	679	716	-0.467039	0.093575	
A/Jiangsu/1/2018|EPI_ISL_	0.2887	0.3151	0.4080	0.3013	0.203	-0.014	0.417	54.38	0.458	0.444	679	716	-0.467039	0.093575	
A/Jiangsu/1/2020_(H5N6)|E	0.2844	0.3183	0.4034	0.3075	0.200	-0.040	0.401	53.68	0.465	0.448	680	716	-0.465503	0.093575	
A/Jiangsu/1/2020(H5N6)|EP	0.2844	0.3183	0.4034	0.3075	0.200	-0.040	0.401	53.68	0.465	0.448	680	716	-0.465503	0.093575	
A/Jiangsu/2/2007|EPI_ISL_	0.2917	0.3068	0.4411	0.2737	0.200	-0.028	0.409	52.30	0.431	0.433	678	716	-0.472626	0.093575	
A/Jiangsu/JSSZ01/2018|EPI	0.2887	0.3151	0.4080	0.3013	0.203	-0.014	0.417	54.38	0.458	0.444	679	716	-0.467039	0.093575	
A/Jiangxi/1/2005|EPI_ISL_	0.3030	0.3087	0.4042	0.2985	0.205	-0.036	0.405	53.59	0.451	0.443	679	716	-0.477654	0.093575	
A/Jiangxi/16791/2022|EPI_	0.2846	0.3188	0.4042	0.3075	0.198	-0.025	0.410	54.61	0.465	0.447	678	716	-0.472207	0.093575	
A/lesser_kestrel/Heilongj	0.2900	0.3070	0.4354	0.2794	0.192	-0.042	0.401	52.93	0.436	0.437	679	716	-0.478212	0.093575	
A/lion/Hubei/1-2/2016|EPI	0.2809	0.3052	0.4367	0.2854	0.193	-0.026	0.410	53.07	0.441	0.439	681	716	-0.465643	0.093575	
A/Luscinia_cyane/Jiangxi/	0.3127	0.2940	0.4324	0.2672	0.196	-0.059	0.390	52.57	0.420	0.433	679	716	-0.481704	0.094972	
A/mallard_duck/Shanghai/S	0.3165	0.2884	0.4362	0.2651	0.195	-0.056	0.392	52.29	0.414	0.432	679	716	-0.478212	0.094972	
A/mallard/Heilongjiang/HL	0.2679	0.3396	0.4400	0.2668	0.212	0.042	0.449	54.07	0.451	0.441	680	716	-0.498324	0.093575	
A/Mallard/Jiangxi/JXH9/20	0.3103	0.2953	0.4141	0.2878	0.185	-0.070	0.383	53.68	0.435	0.439	678	716	-0.471509	0.093575	
A/Mallard/Jiangxi/JXH22/2	0.3090	0.2940	0.4160	0.2899	0.185	-0.073	0.382	53.24	0.435	0.439	678	716	-0.469553	0.093575	
A/mallard/Ningxia/175/202	0.2876	0.3064	0.4269	0.2887	0.190	-0.044	0.399	52.26	0.443	0.445	679	716	-0.485335	0.093575	
A/mallard/Ningxia/176/202	0.2876	0.3064	0.4288	0.2866	0.190	-0.047	0.398	52.08	0.442	0.444	679	716	-0.485335	0.093575	
A/mallard/Ningxia/239/202	0.2876	0.3064	0.4288	0.2866	0.191	-0.044	0.399	52.11	0.442	0.444	679	716	-0.485894	0.093575	
A/mallard/Ningxia/241/202	0.2881	0.3070	0.4288	0.2866	0.192	-0.045	0.399	52.18	0.442	0.443	679	716	-0.485056	0.093575	
A/mallard/Ningxia/247/202	0.2876	0.3064	0.4288	0.2866	0.190	-0.047	0.398	52.08	0.442	0.444	679	716	-0.485335	0.093575	
A/mallard/Ningxia/249/202	0.2881	0.3070	0.4288	0.2866	0.192	-0.045	0.399	52.18	0.442	0.443	679	716	-0.485056	0.093575	
A/mandarin_duck/Heilongji	0.2712	0.3277	0.4183	0.2950	0.191	-0.038	0.402	53.86	0.464	0.447	679	716	-0.475279	0.093575	
A/mandarin_duck/Henan/426	0.2846	0.3169	0.4305	0.2818	0.193	-0.044	0.400	53.00	0.445	0.441	678	716	-0.487151	0.094972	
A/meerkat/Shanghai/SH-1/2	0.2938	0.3013	0.4421	0.2699	0.187	-0.048	0.397	52.25	0.426	0.435	678	716	-0.481006	0.092179	
A/migratory_waterfowl/Hub	0.2957	0.3051	0.4288	0.2782	0.189	-0.051	0.395	52.96	0.435	0.438	678	716	-0.469134	0.093575	
A/migratory_waterfowl/Hub	0.2957	0.3051	0.4288	0.2782	0.189	-0.051	0.395	52.96	0.435	0.438	678	716	-0.469134	0.093575	
A/mink/China/181/2019|EPI	0.2985	0.3060	0.4080	0.2929	0.182	-0.069	0.384	52.86	0.448	0.443	679	716	-0.455587	0.093575	
A/mink/China/183/2019|EPI	0.3047	0.2991	0.4046	0.3032	0.184	-0.078	0.380	52.14	0.448	0.442	679	716	-0.467318	0.094972	
A/mink/China/191/2019|EPI	0.3060	0.2966	0.4030	0.3013	0.184	-0.076	0.380	52.18	0.446	0.443	679	716	-0.454609	0.093575	
A/mink/China/456/2018|EPI	0.2841	0.3201	0.4064	0.3021	0.201	-0.014	0.417	54.67	0.462	0.446	679	716	-0.477374	0.092179	
A/mink/China/G/2015|EPI_I	0.2976	0.2976	0.4516	0.2583	0.193	-0.037	0.403	51.88	0.416	0.433	678	716	-0.469972	0.093575	
A/mink/China/XB/2015|EPI_	0.2763	0.3120	0.4275	0.2925	0.193	-0.025	0.410	53.27	0.451	0.442	681	716	-0.465503	0.092179	
A/mink/Eastern_China/006/	0.2801	0.3102	0.4335	0.2893	0.196	-0.037	0.403	53.84	0.446	0.441	680	716	-0.468296	0.093575	
A/mink/Eastern_China/149/	0.3058	0.3039	0.4092	0.2926	0.186	-0.061	0.389	52.79	0.444	0.439	678	716	-0.478352	0.093575	
A/mink/Eastern_China/528/	0.2801	0.3120	0.4335	0.2878	0.197	-0.037	0.403	53.74	0.446	0.441	680	716	-0.467877	0.093575	
A/mink/Eastern_China/571/	0.3022	0.3004	0.4114	0.2941	0.180	-0.074	0.381	52.65	0.443	0.441	679	716	-0.466760	0.093575	
A/mink/Eastern_China/0712	0.3251	0.2833	0.4408	0.2653	0.183	-0.067	0.386	53.36	0.406	0.426	677	716	-0.471788	0.093575	
A/mink/Northern_China/110	0.2892	0.3233	0.4345	0.2615	0.217	0.031	0.442	52.58	0.437	0.439	678	716	-0.476117	0.093575	
A/Muscovy_duck/China/FJFZ	0.3080	0.2894	0.4171	0.2899	0.180	-0.066	0.386	52.41	0.433	0.439	679	716	-0.441900	0.094972	
A/Muscovy_duck/China/H5N6	0.3080	0.2894	0.4171	0.2899	0.180	-0.066	0.386	52.41	0.433	0.439	679	716	-0.441900	0.094972	
A/muscovy/duck/Hunan/85/2	0.3034	0.2996	0.4179	0.2878	0.185	-0.071	0.383	53.07	0.438	0.439	678	716	-0.469553	0.093575	
A/muscovy/duck/Hunan/88/2	0.3034	0.2996	0.4198	0.2857	0.185	-0.068	0.385	53.05	0.437	0.439	678	716	-0.469553	0.093575	
A/muscovy/duck/Hunan/89/2	0.3034	0.2996	0.4198	0.2857	0.185	-0.068	0.385	53.05	0.437	0.439	678	716	-0.469553	0.093575	
A/muscovy/duck/Hunan/90/2	0.3034	0.2996	0.4198	0.2857	0.185	-0.068	0.385	53.05	0.437	0.439	678	716	-0.469553	0.093575	
A/muscovy/duck/Hunan/93/2	0.3034	0.2978	0.4198	0.2878	0.186	-0.066	0.386	52.78	0.437	0.439	678	716	-0.468994	0.093575	
A/muscovy/duck/Hunan/94/2	0.3015	0.3015	0.4198	0.2857	0.185	-0.068	0.385	52.96	0.438	0.439	678	716	-0.469553	0.093575	
A/muscovy/duck/Hunan/101/	0.3052	0.2940	0.4318	0.2741	0.183	-0.068	0.384	52.06	0.424	0.434	679	716	-0.460335	0.092179	
A/muscovy/duck/Hunan/102/	0.3096	0.2908	0.4307	0.2735	0.184	-0.070	0.383	52.24	0.422	0.434	678	716	-0.464386	0.092179	
A/muscovy/duck/Hunan/103/	0.3114	0.2889	0.4307	0.2735	0.184	-0.070	0.383	52.24	0.420	0.434	678	716	-0.464386	0.092179	
A/muscovy/duck/Hunan/104/	0.3077	0.2927	0.4307	0.2735	0.184	-0.067	0.385	52.25	0.423	0.435	678	716	-0.464386	0.092179	
A/muscovy/duck/Hunan/125/	0.3077	0.2946	0.4286	0.2767	0.185	-0.066	0.386	52.44	0.426	0.435	678	716	-0.469553	0.093575	
A/muscovy/duck/Hunan/147/	0.3039	0.2983	0.4286	0.2767	0.185	-0.061	0.389	52.13	0.429	0.436	678	716	-0.469553	0.093575	
A/muscovy/duck/Hunan/148/	0.3026	0.2989	0.4392	0.2657	0.188	-0.053	0.394	51.67	0.422	0.434	678	716	-0.469553	0.093575	
A/muscovy/duck/Hunan/167/	0.3096	0.2908	0.4307	0.2735	0.184	-0.070	0.383	52.24	0.422	0.434	678	716	-0.464386	0.092179	
A/muscovy/duck/Hunan/183/	0.2991	0.3028	0.4198	0.2857	0.185	-0.066	0.386	53.08	0.440	0.440	678	716	-0.465224	0.093575	
A/muscovy/duck/Hunan/216/	0.3077	0.2908	0.4316	0.2762	0.183	-0.073	0.382	52.10	0.423	0.434	678	716	-0.468157	0.092179	
A/muscovy/duck/Hunan/229/	0.3096	0.2908	0.4316	0.2735	0.184	-0.067	0.385	52.37	0.422	0.434	678	716	-0.468576	0.092179	
A/muscovy/duck/Hunan/232/	0.3034	0.2996	0.4198	0.2857	0.185	-0.068	0.385	53.05	0.437	0.439	678	716	-0.469553	0.093575	
A/muscovy/duck/Hunan/HN34	0.3052	0.2959	0.4171	0.2893	0.185	-0.071	0.383	52.87	0.437	0.439	678	716	-0.465782	0.093575	
A/muscovy/duck/Hunan/HN34	0.3084	0.2935	0.4160	0.2899	0.184	-0.076	0.381	52.77	0.435	0.438	678	716	-0.465782	0.093575	
A/muscovy/duck/Hunan/HN34	0.3065	0.2953	0.4160	0.2899	0.185	-0.073	0.382	52.87	0.437	0.439	678	716	-0.465782	0.093575	
A/muscovy/duck/Hunan/HN34	0.3084	0.2935	0.4160	0.2899	0.184	-0.076	0.381	52.77	0.435	0.438	678	716	-0.465782	0.093575	
A/muscovy/duck/Hunan/HN35	0.3065	0.2953	0.4160	0.2899	0.185	-0.073	0.382	52.87	0.437	0.439	678	716	-0.465782	0.093575	
A/muscovy/duck/Hunan/HN35	0.3065	0.2953	0.4160	0.2899	0.185	-0.073	0.382	52.87	0.437	0.439	678	716	-0.465782	0.093575	
A/muscovy/duck/Hunan/HN35	0.3065	0.2953	0.4160	0.2899	0.185	-0.073	0.382	52.87	0.437	0.438	678	716	-0.466341	0.093575	
A/muscovy/duck/Hunan/HN35	0.3065	0.2953	0.4160	0.2899	0.185	-0.073	0.382	52.87	0.437	0.439	678	716	-0.465782	0.093575	
A/muscovy/duck/Hunan/HN35	0.3065	0.2953	0.4160	0.2899	0.185	-0.073	0.382	52.87	0.437	0.439	678	716	-0.465782	0.093575	
A/muscovy/duck/Hunan/HN35	0.3065	0.2953	0.4160	0.2899	0.185	-0.073	0.382	52.87	0.437	0.439	678	716	-0.465782	0.093575	
A/muscovy/duck/Hunan/HN35	0.3065	0.2953	0.4160	0.2899	0.185	-0.073	0.382	52.87	0.437	0.439	678	716	-0.465782	0.093575	
A/muscovy/duck/Hunan/HN35	0.3065	0.2953	0.4160	0.2899	0.185	-0.073	0.382	52.87	0.437	0.439	678	716	-0.465782	0.093575	
A/muscovy/duck/Hunan/HN36	0.3065	0.2953	0.4160	0.2899	0.185	-0.073	0.382	52.87	0.437	0.439	678	716	-0.465782	0.093575	
A/muscovy/duck/Hunan/HN36	0.3065	0.2953	0.4160	0.2899	0.185	-0.073	0.382	52.87	0.437	0.439	678	716	-0.465782	0.093575	
A/muscovy/duck/Hunan/HN36	0.3065	0.2953	0.4160	0.2899	0.185	-0.073	0.382	52.87	0.437	0.439	678	716	-0.465782	0.093575	
A/muscovy/duck/Hunan/HN36	0.3065	0.2953	0.4179	0.2878	0.185	-0.073	0.382	52.73	0.435	0.438	678	716	-0.465782	0.093575	
A/muscovy/duck/Hunan/HN36	0.3065	0.2953	0.4160	0.2899	0.185	-0.073	0.382	52.87	0.437	0.439	678	716	-0.465782	0.093575	
A/mute_swan/Inner_Mongoli	0.2932	0.3083	0.4183	0.2902	0.192	-0.044	0.399	53.74	0.446	0.443	679	716	-0.484637	0.093575	
A/mute_swan/Shandong/1/20	0.2914	0.3083	0.4202	0.2902	0.192	-0.048	0.396	53.27	0.446	0.444	679	716	-0.485894	0.093575	
A/Nanjing/1/2015|EPI_ISL_	0.2801	0.3064	0.4358	0.2869	0.194	-0.026	0.410	53.12	0.442	0.439	681	716	-0.473045	0.092179	
A/Northern_Pintail/HK/MP6	0.2712	0.3239	0.4316	0.2845	0.194	-0.033	0.405	53.33	0.454	0.446	679	716	-0.473184	0.093575	
A/oriental_magpie_robin/H	0.2777	0.3227	0.4571	0.2510	0.208	0.028	0.440	53.47	0.429	0.437	680	716	-0.482402	0.093575	
A/ostrich/Suzhou/097/2003	0.3011	0.3068	0.4125	0.2950	0.205	-0.021	0.414	53.40	0.446	0.440	679	716	-0.488827	0.094972	
A/parrot/Guangdong/258/20	0.3226	0.2792	0.4053	0.3075	0.201	-0.035	0.404	53.45	0.434	0.439	680	716	-0.468855	0.093575	
A/parrot/Guangdong/C99/20	0.3019	0.3075	0.4118	0.2896	0.203	-0.033	0.406	53.39	0.445	0.442	679	716	-0.473324	0.094972	
A/Pavo_cristatus/China/JS	0.2980	0.2998	0.4248	0.2857	0.190	-0.051	0.394	52.47	0.437	0.437	680	716	-0.464246	0.093575	
A/Pavo_cristatus/China/K1	0.2980	0.2998	0.4248	0.2857	0.190	-0.051	0.394	52.47	0.437	0.437	680	716	-0.464246	0.093575	
A/Pavo_cristatus/Jiangxi/	0.3009	0.3047	0.4122	0.2899	0.184	-0.065	0.386	52.88	0.444	0.442	678	716	-0.470391	0.093575	
A/peacock/Yunnan/1/2015|E	0.2806	0.3126	0.4272	0.2896	0.198	-0.020	0.413	53.25	0.449	0.440	680	716	-0.477235	0.093575	
A/peacock/Yunnan/3/2015|E	0.2787	0.3126	0.4291	0.2896	0.199	-0.020	0.413	53.11	0.449	0.440	680	716	-0.477235	0.093575	
A/Peregrine_Falcon/Hong_K	0.2932	0.3064	0.4202	0.2902	0.193	-0.041	0.401	53.36	0.445	0.444	679	716	-0.480587	0.092179	
A/Phalacrocorax/Hubei/01.	0.2782	0.3120	0.4283	0.2911	0.198	-0.019	0.414	53.07	0.449	0.441	681	716	-0.470531	0.093575	
A/Phalacrocorax/Hubei/01.	0.2782	0.3120	0.4283	0.2911	0.198	-0.019	0.414	53.07	0.449	0.441	681	716	-0.470531	0.093575	
A/pheasant/Hebei/B02/2021	0.2895	0.3102	0.4183	0.2923	0.193	-0.039	0.402	53.76	0.449	0.445	679	716	-0.480168	0.093575	
A/pigeon/Fujian/1.17_FZHX	0.3052	0.2978	0.4218	0.2836	0.188	-0.060	0.389	52.70	0.434	0.437	678	716	-0.464386	0.093575	
A/pigeon/Guangdong/04.15_	0.3023	0.2985	0.4239	0.2803	0.187	-0.055	0.392	53.18	0.433	0.437	668	705	-0.474326	0.092199	
A/pigeon/Guangdong/04.16_	0.3023	0.3023	0.4181	0.2824	0.186	-0.055	0.392	53.45	0.437	0.439	668	705	-0.468510	0.092199	
A/pigeon/Guangdong/04.23_	0.3036	0.2998	0.4104	0.2909	0.183	-0.063	0.388	53.19	0.442	0.442	668	705	-0.469362	0.092199	
A/pigeon/Hainan/1.14_HKPL	0.3036	0.2998	0.4066	0.2951	0.183	-0.073	0.382	52.84	0.445	0.442	668	705	-0.468794	0.092199	
A/pigeon/Hubei/RP25/2012|	0.2906	0.3151	0.4354	0.2689	0.198	-0.045	0.398	52.94	0.435	0.436	678	716	-0.466201	0.092179	
A/Pigeon/Hunan/04.14_YYXS	0.3038	0.3019	0.4335	0.2699	0.194	-0.043	0.400	52.84	0.426	0.436	678	716	-0.465363	0.093575	
A/pigeon/Jiangsu/12.22_TC	0.2970	0.2970	0.4489	0.2636	0.181	-0.064	0.387	52.21	0.418	0.432	679	716	-0.487011	0.094972	
A/Pigeon/Jiangxi/02.10__N	0.2726	0.3308	0.4324	0.2773	0.212	0.033	0.443	52.36	0.453	0.444	680	716	-0.490643	0.093575	
A/Pigeon/Jiangxi/04.01__N	0.2712	0.3333	0.4294	0.2788	0.212	0.037	0.445	52.96	0.457	0.446	679	716	-0.494693	0.093575	
A/pigeon/Jiangxi/S40784/2	0.2914	0.3102	0.4183	0.2902	0.192	-0.043	0.399	53.51	0.448	0.444	679	716	-0.485894	0.093575	
A/pigeon/Jilin/04.25_CCHL	0.3090	0.2959	0.4198	0.2842	0.188	-0.064	0.388	52.70	0.432	0.437	678	716	-0.472067	0.093575	
A/pigeon/Jilin/04.25_CCHL	0.2871	0.3058	0.4590	0.2542	0.186	-0.053	0.394	51.00	0.419	0.432	678	716	-0.481844	0.093575	
A/pigeon/Jilin/S4176/2019	0.2919	0.2994	0.4563	0.2600	0.184	-0.050	0.395	52.11	0.417	0.431	678	716	-0.482682	0.093575	
A/Pigeon/Shandong/WS17/20	0.2838	0.3102	0.4094	0.3063	0.191	-0.034	0.404	53.72	0.459	0.448	680	716	-0.456983	0.093575	
A/pigeon/Sichuan/04.27_NB	0.2981	0.3038	0.4326	0.2735	0.190	-0.049	0.397	53.35	0.431	0.437	678	716	-0.472067	0.093575	
A/pigeon/Sichuan/NCXN29/2	0.3008	0.3008	0.4286	0.2788	0.188	-0.061	0.389	51.93	0.432	0.437	678	716	-0.473883	0.093575	
A/pigeon/Zhejiang/112089/	0.2932	0.3008	0.4506	0.2621	0.182	-0.060	0.389	51.83	0.420	0.435	678	716	-0.486173	0.093575	
A/pigeon/Zhejiang/112090/	0.2895	0.3026	0.4582	0.2558	0.184	-0.055	0.392	51.35	0.417	0.432	678	716	-0.484916	0.093575	
A/pigeon/Zhejiang/727097/	0.2951	0.3008	0.4476	0.2647	0.183	-0.064	0.388	51.12	0.422	0.432	678	716	-0.490503	0.094972	
A/plateau_pika/Qinghai/04	0.2983	0.3058	0.4133	0.2941	0.198	-0.021	0.412	52.64	0.446	0.440	679	716	-0.479609	0.093575	
A/Quail/Guangxi/GX-2/2017	0.3060	0.2948	0.4163	0.2905	0.188	-0.057	0.390	53.54	0.436	0.438	679	716	-0.443575	0.093575	
A/quail/Jiangsu/k0104/201	0.3043	0.3006	0.4379	0.2678	0.196	-0.043	0.400	51.84	0.424	0.434	677	716	-0.518017	0.094972	
A/quail/Jiangxi/B9/2015_(	0.3146	0.2903	0.4324	0.2693	0.195	-0.059	0.390	52.72	0.418	0.433	679	716	-0.481704	0.094972	
A/quail/Nanchang/6631/201	0.3013	0.2994	0.4419	0.2636	0.192	-0.041	0.400	52.00	0.421	0.434	677	716	-0.466341	0.093575	
A/Quail/Zhanjiang/16887/2	0.3015	0.2959	0.4286	0.2803	0.184	-0.068	0.385	53.08	0.431	0.438	678	716	-0.471229	0.093575	
A/Quanzhou/2/2024|EPI_ISL	0.2996	0.2996	0.4275	0.2803	0.190	-0.052	0.394	52.63	0.434	0.442	678	716	-0.491341	0.094972	
A/Shandong/1/2009|EPI_ISL	0.2973	0.3011	0.4392	0.2725	0.199	-0.024	0.411	52.52	0.427	0.434	677	716	-0.485754	0.093575	
A/Shenzhen/1/2015|EPI_ISL	0.2801	0.3214	0.4552	0.2531	0.210	0.033	0.443	53.34	0.429	0.436	680	716	-0.485475	0.093575	
A/Shenzhen/1/2016|EPI_ISL	0.2795	0.3227	0.4514	0.2552	0.207	0.028	0.440	53.73	0.432	0.438	680	716	-0.487570	0.093575	
A/Shenzhen/TH001/2015_(H5	0.2801	0.3214	0.4552	0.2531	0.210	0.033	0.443	53.34	0.429	0.436	680	716	-0.485475	0.093575	
A/Shenzhen/TH003/2016(H5N	0.2768	0.3333	0.4381	0.2647	0.212	0.028	0.440	54.37	0.446	0.440	680	716	-0.493296	0.093575	
A/Shoveller/Ningxia/488-5	0.3034	0.2996	0.4237	0.2815	0.181	-0.070	0.383	53.64	0.434	0.439	678	716	-0.470671	0.093575	
A/Sichuan/1/2006|EPI_ISL_	0.2949	0.3062	0.4419	0.2689	0.197	-0.035	0.404	52.87	0.428	0.434	678	716	-0.484497	0.093575	
A/Sichuan/2/2006|EPI_ISL_	0.2968	0.3043	0.4400	0.2710	0.199	-0.028	0.409	52.94	0.428	0.434	678	716	-0.483380	0.093575	
A/Sichuan/26221/2014|EPI_	0.2962	0.3057	0.4326	0.2735	0.190	-0.049	0.397	52.95	0.432	0.438	678	716	-0.471508	0.093575	
A/silkie_chicken/Dongguan	0.3015	0.3015	0.4294	0.2752	0.186	-0.063	0.388	52.58	0.431	0.437	678	716	-0.469553	0.093575	
A/Spatula_querquedula/Cho	0.2750	0.3239	0.4023	0.3117	0.199	-0.044	0.399	53.17	0.473	0.449	679	716	-0.468436	0.093575	
A/Spoonbill/HK/17-18259/2	0.2809	0.3165	0.4272	0.2818	0.190	-0.039	0.401	53.11	0.447	0.444	680	716	-0.459078	0.093575	
A/spoonbill/Taiwan/DB645/	0.2819	0.3162	0.4256	0.2806	0.190	-0.036	0.403	53.59	0.446	0.443	670	705	-0.465816	0.092199	
A/spot_billed_duck/Ningxi	0.2838	0.3139	0.4337	0.2756	0.191	-0.038	0.402	52.30	0.440	0.441	679	716	-0.470531	0.093575	
A/spot-billed_duck/Ningxi	0.2787	0.3202	0.4269	0.2845	0.198	-0.020	0.412	53.43	0.451	0.443	679	716	-0.473603	0.093575	
A/Streptopelia_decaocto/J	0.3121	0.2935	0.4141	0.2878	0.186	-0.068	0.385	53.47	0.434	0.439	678	716	-0.470950	0.093575	
A/Streptopelia_decaocto/J	0.3047	0.3009	0.4141	0.2878	0.187	-0.065	0.386	53.63	0.440	0.441	678	716	-0.460475	0.093575	
A/Streptopelia_decaocto/J	0.3109	0.2940	0.4141	0.2899	0.186	-0.073	0.382	53.30	0.435	0.439	678	716	-0.469553	0.093575	
A/swan_goose/Jilin/JL01/2	0.3019	0.2981	0.4335	0.2762	0.187	-0.058	0.391	53.09	0.428	0.435	678	716	-0.471648	0.094972	
A/swan/China/ST/2016|EPI_	0.2777	0.3077	0.4242	0.3013	0.195	-0.034	0.404	53.79	0.453	0.445	680	716	-0.469832	0.094972	
A/swan/Hebei/B01/2021|EPI	0.2951	0.3045	0.4163	0.2938	0.190	-0.051	0.395	53.68	0.446	0.444	679	716	-0.481983	0.093575	
A/swan/Shandong/W3762/202	0.2900	0.3070	0.4278	0.2872	0.193	-0.045	0.399	51.69	0.442	0.443	679	716	-0.487710	0.093575	
A/swine/China/RZ/2018|EPI	0.3022	0.3004	0.4095	0.2962	0.180	-0.074	0.381	52.71	0.445	0.441	679	716	-0.466760	0.093575	
A/swine/Guangdong/1/2014|	0.3015	0.3015	0.4256	0.2794	0.186	-0.066	0.386	52.84	0.434	0.438	678	716	-0.469553	0.093575	
A/swine/Guangdong/2/2014|	0.3009	0.3009	0.4256	0.2794	0.184	-0.068	0.385	52.77	0.434	0.439	678	716	-0.470391	0.093575	
A/swine/Guangdong/G3/2015	0.2996	0.3052	0.4256	0.2785	0.187	-0.064	0.388	52.91	0.435	0.438	678	716	-0.459916	0.092179	
A/swine/Shandong/SD1/2014	0.2957	0.3145	0.4038	0.2985	0.205	-0.027	0.409	54.22	0.457	0.446	679	716	-0.482821	0.093575	
A/Syrrhaptes_paradoxus/Gu	0.2978	0.3052	0.4226	0.2842	0.187	-0.061	0.389	52.97	0.440	0.440	678	716	-0.467598	0.093575	
A/Taiwan/DV413/2006|EPI_I	0.2846	0.3146	0.4237	0.2905	0.196	-0.037	0.403	53.43	0.450	0.442	680	716	-0.479190	0.094972	
A/Taiwan/DV518/2006|EPI_I	0.2865	0.3127	0.4179	0.2968	0.194	-0.050	0.396	53.42	0.453	0.443	680	716	-0.479190	0.094972	
A/thrush/Taiwan/15120021/	0.2720	0.3302	0.4133	0.2975	0.195	-0.031	0.408	53.15	0.467	0.448	679	716	-0.462011	0.094972	
A/tiger/Yunnan/tig1404/20	0.3002	0.3002	0.4324	0.2746	0.187	-0.061	0.389	52.18	0.429	0.436	678	716	-0.469553	0.093575	
A/tiger/Yunnan/tig1412/20	0.3008	0.2989	0.4411	0.2662	0.191	-0.042	0.400	52.26	0.422	0.433	678	716	-0.465782	0.093575	
A/tiger/Yunnan/tig1508/20	0.2768	0.3070	0.4291	0.2973	0.194	-0.030	0.407	53.32	0.450	0.441	680	716	-0.474162	0.093575	
A/tundra_swan/Fujian/SD12	0.2841	0.3201	0.4316	0.2744	0.196	-0.032	0.406	53.18	0.444	0.444	678	716	-0.486173	0.094972	
A/tundra_swan/Hubei/BQ3/2	0.2932	0.3064	0.4221	0.2881	0.192	-0.046	0.398	53.45	0.443	0.443	679	716	-0.485894	0.093575	
A/tundra_swan/Hubei/BQ4/2	0.2914	0.3083	0.4240	0.2860	0.191	-0.043	0.399	53.48	0.443	0.443	679	716	-0.485894	0.093575	
A/tundra_swan/Hubei/BQ6/2	0.2951	0.3064	0.4183	0.2902	0.192	-0.043	0.399	53.57	0.445	0.443	679	716	-0.485894	0.093575	
A/tundra_swan/Hubei/BQ7/2	0.2951	0.3045	0.4202	0.2902	0.192	-0.043	0.399	53.62	0.443	0.443	679	716	-0.485894	0.093575	
A/tundra_swan/Hubei/BQ8/2	0.2932	0.3064	0.4183	0.2923	0.191	-0.048	0.396	53.60	0.446	0.444	679	716	-0.485894	0.093575	
A/tundra_swan/Hubei/BQ9/2	0.2932	0.3064	0.4202	0.2902	0.192	-0.046	0.398	53.57	0.445	0.443	679	716	-0.485894	0.093575	
A/turkey/Changhua/1601001	0.2693	0.3333	0.4229	0.2878	0.193	-0.035	0.405	53.27	0.462	0.446	679	716	-0.468436	0.094972	
A/turkey/Chiayi/17020092-	0.3096	0.2889	0.4381	0.2720	0.186	-0.072	0.383	52.34	0.418	0.427	679	716	-0.491341	0.094972	
A/turkey/Chiayi/18010013-	0.2726	0.3271	0.4099	0.3032	0.192	-0.033	0.406	53.38	0.468	0.448	679	716	-0.473464	0.094972	
A/turkey/Yunlin/15060049-	0.2720	0.3302	0.4114	0.2989	0.193	-0.043	0.401	53.41	0.468	0.449	679	716	-0.474022	0.093575	
A/turkey/Yunlin/18020020-	0.2726	0.3271	0.4106	0.3032	0.193	-0.033	0.406	53.15	0.468	0.449	679	716	-0.463547	0.094972	
A/turkey/Yunlin/18110001-	0.2744	0.3271	0.4133	0.2989	0.192	-0.038	0.404	52.57	0.465	0.447	679	716	-0.465223	0.094972	
A/turkey/Yunlin/18120005-	0.2898	0.3144	0.4030	0.3075	0.198	-0.043	0.400	54.56	0.462	0.446	678	716	-0.459218	0.094972	
A/turtle_dove/Guangdong/3	0.2911	0.3100	0.4389	0.2737	0.198	-0.031	0.407	53.12	0.434	0.436	678	716	-0.483939	0.093575	
A/turtle_dove/Hunan/S4004	0.2782	0.3083	0.4313	0.2905	0.195	-0.021	0.413	53.42	0.446	0.440	681	716	-0.463129	0.093575	
A/Waterfowl/Hubei/Chenhu1	0.2957	0.3051	0.4288	0.2782	0.189	-0.051	0.395	52.96	0.435	0.438	678	716	-0.469134	0.093575	
A/Waterfowl/Hubei/Chenhu1	0.2957	0.3051	0.4288	0.2782	0.189	-0.051	0.395	52.96	0.435	0.438	678	716	-0.469134	0.093575	
A/whiskered_tern/Hubei/BQ	0.2946	0.3058	0.4202	0.2881	0.191	-0.048	0.396	53.69	0.443	0.443	679	716	-0.475140	0.093575	
A/white_naped_crane/China	0.2980	0.2998	0.4248	0.2857	0.190	-0.051	0.394	52.47	0.437	0.437	680	716	-0.464246	0.093575	
A/White-eyed_Pochard/Ning	0.3034	0.2996	0.4283	0.2779	0.181	-0.075	0.381	53.44	0.431	0.438	678	716	-0.466062	0.093575	
A/whooper_swan/Henan/8/20	0.2846	0.3169	0.4305	0.2818	0.195	-0.041	0.401	53.02	0.445	0.442	678	716	-0.487151	0.094972	
A/whooper_swan/Henan/14/2	0.2846	0.3169	0.4305	0.2818	0.195	-0.041	0.401	53.02	0.445	0.442	678	716	-0.487151	0.094972	
A/whooper_swan/Henan/44/2	0.2846	0.3169	0.4305	0.2818	0.195	-0.041	0.401	53.02	0.445	0.442	678	716	-0.487151	0.094972	
A/whooper_swan/Henan/45/2	0.2846	0.3169	0.4305	0.2818	0.195	-0.041	0.401	53.02	0.445	0.442	678	716	-0.487151	0.094972	
A/whooper_swan/Henan/46/2	0.2846	0.3169	0.4305	0.2818	0.195	-0.041	0.401	53.02	0.445	0.442	678	716	-0.487151	0.094972	
A/whooper_swan/Henan/424/	0.2846	0.3169	0.4305	0.2818	0.193	-0.044	0.400	53.00	0.445	0.441	678	716	-0.487151	0.094972	
A/whooper_swan/Henan/SM1/	0.2914	0.3083	0.4229	0.2887	0.191	-0.051	0.395	53.47	0.445	0.442	679	716	-0.480866	0.094972	
A/whooper_swan/Henan/SM16	0.2914	0.3083	0.4202	0.2902	0.192	-0.046	0.398	53.57	0.446	0.444	679	716	-0.485894	0.093575	
A/whooper_swan/Henan/SM31	0.2914	0.3083	0.4202	0.2902	0.192	-0.046	0.398	53.57	0.446	0.444	679	716	-0.485894	0.093575	
A/whooper_swan/Henan/SM61	0.2932	0.3064	0.4202	0.2902	0.192	-0.046	0.398	53.57	0.445	0.443	679	716	-0.485894	0.093575	
A/whooper_swan/Henan/SM76	0.2914	0.3102	0.4202	0.2881	0.191	-0.043	0.399	53.37	0.446	0.444	679	716	-0.485894	0.093575	
A/whooper_swan/Henan/SM86	0.2932	0.3064	0.4202	0.2902	0.192	-0.046	0.398	53.57	0.445	0.443	679	716	-0.485894	0.093575	
A/whooper_swan/Henan/SM11	0.2932	0.3064	0.4221	0.2881	0.192	-0.046	0.398	53.45	0.443	0.443	679	716	-0.485894	0.093575	
A/whooper_swan/Henan/SMQ5	0.2932	0.3064	0.4221	0.2881	0.191	-0.048	0.396	53.48	0.443	0.442	679	716	-0.485894	0.093575	
A/whooper_swan/Henan/SMQ7	0.2932	0.3064	0.4259	0.2839	0.193	-0.043	0.399	53.12	0.440	0.442	679	716	-0.482263	0.093575	
A/whooper_swan/Henan/SMQ9	0.2951	0.3045	0.4202	0.2902	0.192	-0.046	0.398	53.66	0.443	0.443	679	716	-0.485894	0.093575	
A/whooper_swan/Henan/SMQ1	0.2951	0.3045	0.4202	0.2902	0.192	-0.046	0.398	53.66	0.443	0.443	679	716	-0.485894	0.093575	
A/whooper_swan/Henan/SMX1	0.2900	0.3032	0.4573	0.2542	0.183	-0.057	0.391	52.16	0.417	0.432	678	716	-0.490363	0.093575	
A/whooper_swan/Henan/SMX3	0.2914	0.3026	0.4582	0.2526	0.182	-0.057	0.391	52.15	0.416	0.432	678	716	-0.489805	0.093575	
A/whooper_swan/Henan/SMX4	0.2932	0.3026	0.4563	0.2526	0.184	-0.057	0.391	52.23	0.416	0.432	678	716	-0.489805	0.093575	
A/whooper_swan/Henan/SMX9	0.2914	0.3026	0.4582	0.2526	0.182	-0.057	0.391	52.15	0.416	0.432	678	716	-0.489805	0.093575	
A/whooper_swan/Henan/T578	0.2731	0.3258	0.4259	0.2878	0.193	-0.036	0.404	52.31	0.457	0.445	679	716	-0.472346	0.093575	
A/whooper_swan/Henan/T874	0.2731	0.3258	0.4259	0.2878	0.193	-0.036	0.404	52.31	0.457	0.445	679	716	-0.472346	0.093575	
A/whooper_swan/Henan/T880	0.2731	0.3258	0.4259	0.2878	0.193	-0.036	0.404	52.31	0.457	0.445	679	716	-0.472346	0.093575	
A/whooper_swan/Henan/T886	0.2731	0.3258	0.4259	0.2878	0.193	-0.036	0.404	52.31	0.457	0.445	679	716	-0.472346	0.093575	
A/whooper_swan/Henan/T888	0.2731	0.3258	0.4259	0.2878	0.193	-0.036	0.404	52.31	0.457	0.445	679	716	-0.472346	0.093575	
A/whooper_swan/Henan/Y120	0.2712	0.3258	0.4259	0.2899	0.194	-0.034	0.405	52.25	0.458	0.446	679	716	-0.472346	0.093575	
A/whooper_swan/Inner_Mong	0.2932	0.3064	0.4202	0.2902	0.192	-0.046	0.398	53.57	0.445	0.443	679	716	-0.485894	0.093575	
A/Whooper_Swan/Sanmenxia/	0.2795	0.3096	0.4231	0.2992	0.194	-0.037	0.403	53.85	0.453	0.445	680	716	-0.465224	0.093575	
A/Whooper_swan/Sanmenxia/	0.2932	0.3064	0.4183	0.2923	0.192	-0.043	0.399	53.70	0.446	0.444	679	716	-0.485894	0.093575	
A/Whooper_swan/Sanmenxia/	0.2932	0.3064	0.4202	0.2902	0.191	-0.046	0.398	53.52	0.445	0.442	679	716	-0.484777	0.093575	
A/Whooper_swan/Sanmenxia/	0.2951	0.3045	0.4202	0.2902	0.192	-0.046	0.398	53.66	0.443	0.443	679	716	-0.485894	0.093575	
A/Whooper_swan/Sanmenxia/	0.2932	0.3064	0.4202	0.2902	0.191	-0.046	0.398	53.52	0.445	0.442	679	716	-0.484777	0.093575	
A/Whooper_swan/Sanmenxia/	0.2932	0.3045	0.4194	0.2917	0.190	-0.042	0.399	53.59	0.445	0.442	679	716	-0.487989	0.092179	
A/Whooper_swan/Sanmenxia/	0.2932	0.3064	0.4163	0.2944	0.192	-0.043	0.399	53.65	0.448	0.444	679	716	-0.478352	0.093575	
A/Whooper_swan/Sanmenxia/	0.2932	0.3064	0.4202	0.2902	0.192	-0.046	0.398	53.41	0.445	0.444	679	716	-0.489246	0.093575	
A/Whooper_swan/Sanmenxia/	0.2932	0.3064	0.4183	0.2923	0.191	-0.048	0.396	53.56	0.446	0.444	679	716	-0.485335	0.093575	
A/Whooper_swan/Sanmenxia/	0.2932	0.3064	0.4202	0.2902	0.192	-0.046	0.398	53.57	0.445	0.443	679	716	-0.485894	0.093575	
A/Whooper_swan/Sanmenxia/	0.2932	0.3064	0.4202	0.2902	0.193	-0.041	0.401	53.71	0.445	0.443	679	716	-0.485894	0.093575	
A/Whooper_swan/Sanmenxia/	0.2951	0.3045	0.4202	0.2902	0.192	-0.046	0.398	53.66	0.443	0.443	679	716	-0.485894	0.093575	
A/Whooper_swan/Sanmenxia/	0.2932	0.3064	0.4183	0.2923	0.192	-0.043	0.399	53.70	0.446	0.444	679	716	-0.485894	0.093575	
A/Whooper_swan/Sanmenxia/	0.2932	0.3064	0.4202	0.2902	0.192	-0.046	0.398	53.64	0.445	0.443	679	716	-0.485894	0.093575	
A/Whooper_swan/Sanmenxia/	0.2932	0.3064	0.4202	0.2902	0.192	-0.046	0.398	53.57	0.445	0.443	679	716	-0.485894	0.093575	
A/Whooper_swan/Sanmenxia/	0.2932	0.3064	0.4183	0.2923	0.191	-0.048	0.396	53.56	0.446	0.444	679	716	-0.485335	0.093575	
A/Whooper_swan/Sanmenxia/	0.2914	0.3083	0.4202	0.2902	0.192	-0.046	0.398	53.57	0.446	0.444	679	716	-0.485894	0.093575	
A/Whooper_swan/Sanmenxia/	0.2932	0.3064	0.4202	0.2902	0.192	-0.046	0.398	53.57	0.445	0.443	679	716	-0.485894	0.093575	
A/Whooper_swan/Sanmenxia/	0.2914	0.3083	0.4202	0.2902	0.192	-0.046	0.398	53.57	0.446	0.444	679	716	-0.485894	0.093575	
A/Whooper_swan/Sanmenxia/	0.2932	0.3064	0.4202	0.2902	0.192	-0.046	0.398	54.08	0.445	0.443	679	716	-0.485894	0.093575	
A/Whooper_swan/Sanmenxia/	0.2914	0.3083	0.4202	0.2902	0.192	-0.046	0.398	53.57	0.446	0.444	679	716	-0.485894	0.093575	
A/Whooper_swan/Sanmenxia/	0.2951	0.3045	0.4202	0.2902	0.192	-0.046	0.398	53.66	0.443	0.443	679	716	-0.485894	0.093575	
A/Whooper_swan/Sanmenxia/	0.2932	0.3083	0.4183	0.2902	0.193	-0.044	0.399	53.49	0.446	0.443	679	716	-0.484777	0.093575	
A/Whooper_swan/Sanmenxia/	0.2932	0.3064	0.4221	0.2881	0.192	-0.046	0.398	53.45	0.443	0.443	679	716	-0.485894	0.093575	
A/whooper_swan/Shaanxi/SX	0.2951	0.3045	0.4202	0.2902	0.192	-0.046	0.398	53.66	0.443	0.443	679	716	-0.485894	0.093575	
A/whooper_swan/Shaanxi/SX	0.2914	0.3064	0.4240	0.2881	0.189	-0.051	0.395	53.35	0.443	0.442	679	716	-0.485894	0.093575	
A/whooper_swan/Shaanxi/SX	0.2932	0.3064	0.4221	0.2881	0.191	-0.048	0.396	53.48	0.443	0.442	679	716	-0.485894	0.093575	
A/whooper_swan/Shandong/S	0.2914	0.3064	0.4183	0.2944	0.193	-0.044	0.399	53.65	0.448	0.445	679	716	-0.496788	0.093575	
A/whooper_swan/Shandong/S	0.2932	0.3045	0.4183	0.2944	0.193	-0.044	0.399	53.60	0.446	0.444	679	716	-0.489246	0.093575	
A/whooper_swan/Shandong/S	0.2932	0.3045	0.4183	0.2944	0.193	-0.044	0.399	53.62	0.446	0.445	679	716	-0.488687	0.093575	
A/whooper_swan/Shandong/S	0.2943	0.3038	0.4278	0.2851	0.189	-0.061	0.389	53.37	0.438	0.440	678	716	-0.481844	0.093575	
A/whooper_swan/Shandong/S	0.2932	0.3064	0.4163	0.2944	0.192	-0.044	0.399	53.68	0.448	0.445	679	716	-0.489246	0.093575	
A/whooper_swan/Shandong/S	0.2932	0.3045	0.4183	0.2944	0.193	-0.044	0.399	53.60	0.446	0.444	679	716	-0.489246	0.093575	
A/whooper_swan/Shandong/S	0.2932	0.3045	0.4183	0.2944	0.193	-0.044	0.399	53.60	0.446	0.444	679	716	-0.489246	0.093575	
A/whooper_swan/Shanxi/4-1	0.2932	0.3064	0.4202	0.2902	0.192	-0.046	0.398	53.57	0.445	0.443	679	716	-0.485894	0.093575	
A/whooper_swan/Shanxi/4-2	0.2932	0.3064	0.4202	0.2902	0.192	-0.046	0.398	53.57	0.445	0.443	679	716	-0.485894	0.093575	
A/whooper_swan/Shanxi/14/	0.2846	0.3150	0.4305	0.2839	0.195	-0.041	0.401	52.82	0.445	0.441	678	716	-0.487151	0.094972	
A/whooper_swan/Shanxi/20/	0.2846	0.3169	0.4305	0.2818	0.195	-0.041	0.401	53.02	0.445	0.442	678	716	-0.487151	0.094972	
A/whooper_swan/Shanxi/RC0	0.2801	0.3083	0.4250	0.2992	0.194	-0.039	0.401	53.78	0.451	0.444	680	716	-0.469553	0.093575	
A/whooper_swan/Shanxi/SX1	0.2932	0.3064	0.4202	0.2902	0.191	-0.051	0.395	53.60	0.445	0.443	679	716	-0.485894	0.093575	
A/whooper_swan/Shanxi/SX3	0.2932	0.3064	0.4202	0.2902	0.192	-0.046	0.398	53.57	0.445	0.443	679	716	-0.485894	0.093575	
A/whooper_swan/Shanxi/SX5	0.2932	0.3064	0.4221	0.2881	0.190	-0.051	0.395	53.73	0.443	0.443	679	716	-0.486313	0.092179	
A/whooper_swan/Shanxi/SX1	0.2932	0.3064	0.4202	0.2902	0.192	-0.046	0.398	53.57	0.445	0.443	679	716	-0.485894	0.093575	
A/whooper_swan/Shanxi/SX1	0.2774	0.3208	0.4011	0.3166	0.195	-0.052	0.395	53.28	0.473	0.448	679	716	-0.479050	0.093575	
A/whooper_swan/Shanxi/SX1	0.2932	0.3064	0.4202	0.2902	0.192	-0.046	0.398	53.57	0.445	0.443	679	716	-0.485894	0.093575	
A/whooper_swan/Shanxi/SX2	0.2932	0.3064	0.4202	0.2902	0.191	-0.048	0.396	53.60	0.445	0.443	679	716	-0.485894	0.093575	
A/whooper_swan/Shanxi/SX2	0.2932	0.3064	0.4202	0.2902	0.192	-0.046	0.398	53.57	0.445	0.443	679	716	-0.485894	0.093575	
A/whooper_swan/Shanxi/SX2	0.2927	0.3058	0.4194	0.2917	0.192	-0.044	0.399	53.56	0.446	0.444	680	716	-0.483240	0.093575	
A/whooper_swan/Shanxi/SX2	0.2919	0.3070	0.4210	0.2902	0.193	-0.045	0.398	54.06	0.445	0.444	678	716	-0.485894	0.093575	
A/whooper_swan/Shanxi/SX2	0.2938	0.3070	0.4202	0.2902	0.192	-0.047	0.398	54.16	0.445	0.443	679	716	-0.496089	0.093575	
A/whooper_swan/Shanxi/SX2	0.2932	0.3064	0.4202	0.2902	0.192	-0.046	0.398	53.51	0.445	0.443	679	716	-0.485894	0.093575	
A/whooper_swan/Shanxi/SX3	0.2970	0.3026	0.4202	0.2902	0.191	-0.048	0.396	53.55	0.442	0.442	679	716	-0.482542	0.093575	
A/Wigeon/Ningxia/476-12/2	0.3034	0.2996	0.4237	0.2815	0.181	-0.073	0.382	53.40	0.434	0.439	678	716	-0.470671	0.093575	
A/wild_bird/Eastern_China	0.2787	0.3183	0.4221	0.2935	0.196	-0.029	0.408	53.25	0.455	0.446	679	716	-0.472207	0.093575	
A/wild_bird/Eastern_China	0.2801	0.3158	0.4221	0.2935	0.194	-0.034	0.405	53.26	0.454	0.445	679	716	-0.468436	0.093575	
A/wild_bird/Eastern_China	0.2787	0.3183	0.4221	0.2935	0.196	-0.029	0.408	53.24	0.455	0.445	679	716	-0.472765	0.093575	
A/wild_bird/Hubei/12.12_L	0.2825	0.3164	0.4194	0.2935	0.197	-0.032	0.406	53.25	0.454	0.445	679	716	-0.461872	0.094972	
A/wild_bird/Hunan/01.14_Y	0.3090	0.2903	0.4237	0.2857	0.186	-0.079	0.379	52.72	0.429	0.437	678	716	-0.469553	0.093575	
A/wild_bird/Hunan/01.14_Y	0.3028	0.2935	0.4130	0.3004	0.185	-0.077	0.379	53.50	0.442	0.441	678	716	-0.467737	0.093575	
A/wild_bird/Hunan/02.24_Y	0.3071	0.2921	0.4179	0.2920	0.186	-0.076	0.381	53.37	0.435	0.438	678	716	-0.470112	0.093575	
A/wild_bird/Hunan/02.24_Y	0.3071	0.2921	0.4179	0.2920	0.186	-0.076	0.381	53.37	0.435	0.438	678	716	-0.470112	0.093575	
A/wild_bird/Hunan/03.08_D	0.3071	0.2921	0.4179	0.2920	0.186	-0.076	0.381	53.37	0.435	0.438	678	716	-0.470112	0.093575	
A/wild_bird/Taipei/04WB12	0.3051	0.3013	0.4064	0.2979	0.205	-0.016	0.415	54.22	0.446	0.442	680	716	-0.458659	0.093575	
A/wild_bird/Zhejiang/NBXS	0.2774	0.3226	0.3981	0.3139	0.198	-0.033	0.404	52.91	0.474	0.453	680	716	-0.467319	0.093575	
A/wild_duck/Fujian/1/2011	0.3013	0.2994	0.4459	0.2583	0.190	-0.039	0.401	51.90	0.417	0.434	678	716	-0.471788	0.093575	
A/wild_duck/Fujian/2/2011	0.3013	0.2994	0.4442	0.2593	0.192	-0.034	0.404	52.37	0.418	0.434	679	716	-0.465782	0.093575	
A/wild_duck/Hebei/SD012/2	0.2865	0.3131	0.4305	0.2812	0.197	-0.032	0.406	53.40	0.443	0.442	677	716	-0.487849	0.094972	
A/wild_duck/Hunan/12.28_D	0.2623	0.3340	0.4171	0.3004	0.196	-0.025	0.410	53.32	0.472	0.450	678	716	-0.469134	0.093575	
A/wild_duck/Jiangsu/SD019	0.2932	0.3064	0.4163	0.2944	0.192	-0.046	0.398	53.79	0.448	0.444	679	716	-0.485475	0.094972	
A/wild_duck/Jilin/HF/2011	0.2792	0.3094	0.4358	0.2822	0.197	-0.020	0.412	52.39	0.442	0.442	679	716	-0.462709	0.093575	
A/wild_duck/Jilin/ZF/2011	0.2702	0.3189	0.4451	0.2741	0.197	-0.011	0.418	50.81	0.443	0.441	680	716	-0.463827	0.092179	
A/wild_duck/Shandong/1/20	0.2801	0.3214	0.4411	0.2646	0.196	-0.009	0.420	51.41	0.439	0.439	679	716	-0.517877	0.094972	
A/wild_duck/Shandong/2/20	0.2844	0.3070	0.4375	0.2797	0.197	-0.023	0.411	52.32	0.437	0.439	679	716	-0.464665	0.093575	
A/wild_duck/Shandong/628/	0.3220	0.2844	0.4321	0.2710	0.192	-0.066	0.387	53.26	0.414	0.430	677	716	-0.481704	0.096369	
A/wild_duck/Shandong/SC17	0.2932	0.3045	0.4183	0.2944	0.193	-0.044	0.399	53.60	0.446	0.444	679	716	-0.489246	0.093575	
A/wild_goose/Shandong/SC1	0.2932	0.3045	0.4183	0.2944	0.193	-0.044	0.399	53.60	0.446	0.444	679	716	-0.489246	0.093575	
A/wild_pigeon/Jilin/CC01/	0.3071	0.2978	0.4179	0.2851	0.191	-0.059	0.391	53.40	0.435	0.439	678	716	-0.476257	0.093575	
A/wildfowl/China/472/2014	0.2936	0.2973	0.4175	0.3103	0.208	-0.030	0.407	53.58	0.449	0.438	680	716	-0.476676	0.094972	
A/Xinjiang/1/2006|EPI_ISL	0.3057	0.3000	0.4175	0.2875	0.201	-0.040	0.402	52.68	0.437	0.439	679	716	-0.483240	0.093575	
A/Xinjiang/1/2009|EPI_ISL	0.2938	0.3051	0.4480	0.2578	0.200	-0.033	0.405	51.27	0.421	0.435	679	716	-0.466481	0.093575	
A/Yunnan/14563/2015|EPI_I	0.2731	0.3296	0.4171	0.2956	0.214	0.037	0.446	53.78	0.465	0.448	680	716	-0.497067	0.093575	
A/Yunnan/DQ002/2015(H5N6)	0.2787	0.3277	0.4248	0.2830	0.213	0.032	0.443	53.57	0.454	0.445	680	716	-0.497067	0.093575	
A/Zhejiang/1/2006|EPI_ISL	0.2911	0.3100	0.4400	0.2716	0.197	-0.033	0.406	53.16	0.432	0.435	678	716	-0.472626	0.093575	
A/Anas_platyrhynchos/jiuj	0.2750	0.3239	0.4023	0.3117	0.199	-0.044	0.399	53.17	0.473	0.449	679	716	-0.468436	0.093575	
A/Anas_crecca/Hubei/Chenh	0.2957	0.3051	0.4297	0.2788	0.189	-0.051	0.395	52.96	0.435	0.437	678	716	-0.473464	0.093575	
A/Anhui/1/2006_H5N1|GCA_0	0.2930	0.3081	0.4392	0.2704	0.198	-0.028	0.409	52.04	0.431	0.435	678	716	-0.480726	0.093575	
A/Anhui/1/2007_H5N1|GCA_0	0.2930	0.3119	0.4362	0.2710	0.196	-0.033	0.406	53.56	0.434	0.436	678	716	-0.480447	0.093575	
A/Anhui/2/2005_H5N1|GCA_0	0.2925	0.3075	0.4392	0.2725	0.200	-0.026	0.409	52.84	0.432	0.435	679	716	-0.472207	0.093575	
A/Anser_cygnoides/China/P	0.2959	0.3034	0.4229	0.2851	0.184	-0.066	0.386	52.77	0.440	0.440	678	716	-0.462291	0.093575	
A/Anser_cygnoides/Hubei/F	0.2825	0.3164	0.4175	0.2956	0.197	-0.034	0.405	53.26	0.455	0.445	679	716	-0.461872	0.094972	
A/Anser_fabalis/jiujiang/	0.2750	0.3239	0.4023	0.3117	0.199	-0.044	0.399	53.17	0.473	0.449	679	716	-0.468436	0.093575	
A/Anser_fabalis/jiujiang/	0.2750	0.3239	0.4023	0.3117	0.199	-0.044	0.399	53.17	0.473	0.449	679	716	-0.468436	0.093575	
A/Anser_fabalis/jiujiang/	0.2750	0.3239	0.4023	0.3117	0.199	-0.044	0.399	53.17	0.473	0.449	679	716	-0.468436	0.093575	
A/Bulbul/Taiwan/01156/201	0.3133	0.2927	0.4283	0.2758	0.191	-0.063	0.388	53.18	0.423	0.428	678	716	-0.483101	0.094972	
A/Changsha/1/2014_H5N6|GC	0.3015	0.3015	0.4321	0.2737	0.186	-0.066	0.386	52.04	0.429	0.435	678	716	-0.464525	0.094972	
A/China/Original/2018_H5N	0.2887	0.3151	0.4080	0.3013	0.203	-0.014	0.417	54.38	0.458	0.444	679	716	-0.467039	0.093575	
A/Chlidonias_hybrida/Hube	0.2914	0.3064	0.4240	0.2881	0.193	-0.036	0.404	53.68	0.443	0.443	679	716	-0.485894	0.093575	
A/Commom_Teal/Ningxia/474	0.3034	0.2996	0.4237	0.2809	0.183	-0.073	0.382	53.47	0.434	0.439	678	716	-0.471090	0.093575	
A/Copsychus_saularis/Guan	0.3009	0.2991	0.4305	0.2767	0.185	-0.064	0.387	52.42	0.430	0.437	679	716	-0.473324	0.093575	
A/Cygnus_atratus/Hubei/2Z	0.2814	0.3077	0.4240	0.2998	0.195	-0.034	0.404	53.78	0.451	0.444	680	716	-0.469134	0.093575	
A/Cygnus_atratus/Hubei/HF	0.2795	0.3096	0.4240	0.2998	0.194	-0.037	0.403	53.80	0.453	0.444	680	716	-0.469134	0.093575	
A/Cygnus_columbianus/Hube	0.2932	0.3064	0.4202	0.2902	0.192	-0.046	0.398	53.57	0.445	0.443	679	716	-0.485894	0.093575	
A/Cygnus_columbianus/Hube	0.2951	0.3045	0.4240	0.2860	0.191	-0.048	0.396	53.51	0.440	0.442	679	716	-0.485894	0.093575	
A/Cygnus_columbianus/Hube	0.2932	0.3064	0.4221	0.2881	0.192	-0.046	0.398	53.45	0.443	0.443	679	716	-0.485894	0.093575	
A/Cygnus_columbianus/Hube	0.2914	0.3083	0.4221	0.2881	0.193	-0.041	0.401	53.47	0.445	0.443	679	716	-0.485894	0.093575	
A/Cygnus_columbianus/Hube	0.2951	0.3045	0.4202	0.2902	0.192	-0.043	0.399	53.62	0.443	0.443	679	716	-0.485894	0.093575	
A/Cygnus_columbianus/Hube	0.2932	0.3064	0.4183	0.2923	0.191	-0.048	0.396	53.60	0.446	0.444	679	716	-0.485894	0.093575	
A/Cygnus_columbianus/Hube	0.2951	0.3064	0.4175	0.2896	0.192	-0.043	0.399	53.55	0.445	0.444	679	716	-0.481564	0.093575	
A/Duck/Dongting/D76-1/201	0.2623	0.3340	0.4171	0.3004	0.196	-0.025	0.410	53.32	0.472	0.450	678	716	-0.469134	0.093575	
A/Duck/Jiangxi/631/2024_H	0.2811	0.3189	0.4023	0.3124	0.196	-0.043	0.399	53.41	0.468	0.450	679	716	-0.476676	0.092179	
A/Falcated_Duck/Ningxia/4	0.3034	0.2996	0.4256	0.2794	0.181	-0.073	0.382	53.37	0.432	0.439	678	716	-0.470671	0.093575	
A/Ferruginous_Pochard/Nin	0.3034	0.2996	0.4283	0.2779	0.181	-0.075	0.381	53.44	0.431	0.438	678	716	-0.466062	0.093575	
A/Gadwall/Ningxia/472-7/2	0.3034	0.2996	0.4256	0.2794	0.181	-0.073	0.382	53.37	0.432	0.439	678	716	-0.470671	0.093575	
A/Gallinula_chloropus/Gua	0.2998	0.2980	0.4297	0.2788	0.182	-0.073	0.381	52.40	0.431	0.437	680	716	-0.453352	0.093575	
A/Guangdong/1/2008_H5N1|G	0.2892	0.3081	0.4466	0.2679	0.197	-0.027	0.409	52.57	0.428	0.434	677	716	-0.473603	0.094972	
A/Guangdong/2/2006_H5N1|G	0.2949	0.3062	0.4487	0.2600	0.196	-0.038	0.403	51.66	0.422	0.433	678	716	-0.475978	0.093575	
A/Guangdong/lgf/2021_H5N6	0.2946	0.3039	0.4163	0.2944	0.191	-0.045	0.398	53.75	0.446	0.445	679	716	-0.486732	0.093575	
A/Guangxi/1/2005_H5N1|GCA	0.2898	0.3125	0.4381	0.2725	0.198	-0.037	0.404	52.62	0.435	0.437	678	716	-0.488129	0.094972	
A/Guangxi/1/2008_H5N1|GCA	0.2925	0.3075	0.4497	0.2573	0.198	-0.035	0.404	52.29	0.422	0.432	678	716	-0.477374	0.092179	
A/Guangzhou/39715/2014_H5	0.3052	0.2978	0.4198	0.2857	0.184	-0.071	0.383	53.16	0.435	0.439	678	716	-0.468994	0.093575	
A/Guizhou/1/2009_H5N1|GCA	0.2892	0.3100	0.4457	0.2657	0.199	-0.025	0.410	52.70	0.429	0.435	678	716	-0.480307	0.094972	
A/Hunan/1/2008_H5N1|GCA_0	0.3169	0.2941	0.4015	0.3021	0.201	-0.041	0.402	54.33	0.442	0.439	679	716	-0.480726	0.093575	
A/Hunan/2/2009_H5N1|GCA_0	0.2917	0.3087	0.4438	0.2678	0.202	-0.025	0.410	52.61	0.429	0.434	678	716	-0.467877	0.094972	
A/Japanese_white-eye/Taoy	0.2900	0.3051	0.4487	0.2642	0.185	-0.056	0.392	51.71	0.425	0.433	678	716	-0.488129	0.093575	
A/Nanjing/1/2015_H5N1|GCA	0.2801	0.3064	0.4358	0.2869	0.194	-0.026	0.410	53.12	0.442	0.439	681	716	-0.473045	0.092179	
A/Northern_Shoveler/Ningx	0.3034	0.2996	0.4237	0.2815	0.181	-0.070	0.383	53.64	0.434	0.439	678	716	-0.470671	0.093575	
A/Pavo_cristatus/China/JS	0.2980	0.2998	0.4248	0.2857	0.190	-0.051	0.394	52.47	0.437	0.437	680	716	-0.464246	0.093575	
A/Pavo_cristatus/China/K1	0.2980	0.2998	0.4248	0.2857	0.190	-0.051	0.394	52.47	0.437	0.437	680	716	-0.464246	0.093575	
A/Pavo_cristatus/Jiangxi/	0.3009	0.3047	0.4122	0.2899	0.184	-0.065	0.386	52.88	0.444	0.442	678	716	-0.470391	0.093575	
A/Rattus_norvegicus/China	0.3035	0.2980	0.4125	0.2923	0.189	-0.062	0.388	53.70	0.441	0.439	680	716	-0.458380	0.094972	
A/Shandong/1/2009_H5N1|GC	0.2973	0.3011	0.4392	0.2725	0.199	-0.024	0.411	52.52	0.427	0.434	677	716	-0.485754	0.093575	
A/Spatula_querquedula/cho	0.2750	0.3239	0.4023	0.3117	0.199	-0.044	0.399	53.17	0.473	0.449	679	716	-0.468436	0.093575	
A/Syrrhaptes_paradoxus/Gu	0.2978	0.3052	0.4226	0.2842	0.187	-0.061	0.389	52.97	0.440	0.440	678	716	-0.467598	0.093575	
A/Taiwan/DV413/2006_H5N2|	0.2846	0.3146	0.4237	0.2905	0.196	-0.037	0.403	53.43	0.450	0.442	680	716	-0.479190	0.094972	
A/Taiwan/DV518/2006_H5N2|	0.2865	0.3127	0.4179	0.2968	0.194	-0.050	0.396	53.42	0.453	0.443	680	716	-0.479190	0.094972	
A/Whooper_Swan/Sanmenxia/	0.2795	0.3096	0.4231	0.2992	0.194	-0.037	0.403	53.85	0.453	0.445	680	716	-0.465224	0.093575	
A/Wild_bird/Huadong/CIXI2	0.2932	0.3064	0.4183	0.2917	0.193	-0.040	0.401	53.54	0.446	0.444	679	716	-0.486313	0.093575	
A/Wild_bird/Huadong/CM120	0.2782	0.3102	0.4358	0.2854	0.193	-0.024	0.411	53.12	0.443	0.438	681	716	-0.470670	0.093575	
A/Wild_bird/Huadong/DF10/	0.3080	0.2894	0.4137	0.2923	0.179	-0.083	0.375	52.24	0.435	0.440	680	716	-0.453631	0.093575	
A/Wild_bird/Huadong/DT10/	0.2932	0.3008	0.4573	0.2526	0.183	-0.061	0.389	52.80	0.414	0.432	678	716	-0.477374	0.093575	
A/Wild_bird/Huadong/GY116	0.3080	0.2894	0.4137	0.2923	0.179	-0.083	0.375	52.24	0.435	0.440	680	716	-0.453631	0.093575	
A/Wild_bird/Huadong/GY183	0.3083	0.2970	0.4218	0.2836	0.190	-0.061	0.389	52.92	0.432	0.436	678	716	-0.462151	0.093575	
A/Wild_bird/Huadong/GY999	0.3028	0.3047	0.4141	0.2857	0.185	-0.065	0.386	52.67	0.441	0.441	678	716	-0.470391	0.093575	
A/Wild_bird/Huadong/JYWB4	0.2919	0.3032	0.4525	0.2594	0.184	-0.058	0.391	51.76	0.420	0.433	678	716	-0.489665	0.093575	
A/Wild_bird/Huadong/QP10/	0.3021	0.2983	0.4248	0.2830	0.187	-0.066	0.386	52.84	0.434	0.438	678	716	-0.469553	0.093575	
A/Wild_bird/Huadong/SH17/	0.3080	0.2894	0.4137	0.2923	0.179	-0.083	0.375	52.24	0.435	0.440	680	716	-0.453631	0.093575	
A/Wild_bird/Huadong/SSW7/	0.3009	0.3047	0.4122	0.2899	0.183	-0.063	0.388	52.37	0.444	0.442	678	716	-0.470391	0.093575	
A/Wild_bird/Huadong/SZ111	0.3021	0.2983	0.4248	0.2830	0.187	-0.066	0.386	52.84	0.434	0.438	678	716	-0.469553	0.093575	
A/Wild_bird/Huadong/YC148	0.3009	0.3047	0.4122	0.2899	0.183	-0.063	0.388	52.37	0.444	0.442	678	716	-0.470391	0.093575	
A/Wild_bird/Huadong/YX68/	0.3080	0.2894	0.4137	0.2923	0.179	-0.083	0.375	52.24	0.435	0.440	680	716	-0.453631	0.093575	
A/Xinjiang/1/2009_H5N1|GC	0.2938	0.3051	0.4480	0.2578	0.200	-0.033	0.405	51.27	0.421	0.435	679	716	-0.466481	0.093575	
A/Yangzhou/125/2022_H5N6|	0.2857	0.3105	0.3936	0.3271	0.186	-0.054	0.393	55.20	0.471	0.447	679	716	-0.484916	0.093575	
A/avian/Hong_Kong/0719/20	0.2887	0.3094	0.4544	0.2563	0.195	-0.033	0.406	52.05	0.422	0.432	678	716	-0.475279	0.093575	
A/avian/Hong_Kong/1993/20	0.2892	0.3100	0.4516	0.2579	0.194	-0.033	0.406	52.17	0.423	0.432	678	716	-0.475140	0.093575	
A/avian/Hong_Kong/2372/20	0.2943	0.3057	0.4506	0.2584	0.195	-0.033	0.406	52.30	0.420	0.432	678	716	-0.468994	0.093575	
A/baikal_teal/Xianghai/42	0.2768	0.3202	0.4335	0.2815	0.196	-0.021	0.412	52.15	0.448	0.441	679	716	-0.472346	0.093575	
A/bar-headed_goose/Qingha	0.3028	0.3009	0.4253	0.2754	0.202	-0.028	0.408	52.28	0.432	0.440	681	716	-0.489805	0.093575	
A/bar-headed_goose/Tibet/	0.3075	0.2981	0.4213	0.2839	0.204	-0.033	0.406	52.85	0.433	0.437	679	716	-0.480586	0.094972	
A/black_chicken/Jiangxi/1	0.3000	0.3000	0.4373	0.2725	0.189	-0.051	0.395	52.94	0.426	0.434	678	716	-0.471508	0.093575	
A/brown-headed_gull/Qingh	0.2779	0.3176	0.4354	0.2782	0.201	-0.011	0.418	52.30	0.445	0.442	677	716	-0.488827	0.094972	
A/brown-headed_gull/Qingh	0.2779	0.3195	0.4370	0.2762	0.201	-0.009	0.419	51.83	0.445	0.441	677	716	-0.480726	0.094972	
A/canvasback/Xianghai/428	0.2887	0.3208	0.4061	0.2965	0.203	-0.008	0.420	53.64	0.459	0.445	679	716	-0.473743	0.093575	
A/cat/Sichuan/SC18/2014_H	0.2962	0.3057	0.4326	0.2729	0.191	-0.047	0.398	52.98	0.432	0.439	678	716	-0.475279	0.093575	
A/cat/Zhejiang/C1/2016_H5	0.2768	0.3315	0.4256	0.2782	0.211	0.017	0.433	53.28	0.455	0.445	679	716	-0.495112	0.093575	
A/cat/Zhejiang/C2/2016_H5	0.2750	0.3296	0.4198	0.2887	0.211	0.030	0.440	52.72	0.461	0.447	679	716	-0.491760	0.093575	
A/chicken/Anhui/MZ33/2016	0.2720	0.3302	0.4256	0.2836	0.208	0.027	0.439	53.23	0.458	0.446	679	716	-0.483939	0.093575	
A/chicken/Anhui/MZ34/2016	0.2720	0.3302	0.4237	0.2857	0.207	0.025	0.437	53.32	0.459	0.446	679	716	-0.483939	0.093575	
A/chicken/Beijing/BJ7/201	0.2736	0.3321	0.4313	0.2794	0.213	0.037	0.446	54.62	0.454	0.440	680	716	-0.498883	0.094972	
A/chicken/CH/a556/2015_H5	0.3225	0.2767	0.4476	0.2716	0.195	-0.050	0.397	52.08	0.404	0.423	678	716	-0.494553	0.093575	
A/chicken/Changhua/150101	0.2650	0.3383	0.4152	0.2954	0.194	-0.033	0.406	52.90	0.471	0.448	679	716	-0.468436	0.094972	
A/chicken/Changhua/150102	0.2674	0.3352	0.4163	0.2947	0.192	-0.038	0.404	52.99	0.468	0.447	679	716	-0.468855	0.094972	
A/chicken/Changhua/150103	0.2669	0.3365	0.4152	0.2954	0.194	-0.035	0.405	52.89	0.470	0.448	679	716	-0.468436	0.094972	
A/chicken/Changhua/150103	0.2669	0.3365	0.4163	0.2920	0.195	-0.032	0.406	53.04	0.468	0.448	679	716	-0.461872	0.096369	
A/chicken/Changhua/150103	0.2669	0.3365	0.4133	0.2975	0.194	-0.035	0.405	53.15	0.471	0.449	679	716	-0.467877	0.094972	
A/chicken/Changhua/150103	0.2669	0.3365	0.4171	0.2932	0.194	-0.033	0.406	52.88	0.468	0.447	679	716	-0.468436	0.094972	
A/chicken/Changhua/150400	0.3159	0.2897	0.4324	0.2710	0.188	-0.068	0.385	53.01	0.418	0.426	680	716	-0.486732	0.094972	
A/chicken/Changhua/150400	0.3202	0.2865	0.4275	0.2746	0.190	-0.067	0.386	53.06	0.418	0.427	679	716	-0.490782	0.094972	
A/chicken/Changhua/150400	0.3184	0.2884	0.4275	0.2752	0.189	-0.072	0.383	53.04	0.420	0.427	679	716	-0.486871	0.094972	
A/chicken/Changhua/150400	0.3184	0.2884	0.4256	0.2773	0.189	-0.075	0.381	53.06	0.421	0.427	679	716	-0.487430	0.094972	
A/chicken/Changhua/150500	0.2688	0.3346	0.4163	0.2926	0.196	-0.028	0.409	52.99	0.467	0.448	679	716	-0.464665	0.094972	
A/chicken/Changhua/150500	0.3114	0.2946	0.4264	0.2773	0.191	-0.065	0.388	53.22	0.426	0.430	678	716	-0.493855	0.094972	
A/chicken/Changhua/150600	0.2650	0.3346	0.4221	0.2905	0.193	-0.030	0.408	52.91	0.465	0.447	679	716	-0.464665	0.094972	
A/chicken/Changhua/150600	0.3121	0.2916	0.4264	0.2773	0.187	-0.072	0.383	52.90	0.425	0.430	678	716	-0.490363	0.094972	
A/chicken/Changhua/150600	0.2688	0.3327	0.4163	0.2947	0.194	-0.030	0.408	52.85	0.467	0.447	679	716	-0.464665	0.094972	
A/chicken/Changhua/151200	0.2674	0.3352	0.4190	0.2905	0.190	-0.037	0.404	53.22	0.466	0.447	678	716	-0.468296	0.094972	
A/chicken/Changhua/160100	0.2669	0.3346	0.4202	0.2918	0.194	-0.026	0.411	52.56	0.465	0.446	679	716	-0.462710	0.094972	
A/chicken/Changhua/170600	0.2726	0.3308	0.4240	0.2848	0.196	-0.025	0.411	52.98	0.458	0.445	679	716	-0.463687	0.094972	
A/chicken/Changhua/180400	0.2637	0.3390	0.4190	0.2939	0.196	-0.015	0.417	52.33	0.470	0.447	679	716	-0.475419	0.094972	
A/chicken/Chiayi/15010287	0.2669	0.3365	0.4152	0.2954	0.194	-0.035	0.405	53.03	0.470	0.448	679	716	-0.468436	0.094972	
A/chicken/Chiayi/15010409	0.2693	0.3333	0.4183	0.2932	0.194	-0.033	0.406	52.91	0.465	0.446	679	716	-0.467458	0.094972	
A/chicken/Chiayi/15010454	0.3133	0.2927	0.4264	0.2773	0.190	-0.066	0.386	53.09	0.425	0.429	678	716	-0.490503	0.094972	
A/chicken/Chiayi/17040009	0.2693	0.3333	0.4163	0.2954	0.196	-0.020	0.414	52.77	0.467	0.447	679	716	-0.468156	0.094972	
A/chicken/Chiayi/18120003	0.2892	0.3138	0.4061	0.3033	0.198	-0.033	0.404	54.42	0.459	0.446	678	716	-0.447207	0.093575	
A/chicken/China/007/2019_	0.2985	0.3060	0.4095	0.2920	0.180	-0.073	0.382	52.35	0.447	0.443	678	716	-0.458240	0.093575	
A/chicken/China/1101/2019	0.3084	0.2972	0.4019	0.2998	0.183	-0.079	0.379	53.37	0.445	0.443	678	716	-0.457402	0.093575	
A/chicken/China/Cangzhou0	0.2755	0.3245	0.4042	0.3096	0.199	-0.041	0.401	53.27	0.471	0.448	679	716	-0.473324	0.093575	
A/chicken/China/E93/2012_	0.2876	0.3158	0.4400	0.2630	0.193	-0.015	0.416	51.34	0.434	0.437	678	716	-0.505866	0.093575	
A/chicken/China/E96/2012_	0.2857	0.3158	0.4381	0.2672	0.193	-0.022	0.412	50.95	0.437	0.439	678	716	-0.502235	0.093575	
A/chicken/Chiping/0321/20	0.2708	0.3371	0.4286	0.2788	0.210	0.015	0.433	55.58	0.458	0.442	679	716	-0.497905	0.093575	
A/chicken/Dongguan/2690/2	0.3052	0.2978	0.4237	0.2815	0.185	-0.071	0.383	52.93	0.432	0.438	678	716	-0.469553	0.093575	
A/chicken/Dongguan/3363/2	0.3015	0.3015	0.4294	0.2752	0.186	-0.063	0.388	52.73	0.431	0.437	678	716	-0.469553	0.093575	
A/chicken/Dongguan/4259/2	0.3034	0.3015	0.4218	0.2815	0.186	-0.071	0.383	52.61	0.435	0.438	678	716	-0.469553	0.093575	
A/chicken/Eastern_China/H	0.2863	0.3202	0.4324	0.2752	0.209	0.030	0.441	54.11	0.443	0.439	680	716	-0.497207	0.093575	
A/chicken/Eastern_China/Q	0.2863	0.3202	0.4324	0.2752	0.210	0.032	0.443	54.16	0.443	0.439	680	716	-0.496648	0.093575	
A/chicken/Eastern_China/Z	0.2930	0.3138	0.4259	0.2794	0.197	-0.041	0.401	53.02	0.441	0.438	678	716	-0.470950	0.093575	
A/chicken/Eastern_China/Z	0.2968	0.3100	0.4316	0.2725	0.198	-0.038	0.403	52.95	0.434	0.436	678	716	-0.471369	0.093575	
A/chicken/Fujian/1/2007_H	0.2992	0.3068	0.4440	0.2594	0.196	-0.037	0.403	52.56	0.422	0.432	678	716	-0.470950	0.092179	
A/chicken/Fujian/11.23_FZ	0.2974	0.2993	0.4207	0.2932	0.190	-0.044	0.399	52.49	0.441	0.439	680	716	-0.470671	0.093575	
A/chicken/GY/a451/2015_H5	0.3206	0.2786	0.4493	0.2727	0.198	-0.046	0.400	51.30	0.406	0.422	678	716	-0.497346	0.096369	
A/chicken/Gansu/5/2012_H5	0.2820	0.3195	0.4400	0.2646	0.195	-0.015	0.416	51.09	0.438	0.439	678	716	-0.502654	0.093575	
A/chicken/Gansu/6/2012_H5	0.2895	0.3139	0.4400	0.2630	0.192	-0.020	0.413	51.23	0.432	0.436	678	716	-0.505866	0.093575	
A/chicken/Ganzhou/GZ27/20	0.2978	0.3052	0.4226	0.2842	0.186	-0.061	0.389	52.52	0.440	0.439	678	716	-0.470391	0.093575	
A/chicken/Guangdong/1/200	0.3043	0.3043	0.4175	0.2848	0.208	-0.034	0.406	53.05	0.439	0.440	679	716	-0.486173	0.093575	
A/chicken/Guangdong/GD160	0.2702	0.3321	0.4256	0.2836	0.208	0.030	0.440	53.11	0.459	0.447	679	716	-0.483939	0.093575	
A/chicken/Guangxi/16/2019	0.3047	0.3009	0.4190	0.2809	0.187	-0.057	0.391	52.51	0.435	0.438	678	716	-0.461453	0.093575	
A/chicken/Guangxi/S2039/2	0.2906	0.3057	0.4497	0.2615	0.192	-0.046	0.398	51.45	0.423	0.433	678	716	-0.476816	0.094972	
A/chicken/Guizhou/7/2008_	0.2932	0.3083	0.4330	0.2764	0.194	-0.025	0.409	53.67	0.436	0.438	677	716	-0.517738	0.093575	
A/chicken/Hebei/1102-MA/2	0.2665	0.3327	0.4240	0.2923	0.204	0.013	0.431	54.93	0.465	0.446	680	716	-0.521229	0.094972	
A/chicken/Hebei/1102/2010	0.2665	0.3327	0.4240	0.2917	0.205	0.014	0.431	54.96	0.465	0.446	680	716	-0.521648	0.094972	
A/chicken/Hebei/3/2013_H5	0.2736	0.3321	0.4313	0.2794	0.213	0.037	0.446	54.62	0.454	0.440	680	716	-0.498883	0.094972	
A/chicken/Hebei/A-8/2009_	0.2748	0.3252	0.4359	0.2716	0.190	-0.025	0.410	51.88	0.447	0.443	678	716	-0.509358	0.093575	
A/chicken/Heilongjiang/S7	0.3071	0.2978	0.4218	0.2821	0.188	-0.061	0.389	52.96	0.432	0.438	678	716	-0.468576	0.093575	
A/chicken/Henan/A-7/2006_	0.2755	0.3264	0.4286	0.2797	0.196	-0.021	0.413	52.08	0.453	0.446	678	716	-0.511732	0.093575	
A/chicken/Henan/Q7/2013_H	0.2722	0.3346	0.4313	0.2794	0.215	0.034	0.444	55.12	0.456	0.441	680	716	-0.497905	0.094972	
A/chicken/Henan/YB0597/20	0.2707	0.3327	0.4267	0.2815	0.208	0.027	0.439	52.99	0.458	0.446	679	716	-0.480447	0.093575	
A/chicken/Hsinchu/1608000	0.2650	0.3365	0.4183	0.2932	0.194	-0.025	0.411	52.74	0.468	0.448	679	716	-0.463687	0.094972	
A/chicken/Huadong/4/2008_	0.2801	0.3233	0.4324	0.2746	0.194	-0.014	0.417	52.30	0.446	0.441	679	716	-0.504469	0.092179	
A/chicken/Hubei/2856/2007	0.2825	0.3145	0.4451	0.2667	0.201	-0.012	0.418	53.82	0.434	0.438	680	716	-0.483240	0.093575	
A/chicken/Hubei/ZYSJF11/2	0.2712	0.3333	0.4275	0.2815	0.210	0.030	0.440	53.52	0.458	0.446	679	716	-0.487430	0.093575	
A/chicken/Hubei/ZYSJF16/2	0.2712	0.3333	0.4275	0.2815	0.210	0.030	0.440	53.52	0.458	0.446	679	716	-0.487430	0.093575	
A/chicken/Hubei/ZYSJF38/2	0.2712	0.3333	0.4275	0.2815	0.210	0.030	0.440	53.52	0.458	0.446	679	716	-0.487430	0.093575	
A/chicken/Hunan/02.06_YYG	0.3065	0.2972	0.4046	0.3004	0.183	-0.070	0.383	52.32	0.445	0.441	678	716	-0.470391	0.093575	
A/chicken/Hunan/03.07_YYG	0.2881	0.3145	0.4099	0.3004	0.198	-0.019	0.414	53.65	0.457	0.444	679	716	-0.472207	0.093575	
A/chicken/Hunan/12.27_YYG	0.3028	0.3028	0.4234	0.2806	0.189	-0.047	0.397	53.26	0.435	0.437	678	716	-0.467598	0.093575	
A/chicken/Hunan/12.27_YYG	0.2978	0.3034	0.4286	0.2767	0.188	-0.056	0.392	52.96	0.434	0.439	678	716	-0.468296	0.093575	
A/chicken/Hunan/1793/2007	0.3036	0.3074	0.4118	0.2902	0.201	-0.039	0.404	53.66	0.444	0.440	678	716	-0.474860	0.093575	
A/chicken/Hunan/21/2005_H	0.2949	0.3081	0.4419	0.2679	0.200	-0.023	0.412	52.71	0.428	0.432	678	716	-0.464106	0.093575	
A/chicken/Hunan/3/2007_H5	0.2925	0.3057	0.4601	0.2495	0.192	-0.041	0.401	51.47	0.414	0.430	678	716	-0.489944	0.093575	
A/chicken/Hunan/3157/2006	0.2906	0.3094	0.4392	0.2737	0.195	-0.031	0.406	52.62	0.433	0.435	679	716	-0.480587	0.093575	
A/chicken/Hunan/8/2008_H5	0.2744	0.3195	0.4392	0.2767	0.201	-0.005	0.421	51.70	0.445	0.441	679	716	-0.473603	0.093575	
A/chicken/Jiangsu/1001/20	0.2712	0.3333	0.4305	0.2767	0.211	0.034	0.443	54.70	0.455	0.442	679	716	-0.478771	0.093575	
A/chicken/Jiangsu/18/2008	0.2777	0.3265	0.4332	0.2704	0.196	-0.002	0.423	52.33	0.447	0.443	678	716	-0.505447	0.093575	
A/chicken/Jiangsu/2477/20	0.2970	0.2970	0.4563	0.2558	0.183	-0.058	0.391	52.03	0.413	0.431	678	716	-0.484916	0.093575	
A/chicken/Jiangsu/927/201	0.2919	0.3032	0.4487	0.2642	0.185	-0.048	0.397	51.44	0.423	0.433	678	716	-0.488268	0.093575	
A/chicken/Jiangsu/XZ216/2	0.2717	0.3340	0.4213	0.2854	0.212	0.028	0.440	55.24	0.462	0.445	680	716	-0.490782	0.093575	
A/chicken/Jiangsu/YB7/201	0.2768	0.3145	0.4329	0.2854	0.193	-0.023	0.412	53.37	0.447	0.440	680	716	-0.473743	0.093575	
A/chicken/Jiangsu/k0402/2	0.2782	0.3120	0.4375	0.2797	0.197	-0.018	0.414	52.18	0.442	0.441	679	716	-0.465503	0.093575	
A/chicken/Jiangxi/25/2011	0.3038	0.2962	0.4489	0.2562	0.193	-0.043	0.400	52.37	0.413	0.432	678	716	-0.469553	0.093575	
A/chicken/Jiangxi/NCDZT11	0.3065	0.2953	0.4210	0.2857	0.185	-0.069	0.384	53.41	0.433	0.438	679	716	-0.465922	0.093575	
A/chicken/Jiangxi/NCDZT11	0.3071	0.2959	0.4237	0.2821	0.186	-0.069	0.385	52.96	0.431	0.437	678	716	-0.469134	0.093575	
A/chicken/Jiangyin/JY0907	0.2798	0.3233	0.4137	0.2965	0.202	-0.009	0.420	54.98	0.461	0.444	679	716	-0.471229	0.093575	
A/chicken/Kaohsiung/16010	0.3152	0.2908	0.4330	0.2716	0.189	-0.069	0.385	52.19	0.419	0.426	678	716	-0.495810	0.094972	
A/chicken/Kaohsiung/16020	0.3177	0.2857	0.4359	0.2710	0.189	-0.069	0.385	52.55	0.414	0.426	678	716	-0.493156	0.094972	
A/chicken/Kaohsiung/16040	0.3145	0.2863	0.4389	0.2704	0.187	-0.072	0.383	52.61	0.414	0.426	678	716	-0.493715	0.094972	
A/chicken/Kaohsiung/16070	0.3158	0.2857	0.4362	0.2720	0.189	-0.073	0.383	52.47	0.415	0.426	679	716	-0.490503	0.094972	
A/chicken/Kaohsiung/16120	0.3152	0.2871	0.4237	0.2851	0.187	-0.074	0.381	53.07	0.426	0.429	679	716	-0.483101	0.094972	
A/chicken/Kaohsiung/16MB0	0.3145	0.2863	0.4389	0.2704	0.187	-0.072	0.383	52.61	0.414	0.426	678	716	-0.493715	0.094972	
A/chicken/Kaohsiung/17030	0.3184	0.2828	0.4321	0.2746	0.187	-0.066	0.386	52.99	0.416	0.428	678	716	-0.494693	0.094972	
A/chicken/Kaohsiung/17040	0.2726	0.3308	0.4183	0.2911	0.195	-0.022	0.412	52.83	0.462	0.446	679	716	-0.469413	0.094972	
A/chicken/Kaohsiung/17100	0.2763	0.3271	0.4125	0.2975	0.195	-0.025	0.411	52.48	0.464	0.447	679	716	-0.463268	0.094972	
A/chicken/Kaohsiung/18080	0.2906	0.3094	0.4278	0.2830	0.198	-0.028	0.409	52.64	0.441	0.439	678	716	-0.471090	0.093575	
A/chicken/Kaohsiung/18080	0.2887	0.3113	0.4278	0.2830	0.197	-0.028	0.409	52.59	0.442	0.440	678	716	-0.471090	0.093575	
A/chicken/Liaoning/23/200	0.3057	0.3000	0.4194	0.2854	0.202	-0.038	0.404	52.65	0.436	0.438	679	716	-0.483240	0.093575	
A/chicken/Liaoning/A-1/20	0.2750	0.3296	0.4171	0.2881	0.196	-0.017	0.414	52.30	0.462	0.448	678	716	-0.506844	0.093575	
A/chicken/Liaoning/S4092/	0.2873	0.3176	0.4381	0.2672	0.199	-0.013	0.417	51.24	0.437	0.438	678	716	-0.496229	0.093575	
A/chicken/Miaoli/15010421	0.3152	0.2908	0.4302	0.2731	0.188	-0.072	0.383	53.14	0.420	0.428	678	716	-0.490503	0.094972	
A/chicken/Nantou/16110023	0.3120	0.2876	0.4400	0.2699	0.188	-0.070	0.384	52.72	0.415	0.426	679	716	-0.487849	0.096369	
A/chicken/New_Taipei_City	0.3195	0.2838	0.4321	0.2746	0.190	-0.067	0.386	53.23	0.416	0.427	678	716	-0.493017	0.094972	
A/chicken/New_Taipei_City	0.3177	0.2876	0.4321	0.2725	0.190	-0.064	0.388	53.26	0.417	0.427	678	716	-0.493017	0.094972	
A/chicken/New_Taipei_City	0.2669	0.3346	0.4183	0.2932	0.195	-0.025	0.411	52.81	0.467	0.447	679	716	-0.463687	0.094972	
A/chicken/New_Taipei_City	0.3177	0.2876	0.4302	0.2758	0.191	-0.062	0.389	53.44	0.419	0.426	678	716	-0.492179	0.094972	
A/chicken/New_Taipei_City	0.3158	0.2895	0.4340	0.2716	0.192	-0.060	0.391	53.25	0.417	0.426	678	716	-0.491620	0.094972	
A/chicken/New_Taipei_City	0.3202	0.2863	0.4340	0.2716	0.191	-0.065	0.388	53.05	0.414	0.425	678	716	-0.496509	0.094972	
A/chicken/New_Taipei_City	0.3177	0.2876	0.4340	0.2716	0.191	-0.062	0.389	53.22	0.416	0.426	678	716	-0.492179	0.094972	
A/chicken/New_Taipei_City	0.2763	0.3252	0.4183	0.2932	0.194	-0.031	0.408	52.95	0.459	0.446	679	716	-0.467039	0.094972	
A/chicken/Ningxia/2/2012_	0.2820	0.3195	0.4419	0.2625	0.194	-0.017	0.414	51.06	0.437	0.439	678	716	-0.502654	0.093575	
A/chicken/Ningxia/222/201	0.2820	0.3195	0.4419	0.2625	0.194	-0.017	0.414	51.06	0.437	0.439	678	716	-0.502654	0.093575	
A/chicken/Ningxia/24/2006	0.2736	0.3302	0.4305	0.2762	0.196	-0.016	0.416	52.05	0.453	0.444	678	716	-0.518436	0.093575	
A/chicken/North_China/k06	0.2930	0.3100	0.4297	0.2788	0.197	-0.048	0.397	53.17	0.438	0.437	678	716	-0.463128	0.093575	
A/chicken/PH/A2821/2013_H	0.3169	0.2808	0.4476	0.2689	0.190	-0.051	0.395	50.63	0.407	0.425	678	716	-0.492877	0.093575	
A/chicken/PT/a158/2015_H5	0.3225	0.2767	0.4514	0.2679	0.196	-0.050	0.397	50.83	0.401	0.422	678	716	-0.489525	0.093575	
A/chicken/Pingtung/150500	0.2669	0.3365	0.4152	0.2947	0.195	-0.033	0.406	53.03	0.470	0.449	679	716	-0.472207	0.094972	
A/chicken/Pingtung/160200	0.2645	0.3340	0.4163	0.2962	0.193	-0.032	0.406	53.09	0.470	0.449	679	716	-0.464246	0.094972	
A/chicken/Pingtung/180100	0.2726	0.3289	0.4183	0.2932	0.196	-0.022	0.412	52.28	0.462	0.445	679	716	-0.461871	0.094972	
A/chicken/Pingtung/180200	0.2744	0.3271	0.4183	0.2932	0.195	-0.029	0.409	52.73	0.461	0.446	679	716	-0.463547	0.094972	
A/chicken/Qingdao/1/2014_	0.2660	0.3396	0.4267	0.2824	0.210	0.024	0.438	55.23	0.463	0.446	680	716	-0.504190	0.092179	
A/chicken/SC/a688/2015_H5	0.3225	0.2786	0.4514	0.2653	0.196	-0.047	0.398	50.87	0.401	0.421	678	716	-0.495810	0.093575	
A/chicken/Shandong/A-10/2	0.2774	0.3226	0.4373	0.2720	0.199	-0.013	0.417	50.91	0.444	0.443	678	716	-0.487570	0.093575	
A/chicken/Shandong/S3/201	0.2655	0.3390	0.4267	0.2824	0.209	0.022	0.437	55.16	0.463	0.446	680	716	-0.496788	0.093575	
A/chicken/Shantou/3744/20	0.2708	0.3352	0.4267	0.2797	0.203	-0.015	0.417	52.08	0.459	0.446	678	716	-0.497346	0.093575	
A/chicken/Shanxi/04.28_TG	0.2985	0.2966	0.4198	0.2920	0.184	-0.063	0.388	53.21	0.440	0.440	678	716	-0.466620	0.093575	
A/chicken/Shanxi/10/2006_	0.2712	0.3333	0.4256	0.2782	0.196	-0.014	0.417	51.65	0.458	0.447	677	716	-0.498045	0.093575	
A/chicken/Shanxi/12.01_TG	0.3034	0.2996	0.4218	0.2836	0.187	-0.065	0.386	52.97	0.435	0.437	678	716	-0.464386	0.093575	
A/chicken/Sheny/0606/2008	0.2741	0.3270	0.4299	0.2759	0.201	-0.016	0.416	51.66	0.451	0.446	678	716	-0.492598	0.093575	
A/chicken/Shenzhen/1061/2	0.3021	0.3002	0.4267	0.2788	0.186	-0.064	0.388	52.45	0.432	0.437	678	716	-0.468436	0.093575	
A/chicken/Shenzhen/1845/2	0.3019	0.3000	0.4326	0.2735	0.189	-0.051	0.395	53.08	0.428	0.435	678	716	-0.468715	0.093575	
A/chicken/Shenzhen/2269/2	0.3052	0.2959	0.4198	0.2878	0.183	-0.079	0.379	52.80	0.435	0.439	678	716	-0.469553	0.093575	
A/chicken/Shenzhen/2396/2	0.3015	0.2996	0.4240	0.2809	0.183	-0.066	0.385	52.87	0.434	0.438	678	716	-0.459497	0.090782	
A/chicken/Shenzhen/2464/2	0.3034	0.2996	0.4237	0.2809	0.186	-0.068	0.385	52.95	0.434	0.439	678	716	-0.469972	0.093575	
A/chicken/Shenzhen/433/20	0.3034	0.3015	0.4256	0.2773	0.186	-0.066	0.386	52.97	0.432	0.438	678	716	-0.469553	0.093575	
A/chicken/Shenzhen/552/20	0.3034	0.2996	0.4256	0.2794	0.184	-0.071	0.383	52.84	0.432	0.438	678	716	-0.469553	0.093575	
A/chicken/Shenzhen/715/20	0.3034	0.3015	0.4256	0.2773	0.186	-0.066	0.386	52.97	0.432	0.438	678	716	-0.469553	0.093575	
A/chicken/Shijiazhuang/12	0.2779	0.3289	0.4316	0.2773	0.215	0.031	0.443	55.04	0.450	0.440	680	716	-0.489525	0.094972	
A/chicken/Sichuan/81/2005	0.2930	0.3043	0.4411	0.2731	0.193	-0.040	0.401	52.77	0.429	0.434	678	716	-0.478073	0.092179	
A/chicken/Sichuan/NCJPL1/	0.2981	0.3038	0.4307	0.2756	0.190	-0.049	0.397	53.14	0.432	0.438	678	716	-0.472067	0.093575	
A/chicken/Sichuan/k141/20	0.2966	0.3078	0.4125	0.2887	0.186	-0.058	0.390	54.02	0.446	0.442	679	716	-0.475419	0.093575	
A/chicken/TC/a504/2015_H5	0.3244	0.2748	0.4476	0.2722	0.196	-0.050	0.397	51.17	0.403	0.421	678	716	-0.493575	0.093575	
A/chicken/TY/a665/2015_H5	0.3244	0.2748	0.4495	0.2700	0.196	-0.050	0.397	51.01	0.401	0.421	678	716	-0.493575	0.093575	
A/chicken/Taichung/150103	0.2674	0.3352	0.4183	0.2926	0.194	-0.033	0.406	52.86	0.467	0.447	679	716	-0.468436	0.094972	
A/chicken/Taichung/160400	0.2674	0.3333	0.4248	0.2878	0.192	-0.036	0.405	52.89	0.462	0.446	679	716	-0.458240	0.094972	
A/chicken/Taichung/160500	0.2693	0.3333	0.4221	0.2884	0.191	-0.041	0.402	52.84	0.462	0.445	679	716	-0.463827	0.094972	
A/chicken/Taichung/161100	0.2774	0.3208	0.4373	0.2762	0.194	-0.029	0.408	52.31	0.445	0.441	679	716	-0.483938	0.093575	
A/chicken/Tainan/15020214	0.3139	0.2932	0.4253	0.2773	0.191	-0.066	0.387	53.10	0.425	0.429	677	716	-0.497626	0.094972	
A/chicken/Tainan/16040035	0.2697	0.3333	0.4099	0.2996	0.189	-0.036	0.404	52.92	0.471	0.447	680	716	-0.457402	0.094972	
A/chicken/Tainan/17030058	0.3208	0.2833	0.4379	0.2668	0.186	-0.077	0.381	52.48	0.410	0.425	678	716	-0.496648	0.093575	
A/chicken/Taipei_City/170	0.3177	0.2876	0.4340	0.2716	0.191	-0.062	0.389	53.22	0.416	0.426	678	716	-0.492179	0.094972	
A/chicken/Taipei_City/180	0.2744	0.3271	0.4095	0.3044	0.193	-0.029	0.409	53.23	0.468	0.448	679	716	-0.473464	0.094972	
A/chicken/Taipei_City/180	0.2720	0.3302	0.4183	0.2911	0.193	-0.022	0.412	51.78	0.462	0.446	679	716	-0.464525	0.094972	
A/chicken/Taipei/16060022	0.3120	0.2895	0.4305	0.2782	0.190	-0.067	0.386	53.03	0.423	0.428	679	716	-0.487151	0.094972	
A/chicken/Taipei/16060023	0.3120	0.2895	0.4305	0.2782	0.190	-0.067	0.386	52.90	0.423	0.428	679	716	-0.490503	0.094972	
A/chicken/Taipei/16120021	0.3152	0.2871	0.4267	0.2803	0.187	-0.070	0.384	52.93	0.423	0.428	679	716	-0.489665	0.094972	
A/chicken/Taipei/17050005	0.3177	0.2876	0.4321	0.2731	0.191	-0.059	0.391	53.29	0.417	0.426	678	716	-0.492598	0.094972	
A/chicken/Taipei/17050008	0.3151	0.2906	0.4340	0.2716	0.193	-0.057	0.393	53.35	0.418	0.426	677	716	-0.495950	0.094972	
A/chicken/Taipei/17050009	0.3177	0.2876	0.4321	0.2737	0.191	-0.062	0.389	53.24	0.417	0.426	678	716	-0.492179	0.094972	
A/chicken/Taishun/TS2/201	0.2825	0.3164	0.4324	0.2836	0.205	0.007	0.428	53.74	0.446	0.439	680	716	-0.487849	0.093575	
A/chicken/Taishun/TS90/20	0.2763	0.3271	0.4313	0.2773	0.210	0.034	0.443	52.69	0.451	0.445	679	716	-0.499581	0.093575	
A/chicken/Taiwan/0101/201	0.2992	0.2917	0.4552	0.2695	0.195	-0.047	0.398	50.41	0.415	0.426	679	716	-0.499022	0.094972	
A/chicken/Taiwan/01174/20	0.3133	0.2927	0.4283	0.2752	0.190	-0.066	0.386	53.09	0.423	0.429	678	716	-0.490503	0.094972	
A/chicken/Taiwan/0502/201	0.3029	0.2933	0.4506	0.2683	0.192	-0.041	0.401	50.49	0.416	0.426	678	716	-0.495670	0.093575	
A/chicken/Taiwan/1682/201	0.3062	0.2817	0.4525	0.2697	0.197	-0.051	0.395	51.30	0.411	0.431	679	716	-0.500559	0.096369	
A/chicken/Taiwan/1692/201	0.3062	0.2817	0.4516	0.2692	0.197	-0.048	0.396	51.42	0.411	0.432	679	716	-0.502374	0.096369	
A/chicken/Taiwan/1704/201	0.3081	0.2798	0.4516	0.2692	0.198	-0.048	0.396	51.43	0.409	0.431	679	716	-0.502374	0.096369	
A/chicken/Taiwan/1711/201	0.3062	0.2817	0.4516	0.2692	0.197	-0.048	0.396	51.42	0.411	0.432	679	716	-0.502374	0.096369	
A/chicken/Taiwan/2593/201	0.3168	0.2824	0.4525	0.2642	0.193	-0.052	0.395	50.74	0.404	0.423	678	716	-0.491201	0.093575	
A/chicken/Taiwan/2948/201	0.3206	0.2786	0.4544	0.2621	0.193	-0.055	0.394	51.01	0.400	0.421	678	716	-0.491201	0.093575	
A/chicken/Taiwan/4443/201	0.3162	0.2819	0.4487	0.2683	0.193	-0.050	0.397	50.57	0.407	0.425	678	716	-0.495391	0.093575	
A/chicken/Taiwan/683/2012	0.3225	0.2786	0.4478	0.2657	0.192	-0.062	0.389	50.67	0.403	0.423	678	716	-0.489805	0.092179	
A/chicken/Taiwan/7350/201	0.3162	0.2819	0.4525	0.2642	0.192	-0.054	0.394	50.17	0.404	0.423	678	716	-0.492039	0.093575	
A/chicken/Taiwan/8988/201	0.3124	0.2857	0.4535	0.2610	0.193	-0.047	0.398	50.73	0.406	0.425	678	716	-0.495391	0.093575	
A/chicken/Taiwan/8994/201	0.3124	0.2857	0.4535	0.2610	0.193	-0.047	0.398	50.73	0.406	0.425	678	716	-0.495391	0.093575	
A/chicken/Taiwan/8996/201	0.3124	0.2857	0.4535	0.2610	0.193	-0.047	0.398	50.73	0.406	0.425	678	716	-0.495391	0.093575	
A/chicken/Taiwan/A1/2019_	0.3283	0.2713	0.4533	0.2594	0.187	-0.084	0.376	49.94	0.394	0.421	678	716	-0.489805	0.093575	
A/chicken/Taiwan/A1997/20	0.3151	0.2943	0.4351	0.2722	0.202	-0.013	0.418	52.78	0.419	0.429	680	716	-0.478631	0.094972	
A/chicken/Taiwan/D2/2019_	0.2887	0.3132	0.4286	0.2815	0.199	-0.026	0.410	52.18	0.442	0.440	678	716	-0.475419	0.093575	
A/chicken/Taiwan/D9/2019_	0.2868	0.3151	0.4286	0.2815	0.200	-0.023	0.412	52.16	0.444	0.440	678	716	-0.475419	0.093575	
A/chicken/Tibet/LZ01/2010	0.2702	0.3377	0.4275	0.2773	0.204	0.031	0.441	54.77	0.459	0.444	680	716	-0.494553	0.093575	
A/chicken/Wuhan/HAQL07/20	0.2768	0.3126	0.4310	0.2896	0.195	-0.020	0.413	53.23	0.449	0.440	680	716	-0.473743	0.093575	
A/chicken/Wuhan/HAQL16/20	0.2768	0.3126	0.4310	0.2896	0.195	-0.020	0.413	53.23	0.449	0.440	680	716	-0.473743	0.093575	
A/chicken/Wuhan/WHJF/2014	0.3100	0.2949	0.4305	0.2773	0.195	-0.046	0.398	53.60	0.425	0.435	678	716	-0.470950	0.094972	
A/chicken/Wuhan/WHYJ01/20	0.3052	0.2996	0.4226	0.2800	0.183	-0.068	0.386	53.58	0.433	0.439	677	716	-0.473045	0.093575	
A/chicken/Wuxi/WX-32/2013	0.2895	0.3045	0.4516	0.2594	0.185	-0.058	0.391	51.27	0.422	0.433	678	716	-0.485754	0.093575	
A/chicken/Wuxi/WX-33/2013	0.2900	0.3051	0.4525	0.2600	0.186	-0.056	0.392	51.26	0.422	0.432	678	716	-0.488408	0.093575	
A/chicken/Xinjiang/17/200	0.2655	0.3390	0.4332	0.2725	0.198	-0.006	0.422	52.31	0.457	0.445	678	716	-0.507402	0.093575	
A/chicken/Xinjiang/27/200	0.2679	0.3358	0.4349	0.2710	0.201	-0.010	0.420	51.17	0.454	0.446	676	716	-0.498324	0.094972	
A/chicken/Xinjiang/53/200	0.2660	0.3358	0.4362	0.2720	0.199	-0.011	0.419	51.23	0.454	0.445	678	716	-0.495950	0.094972	
A/chicken/Xinjiang/54/200	0.2647	0.3403	0.4313	0.2767	0.199	-0.009	0.420	51.91	0.460	0.445	678	716	-0.505168	0.093575	
A/chicken/Xinjiang/67/200	0.2655	0.3371	0.4316	0.2756	0.202	-0.004	0.423	51.20	0.458	0.446	679	716	-0.493296	0.094972	
A/chicken/Xinjiang/68/200	0.2642	0.3396	0.4313	0.2767	0.198	-0.014	0.417	51.86	0.460	0.446	678	716	-0.502514	0.093575	
A/chicken/Xuzhou/XZ6/2016	0.3034	0.2978	0.4305	0.2767	0.189	-0.062	0.389	52.94	0.429	0.436	679	716	-0.466062	0.093575	
A/chicken/YL/A3190/2014_H	0.2973	0.2973	0.4514	0.2668	0.193	-0.036	0.404	49.24	0.419	0.429	678	716	-0.492598	0.093575	
A/chicken/Yangzhou/YD1/20	0.3058	0.2983	0.4302	0.2737	0.186	-0.068	0.386	52.72	0.427	0.436	677	716	-0.472765	0.093575	
A/chicken/Yuhang/1/2013_H	0.2683	0.3171	0.4362	0.2905	0.192	-0.029	0.408	51.77	0.452	0.443	679	716	-0.464804	0.093575	
A/chicken/Yuhang/2/2013_H	0.2683	0.3171	0.4362	0.2905	0.192	-0.029	0.408	51.77	0.452	0.443	679	716	-0.464804	0.093575	
A/chicken/Yunlin/15020048	0.2688	0.3346	0.4171	0.2932	0.194	-0.035	0.405	52.80	0.467	0.447	679	716	-0.468436	0.094972	
A/chicken/Yunlin/15040002	0.2715	0.3315	0.4122	0.2981	0.192	-0.037	0.404	52.80	0.468	0.448	679	716	-0.468855	0.094972	
A/chicken/Yunlin/15040027	0.2720	0.3302	0.4133	0.2975	0.192	-0.043	0.401	52.93	0.467	0.448	679	716	-0.464106	0.094972	
A/chicken/Yunlin/15050012	0.3165	0.2903	0.4275	0.2752	0.190	-0.070	0.384	53.10	0.421	0.428	679	716	-0.486871	0.094972	
A/chicken/Yunlin/15050037	0.2683	0.3340	0.4133	0.2975	0.192	-0.040	0.402	52.78	0.470	0.448	679	716	-0.464106	0.094972	
A/chicken/Yunlin/15050039	0.2702	0.3321	0.4133	0.2975	0.193	-0.040	0.402	52.96	0.468	0.449	679	716	-0.466760	0.093575	
A/chicken/Yunlin/15060014	0.2720	0.3302	0.4125	0.2968	0.192	-0.042	0.401	52.81	0.467	0.448	679	716	-0.456983	0.094972	
A/chicken/Yunlin/15080024	0.2707	0.3327	0.4183	0.2899	0.192	-0.038	0.404	52.88	0.464	0.446	679	716	-0.465084	0.094972	
A/chicken/Yunlin/16010001	0.2655	0.3390	0.4144	0.2932	0.195	-0.022	0.413	52.70	0.471	0.449	678	716	-0.456145	0.094972	
A/chicken/Yunlin/16010008	0.2720	0.3302	0.4133	0.2975	0.194	-0.033	0.406	53.04	0.467	0.448	679	716	-0.462011	0.094972	
A/chicken/Yunlin/16020038	0.3052	0.2959	0.4313	0.2773	0.188	-0.068	0.386	53.02	0.427	0.430	679	716	-0.490223	0.094972	
A/chicken/Yunlin/16050053	0.2693	0.3315	0.4248	0.2878	0.192	-0.039	0.404	52.87	0.461	0.446	679	716	-0.458240	0.094972	
A/chicken/Yunlin/17010001	0.3140	0.2897	0.4165	0.2918	0.185	-0.074	0.382	52.61	0.432	0.431	678	716	-0.506564	0.094972	
A/chicken/Yunlin/17010014	0.2726	0.3308	0.4144	0.2954	0.195	-0.028	0.409	52.86	0.465	0.447	679	716	-0.469413	0.094972	
A/chicken/Yunlin/17020094	0.2739	0.3265	0.4183	0.2932	0.194	-0.032	0.406	52.94	0.461	0.446	679	716	-0.452933	0.094972	
A/chicken/Yunlin/17020095	0.2664	0.3340	0.4213	0.2884	0.193	-0.025	0.411	52.76	0.464	0.447	679	716	-0.460196	0.094972	
A/chicken/Yunlin/17030001	0.2707	0.3327	0.4118	0.2962	0.196	-0.022	0.412	52.99	0.468	0.449	679	716	-0.465922	0.094972	
A/chicken/Yunlin/17030007	0.2777	0.3246	0.4186	0.2893	0.193	-0.037	0.403	52.54	0.457	0.446	680	716	-0.456564	0.093575	
A/chicken/Yunlin/17030010	0.2669	0.3346	0.4183	0.2932	0.195	-0.025	0.411	52.81	0.467	0.447	679	716	-0.463687	0.094972	
A/chicken/Yunlin/17030014	0.2650	0.3346	0.4194	0.2926	0.194	-0.020	0.414	52.76	0.467	0.448	679	716	-0.465503	0.094972	
A/chicken/Yunlin/17030020	0.2726	0.3289	0.4194	0.2905	0.194	-0.030	0.408	52.88	0.461	0.445	679	716	-0.453352	0.094972	
A/chicken/Yunlin/17030021	0.2664	0.3340	0.4167	0.2941	0.195	-0.020	0.413	52.61	0.468	0.448	680	716	-0.462291	0.094972	
A/chicken/Yunlin/17030032	0.2613	0.3383	0.4278	0.2842	0.192	-0.025	0.411	52.68	0.464	0.447	679	716	-0.464106	0.094972	
A/chicken/Yunlin/17030065	0.2726	0.3308	0.4144	0.2954	0.198	-0.018	0.415	52.61	0.465	0.447	679	716	-0.463687	0.094972	
A/chicken/Yunlin/17040003	0.2782	0.3271	0.4202	0.2863	0.197	-0.028	0.409	52.32	0.457	0.446	679	716	-0.463967	0.094972	
A/chicken/Yunlin/17040004	0.2763	0.3289	0.4118	0.2941	0.194	-0.027	0.409	52.90	0.464	0.447	679	716	-0.465922	0.094972	
A/chicken/Yunlin/17040011	0.2744	0.3271	0.4156	0.2941	0.194	-0.030	0.408	53.16	0.462	0.447	679	716	-0.465922	0.094972	
A/chicken/Yunlin/17060019	0.2702	0.3302	0.4152	0.2981	0.194	-0.033	0.406	52.68	0.467	0.447	679	716	-0.463687	0.094972	
A/chicken/Yunlin/17070010	0.2731	0.3296	0.4144	0.2975	0.193	-0.032	0.406	52.59	0.465	0.446	679	716	-0.462849	0.094972	
A/chicken/Yunlin/18010001	0.2731	0.3315	0.4057	0.3038	0.192	-0.040	0.403	52.88	0.472	0.449	678	716	-0.470810	0.094972	
A/chicken/Yunlin/18010023	0.2744	0.3289	0.4144	0.2966	0.193	-0.028	0.409	53.19	0.464	0.446	679	716	-0.455866	0.094972	
A/chicken/Yunlin/18020003	0.2744	0.3289	0.4144	0.2954	0.193	-0.028	0.409	52.16	0.464	0.446	679	716	-0.464246	0.094972	
A/chicken/Yunlin/18020004	0.2750	0.3277	0.4156	0.2947	0.193	-0.028	0.409	52.13	0.462	0.446	679	716	-0.464246	0.094972	
A/chicken/Yunlin/18020005	0.2726	0.3308	0.4144	0.2954	0.193	-0.025	0.411	52.18	0.465	0.447	679	716	-0.464246	0.094972	
A/chicken/Yunlin/18020008	0.2744	0.3308	0.4163	0.2918	0.195	-0.021	0.414	52.86	0.462	0.446	679	716	-0.463268	0.094972	
A/chicken/Yunlin/18030002	0.2739	0.3283	0.4144	0.2954	0.191	-0.030	0.408	52.14	0.464	0.447	679	716	-0.459916	0.094972	
A/chicken/Yunlin/18050013	0.2774	0.3283	0.4133	0.2960	0.193	-0.033	0.407	52.29	0.463	0.446	678	716	-0.467737	0.094972	
A/chicken/Yunlin/18060001	0.2774	0.3283	0.4133	0.2960	0.193	-0.030	0.409	52.18	0.463	0.446	678	716	-0.467737	0.094972	
A/chicken/Yunlin/18080006	0.2726	0.3271	0.4068	0.3087	0.188	-0.040	0.402	52.94	0.471	0.447	679	716	-0.459916	0.094972	
A/chicken/Yunnan/1/2014_H	0.2972	0.3028	0.4221	0.2851	0.185	-0.066	0.386	52.51	0.439	0.440	679	716	-0.457961	0.093575	
A/chicken/Yunnan/207/2004	0.3081	0.3025	0.4231	0.2777	0.202	-0.032	0.406	52.98	0.432	0.435	679	716	-0.483380	0.093575	
A/chicken/Yunnan/5686/200	0.3100	0.3025	0.4213	0.2771	0.203	-0.032	0.406	53.09	0.432	0.436	679	716	-0.487151	0.093575	
A/chicken/Yunnan/6797/200	0.3100	0.3025	0.4194	0.2792	0.204	-0.032	0.406	52.92	0.433	0.436	679	716	-0.487151	0.093575	
A/chicken/Yunnan/6885/200	0.3081	0.3025	0.4231	0.2771	0.203	-0.035	0.405	52.69	0.432	0.436	679	716	-0.487151	0.093575	
A/chicken/Zhejiang/102637	0.3028	0.2972	0.4198	0.2878	0.186	-0.060	0.389	53.52	0.437	0.439	678	716	-0.471509	0.093575	
A/chicken/Zhejiang/13160/	0.2707	0.3308	0.4248	0.2866	0.215	0.041	0.447	53.65	0.460	0.448	680	716	-0.489944	0.092179	
A/chicken/Zhejiang/194/20	0.2938	0.3107	0.4436	0.2648	0.198	-0.005	0.422	52.56	0.428	0.433	678	716	-0.490223	0.093575	
A/chicken/Zhejiang/209/20	0.2994	0.2994	0.4438	0.2683	0.213	0.007	0.429	51.27	0.423	0.432	679	716	-0.473743	0.094972	
A/chicken/Zhejiang/217/20	0.2938	0.3107	0.4436	0.2648	0.198	-0.005	0.422	52.56	0.428	0.433	678	716	-0.490223	0.093575	
A/chicken/Zhejiang/232/20	0.2994	0.3032	0.4400	0.2683	0.212	0.002	0.426	51.10	0.426	0.433	679	716	-0.473324	0.094972	
A/chicken/Zhejiang/514135	0.2795	0.3265	0.4389	0.2658	0.208	0.024	0.439	51.62	0.442	0.441	679	716	-0.482262	0.094972	
A/chicken/Zhejiang/528127	0.3004	0.3004	0.4198	0.2857	0.188	-0.049	0.395	53.25	0.438	0.439	678	716	-0.456425	0.094972	
A/chicken/Zhejiang/6107/2	0.2726	0.3308	0.4275	0.2803	0.208	0.020	0.434	52.89	0.457	0.446	679	716	-0.489106	0.093575	
A/chicken/Zhejiang/6C2/20	0.3000	0.3019	0.4345	0.2714	0.189	-0.051	0.395	53.22	0.428	0.436	678	716	-0.468715	0.093575	
A/chicken/Zhejiang/727022	0.3071	0.2978	0.4198	0.2842	0.187	-0.066	0.386	52.98	0.434	0.438	678	716	-0.468576	0.093575	
A/chicken/Zhejiang/727026	0.3071	0.2978	0.4218	0.2821	0.186	-0.066	0.386	53.03	0.432	0.437	678	716	-0.468576	0.093575	
A/chicken/Zhejiang/727079	0.2744	0.3289	0.4264	0.2842	0.210	0.032	0.442	53.38	0.457	0.446	679	716	-0.493715	0.093575	
A/chicken/Zhejiang/727155	0.3071	0.2978	0.4179	0.2857	0.187	-0.066	0.386	53.07	0.435	0.439	678	716	-0.468994	0.093575	
A/chicken/Zhejiang/727159	0.2940	0.3127	0.4179	0.2863	0.187	-0.059	0.390	52.09	0.446	0.441	679	716	-0.465224	0.093575	
A/chicken/Zhejiang/7450/2	0.3096	0.2852	0.4381	0.2779	0.197	-0.020	0.412	52.39	0.418	0.428	679	716	-0.478631	0.096369	
A/chicken/Zhejiang/81643/	0.3109	0.2846	0.4324	0.2821	0.196	-0.025	0.409	52.24	0.421	0.430	679	716	-0.475419	0.096369	
A/common_mallard/Ningxia/	0.2838	0.3139	0.4356	0.2735	0.191	-0.038	0.402	52.19	0.439	0.441	679	716	-0.469414	0.093575	
A/condor/Guangdong/139/20	0.3081	0.2987	0.4186	0.2872	0.198	-0.028	0.409	53.95	0.434	0.436	679	716	-0.479190	0.093575	
A/domestic_green-winged_t	0.2895	0.3120	0.4259	0.2824	0.198	-0.032	0.406	53.81	0.443	0.442	679	716	-0.487710	0.093575	
A/duck/Anhui/56/2005_H5N1	0.3011	0.3106	0.4099	0.2929	0.205	-0.038	0.404	53.09	0.448	0.441	679	716	-0.470391	0.093575	
A/duck/Anhui/S4/2016_H5N6	0.3090	0.2921	0.4229	0.2830	0.185	-0.075	0.381	53.24	0.429	0.438	678	716	-0.466341	0.093575	
A/duck/Changhua/15A03431-	0.2669	0.3365	0.4141	0.2981	0.194	-0.039	0.404	53.00	0.471	0.448	679	716	-0.469832	0.096369	
A/duck/Changhua/15A03473-	0.2702	0.3340	0.4152	0.2932	0.190	-0.048	0.398	52.77	0.467	0.447	679	716	-0.464106	0.094972	
A/duck/Chiayi/15080023/20	0.3133	0.2927	0.4283	0.2752	0.191	-0.065	0.388	53.02	0.423	0.428	678	716	-0.493855	0.094972	
A/duck/China/0935/2017_H5	0.2925	0.2981	0.4592	0.2573	0.185	-0.055	0.392	51.25	0.414	0.431	678	716	-0.482682	0.093575	
A/duck/China/0936/2017_H5	0.3009	0.3028	0.4111	0.2947	0.185	-0.068	0.385	52.12	0.445	0.442	678	716	-0.475279	0.093575	
A/duck/China/0938/2017_H5	0.2925	0.2981	0.4592	0.2573	0.185	-0.055	0.392	51.25	0.414	0.431	678	716	-0.482682	0.093575	
A/duck/China/1033/2017_H5	0.2925	0.2981	0.4592	0.2573	0.185	-0.055	0.392	51.25	0.414	0.431	678	716	-0.482682	0.093575	
A/duck/China/E26/2012_H5N	0.2814	0.3096	0.4367	0.2792	0.194	-0.029	0.407	52.35	0.440	0.440	680	716	-0.469553	0.093575	
A/duck/China/E53/2012_H5N	0.2906	0.3057	0.4516	0.2600	0.190	-0.049	0.397	51.15	0.422	0.432	678	716	-0.479469	0.093575	
A/duck/China/YD1516/2016_	0.3096	0.2852	0.4362	0.2806	0.197	-0.026	0.409	52.44	0.420	0.429	679	716	-0.473184	0.096369	
A/duck/Chongqing/S4362/20	0.2955	0.3106	0.4087	0.3011	0.199	-0.026	0.409	55.12	0.453	0.441	678	716	-0.449302	0.093575	
A/duck/Dongguan/2685/2013	0.3052	0.2996	0.4237	0.2794	0.186	-0.063	0.388	53.01	0.432	0.438	678	716	-0.469553	0.093575	
A/duck/Eastern_China/008/	0.2857	0.3083	0.4183	0.3004	0.196	-0.031	0.406	53.26	0.452	0.443	679	716	-0.472626	0.093575	
A/duck/Eastern_China/031/	0.3008	0.3026	0.4359	0.2683	0.197	-0.037	0.403	52.80	0.427	0.435	677	716	-0.494693	0.094972	
A/duck/Eastern_China/057/	0.2962	0.3113	0.4373	0.2647	0.200	-0.033	0.406	52.84	0.429	0.434	678	716	-0.477514	0.094972	
A/duck/Eastern_China/108/	0.3051	0.2976	0.4406	0.2668	0.196	-0.049	0.397	52.21	0.421	0.433	677	716	-0.497486	0.094972	
A/duck/Eastern_China/1111	0.3189	0.2927	0.4330	0.2642	0.194	-0.051	0.395	53.10	0.416	0.431	678	716	-0.486592	0.093575	
A/duck/Eastern_China/909/	0.3021	0.2889	0.4362	0.2851	0.198	-0.051	0.396	51.52	0.426	0.434	680	716	-0.493575	0.094972	
A/duck/Eastern_China/JY/2	0.3152	0.2889	0.4370	0.2662	0.194	-0.061	0.389	52.03	0.414	0.431	678	716	-0.477095	0.094972	
A/duck/Eastern_China/L023	0.3064	0.2989	0.4368	0.2662	0.195	-0.053	0.394	53.58	0.422	0.434	677	716	-0.490223	0.094972	
A/duck/Eastern_China/L032	0.3164	0.2900	0.4310	0.2731	0.194	-0.058	0.391	52.76	0.419	0.431	677	716	-0.494693	0.094972	
A/duck/Eastern_China/L040	0.3195	0.2876	0.4338	0.2695	0.194	-0.063	0.388	52.45	0.415	0.431	677	716	-0.491201	0.094972	
A/duck/Eastern_China/L042	0.3189	0.2852	0.4338	0.2716	0.192	-0.068	0.386	52.53	0.415	0.431	677	716	-0.486871	0.094972	
A/duck/Eastern_China/L061	0.3171	0.2871	0.4338	0.2716	0.193	-0.065	0.387	52.53	0.417	0.432	677	716	-0.491480	0.094972	
A/duck/Eastern_China/L072	0.3214	0.2838	0.4338	0.2716	0.193	-0.066	0.387	52.60	0.414	0.430	677	716	-0.491201	0.094972	
A/duck/Eastern_China/L102	0.2983	0.3096	0.4368	0.2632	0.192	-0.044	0.399	52.35	0.428	0.435	677	716	-0.481145	0.093575	
A/duck/Eastern_China/L112	0.3152	0.2871	0.4408	0.2642	0.193	-0.064	0.388	51.99	0.412	0.429	678	716	-0.487989	0.094972	
A/duck/Eastern_China/S013	0.3090	0.2846	0.4354	0.2794	0.195	-0.028	0.408	52.56	0.420	0.431	679	716	-0.460754	0.096369	
A/duck/Eastern_China/S021	0.3107	0.2938	0.4383	0.2614	0.195	-0.053	0.392	52.22	0.416	0.432	678	716	-0.468436	0.093575	
A/duck/Eastern_China/S032	0.3103	0.2935	0.4343	0.2678	0.189	-0.064	0.387	52.43	0.420	0.432	679	716	-0.484218	0.094972	
A/duck/Eastern_China/S071	0.2964	0.3077	0.4210	0.2824	0.189	-0.056	0.392	52.82	0.441	0.441	678	716	-0.468157	0.093575	
A/duck/Eastern_China/S080	0.3245	0.2887	0.4330	0.2615	0.193	-0.060	0.391	53.34	0.411	0.429	676	716	-0.482402	0.097765	
A/duck/Eastern_China/S090	0.3071	0.2921	0.4269	0.2777	0.184	-0.067	0.385	52.30	0.426	0.436	678	716	-0.459916	0.092179	
A/duck/Eastern_China/S110	0.3109	0.2921	0.4419	0.2615	0.192	-0.056	0.392	51.95	0.414	0.429	679	716	-0.488548	0.094972	
A/duck/Eastern_China/S121	0.3109	0.2940	0.4389	0.2630	0.197	-0.054	0.393	52.54	0.417	0.432	679	716	-0.480726	0.094972	
A/duck/Fujian/1.17_FZHX01	0.2957	0.3145	0.4283	0.2716	0.195	-0.026	0.409	52.42	0.437	0.436	677	716	-0.470251	0.093575	
A/duck/Fujian/10.26_FZHX0	0.2966	0.3022	0.4190	0.2920	0.190	-0.047	0.397	53.02	0.443	0.439	680	716	-0.463548	0.093575	
A/duck/Fujian/10.26_FZHX0	0.2961	0.3017	0.4229	0.2878	0.188	-0.054	0.393	52.68	0.440	0.438	680	716	-0.464386	0.093575	
A/duck/Fujian/11.23_FZHX0	0.3233	0.2895	0.4068	0.2914	0.202	-0.023	0.411	52.82	0.432	0.437	679	716	-0.481564	0.093575	
A/duck/Fujian/11.23_FZHX0	0.3022	0.2929	0.4364	0.2756	0.191	-0.061	0.388	51.77	0.424	0.434	681	716	-0.467458	0.093575	
A/duck/Fujian/11.23_FZHX0	0.2942	0.3035	0.4190	0.2920	0.190	-0.044	0.399	52.71	0.444	0.439	680	716	-0.464386	0.093575	
A/duck/Fujian/11.3_FZHX11	0.3052	0.2978	0.4237	0.2821	0.187	-0.065	0.386	52.61	0.432	0.437	678	716	-0.463408	0.093575	
A/duck/Fujian/11.3_FZHX11	0.3052	0.2978	0.4198	0.2857	0.188	-0.062	0.388	52.72	0.435	0.438	678	716	-0.464386	0.093575	
A/duck/Fujian/12.7_FZHX12	0.2938	0.3107	0.4237	0.2815	0.190	-0.047	0.397	52.67	0.442	0.439	677	716	-0.466201	0.093575	
A/duck/Fujian/12.7_FZHX12	0.3034	0.2996	0.4226	0.2848	0.186	-0.063	0.388	52.49	0.435	0.437	678	716	-0.467737	0.093575	
A/duck/Fujian/12.7_FZHX12	0.3034	0.2996	0.4226	0.2848	0.186	-0.063	0.388	52.49	0.435	0.437	678	716	-0.467737	0.093575	
A/duck/Fujian/12.7_FZHX12	0.3034	0.2996	0.4226	0.2848	0.186	-0.063	0.388	52.49	0.435	0.437	678	716	-0.467737	0.093575	
A/duck/Guangdong/11.18_SZ	0.3028	0.3009	0.4160	0.2899	0.188	-0.053	0.393	53.73	0.440	0.439	679	716	-0.471788	0.093575	
A/duck/Guangdong/11.18_SZ	0.3028	0.3009	0.4160	0.2899	0.188	-0.053	0.393	53.73	0.440	0.439	679	716	-0.471788	0.093575	
A/duck/Guangdong/11.18_SZ	0.3041	0.2985	0.4160	0.2899	0.188	-0.056	0.392	53.69	0.439	0.439	679	716	-0.467458	0.093575	
A/duck/Guangdong/23/2004_	0.3026	0.3083	0.4114	0.2812	0.201	-0.025	0.410	54.08	0.442	0.445	676	716	-0.499860	0.089385	
A/duck/Guangdong/GD01/201	0.3084	0.2953	0.4256	0.2773	0.185	-0.070	0.383	53.21	0.428	0.437	678	716	-0.470391	0.093575	
A/duck/Guangdong/s14044/2	0.3165	0.2846	0.4457	0.2600	0.194	-0.054	0.393	52.44	0.406	0.428	679	716	-0.480866	0.094972	
A/duck/Guangdong/wy11/200	0.3064	0.2951	0.4330	0.2758	0.193	-0.051	0.396	53.24	0.425	0.435	677	716	-0.498464	0.094972	
A/duck/Guangdong/wy19/200	0.3090	0.2921	0.4294	0.2762	0.194	-0.048	0.397	53.13	0.425	0.436	678	716	-0.480866	0.093575	
A/duck/Guangdong/wy24/200	0.3075	0.3000	0.4349	0.2689	0.200	-0.039	0.403	52.67	0.424	0.434	677	716	-0.482123	0.093575	
A/duck/Guangzhou/018/2014	0.3034	0.2996	0.4256	0.2794	0.185	-0.068	0.385	52.49	0.432	0.437	678	716	-0.469553	0.093575	
A/duck/Guangzhou/021/2014	0.3034	0.2996	0.4237	0.2815	0.185	-0.068	0.385	52.84	0.434	0.438	678	716	-0.469553	0.093575	
A/duck/Guangzhou/41227/20	0.3096	0.2964	0.4160	0.2878	0.188	-0.069	0.385	53.27	0.435	0.437	678	716	-0.468715	0.093575	
A/duck/Guizhou/7.27_ZYLJJ	0.2985	0.3022	0.4103	0.2962	0.181	-0.073	0.382	52.94	0.447	0.443	678	716	-0.467598	0.094972	
A/duck/Guizhou/8.26_ZYLJJ	0.2966	0.3060	0.4122	0.2920	0.183	-0.065	0.386	52.53	0.447	0.442	678	716	-0.474721	0.093575	
A/duck/Guizhou/8.26_ZYLJJ	0.2966	0.3060	0.4046	0.3004	0.182	-0.073	0.382	52.46	0.453	0.445	678	716	-0.470670	0.093575	
A/duck/Hainan/12.29_HKPL0	0.3022	0.3004	0.4084	0.2962	0.183	-0.073	0.382	52.59	0.445	0.442	678	716	-0.471229	0.093575	
A/duck/Hebei/0908/2009_H5	0.2787	0.3145	0.4335	0.2845	0.200	-0.016	0.415	52.01	0.446	0.442	679	716	-0.473184	0.093575	
A/duck/Hong_Kong/342/1978	0.2906	0.3170	0.3996	0.3075	0.203	-0.014	0.416	53.90	0.463	0.446	680	716	-0.470531	0.093575	
A/duck/Hsinchu/15020216/2	0.2683	0.3340	0.4152	0.2954	0.193	-0.034	0.405	52.99	0.468	0.447	679	716	-0.458240	0.094972	
A/duck/HuBei/03/2010_H5N5	0.2981	0.3038	0.4283	0.2827	0.193	-0.042	0.400	53.07	0.436	0.436	677	716	-0.476955	0.093575	
A/duck/Hubei/2911/2007_H5	0.2943	0.3038	0.4381	0.2752	0.193	-0.038	0.403	52.88	0.431	0.435	678	716	-0.475559	0.093575	
A/duck/Hubei/49/2005_H5N1	0.2911	0.3100	0.4438	0.2668	0.197	-0.030	0.407	52.92	0.429	0.435	678	716	-0.481006	0.093575	
A/duck/Hubei/SZY250/2016_	0.3071	0.2865	0.4373	0.2773	0.195	-0.027	0.408	52.34	0.420	0.429	679	716	-0.472486	0.093575	
A/duck/Hubei/xn/2007_H5N1	0.2782	0.3158	0.4392	0.2773	0.197	-0.021	0.412	51.70	0.442	0.439	679	716	-0.462849	0.093575	
A/duck/Hunan/01.12_YYGK82	0.2868	0.3151	0.4156	0.2962	0.200	-0.015	0.417	53.79	0.454	0.443	679	716	-0.474721	0.093575	
A/duck/Hunan/03.07_YYGK25	0.3084	0.2950	0.4078	0.2959	0.183	-0.073	0.382	51.34	0.441	0.440	660	696	-0.485919	0.093391	
A/duck/Hunan/03.07_YYGK4L	0.3071	0.2921	0.4253	0.2854	0.184	-0.074	0.383	52.90	0.430	0.436	677	716	-0.483240	0.093575	
A/duck/Hunan/03.24_YYGK17	0.3090	0.2921	0.4179	0.2893	0.190	-0.073	0.382	53.10	0.434	0.439	678	716	-0.469413	0.093575	
A/duck/Hunan/03.24_YYGK17	0.3090	0.2921	0.4179	0.2893	0.190	-0.073	0.382	53.10	0.434	0.439	678	716	-0.469413	0.093575	
A/duck/Hunan/03.24_YYGK18	0.3090	0.2903	0.4198	0.2893	0.189	-0.076	0.381	53.02	0.432	0.439	678	716	-0.472067	0.092179	
A/duck/Hunan/03.24_YYGK21	0.3090	0.2921	0.4179	0.2893	0.190	-0.073	0.382	53.10	0.434	0.439	678	716	-0.469413	0.093575	
A/duck/Hunan/1.12_YYGK68H	0.3054	0.2961	0.4133	0.2914	0.182	-0.075	0.380	52.43	0.439	0.440	679	716	-0.468575	0.093575	
A/duck/Hunan/1.12_YYGK72H	0.3054	0.2961	0.4141	0.2920	0.183	-0.075	0.380	52.39	0.439	0.441	679	716	-0.468855	0.093575	
A/duck/Hunan/1.12_YYGK74H	0.2868	0.3151	0.4156	0.2962	0.200	-0.015	0.417	53.79	0.454	0.443	679	716	-0.474721	0.093575	
A/duck/Hunan/1.17_YYGKK80	0.3090	0.2884	0.4267	0.2830	0.183	-0.081	0.378	52.84	0.426	0.436	678	716	-0.468296	0.093575	
A/duck/Hunan/11.30_YYGK59	0.2980	0.2980	0.4229	0.2899	0.189	-0.051	0.394	52.74	0.438	0.438	680	716	-0.464386	0.093575	
A/duck/Hunan/11.30_YYGK62	0.3047	0.2991	0.4084	0.2962	0.181	-0.078	0.379	52.66	0.444	0.442	678	716	-0.470391	0.093575	
A/duck/Hunan/11.30_YYGK63	0.3047	0.2991	0.4084	0.2962	0.181	-0.078	0.379	52.66	0.444	0.442	678	716	-0.470391	0.093575	
A/duck/Hunan/11.30_YYGK74	0.2772	0.3090	0.4278	0.3004	0.194	-0.032	0.405	54.12	0.452	0.444	681	716	-0.460894	0.093575	
A/duck/Hunan/11.30_YYGK75	0.2757	0.3099	0.4242	0.3021	0.193	-0.029	0.407	54.49	0.455	0.443	671	705	-0.455887	0.092199	
A/duck/Hunan/12.27_YYGK10	0.3021	0.2983	0.4259	0.2803	0.185	-0.068	0.385	52.85	0.432	0.438	678	716	-0.465224	0.093575	
A/duck/Hunan/12.27_YYGK60	0.3028	0.3047	0.4207	0.2800	0.188	-0.047	0.397	53.49	0.437	0.438	678	716	-0.463827	0.093575	
A/duck/Hunan/12.27_YYGK71	0.3021	0.2983	0.4259	0.2803	0.185	-0.068	0.385	52.85	0.432	0.438	678	716	-0.465224	0.093575	
A/duck/Hunan/12.27_YYGK73	0.3028	0.3028	0.4226	0.2800	0.189	-0.047	0.397	53.34	0.435	0.438	678	716	-0.463827	0.093575	
A/duck/Hunan/12.27_YYGK81	0.3021	0.2983	0.4259	0.2803	0.185	-0.068	0.385	52.85	0.432	0.438	678	716	-0.465224	0.093575	
A/duck/Hunan/12.27_YYGK86	0.3028	0.3047	0.4207	0.2800	0.188	-0.047	0.397	53.49	0.437	0.438	678	716	-0.463827	0.093575	
A/duck/Hunan/12.27_YYGK89	0.3021	0.2983	0.4259	0.2803	0.185	-0.068	0.385	52.85	0.432	0.438	678	716	-0.465224	0.093575	
A/duck/Hunan/12.27_YYGK91	0.3021	0.2983	0.4259	0.2803	0.185	-0.068	0.385	52.85	0.432	0.438	678	716	-0.465224	0.093575	
A/duck/Hunan/12.27_YYGK93	0.3021	0.2983	0.4259	0.2803	0.185	-0.068	0.385	52.85	0.432	0.438	678	716	-0.465224	0.093575	
A/duck/Hunan/12.27_YYGK95	0.3021	0.2964	0.4278	0.2803	0.184	-0.071	0.383	52.87	0.431	0.438	678	716	-0.465224	0.093575	
A/duck/Hunan/12.27_YYGK96	0.3002	0.3002	0.4259	0.2803	0.186	-0.066	0.386	52.89	0.434	0.439	678	716	-0.465224	0.093575	
A/duck/Hunan/12.27_YYGK97	0.3021	0.2983	0.4259	0.2803	0.185	-0.068	0.385	52.85	0.432	0.438	678	716	-0.465224	0.093575	
A/duck/Hunan/2.06_YYGK77J	0.3103	0.2953	0.4054	0.2989	0.184	-0.073	0.382	52.19	0.442	0.441	678	716	-0.470671	0.093575	
A/duck/Hunan/2.06_YYGK78J	0.3022	0.3004	0.4122	0.2920	0.182	-0.073	0.382	52.56	0.442	0.441	678	716	-0.471229	0.093575	
A/duck/Hunan/2.06_YYGK84J	0.3065	0.2972	0.4046	0.3004	0.183	-0.070	0.383	52.32	0.445	0.441	678	716	-0.470391	0.093575	
A/duck/Hunan/2.06_YYGK92J	0.3065	0.2972	0.4046	0.3004	0.183	-0.070	0.383	52.32	0.445	0.441	678	716	-0.470391	0.093575	
A/duck/Hunan/3/2007_H5N1|	0.2925	0.3057	0.4556	0.2500	0.193	-0.040	0.401	51.19	0.416	0.432	678	716	-0.474162	0.092179	
A/duck/Hunan/316/2005_H5N	0.2949	0.3043	0.4332	0.2794	0.194	-0.042	0.400	53.30	0.434	0.437	677	716	-0.479050	0.092179	
A/duck/Hunan/3315/2006_H5	0.2860	0.3125	0.4362	0.2794	0.195	-0.036	0.404	52.81	0.440	0.437	678	716	-0.491480	0.093575	
A/duck/Hunan/689/2006_H5N	0.2911	0.3081	0.4381	0.2758	0.191	-0.042	0.400	52.93	0.434	0.436	678	716	-0.481704	0.093575	
A/duck/Hunan/7.21_YYGK41Y	0.2998	0.2961	0.4210	0.2893	0.184	-0.063	0.387	53.42	0.437	0.440	679	716	-0.468575	0.093575	
A/duck/Hunan/733/2004_H5N	0.3006	0.3119	0.4061	0.2958	0.205	-0.039	0.403	53.13	0.451	0.443	680	716	-0.481285	0.092179	
A/duck/Hunan/8/2008_H5N1|	0.2787	0.3202	0.4326	0.2771	0.198	-0.023	0.411	51.63	0.446	0.443	679	716	-0.477654	0.093575	
A/duck/Hunan/S4020/2008_H	0.2943	0.3057	0.4489	0.2594	0.193	-0.044	0.399	51.51	0.421	0.432	679	716	-0.477514	0.092179	
A/duck/Hunan/S4030/2011_H	0.2876	0.3064	0.4537	0.2542	0.188	-0.042	0.400	51.50	0.420	0.434	678	716	-0.480028	0.092179	
A/duck/Hunan/S4101/2011_H	0.3157	0.2949	0.4167	0.2833	0.199	-0.028	0.408	53.34	0.430	0.436	679	716	-0.465503	0.093575	
A/duck/Hunan/S4120/2011_H	0.3157	0.2949	0.4156	0.2860	0.199	-0.029	0.408	53.58	0.432	0.436	679	716	-0.466900	0.094972	
A/duck/Hunan/S4150/2011_H	0.2787	0.3126	0.4326	0.2860	0.197	-0.019	0.414	52.92	0.446	0.442	679	716	-0.467318	0.093575	
A/duck/Hunan/S4220/2011_H	0.2970	0.3045	0.4449	0.2594	0.191	-0.043	0.400	51.82	0.422	0.434	678	716	-0.469553	0.093575	
A/duck/Jiangsu/m234/2012_	0.3239	0.2844	0.4349	0.2668	0.193	-0.064	0.388	52.46	0.411	0.429	677	716	-0.487151	0.094972	
A/duck/Jiangxi/01.11_NCNP	0.3021	0.3039	0.4015	0.3025	0.186	-0.062	0.388	52.77	0.452	0.444	677	716	-0.473184	0.093575	
A/duck/Jiangxi/10160/2014	0.3000	0.3000	0.4373	0.2725	0.189	-0.051	0.395	52.94	0.426	0.434	678	716	-0.471508	0.093575	
A/duck/Jiangxi/11.17_NCNP	0.3041	0.2929	0.4313	0.2773	0.186	-0.060	0.389	53.10	0.426	0.438	678	716	-0.470670	0.093575	
A/duck/Jiangxi/11.17_NCNP	0.3041	0.2929	0.4313	0.2773	0.186	-0.060	0.389	53.00	0.426	0.438	678	716	-0.470810	0.093575	
A/duck/Jiangxi/11.29_NCDZ	0.2991	0.3065	0.4141	0.2872	0.185	-0.055	0.392	52.90	0.444	0.442	678	716	-0.470810	0.093575	
A/duck/Jiangxi/11.29_NCNP	0.3047	0.3009	0.4294	0.2710	0.188	-0.047	0.397	53.23	0.428	0.435	678	716	-0.452654	0.093575	
A/duck/Jiangxi/11.29_NCNP	0.3071	0.2996	0.4084	0.2941	0.185	-0.066	0.386	52.11	0.442	0.440	678	716	-0.469553	0.093575	
A/duck/Jiangxi/120/2011_H	0.2911	0.3138	0.4278	0.2788	0.200	-0.034	0.406	53.12	0.441	0.438	678	716	-0.478212	0.093575	
A/duck/Jiangxi/130/2011_H	0.2792	0.3094	0.4337	0.2881	0.200	-0.014	0.417	52.51	0.445	0.441	679	716	-0.459218	0.093575	
A/duck/Jiangxi/13469/2014	0.3000	0.3038	0.4288	0.2744	0.192	-0.046	0.398	53.09	0.432	0.438	678	716	-0.472905	0.093575	
A/duck/Jiangxi/13475/2014	0.2981	0.3038	0.4307	0.2744	0.191	-0.048	0.397	52.91	0.432	0.438	678	716	-0.472905	0.093575	
A/duck/Jiangxi/13484/2014	0.2981	0.3038	0.4307	0.2744	0.191	-0.048	0.397	52.91	0.432	0.438	678	716	-0.472905	0.093575	
A/duck/Jiangxi/2.28NCNP23	0.3022	0.3004	0.4057	0.2998	0.181	-0.076	0.380	52.69	0.448	0.443	679	716	-0.467737	0.093575	
A/duck/Jiangxi/2.28_NCNP2	0.3022	0.3004	0.4057	0.2998	0.181	-0.076	0.380	52.69	0.448	0.443	679	716	-0.467737	0.093575	
A/duck/Jiangxi/34/2011_H5	0.3032	0.2976	0.4470	0.2562	0.192	-0.045	0.398	52.29	0.414	0.432	678	716	-0.465224	0.093575	
A/duck/Jiangxi/35/2011_H5	0.3045	0.3008	0.4432	0.2542	0.194	-0.040	0.401	52.13	0.416	0.433	678	716	-0.460894	0.093575	
A/duck/Jiangxi/44/2011_H5	0.2828	0.3127	0.4487	0.2632	0.195	-0.015	0.415	52.62	0.430	0.436	679	716	-0.487430	0.092179	
A/duck/Jiangxi/5.26_NCDZT	0.3015	0.3052	0.4092	0.2947	0.185	-0.066	0.386	52.55	0.447	0.441	678	716	-0.473324	0.093575	
A/duck/Jiangxi/80/2005_H5	0.2930	0.3043	0.4417	0.2743	0.194	-0.040	0.402	53.26	0.430	0.434	677	716	-0.484218	0.094972	
A/duck/Jilin/JL-SIV/2013_	0.2898	0.3125	0.4419	0.2668	0.201	-0.024	0.411	52.19	0.431	0.433	677	716	-0.481285	0.094972	
A/duck/Kaohsiung/15010213	0.2650	0.3365	0.4144	0.2968	0.192	-0.038	0.404	52.94	0.471	0.449	679	716	-0.464665	0.094972	
A/duck/Kaohsiung/15WB3298	0.2962	0.3000	0.4326	0.2824	0.193	-0.036	0.404	53.38	0.433	0.437	679	716	-0.472765	0.093575	
A/duck/Kaohsiung/20WB0242	0.2768	0.3202	0.4278	0.2872	0.194	-0.023	0.411	53.19	0.452	0.444	679	716	-0.472765	0.093575	
A/duck/Liaoning/LN/2011_H	0.3032	0.2994	0.4408	0.2651	0.199	-0.040	0.401	52.24	0.422	0.433	678	716	-0.492458	0.094972	
A/duck/Nanchang/9789/2013	0.2994	0.3013	0.4419	0.2636	0.191	-0.044	0.399	52.25	0.422	0.435	677	716	-0.466341	0.093575	
A/duck/Nantou/15A3437/201	0.2702	0.3340	0.4152	0.2932	0.190	-0.048	0.398	52.77	0.467	0.447	679	716	-0.464106	0.094972	
A/duck/Nantou/17A0243/201	0.2707	0.3327	0.4163	0.2932	0.195	-0.022	0.412	52.86	0.465	0.446	679	716	-0.469413	0.094972	
A/duck/Pingtung/15010180/	0.3133	0.2927	0.4264	0.2773	0.190	-0.066	0.386	53.09	0.425	0.429	678	716	-0.490503	0.094972	
A/duck/Pingtung/15010444/	0.2669	0.3365	0.4125	0.2968	0.195	-0.033	0.406	52.82	0.471	0.448	679	716	-0.464665	0.094972	
A/duck/Pingtung/17A0160/2	0.2688	0.3346	0.4221	0.2869	0.196	-0.017	0.415	53.05	0.462	0.446	679	716	-0.469413	0.094972	
A/duck/Pingtung/18A00003-	0.2669	0.3346	0.4202	0.2911	0.196	-0.017	0.415	51.74	0.465	0.446	679	716	-0.461871	0.094972	
A/duck/Pingtung/18A00076-	0.2734	0.3277	0.4183	0.2911	0.194	-0.027	0.409	52.37	0.461	0.446	679	716	-0.457821	0.094972	
A/duck/Pingtung/18X00077/	0.2957	0.3070	0.4302	0.2806	0.198	-0.033	0.406	52.38	0.437	0.437	678	716	-0.466760	0.096369	
A/duck/Shandong/009/2008_	0.2654	0.3421	0.4240	0.2809	0.203	0.027	0.438	53.70	0.465	0.446	682	716	-0.487710	0.093575	
A/duck/Shandong/Q1/2013_H	0.3133	0.2889	0.4370	0.2683	0.193	-0.053	0.394	52.77	0.416	0.432	678	716	-0.484497	0.094972	
A/duck/Shandong/SD0261/20	0.2976	0.3013	0.4229	0.2881	0.191	-0.050	0.395	53.45	0.440	0.442	678	716	-0.489525	0.093575	
A/duck/Shandong/SD0263/20	0.2976	0.3013	0.4229	0.2881	0.191	-0.050	0.395	53.45	0.440	0.442	678	716	-0.489525	0.093575	
A/duck/Sichuan/NCXJ15/201	0.2981	0.3038	0.4326	0.2735	0.190	-0.049	0.397	53.35	0.431	0.437	678	716	-0.472067	0.093575	
A/duck/Sichuan/NCXJ16/201	0.2962	0.3057	0.4307	0.2756	0.190	-0.049	0.397	53.24	0.434	0.438	678	716	-0.472067	0.093575	
A/duck/Sichuan/NCXN10/201	0.2970	0.3045	0.4449	0.2594	0.191	-0.043	0.400	51.82	0.422	0.434	678	716	-0.469553	0.093575	
A/duck/Sichuan/NCXN11/201	0.3008	0.3008	0.4278	0.2782	0.188	-0.061	0.389	51.93	0.432	0.437	678	716	-0.469553	0.093575	
A/duck/Sichuan/SC4822/202	0.3002	0.3039	0.4451	0.2542	0.195	-0.030	0.406	53.01	0.418	0.436	679	716	-0.460475	0.093575	
A/duck/Sichuan/SC5698/202	0.3008	0.3064	0.4432	0.2542	0.197	-0.025	0.409	53.43	0.420	0.437	679	716	-0.459078	0.093575	
A/duck/Taichung/15010400-	0.2693	0.3333	0.4183	0.2926	0.194	-0.033	0.406	52.98	0.465	0.446	679	716	-0.468436	0.094972	
A/duck/Tainan/15010403/20	0.3133	0.2927	0.4264	0.2779	0.190	-0.067	0.386	53.12	0.425	0.429	678	716	-0.489525	0.094972	
A/duck/Tainan/16010020-1/	0.2674	0.3371	0.4163	0.2920	0.192	-0.035	0.405	53.33	0.468	0.448	679	716	-0.469414	0.094972	
A/duck/Tainan/16WB3443-15	0.2930	0.3100	0.4091	0.3013	0.199	-0.030	0.406	54.48	0.454	0.443	679	716	-0.461872	0.093575	
A/duck/Taipei/05WB830-1-5	0.2763	0.3271	0.4213	0.2860	0.201	-0.009	0.419	52.33	0.457	0.446	680	716	-0.477374	0.093575	
A/duck/Taipei/18WB0120-1-	0.2698	0.3245	0.4094	0.3056	0.200	-0.016	0.414	54.01	0.470	0.450	679	716	-0.456844	0.092179	
A/duck/Taipei/19WB0235-14	0.2838	0.3195	0.4278	0.2788	0.194	-0.036	0.404	52.53	0.446	0.443	679	716	-0.473603	0.093575	
A/duck/Taiwan/01006/2015_	0.2664	0.3358	0.4144	0.2941	0.192	-0.035	0.405	53.10	0.470	0.449	679	716	-0.473324	0.094972	
A/duck/Taiwan/11213/2013_	0.2881	0.3107	0.3947	0.3201	0.197	-0.036	0.404	53.18	0.468	0.449	679	716	-0.456844	0.093575	
A/duck/Taiwan/11254/2013_	0.2881	0.3107	0.3909	0.3243	0.197	-0.035	0.404	53.07	0.471	0.451	679	716	-0.457961	0.093575	
A/duck/Taiwan/A3400/2015_	0.3165	0.2884	0.4275	0.2773	0.189	-0.070	0.384	53.14	0.421	0.428	679	716	-0.486871	0.094972	
A/duck/Taiwan/DV1238/2009	0.2787	0.3183	0.4183	0.2977	0.196	-0.031	0.406	53.12	0.458	0.445	679	716	-0.472765	0.093575	
A/duck/Taiwan/DV1241/2009	0.2787	0.3183	0.4183	0.2977	0.196	-0.031	0.406	53.12	0.458	0.445	679	716	-0.472765	0.093575	
A/duck/Taiwan/DV1242/2009	0.2787	0.3183	0.4183	0.2977	0.196	-0.031	0.406	53.12	0.458	0.445	679	716	-0.472765	0.093575	
A/duck/Taoyuan/16010023-1	0.2678	0.3333	0.4190	0.2905	0.189	-0.040	0.402	52.88	0.465	0.446	679	716	-0.464386	0.094972	
A/duck/Wenzhou/YJYF33/201	0.2782	0.3102	0.4302	0.2911	0.195	-0.026	0.410	52.89	0.448	0.440	681	716	-0.470531	0.093575	
A/duck/Wuhan/JXYFB22/2015	0.3071	0.2978	0.4179	0.2851	0.187	-0.068	0.385	53.06	0.435	0.439	678	716	-0.470531	0.093575	
A/duck/Wuhan/WHYF02/2015_	0.3077	0.2964	0.4245	0.2800	0.184	-0.071	0.384	52.77	0.430	0.437	677	716	-0.472207	0.093575	
A/duck/Xinjiang/12.18_WLM	0.2814	0.3096	0.4163	0.3061	0.194	-0.039	0.401	54.33	0.457	0.446	680	716	-0.469134	0.093575	
A/duck/Yilan/17A0092/2017	0.2744	0.3289	0.4163	0.2932	0.196	-0.023	0.412	52.75	0.462	0.446	679	716	-0.463687	0.094972	
A/duck/Yunlin/15010244-1/	0.2669	0.3365	0.4171	0.2932	0.194	-0.033	0.406	52.99	0.468	0.447	679	716	-0.468575	0.094972	
A/duck/Yunlin/15010277/20	0.3152	0.2908	0.4283	0.2752	0.190	-0.069	0.385	53.14	0.422	0.428	678	716	-0.490503	0.094972	
A/duck/Yunlin/15010310-4/	0.2669	0.3365	0.4152	0.2954	0.194	-0.030	0.408	53.04	0.470	0.448	679	716	-0.468436	0.094972	
A/duck/Yunlin/15010318-2/	0.2669	0.3365	0.4152	0.2960	0.194	-0.033	0.406	52.81	0.470	0.447	679	716	-0.468017	0.094972	
A/duck/Yunlin/15010369-1/	0.2669	0.3365	0.4171	0.2932	0.194	-0.033	0.406	52.88	0.468	0.447	679	716	-0.468436	0.094972	
A/duck/Yunlin/15010458-1/	0.3152	0.2908	0.4283	0.2752	0.190	-0.069	0.385	53.14	0.422	0.428	678	716	-0.490503	0.094972	
A/duck/Yunlin/15070002-2/	0.2650	0.3383	0.4125	0.2962	0.191	-0.035	0.405	53.18	0.473	0.448	679	716	-0.465084	0.094972	
A/duck/Yunlin/15A5019/201	0.2688	0.3365	0.4163	0.2905	0.192	-0.036	0.405	53.35	0.467	0.446	679	716	-0.463408	0.094972	
A/duck/Yunlin/17110001/20	0.2744	0.3252	0.4106	0.3038	0.192	-0.035	0.405	53.18	0.467	0.446	679	716	-0.460335	0.094972	
A/duck/Yunlin/17A0086/201	0.2726	0.3308	0.4152	0.2932	0.197	-0.027	0.410	52.90	0.465	0.447	678	716	-0.456564	0.094972	
A/duck/Yunlin/17A0686/201	0.2744	0.3289	0.4125	0.2975	0.194	-0.028	0.409	52.37	0.465	0.447	679	716	-0.463687	0.094972	
A/duck/Yunlin/18060007-3/	0.2707	0.3271	0.4099	0.3053	0.189	-0.035	0.405	52.96	0.470	0.447	679	716	-0.456006	0.094972	
A/duck/Yunlin/18X00007-3/	0.2943	0.3094	0.4223	0.2860	0.197	-0.039	0.401	53.85	0.443	0.439	680	716	-0.461872	0.093575	
A/duck/Yunnan/4072/2003_H	0.3043	0.3062	0.4175	0.2833	0.203	-0.032	0.406	52.74	0.439	0.438	679	716	-0.487151	0.093575	
A/duck/Yunnan/426/2004_H5	0.3081	0.3025	0.4194	0.2812	0.202	-0.038	0.404	52.88	0.434	0.437	679	716	-0.487151	0.093575	
A/duck/Yunnan/4645/2003_H	0.3043	0.3062	0.4194	0.2812	0.203	-0.032	0.406	52.83	0.437	0.438	679	716	-0.487151	0.093575	
A/duck/Yunnan/47/2006_H5N	0.2946	0.3058	0.4497	0.2537	0.189	-0.048	0.397	51.24	0.419	0.432	678	716	-0.470531	0.092179	
A/duck/Yunnan/485/2004_H5	0.3081	0.3025	0.4231	0.2777	0.202	-0.032	0.406	52.98	0.432	0.435	679	716	-0.483380	0.093575	
A/duck/Yunnan/4873/2006_H	0.2938	0.3051	0.4478	0.2621	0.194	-0.034	0.405	51.97	0.423	0.433	679	716	-0.468017	0.093575	
A/duck/Yunnan/5090/2003_H	0.3043	0.3062	0.4231	0.2771	0.203	-0.030	0.408	52.83	0.434	0.437	679	716	-0.487151	0.093575	
A/duck/Yunnan/5169/2003_H	0.3043	0.3062	0.4231	0.2771	0.203	-0.030	0.408	52.83	0.434	0.437	679	716	-0.487151	0.093575	
A/duck/Yunnan/522/2004_H5	0.3081	0.3025	0.4194	0.2812	0.202	-0.038	0.404	52.88	0.434	0.437	679	716	-0.487151	0.093575	
A/duck/Yunnan/5310/2006_H	0.2906	0.3094	0.4438	0.2679	0.195	-0.028	0.409	52.47	0.429	0.434	678	716	-0.480447	0.093575	
A/duck/Yunnan/5948/2003_H	0.3062	0.3043	0.4231	0.2771	0.203	-0.032	0.406	52.85	0.433	0.436	679	716	-0.487151	0.093575	
A/duck/Yunnan/6080/2003_H	0.3081	0.3025	0.4213	0.2792	0.203	-0.035	0.405	52.87	0.433	0.436	679	716	-0.487151	0.093575	
A/duck/Yunnan/6603/2003_H	0.3081	0.3025	0.4231	0.2771	0.203	-0.035	0.405	52.68	0.432	0.435	679	716	-0.487710	0.093575	
A/duck/Zhejiang/1026109/2	0.3090	0.2865	0.4362	0.2779	0.197	-0.017	0.414	52.35	0.420	0.429	679	716	-0.479469	0.096369	
A/duck/Zhejiang/1220092/2	0.2895	0.3026	0.4582	0.2558	0.184	-0.055	0.392	51.35	0.417	0.432	678	716	-0.484916	0.093575	
A/duck/Zhejiang/213/2011_	0.2976	0.3013	0.4497	0.2562	0.193	-0.036	0.404	52.14	0.417	0.432	678	716	-0.464246	0.093575	
A/duck/Zhejiang/224/2011_	0.3038	0.2981	0.4506	0.2537	0.193	-0.037	0.403	51.54	0.412	0.431	677	716	-0.465503	0.093575	
A/duck/Zhejiang/2242/2011	0.3038	0.2981	0.4506	0.2537	0.193	-0.037	0.403	51.54	0.412	0.431	677	716	-0.465503	0.093575	
A/duck/Zhejiang/2243/2011	0.3038	0.2981	0.4506	0.2537	0.193	-0.037	0.403	51.54	0.412	0.431	677	716	-0.465503	0.093575	
A/duck/Zhejiang/2244/2011	0.3038	0.2981	0.4506	0.2537	0.193	-0.037	0.403	51.54	0.412	0.431	677	716	-0.465503	0.093575	
A/duck/Zhejiang/2245/2011	0.2811	0.3132	0.4335	0.2857	0.199	-0.027	0.409	51.99	0.445	0.440	679	716	-0.471508	0.093575	
A/duck/Zhejiang/2248/2011	0.3038	0.2981	0.4506	0.2537	0.193	-0.037	0.403	51.54	0.412	0.431	677	716	-0.465503	0.093575	
A/duck/Zhejiang/6D18/2013	0.3116	0.2929	0.4313	0.2699	0.195	-0.051	0.395	53.07	0.421	0.434	679	716	-0.482123	0.094972	
A/duck/Zhejiang/6D2/2013_	0.3000	0.3019	0.4345	0.2714	0.189	-0.052	0.395	53.27	0.428	0.435	678	716	-0.467598	0.093575	
A/duck/Zhejiang/6DK19/201	0.3057	0.3019	0.4381	0.2642	0.192	-0.055	0.394	53.62	0.422	0.433	678	716	-0.481704	0.093575	
A/duck/Zhejiang/727041/20	0.3096	0.2983	0.4210	0.2803	0.192	-0.054	0.393	53.36	0.432	0.438	679	716	-0.466900	0.093575	
A/duck/Zhejiang/727158/20	0.3052	0.2996	0.4179	0.2863	0.186	-0.066	0.386	52.64	0.437	0.439	678	716	-0.468576	0.093575	
A/duck/Zhejiang/77138/201	0.2951	0.3064	0.4392	0.2662	0.189	-0.045	0.398	52.02	0.428	0.435	678	716	-0.469134	0.093575	
A/duck/Zhejiang/925019/20	0.3109	0.2921	0.4307	0.2723	0.194	-0.054	0.393	52.36	0.422	0.434	680	716	-0.478492	0.094972	
A/duck/Zhejiang/925169/20	0.3084	0.2953	0.4297	0.2729	0.193	-0.056	0.391	52.35	0.425	0.436	680	716	-0.479749	0.094972	
A/duck/Zhejiang/W24/2013_	0.3146	0.2903	0.4381	0.2630	0.194	-0.059	0.390	52.24	0.414	0.432	679	716	-0.481704	0.094972	
A/egret/Zhejiang/W15/2017	0.3028	0.2991	0.4237	0.2842	0.188	-0.061	0.389	52.57	0.434	0.437	679	716	-0.454749	0.094972	
A/egret/Zhejiang/W18/2017	0.2726	0.3308	0.4275	0.2809	0.208	0.023	0.436	52.80	0.457	0.446	679	716	-0.488687	0.093575	
A/equine/China/61/2010_H5	0.2892	0.3119	0.4449	0.2642	0.197	-0.031	0.407	52.22	0.429	0.435	678	716	-0.475978	0.093575	
A/equine/China/67/2010_H5	0.2873	0.3138	0.4449	0.2642	0.197	-0.027	0.409	52.22	0.431	0.435	678	716	-0.472626	0.093575	
A/equine/China/68/2010_H5	0.2892	0.3119	0.4421	0.2657	0.196	-0.035	0.404	52.27	0.431	0.436	678	716	-0.474581	0.092179	
A/eurasian_coot/Shandong/	0.2946	0.3058	0.4171	0.2929	0.192	-0.041	0.401	53.90	0.446	0.444	679	716	-0.485894	0.093575	
A/eurasian_coot/Shandong/	0.2946	0.3058	0.4171	0.2929	0.192	-0.041	0.401	53.90	0.446	0.444	679	716	-0.485894	0.093575	
A/eurasian_coot/Shandong/	0.2946	0.3058	0.4171	0.2929	0.192	-0.041	0.401	53.90	0.446	0.444	679	716	-0.485894	0.093575	
A/eurasian_coot/Shandong/	0.2946	0.3058	0.4171	0.2929	0.192	-0.041	0.401	53.90	0.446	0.444	679	716	-0.485894	0.093575	
A/feline/Guangdong/2/2015	0.3084	0.2953	0.4179	0.2857	0.184	-0.076	0.381	52.66	0.434	0.438	678	716	-0.470391	0.093575	
A/gadwall/Ningxia/YG61/20	0.2844	0.3126	0.4205	0.2923	0.191	-0.049	0.396	52.66	0.451	0.445	679	716	-0.469693	0.093575	
A/goose/Changhua/15040008	0.2712	0.3315	0.4202	0.2905	0.194	-0.033	0.406	52.92	0.462	0.446	679	716	-0.468436	0.094972	
A/goose/Chiayi/15010008-3	0.2669	0.3365	0.4152	0.2954	0.193	-0.038	0.404	52.99	0.470	0.448	679	716	-0.468436	0.094972	
A/goose/Chiayi/15010016-1	0.2669	0.3365	0.4125	0.2968	0.193	-0.035	0.405	53.14	0.471	0.449	679	716	-0.464665	0.094972	
A/goose/Chiayi/15020022/2	0.3171	0.2889	0.4283	0.2752	0.190	-0.069	0.385	53.17	0.420	0.428	678	716	-0.490503	0.094972	
A/goose/Chiayi/16010017-2	0.2669	0.3365	0.4163	0.2920	0.191	-0.035	0.405	53.30	0.468	0.448	679	716	-0.465084	0.094972	
A/goose/Chiayi/16040003-1	0.2707	0.3308	0.4221	0.2872	0.191	-0.041	0.402	52.81	0.461	0.446	679	716	-0.472346	0.094972	
A/goose/Chiayi/16040005/2	0.2707	0.3308	0.4221	0.2872	0.191	-0.041	0.402	52.81	0.461	0.446	679	716	-0.472346	0.094972	
A/goose/Chiayi/17020027-1	0.2712	0.3315	0.4183	0.2932	0.196	-0.026	0.411	52.71	0.464	0.446	679	716	-0.462849	0.094972	
A/goose/Chiayi/17040014/2	0.2758	0.3283	0.4057	0.3044	0.190	-0.041	0.402	52.23	0.470	0.447	679	716	-0.476955	0.094972	
A/goose/Chiayi/18010006/2	0.2726	0.3271	0.4095	0.3072	0.191	-0.038	0.404	53.35	0.470	0.446	679	716	-0.454888	0.096369	
A/goose/Chiayi/18020014-1	0.2739	0.3265	0.4133	0.3002	0.190	-0.040	0.402	53.02	0.465	0.446	679	716	-0.463408	0.094972	
A/goose/Chiayi/18020014-2	0.2739	0.3265	0.4133	0.3002	0.190	-0.040	0.402	53.08	0.465	0.446	679	716	-0.459916	0.094972	
A/goose/China/0701/2018_H	0.3035	0.2980	0.4087	0.2956	0.180	-0.074	0.381	52.69	0.443	0.442	679	716	-0.455028	0.093575	
A/goose/China/1/2021_H5N8	0.2895	0.3102	0.4210	0.2908	0.195	-0.036	0.404	53.35	0.448	0.443	679	716	-0.479330	0.093575	
A/goose/China/1106/2016_H	0.3083	0.2876	0.4362	0.2794	0.198	-0.030	0.406	52.12	0.421	0.429	679	716	-0.474162	0.096369	
A/goose/China/E43/2012_H5	0.3045	0.2970	0.4478	0.2552	0.192	-0.045	0.398	51.76	0.413	0.432	678	716	-0.460894	0.093575	
A/goose/China/M14/2016_H5	0.2726	0.3308	0.4248	0.2830	0.208	0.027	0.439	53.14	0.458	0.446	679	716	-0.484497	0.093575	
A/goose/Eastern_China/111	0.3070	0.2994	0.4368	0.2668	0.197	-0.045	0.399	53.42	0.422	0.433	677	716	-0.494134	0.094972	
A/goose/Eastern_China/223	0.2917	0.3163	0.4381	0.2653	0.201	-0.032	0.406	52.31	0.433	0.434	677	716	-0.451676	0.093575	
A/goose/Eastern_China/CZ/	0.3127	0.2921	0.4362	0.2651	0.195	-0.056	0.392	52.35	0.417	0.432	679	716	-0.481704	0.094972	
A/goose/Eastern_China/L12	0.3165	0.2846	0.4408	0.2642	0.193	-0.061	0.389	52.02	0.410	0.430	678	716	-0.483799	0.094972	
A/goose/Eastern_China/L12	0.3277	0.2772	0.4398	0.2621	0.191	-0.072	0.383	52.48	0.403	0.428	678	716	-0.479888	0.094972	
A/goose/Eastern_China/S04	0.3159	0.2897	0.4324	0.2672	0.194	-0.056	0.392	52.70	0.417	0.433	679	716	-0.477374	0.094972	
A/goose/Eastern_China/S05	0.3084	0.2935	0.4332	0.2725	0.185	-0.070	0.384	53.21	0.423	0.437	679	716	-0.482682	0.094972	
A/goose/Fujian/10.11_FZHX	0.3052	0.2978	0.4218	0.2836	0.188	-0.060	0.389	52.70	0.434	0.437	678	716	-0.464386	0.093575	
A/goose/Fujian/10.26_FZHX	0.2980	0.2998	0.4229	0.2878	0.189	-0.049	0.396	52.82	0.438	0.438	680	716	-0.464386	0.093575	
A/goose/Fujian/10.26_FZHX	0.2980	0.2998	0.4229	0.2878	0.189	-0.049	0.396	52.82	0.438	0.438	680	716	-0.464386	0.093575	
A/goose/Fujian/10.26_FZHX	0.2980	0.2998	0.4210	0.2899	0.189	-0.046	0.397	53.10	0.440	0.438	680	716	-0.464386	0.093575	
A/goose/Fujian/10.26_FZHX	0.2980	0.2998	0.4210	0.2899	0.189	-0.046	0.397	53.10	0.440	0.438	680	716	-0.464386	0.093575	
A/goose/Fujian/10.26_FZHX	0.2980	0.2998	0.4210	0.2899	0.189	-0.046	0.397	53.10	0.440	0.438	680	716	-0.464386	0.093575	
A/goose/Fujian/10.26_FZHX	0.2980	0.2998	0.4210	0.2899	0.189	-0.046	0.397	53.10	0.440	0.438	680	716	-0.464386	0.093575	
A/goose/Fujian/10.26_FZHX	0.2980	0.2998	0.4229	0.2878	0.189	-0.049	0.396	52.82	0.438	0.438	680	716	-0.464386	0.093575	
A/goose/Fujian/10.26_FZHX	0.2980	0.2998	0.4210	0.2899	0.189	-0.046	0.397	53.10	0.440	0.438	680	716	-0.464386	0.093575	
A/goose/Fujian/10.26_FZHX	0.2980	0.2998	0.4229	0.2878	0.189	-0.049	0.396	52.82	0.438	0.438	680	716	-0.464386	0.093575	
A/goose/Fujian/11.3_FZHX1	0.3052	0.2978	0.4198	0.2857	0.188	-0.062	0.388	52.72	0.435	0.438	678	716	-0.464386	0.093575	
A/goose/Fujian/3.15_FZHX0	0.3011	0.2992	0.4085	0.2951	0.181	-0.075	0.380	52.60	0.445	0.442	668	705	-0.470213	0.092199	
A/goose/Fujian/3.15_FZHX0	0.3011	0.2992	0.4066	0.2972	0.180	-0.075	0.380	52.80	0.446	0.443	668	705	-0.470213	0.092199	
A/goose/Fujian/3.15_FZHX0	0.3081	0.2949	0.4058	0.2945	0.181	-0.076	0.380	52.62	0.441	0.441	669	705	-0.467518	0.092199	
A/goose/Fujian/3.15_FZHX0	0.3047	0.2972	0.4122	0.2941	0.181	-0.076	0.381	52.77	0.441	0.440	678	716	-0.473883	0.093575	
A/goose/Fujian/3.15_FZHX0	0.3041	0.2985	0.4084	0.2962	0.181	-0.078	0.379	52.67	0.444	0.442	678	716	-0.471229	0.093575	
A/goose/GuangDong/1189/20	0.3008	0.2838	0.4665	0.2579	0.184	-0.056	0.392	51.99	0.404	0.429	678	716	-0.490782	0.094972	
A/goose/Guangdong/7.20_DG	0.3041	0.3004	0.4054	0.2989	0.182	-0.073	0.382	52.76	0.447	0.442	678	716	-0.475000	0.093575	
A/goose/Guangdong/72/2004	0.2989	0.3045	0.4034	0.2981	0.200	-0.048	0.398	53.75	0.451	0.449	678	716	-0.469134	0.093575	
A/goose/Guangdong/QY01/20	0.2998	0.3035	0.4095	0.2920	0.182	-0.065	0.386	52.82	0.445	0.443	678	716	-0.459078	0.093575	
A/goose/Guangdong/k0103/2	0.3026	0.3026	0.4340	0.2704	0.194	-0.052	0.395	53.07	0.428	0.435	678	716	-0.494832	0.094972	
A/goose/Guangdong/s13124/	0.3165	0.2846	0.4457	0.2600	0.194	-0.054	0.393	52.44	0.406	0.428	679	716	-0.480866	0.094972	
A/goose/Hebei/HG12/2021_H	0.2914	0.3083	0.4202	0.2896	0.195	-0.038	0.402	53.80	0.446	0.445	679	716	-0.480587	0.093575	
A/goose/Henan/01.01_LYGL0	0.3034	0.2996	0.4237	0.2815	0.188	-0.055	0.392	53.06	0.434	0.438	678	716	-0.463268	0.093575	
A/goose/Hong_Kong/23/1978	0.2930	0.3157	0.3878	0.3201	0.204	-0.025	0.409	53.52	0.471	0.449	679	716	-0.483520	0.093575	
A/goose/Hubei/65/2005_H5N	0.2898	0.3125	0.4381	0.2731	0.199	-0.028	0.409	53.23	0.435	0.436	678	716	-0.479050	0.093575	
A/goose/Inner_Mongolia/IM	0.2881	0.3145	0.4259	0.2830	0.197	-0.023	0.411	52.50	0.445	0.441	679	716	-0.468994	0.092179	
A/goose/Jiangsu/QD5/2014_	0.3127	0.2884	0.4419	0.2630	0.193	-0.064	0.387	52.00	0.412	0.431	679	716	-0.481704	0.094972	
A/goose/Jiangsu/k0403/201	0.2792	0.3208	0.4354	0.2773	0.198	-0.022	0.412	52.42	0.445	0.439	679	716	-0.475419	0.093575	
A/goose/Pingtung/15010007	0.2669	0.3365	0.4144	0.2947	0.193	-0.035	0.405	52.86	0.470	0.448	679	716	-0.464665	0.094972	
A/goose/Pingtung/15010037	0.2669	0.3365	0.4125	0.2968	0.193	-0.038	0.404	52.87	0.471	0.449	679	716	-0.464665	0.094972	
A/goose/Pingtung/15050014	0.3133	0.2927	0.4283	0.2752	0.190	-0.064	0.388	53.11	0.423	0.428	678	716	-0.493994	0.094972	
A/goose/Pingtung/16010061	0.3152	0.2889	0.4321	0.2731	0.187	-0.074	0.382	52.76	0.419	0.427	678	716	-0.493994	0.094972	
A/goose/Shantou/1763/2014	0.3015	0.2996	0.4218	0.2857	0.186	-0.068	0.385	52.56	0.437	0.439	678	716	-0.467179	0.093575	
A/goose/Tainan/16040018-1	0.3189	0.2833	0.4321	0.2752	0.188	-0.072	0.383	52.77	0.416	0.426	678	716	-0.493994	0.094972	
A/goose/Tainan/16070002/2	0.3227	0.2795	0.4340	0.2731	0.187	-0.074	0.382	52.68	0.412	0.425	678	716	-0.493994	0.094972	
A/goose/Tainan/17030022-1	0.2731	0.3315	0.4106	0.2996	0.198	-0.018	0.415	53.34	0.468	0.446	679	716	-0.466899	0.094972	
A/goose/Tainan/17030024-1	0.2750	0.3315	0.4183	0.2869	0.193	-0.034	0.406	52.71	0.460	0.446	678	716	-0.466061	0.093575	
A/goose/Tainan/18010022-1	0.2726	0.3271	0.4087	0.3053	0.191	-0.038	0.404	53.09	0.470	0.449	679	716	-0.464106	0.094972	
A/goose/Tainan/18050014-1	0.2669	0.3365	0.4163	0.2954	0.196	-0.019	0.415	52.41	0.469	0.447	680	716	-0.479050	0.094972	
A/goose/Taiwan/01019/2015	0.3133	0.2927	0.4245	0.2794	0.189	-0.073	0.382	53.12	0.426	0.430	678	716	-0.481005	0.096369	
A/goose/Taiwan/01022/2015	0.2664	0.3358	0.4163	0.2926	0.193	-0.030	0.408	52.56	0.468	0.448	679	716	-0.460335	0.094972	
A/goose/Taiwan/01023/2015	0.2669	0.3346	0.4144	0.2962	0.195	-0.036	0.405	52.86	0.470	0.449	679	716	-0.475279	0.094972	
A/goose/Taiwan/01031/2015	0.2669	0.3365	0.4152	0.2954	0.194	-0.036	0.405	52.96	0.470	0.448	679	716	-0.474441	0.094972	
A/goose/Taiwan/01038/2015	0.3127	0.2921	0.4256	0.2767	0.188	-0.072	0.383	53.19	0.425	0.431	678	716	-0.491201	0.093575	
A/goose/Taiwan/01039/2015	0.3133	0.2927	0.4275	0.2746	0.190	-0.064	0.388	52.81	0.423	0.429	678	716	-0.495531	0.093575	
A/goose/Taiwan/01040/2015	0.2645	0.3377	0.4152	0.2947	0.193	-0.035	0.405	52.62	0.471	0.450	679	716	-0.476117	0.094972	
A/goose/Taiwan/TNC1/2015_	0.3171	0.2889	0.4264	0.2773	0.189	-0.072	0.383	53.08	0.422	0.428	678	716	-0.490503	0.094972	
A/goose/Taiwan/TNC10/2015	0.3171	0.2889	0.4264	0.2773	0.189	-0.072	0.383	53.08	0.422	0.428	678	716	-0.490503	0.094972	
A/goose/Taiwan/TNC11/2015	0.3133	0.2927	0.4264	0.2773	0.190	-0.066	0.386	53.09	0.425	0.429	678	716	-0.490503	0.094972	
A/goose/Taiwan/TNC12/2015	0.3171	0.2889	0.4264	0.2773	0.189	-0.072	0.383	53.08	0.422	0.428	678	716	-0.490503	0.094972	
A/goose/Taiwan/TNC14/2015	0.3171	0.2889	0.4264	0.2773	0.189	-0.072	0.383	53.08	0.422	0.428	678	716	-0.490503	0.094972	
A/goose/Taiwan/TNC3/2015_	0.3152	0.2908	0.4264	0.2773	0.190	-0.069	0.385	53.14	0.423	0.429	678	716	-0.490503	0.094972	
A/goose/Taiwan/TNC7/2015_	0.3171	0.2889	0.4264	0.2773	0.189	-0.072	0.383	53.08	0.422	0.428	678	716	-0.490503	0.094972	
A/goose/Taiwan/TNC9/2015_	0.3152	0.2908	0.4264	0.2773	0.190	-0.069	0.385	53.14	0.423	0.429	678	716	-0.490503	0.094972	
A/goose/Taiwan/TNO15/2015	0.3133	0.2927	0.4256	0.2767	0.189	-0.066	0.386	52.99	0.425	0.430	678	716	-0.489106	0.093575	
A/goose/Taiwan/TNO3/2015_	0.3133	0.2927	0.4245	0.2794	0.190	-0.066	0.386	53.19	0.426	0.430	678	716	-0.490503	0.094972	
A/goose/Taiwan/TNO9/2015_	0.3133	0.2927	0.4264	0.2773	0.190	-0.066	0.386	53.09	0.425	0.429	678	716	-0.490503	0.094972	
A/goose/Taoyuan/15010041/	0.3152	0.2908	0.4302	0.2731	0.188	-0.072	0.383	53.14	0.420	0.428	678	716	-0.490503	0.094972	
A/goose/Taoyuan/18120002-	0.2879	0.3163	0.4087	0.3019	0.199	-0.033	0.406	54.49	0.459	0.445	678	716	-0.459358	0.094972	
A/goose/Xinjiang/12.18_WL	0.3090	0.2940	0.4160	0.2905	0.180	-0.084	0.376	53.52	0.435	0.438	678	716	-0.464944	0.093575	
A/goose/Xinjiang/12.18_WL	0.3090	0.2940	0.4160	0.2905	0.180	-0.084	0.376	53.52	0.435	0.438	678	716	-0.464944	0.093575	
A/goose/Xinjiang/12.18_WL	0.2790	0.3109	0.4190	0.3046	0.194	-0.039	0.401	54.13	0.457	0.446	680	716	-0.469134	0.093575	
A/goose/Xinjiang/12.18_WL	0.2777	0.3114	0.4183	0.3061	0.194	-0.039	0.401	54.15	0.459	0.446	680	716	-0.469134	0.093575	
A/goose/Xinjiang/12.18_WL	0.2777	0.3114	0.4183	0.3061	0.194	-0.039	0.401	54.15	0.459	0.446	680	716	-0.469134	0.093575	
A/goose/Xinjiang/12.18_WL	0.2777	0.3114	0.4183	0.3061	0.194	-0.039	0.401	54.15	0.459	0.446	680	716	-0.469134	0.093575	
A/goose/Yangzhou/0420/201	0.3146	0.2940	0.4389	0.2594	0.196	-0.049	0.396	52.55	0.414	0.431	679	716	-0.486173	0.094972	
A/goose/Yangzhou/YZ587/20	0.3009	0.2972	0.4237	0.2857	0.184	-0.063	0.388	52.81	0.435	0.439	678	716	-0.470391	0.093575	
A/goose/Yunlin/15010005/2	0.2669	0.3365	0.4171	0.2932	0.194	-0.033	0.406	52.87	0.468	0.447	679	716	-0.468436	0.094972	
A/goose/Yunlin/15010009-1	0.2669	0.3365	0.4152	0.2954	0.194	-0.035	0.405	52.89	0.470	0.448	679	716	-0.468436	0.094972	
A/goose/Yunlin/15010010-2	0.2669	0.3365	0.4152	0.2954	0.194	-0.035	0.405	52.89	0.470	0.448	679	716	-0.468436	0.094972	
A/goose/Yunlin/15010011-1	0.2669	0.3365	0.4152	0.2954	0.194	-0.035	0.405	52.89	0.470	0.448	679	716	-0.468436	0.094972	
A/goose/Yunlin/15010029-1	0.2669	0.3365	0.4152	0.2954	0.194	-0.035	0.405	52.89	0.470	0.448	679	716	-0.468436	0.094972	
A/goose/Yunlin/15040040/2	0.3109	0.2940	0.4264	0.2773	0.188	-0.071	0.383	53.00	0.426	0.430	678	716	-0.491341	0.094972	
A/goose/Yunlin/16020008-4	0.2693	0.3333	0.4221	0.2878	0.191	-0.038	0.404	52.98	0.462	0.446	679	716	-0.464246	0.094972	
A/goose/Yunlin/16020011-1	0.2712	0.3315	0.4248	0.2857	0.193	-0.035	0.405	53.24	0.459	0.445	679	716	-0.468436	0.094972	
A/goose/Yunlin/16040002-2	0.2674	0.3333	0.4240	0.2878	0.191	-0.039	0.404	53.11	0.462	0.446	679	716	-0.467598	0.094972	
A/goose/Yunlin/17100005/2	0.2688	0.3327	0.4183	0.2932	0.195	-0.028	0.409	52.76	0.465	0.446	679	716	-0.464246	0.094972	
A/goose/Yunlin/18030020-2	0.2744	0.3252	0.4307	0.2800	0.198	-0.013	0.418	52.24	0.451	0.442	679	716	-0.460475	0.094972	
A/goose/Yunlin/18030020-3	0.2744	0.3252	0.4307	0.2800	0.198	-0.013	0.418	52.24	0.451	0.442	679	716	-0.460475	0.094972	
A/goose/Yunlin/18040002-3	0.2744	0.3252	0.4106	0.3038	0.195	-0.031	0.408	53.12	0.467	0.447	679	716	-0.463687	0.094972	
A/goose/Yunlin/18040018-2	0.2669	0.3346	0.4133	0.3002	0.194	-0.025	0.411	52.54	0.471	0.448	679	716	-0.468017	0.094972	
A/goose/Yunlin/18090002-3	0.2688	0.3308	0.4171	0.2981	0.192	-0.033	0.406	52.85	0.467	0.446	679	716	-0.468017	0.094972	
A/goose/Yunlin/18090006-1	0.2900	0.3107	0.4221	0.2887	0.199	-0.031	0.406	52.26	0.446	0.441	679	716	-0.467458	0.094972	
A/goose/Yunlin/18110002-3	0.2879	0.3163	0.4068	0.3033	0.198	-0.035	0.404	54.60	0.460	0.446	678	716	-0.466760	0.094972	
A/goose/Yunnan/3798/2006_	0.2987	0.3006	0.4516	0.2568	0.193	-0.040	0.401	51.70	0.416	0.431	678	716	-0.467458	0.093575	
A/goose/Yunnan/4371/2006_	0.2930	0.3062	0.4440	0.2657	0.196	-0.033	0.406	52.02	0.426	0.435	678	716	-0.472207	0.093575	
A/goose/Yunnan/4389/2006_	0.2930	0.3062	0.4440	0.2657	0.196	-0.033	0.406	52.02	0.426	0.435	678	716	-0.472207	0.093575	
A/goose/Yunnan/4985/2006_	0.2943	0.3057	0.4449	0.2642	0.195	-0.030	0.407	52.24	0.425	0.434	678	716	-0.468296	0.093575	
A/goose/Yunnan/5141/2006_	0.2911	0.3081	0.4525	0.2579	0.195	-0.038	0.403	51.63	0.422	0.432	678	716	-0.473743	0.093575	
A/goose/Yunnan/5769/2006_	0.2906	0.3094	0.4419	0.2700	0.195	-0.025	0.410	52.83	0.431	0.435	678	716	-0.479888	0.093575	
A/goose/Yunnan/5979/2006_	0.2906	0.3094	0.4438	0.2679	0.195	-0.028	0.409	52.64	0.429	0.434	678	716	-0.479888	0.093575	
A/goose/Yunnan/6193/2006_	0.2930	0.3081	0.4449	0.2647	0.195	-0.033	0.406	52.06	0.426	0.434	678	716	-0.475559	0.093575	
A/goose/Zhejiang/1120132/	0.3030	0.3030	0.4297	0.2741	0.191	-0.055	0.393	53.12	0.430	0.437	677	716	-0.467737	0.093575	
A/goose/Zhejiang/112071/2	0.2951	0.2989	0.4516	0.2594	0.182	-0.058	0.391	51.65	0.417	0.433	678	716	-0.473184	0.093575	
A/goose/Zhejiang/112080/2	0.3062	0.2987	0.4324	0.2725	0.187	-0.061	0.390	53.40	0.425	0.435	677	716	-0.466481	0.093575	
A/goose/Zhejiang/727092/2	0.3071	0.2978	0.4198	0.2842	0.187	-0.066	0.386	52.98	0.434	0.438	678	716	-0.468576	0.093575	
A/goose/Zhejiang/727098/2	0.2932	0.3026	0.4476	0.2647	0.184	-0.062	0.389	51.11	0.423	0.433	678	716	-0.490503	0.094972	
A/goose/Zhejiang/727110/2	0.3052	0.2996	0.4226	0.2827	0.186	-0.066	0.386	53.00	0.434	0.437	678	716	-0.467458	0.093575	
A/goose/Zhejiang/77166/20	0.2951	0.3083	0.4392	0.2642	0.188	-0.048	0.397	52.01	0.428	0.435	678	716	-0.469134	0.093575	
A/goose/Zhejiang/77167/20	0.2946	0.3039	0.4430	0.2642	0.190	-0.044	0.400	51.88	0.425	0.434	678	716	-0.469833	0.092179	
A/goose/Zhejiang/77168/20	0.2946	0.3039	0.4430	0.2642	0.190	-0.044	0.400	51.88	0.425	0.434	678	716	-0.469833	0.092179	
A/goose/Zhejiang/925036/2	0.3028	0.2972	0.4229	0.2851	0.188	-0.063	0.387	52.82	0.434	0.439	679	716	-0.451257	0.093575	
A/goose/Zhejiang/925037/2	0.2946	0.3077	0.4389	0.2695	0.197	-0.025	0.409	51.34	0.430	0.439	679	716	-0.490223	0.096369	
A/goose/Zhejiang/925104/2	0.3139	0.2932	0.4359	0.2657	0.196	-0.047	0.397	52.57	0.417	0.432	678	716	-0.490782	0.096369	
A/goose/Zhejiang/925105/2	0.3025	0.3006	0.4307	0.2762	0.190	-0.049	0.397	53.00	0.429	0.436	678	716	-0.460475	0.093575	
A/goose/Zhejiang/925106/2	0.3146	0.2921	0.4313	0.2693	0.195	-0.048	0.396	52.56	0.420	0.432	679	716	-0.489665	0.094972	
A/goose/Zhejiang/925108/2	0.3025	0.3006	0.4307	0.2762	0.190	-0.049	0.397	53.00	0.429	0.436	678	716	-0.460475	0.093575	
A/great_black-headed_gull	0.2779	0.3195	0.4373	0.2788	0.202	-0.003	0.423	52.19	0.445	0.439	679	716	-0.476117	0.092179	
A/great_crested-grebe/Qin	0.2779	0.3214	0.4438	0.2689	0.204	0.003	0.426	51.30	0.440	0.439	678	716	-0.470670	0.093575	
A/great_egret/Hong_Kong/8	0.2925	0.3057	0.4506	0.2600	0.192	-0.040	0.401	52.09	0.422	0.432	678	716	-0.484777	0.093575	
A/great_tit/Panjing/PJ-66	0.2679	0.3396	0.4400	0.2668	0.212	0.042	0.449	54.07	0.451	0.441	680	716	-0.498324	0.093575	
A/green-winged_teal/Xiang	0.2887	0.3208	0.4023	0.3013	0.203	-0.013	0.417	53.65	0.462	0.446	679	716	-0.472765	0.093575	
A/grey_heron/Hong_Kong/10	0.2943	0.3038	0.4497	0.2594	0.192	-0.041	0.401	51.77	0.420	0.432	678	716	-0.479888	0.093575	
A/grey_heron/Hong_Kong/30	0.2911	0.3081	0.4506	0.2600	0.194	-0.036	0.404	51.86	0.423	0.432	678	716	-0.482821	0.093575	
A/heron/Kaohsiung/15WB328	0.2768	0.3202	0.4240	0.2920	0.193	-0.041	0.401	53.78	0.455	0.444	679	716	-0.464804	0.093575	
A/heron/Yilan/17DB0001/20	0.2688	0.3346	0.4137	0.2947	0.198	-0.015	0.417	53.14	0.468	0.448	679	716	-0.473464	0.094972	
A/hill_myna/Heilongjiang/	0.2900	0.3051	0.4516	0.2594	0.186	-0.051	0.395	51.94	0.422	0.433	678	716	-0.483659	0.093575	
A/lesser_kestrel/Heilongj	0.2900	0.3070	0.4354	0.2794	0.192	-0.042	0.401	52.93	0.436	0.437	679	716	-0.478212	0.093575	
A/lion/Hubei/1-2/2016_H5N	0.2809	0.3052	0.4367	0.2854	0.193	-0.026	0.410	53.07	0.441	0.439	681	716	-0.465643	0.093575	
A/little_egret/Hong_Kong/	0.2930	0.3081	0.4506	0.2573	0.198	-0.037	0.404	51.14	0.422	0.433	678	716	-0.485475	0.093575	
A/little_grebe/Xianghai/4	0.2911	0.3176	0.4042	0.3013	0.204	-0.014	0.417	53.95	0.459	0.445	679	716	-0.483519	0.093575	
A/magpie_robin/Hong_Kong/	0.2949	0.3043	0.4487	0.2621	0.193	-0.047	0.398	51.55	0.422	0.432	678	716	-0.482263	0.093575	
A/magpie_robin/Hong_Kong/	0.2949	0.3043	0.4487	0.2621	0.193	-0.047	0.398	51.55	0.422	0.432	678	716	-0.482263	0.093575	
A/mallard/Shanghai/SH-9/2	0.3165	0.2884	0.4362	0.2651	0.195	-0.056	0.392	52.29	0.414	0.432	679	716	-0.478212	0.094972	
A/meerkat/Shanghai/SH-1/2	0.2938	0.3013	0.4421	0.2699	0.187	-0.048	0.397	52.25	0.426	0.435	678	716	-0.481006	0.092179	
A/migratory_waterfowl/Hub	0.2957	0.3051	0.4288	0.2782	0.189	-0.051	0.395	52.96	0.435	0.438	678	716	-0.469134	0.093575	
A/migratory_waterfowl/Hub	0.2957	0.3051	0.4288	0.2782	0.189	-0.051	0.395	52.96	0.435	0.438	678	716	-0.469134	0.093575	
A/mink/China/181/2019_H5N	0.2985	0.3060	0.4080	0.2929	0.182	-0.069	0.384	52.86	0.448	0.443	679	716	-0.455587	0.093575	
A/mink/China/183/2019_H5N	0.3047	0.2991	0.4046	0.3032	0.184	-0.078	0.380	52.14	0.448	0.442	679	716	-0.467318	0.094972	
A/mink/China/191/2019_H5N	0.3060	0.2966	0.4030	0.3013	0.184	-0.076	0.380	52.18	0.446	0.443	679	716	-0.454609	0.093575	
A/mink/China/456/2018_H5N	0.2841	0.3201	0.4064	0.3021	0.201	-0.014	0.417	54.67	0.462	0.446	679	716	-0.477374	0.092179	
A/mink/China/G/2015_H5N1|	0.2976	0.2976	0.4516	0.2583	0.193	-0.037	0.403	51.88	0.416	0.433	678	716	-0.469972	0.093575	
A/mink/China/XB/2015_H5N1	0.2763	0.3120	0.4275	0.2925	0.193	-0.025	0.410	53.27	0.451	0.442	681	716	-0.465503	0.092179	
A/mink/Eastern_China/006/	0.2801	0.3102	0.4335	0.2893	0.196	-0.037	0.403	53.84	0.446	0.441	680	716	-0.468296	0.093575	
A/mink/Eastern_China/0712	0.3251	0.2833	0.4408	0.2653	0.183	-0.067	0.386	53.36	0.406	0.426	677	716	-0.471788	0.093575	
A/mink/Eastern_China/149/	0.3058	0.3039	0.4092	0.2926	0.186	-0.061	0.389	52.79	0.444	0.439	678	716	-0.478352	0.093575	
A/mink/Eastern_China/528/	0.2801	0.3120	0.4335	0.2878	0.197	-0.037	0.403	53.74	0.446	0.441	680	716	-0.467877	0.093575	
A/mink/Eastern_China/571/	0.3022	0.3004	0.4114	0.2941	0.180	-0.074	0.381	52.65	0.443	0.441	679	716	-0.466760	0.093575	
A/mink/Northern_China/110	0.2892	0.3233	0.4345	0.2615	0.217	0.031	0.442	52.58	0.437	0.439	678	716	-0.476117	0.093575	
A/night_heron/Taiwan/A289	0.2669	0.3365	0.4152	0.2954	0.194	-0.035	0.405	52.89	0.470	0.448	679	716	-0.468436	0.094972	
A/oriental_magpie_robin/H	0.2777	0.3227	0.4571	0.2510	0.208	0.028	0.440	53.47	0.429	0.437	680	716	-0.482402	0.093575	
A/ostrich/Suzhou/097/2003	0.3011	0.3068	0.4125	0.2950	0.205	-0.021	0.414	53.40	0.446	0.440	679	716	-0.488827	0.094972	
A/parrot/Guangdong/258/20	0.3226	0.2792	0.4053	0.3075	0.201	-0.035	0.404	53.45	0.434	0.439	680	716	-0.468855	0.093575	
A/parrot/Guangdong/C99/20	0.3019	0.3075	0.4118	0.2896	0.203	-0.033	0.406	53.39	0.445	0.442	679	716	-0.473324	0.094972	
A/partridge/Shantou/2886/	0.2798	0.3270	0.4194	0.2860	0.207	-0.002	0.424	52.36	0.457	0.443	679	716	-0.483101	0.093575	
A/peacock/Yunnan/1/2015_H	0.2806	0.3126	0.4272	0.2896	0.198	-0.020	0.413	53.25	0.449	0.440	680	716	-0.477235	0.093575	
A/peacock/Yunnan/3/2015_H	0.2787	0.3126	0.4291	0.2896	0.199	-0.020	0.413	53.11	0.449	0.440	680	716	-0.477235	0.093575	
A/peregrine_falcon/Hong_K	0.2943	0.3113	0.4373	0.2662	0.197	-0.043	0.400	52.65	0.431	0.436	678	716	-0.467039	0.093575	
A/pheasant/Shantou/3535/2	0.3062	0.3025	0.4156	0.2881	0.201	-0.040	0.402	53.16	0.439	0.438	679	716	-0.483240	0.093575	
A/pheasant/Shantou/4567/2	0.3000	0.3075	0.4175	0.2860	0.202	-0.030	0.408	53.27	0.442	0.441	679	716	-0.479329	0.093575	
A/pied_megpie/Liaoning/7/	0.3089	0.2957	0.4194	0.2854	0.202	-0.035	0.405	52.77	0.433	0.438	679	716	-0.492179	0.093575	
A/pigeon/Fujian/1.17_FZHX	0.3052	0.2978	0.4218	0.2836	0.188	-0.060	0.389	52.70	0.434	0.437	678	716	-0.464386	0.093575	
A/pigeon/Hainan/1.14_HKPL	0.3036	0.2998	0.4066	0.2951	0.183	-0.073	0.382	52.84	0.445	0.442	668	705	-0.468794	0.092199	
A/pigeon/Hubei/RP25/2012_	0.2906	0.3151	0.4354	0.2689	0.198	-0.045	0.398	52.94	0.435	0.436	678	716	-0.466201	0.092179	
A/pigeon/Sichuan/NCXN29/2	0.3008	0.3008	0.4286	0.2788	0.188	-0.061	0.389	51.93	0.432	0.437	678	716	-0.473883	0.093575	
A/pigeon/Zhejiang/112089/	0.2932	0.3008	0.4506	0.2621	0.182	-0.060	0.389	51.83	0.420	0.435	678	716	-0.486173	0.093575	
A/pigeon/Zhejiang/112090/	0.2895	0.3026	0.4582	0.2558	0.184	-0.055	0.392	51.35	0.417	0.432	678	716	-0.484916	0.093575	
A/pigeon/Zhejiang/727097/	0.2951	0.3008	0.4476	0.2647	0.183	-0.064	0.388	51.12	0.422	0.432	678	716	-0.490503	0.094972	
A/plateau_pika/Qinghai/04	0.2983	0.3058	0.4133	0.2941	0.198	-0.021	0.412	52.64	0.446	0.440	679	716	-0.479609	0.093575	
A/quail/Guangxi/11/2002_H	0.3075	0.2981	0.4144	0.2956	0.199	-0.041	0.401	53.37	0.440	0.437	680	716	-0.479190	0.093575	
A/quail/Guangxi/12/2002_H	0.3075	0.2981	0.4144	0.2956	0.199	-0.041	0.401	53.46	0.440	0.438	680	716	-0.478771	0.093575	
A/quail/Guangxi/13/2002_H	0.3075	0.2981	0.4144	0.2956	0.199	-0.041	0.401	53.37	0.440	0.437	680	716	-0.479190	0.093575	
A/quail/Jiangsu/k0104/201	0.3043	0.3006	0.4379	0.2678	0.196	-0.043	0.400	51.84	0.424	0.434	677	716	-0.518017	0.094972	
A/quail/Nanchang/6631/201	0.3013	0.2994	0.4419	0.2636	0.192	-0.041	0.400	52.00	0.421	0.434	677	716	-0.466341	0.093575	
A/shrike/Tibet/13/2006_H5	0.2906	0.3075	0.4419	0.2722	0.194	-0.035	0.404	52.71	0.431	0.434	678	716	-0.468994	0.093575	
A/silkie_chicken/Dongguan	0.3015	0.3015	0.4294	0.2752	0.186	-0.063	0.388	52.58	0.431	0.437	678	716	-0.469553	0.093575	
A/silky_chicken/Shantou/4	0.3043	0.3043	0.4110	0.2944	0.204	-0.032	0.407	52.71	0.444	0.439	680	716	-0.474022	0.093575	
A/spot-billed_duck/Ningxi	0.2857	0.3120	0.4299	0.2797	0.191	-0.040	0.401	52.24	0.442	0.441	679	716	-0.470531	0.093575	
A/spot-billed_duck/Ningxi	0.2838	0.3139	0.4337	0.2756	0.191	-0.038	0.402	52.30	0.440	0.441	679	716	-0.470531	0.093575	
A/spot-billed_duck/Ningxi	0.2787	0.3202	0.4269	0.2845	0.198	-0.020	0.412	53.43	0.451	0.443	679	716	-0.473603	0.093575	
A/spot-billed_duck/Xiangh	0.2768	0.3202	0.4297	0.2851	0.197	-0.026	0.409	52.06	0.451	0.443	679	716	-0.472765	0.093575	
A/swan_goose/Jilin/JL01/2	0.3019	0.2981	0.4335	0.2762	0.187	-0.058	0.391	53.09	0.428	0.435	678	716	-0.471648	0.094972	
A/swan/China/ST/2016_H5N8	0.2777	0.3077	0.4242	0.3013	0.195	-0.034	0.404	53.79	0.453	0.445	680	716	-0.469832	0.094972	
A/swan/Shandong/W3762/202	0.2900	0.3070	0.4278	0.2872	0.193	-0.045	0.399	51.69	0.442	0.443	679	716	-0.487710	0.093575	
A/swan/Shanghai/10/2009_H	0.2879	0.3144	0.4544	0.2516	0.197	-0.040	0.402	51.80	0.422	0.432	677	716	-0.476117	0.092179	
A/swine/China/RZ/2018_H5N	0.3022	0.3004	0.4095	0.2962	0.180	-0.074	0.381	52.71	0.445	0.441	679	716	-0.466760	0.093575	
A/swine/Guangdong/1/2014_	0.3015	0.3015	0.4256	0.2794	0.186	-0.066	0.386	52.84	0.434	0.438	678	716	-0.469553	0.093575	
A/swine/Guangdong/2/2014_	0.3009	0.3009	0.4256	0.2794	0.184	-0.068	0.385	52.77	0.434	0.439	678	716	-0.470391	0.093575	
A/swine/Guangxi/592/2011_	0.2957	0.3032	0.4449	0.2615	0.191	-0.045	0.399	51.84	0.422	0.435	677	716	-0.468855	0.092179	
A/swine/Jiangsu/1/2008_H5	0.2801	0.3233	0.4294	0.2767	0.195	-0.010	0.419	52.22	0.448	0.443	678	716	-0.507542	0.093575	
A/swine/Jiangsu/2/2009_H5	0.2928	0.3080	0.4449	0.2668	0.201	-0.023	0.412	52.76	0.427	0.432	677	716	-0.472905	0.093575	
A/swine/Shandong/SD1/2014	0.2957	0.3145	0.4038	0.2985	0.205	-0.027	0.409	54.22	0.457	0.446	679	716	-0.482821	0.093575	
A/swine/Zhejiang/SW57/201	0.2932	0.3026	0.4476	0.2647	0.184	-0.062	0.389	51.11	0.423	0.433	678	716	-0.490503	0.094972	
A/thrush/Taipei_City/1512	0.2720	0.3302	0.4133	0.2975	0.195	-0.031	0.408	53.15	0.467	0.448	679	716	-0.462011	0.094972	
A/thrush/Taiwan/A234/2015	0.2683	0.3340	0.4144	0.2947	0.192	-0.040	0.402	52.92	0.468	0.448	679	716	-0.460335	0.094972	
A/tiger/Yunnan/tig1404/20	0.3002	0.3002	0.4324	0.2746	0.187	-0.061	0.389	52.18	0.429	0.436	678	716	-0.469553	0.093575	
A/tiger/Yunnan/tig1412/20	0.3008	0.2989	0.4411	0.2662	0.191	-0.042	0.400	52.26	0.422	0.433	678	716	-0.465782	0.093575	
A/tiger/Yunnan/tig1508/20	0.2768	0.3070	0.4291	0.2973	0.194	-0.030	0.407	53.32	0.450	0.441	680	716	-0.474162	0.093575	
A/turkey/Changhua/1601001	0.2693	0.3333	0.4229	0.2878	0.193	-0.035	0.405	53.27	0.462	0.446	679	716	-0.468436	0.094972	
A/turkey/Chiayi/17020092-	0.3096	0.2889	0.4381	0.2720	0.186	-0.072	0.383	52.34	0.418	0.427	679	716	-0.491341	0.094972	
A/turkey/Chiayi/18010013-	0.2726	0.3271	0.4099	0.3032	0.192	-0.033	0.406	53.38	0.468	0.448	679	716	-0.473464	0.094972	
A/turkey/Yunlin/15060049-	0.2720	0.3302	0.4114	0.2989	0.193	-0.043	0.401	53.41	0.468	0.449	679	716	-0.474022	0.093575	
A/turkey/Yunlin/18020020-	0.2726	0.3271	0.4106	0.3032	0.193	-0.033	0.406	53.15	0.468	0.449	679	716	-0.463547	0.094972	
A/turkey/Yunlin/18110001-	0.2744	0.3271	0.4133	0.2989	0.192	-0.038	0.404	52.57	0.465	0.447	679	716	-0.465223	0.094972	
A/turkey/Yunlin/18120005-	0.2898	0.3144	0.4030	0.3075	0.198	-0.043	0.400	54.56	0.462	0.446	678	716	-0.459218	0.094972	
A/turtle_dove/Guangdong/3	0.2911	0.3100	0.4389	0.2737	0.198	-0.031	0.407	53.12	0.434	0.436	678	716	-0.483939	0.093575	
A/turtledove/Wuhan/HKBJ43	0.3052	0.2996	0.4168	0.2863	0.182	-0.073	0.383	53.40	0.437	0.440	677	716	-0.473045	0.093575	
A/turtledove/Wuhan/WHBJ12	0.3052	0.2996	0.4168	0.2863	0.182	-0.073	0.383	53.40	0.437	0.440	677	716	-0.473045	0.093575	
A/turtledove/Wuhan/WHBJ28	0.3052	0.2996	0.4168	0.2863	0.182	-0.073	0.383	53.40	0.437	0.440	677	716	-0.473045	0.093575	
A/waterfowl/Hong_Kong/378	0.2943	0.3132	0.4137	0.2902	0.202	-0.014	0.417	53.71	0.449	0.442	679	716	-0.476536	0.093575	
A/white-naped_crane/China	0.2980	0.2998	0.4248	0.2857	0.190	-0.051	0.394	52.47	0.437	0.437	680	716	-0.464246	0.093575	
A/whooper_swan/Shanxi/RC0	0.2801	0.3083	0.4250	0.2992	0.194	-0.039	0.401	53.78	0.451	0.444	680	716	-0.469553	0.093575	
A/wild_bird/Eastern_China	0.2787	0.3183	0.4221	0.2935	0.196	-0.029	0.408	53.25	0.455	0.446	679	716	-0.472207	0.093575	
A/wild_bird/Eastern_China	0.2801	0.3158	0.4221	0.2935	0.194	-0.034	0.405	53.26	0.454	0.445	679	716	-0.468436	0.093575	
A/wild_bird/Eastern_China	0.2787	0.3183	0.4221	0.2935	0.196	-0.029	0.408	53.24	0.455	0.445	679	716	-0.472765	0.093575	
A/wild_bird/Taipei/04WB12	0.3051	0.3013	0.4064	0.2979	0.205	-0.016	0.415	54.22	0.446	0.442	680	716	-0.458659	0.093575	
A/wild_duck/Fujian/1/2011	0.3013	0.2994	0.4459	0.2583	0.190	-0.039	0.401	51.90	0.417	0.434	678	716	-0.471788	0.093575	
A/wild_duck/Fujian/2/2011	0.3013	0.2994	0.4442	0.2593	0.192	-0.034	0.404	52.37	0.418	0.434	679	716	-0.465782	0.093575	
A/wild_duck/Jilin/HF/2011	0.2792	0.3094	0.4358	0.2822	0.197	-0.020	0.412	52.39	0.442	0.442	679	716	-0.462709	0.093575	
A/wild_duck/Jilin/ZF/2011	0.2702	0.3189	0.4451	0.2741	0.197	-0.011	0.418	50.81	0.443	0.441	680	716	-0.463827	0.092179	
A/wild_duck/Liaoning/8/20	0.3121	0.2935	0.4205	0.2786	0.203	-0.028	0.407	52.80	0.428	0.439	680	716	-0.483380	0.096369	
A/wild_duck/Shandong/1/20	0.2801	0.3214	0.4411	0.2646	0.196	-0.009	0.420	51.41	0.439	0.439	679	716	-0.517877	0.094972	
A/wild_duck/Shandong/2/20	0.2844	0.3070	0.4375	0.2797	0.197	-0.023	0.411	52.32	0.437	0.439	679	716	-0.464665	0.093575	
A/wild_duck/Shandong/628/	0.3220	0.2844	0.4321	0.2710	0.192	-0.066	0.387	53.26	0.414	0.430	677	716	-0.481704	0.096369	
A/wild_duck/Shandong/W358	0.2970	0.3045	0.4194	0.2875	0.193	-0.038	0.402	53.91	0.442	0.443	679	716	-0.481983	0.093575	
A/wild_pigeon/Jilin/CC01/	0.3071	0.2978	0.4179	0.2851	0.191	-0.059	0.391	53.40	0.435	0.439	678	716	-0.476257	0.093575	
A/Eurasian_Wigeon/Ningxia	0.3034	0.2996	0.4237	0.2815	0.181	-0.073	0.382	53.40	0.434	0.439	678	716	-0.470671	0.093575	
